timestamp,angle_deg,distance_mm,quality
1766310707,215.109375,1012.75,15
1766310707,216.265625,1002.5,15
1766310707,217.515625,998.75,15
1766310707,218.59375,996.5,15
1766310707,219.796875,994.75,15
1766310707,221,993.5,15
1766310707,222.140625,992.75,15
1766310707,223.390625,992,15
1766310707,224.515625,992.25,15
1766310707,225.625,993.75,15
1766310707,226.8125,995,15
1766310707,228.09375,996,15
1766310707,229.25,998.75,15
1766310707,230.390625,1001.5,15
1766310707,231.65625,1003.75,15
1766310707,232.78125,1007.25,15
1766310707,233.984375,1010.25,15
1766310707,235.15625,1013,15
1766310707,236.28125,1018.5,15
1766310707,237.4375,1024.75,15
1766310707,238.671875,1028.75,15
1766310707,239.84375,1034,15
1766310707,241,1042.5,15
1766310707,242.109375,1050,15
1766310707,246.640625,1207.5,15
1766310707,247.828125,1219,15
1766310707,249.015625,1228.75,15
1766310707,250.125,1241,15
1766310707,251.3125,1255,15
1766310707,252.390625,1268.5,15
1766310707,253.5625,1284.25,15
1766310707,254.78125,1302.75,15
1766310707,255.890625,1319,15
1766310707,257.078125,1334.75,15
1766310707,258.25,1353,15
1766310707,259.34375,1370.75,15
1766310707,260.515625,1392.25,15
1766310707,261.671875,1418,15
1766310707,262.875,1439.5,15
1766310707,264,1463.5,15
1766310707,266.328125,1548,15
1766310707,267.484375,1529.5,15
1766310707,268.640625,1522,15
1766310707,269.78125,1538.75,15
1766310707,270.921875,1578.75,15
1766310707,272.140625,1620.25,15
1766310707,273.265625,1663.25,15
1766310707,275.4375,1773.5,15
1766310707,277.71875,1886.5,15
1766310707,288.953125,5228.25,15
1766310707,290.109375,5157.75,15
1766310707,291.28125,5153.5,15
1766310707,292.453125,5208,15
1766310707,293.625,5178.75,15
1766310707,294.796875,5121.75,15
1766310707,295.984375,5045,15
1766310707,297.140625,4992.75,15
1766310707,299.5,4452.75,15
1766310707,300.65625,4430.75,15
1766310707,301.84375,4380.75,15
1766310707,303,4356.75,15
1766310707,304.15625,4359.75,15
1766310707,305.34375,4305.75,15
1766310707,306.515625,4241.25,15
1766310707,307.6875,4225.25,15
1766310707,308.828125,4236.25,15
1766310707,310,4256.75,15
1766310707,311.15625,4291,15
1766310707,312.34375,4300,15
1766310707,313.5,4248.25,15
1766310707,314.671875,4229.5,15
1766310707,315.859375,4214.25,15
1766310707,317.015625,4172.75,15
1766310707,318.1875,4169,15
1766310707,319.359375,4175.25,15
1766310707,320.515625,4175.75,15
1766310707,321.6875,4170.25,15
1766310707,322.875,4173.25,15
1766310707,324.046875,4196,15
1766310707,325.1875,4221.75,15
1766310707,326.375,4263.5,15
1766310707,327.53125,4317.25,15
1766310707,328.6875,4371.5,15
1766310707,329.859375,4427.25,15
1766310707,331.015625,4452.75,15
1766310707,332.1875,4461.5,15
1766310707,333.34375,4465,15
1766310707,334.515625,4469.75,15
1766310707,335.71875,4479.75,15
1766310707,336.859375,4519,15
1766310707,338.03125,4594.25,15
1766310707,345,4965,15
1766310707,348.078125,1333.5,15
1766310707,349.3125,1333.25,15
1766310707,351.9375,5828,15
1766310707,353.09375,5946.25,15
1766310707,354.265625,5979.5,14
1766310707,6.65625,1501,15
1766310707,7.828125,1483.25,15
1766310707,9.046875,1466.75,15
1766310707,10.1875,1448.75,15
1766310707,11.40625,1431.5,15
1766310707,12.5625,1411.5,15
1766310707,13.734375,1397,15
1766310707,14.890625,1389,15
1766310707,16.765625,2423,15
1766310707,17.953125,2398.5,15
1766310707,20.296875,2302.75,15
1766310707,21.46875,2279.75,15
1766310707,22.65625,2254.25,15
1766310707,23.828125,2243,15
1766310707,25,2217.75,15
1766310707,26.125,2227.25,15
1766310707,27.328125,2253.75,15
1766310707,30.046875,1423.75,15
1766310707,31.234375,1406.75,15
1766310707,32.390625,1405.25,15
1766310707,33.515625,1398.25,15
1766310707,34.65625,1401.25,10
1766310707,39.453125,1385.5,8
1766310707,40.6875,1396,13
1766310707,46.28125,1829.25,15
1766310707,47.453125,1847,15
1766310707,50.09375,1297,15
1766310707,54.484375,1845.5,15
1766310707,57.109375,1377,15
1766310707,58.203125,1387.25,15
1766310707,59.375,1417.25,15
1766310707,60.46875,1453.75,15
1766310707,70.390625,4299.5,7
1766310707,72.75,3942.75,15
1766310707,73.921875,3941,15
1766310707,76.25,4171.75,15
1766310707,85.609375,3425.5,15
1766310707,86.765625,3530.75,15
1766310707,87.921875,3615,15
1766310707,93.828125,3338.5,15
1766310707,101.015625,2320.5,13
1766310707,102.203125,2291.75,15
1766310707,103.359375,2280.25,15
1766310707,112.515625,2750.5,15
1766310707,113.671875,2724.25,15
1766310707,114.84375,2703.75,15
1766310707,116.015625,2692.75,15
1766310707,121.140625,1449,15
1766310707,122.296875,1422,15
1766310707,123.46875,1409,15
1766310707,124.65625,1400,15
1766310707,126.921875,1474.25,15
1766310707,128.078125,1491,15
1766310707,129.25,1515.75,15
1766310707,130.4375,1528.25,15
1766310707,131.578125,1529.25,15
1766310707,132.6875,1533,15
1766310707,133.859375,1532.5,15
1766310707,135.0625,1541.25,15
1766310707,136.15625,1557.75,15
1766310707,140.453125,2586.25,15
1766310707,148.59375,2671.5,15
1766310707,151.046875,2298.25,15
1766310707,157.796875,2837.5,15
1766310707,158.9375,2868.25,15
1766310707,161.25,2894.5,15
1766310707,162.4375,2922,15
1766310707,163.59375,2953.75,15
1766310707,164.71875,2999.75,15
1766310707,165.890625,2985.75,15
1766310707,170.59375,2721,15
1766310707,214.453125,1020.75,15
1766310707,215.671875,1004.75,15
1766310707,216.765625,999.5,15
1766310707,217.921875,997.75,15
1766310707,219.15625,996.75,15
1766310707,220.34375,995.25,15
1766310707,221.46875,994,15
1766310707,222.65625,992.75,15
1766310707,223.859375,992.75,15
1766310707,224.90625,994,15
1766310707,226.109375,995,15
1766310707,227.34375,995.25,15
1766310707,228.4375,997,15
1766310707,229.671875,999.25,15
1766310707,230.859375,1001.25,15
1766310707,232.015625,1005,15
1766310707,233.171875,1007.75,15
1766310707,234.296875,1010,15
1766310707,235.453125,1014.5,15
1766310707,236.625,1019.75,15
1766310707,237.734375,1024.75,15
1766310707,238.953125,1029.75,15
1766310707,240.03125,1035.75,15
1766310707,241.203125,1042.25,15
1766310707,242.390625,1049.75,15
1766310707,246.796875,1209.75,15
1766310707,247.984375,1221,15
1766310707,249.1875,1231.25,15
1766310707,250.34375,1244.5,15
1766310707,251.453125,1258.25,15
1766310707,252.59375,1271.25,15
1766310707,253.734375,1285.75,15
1766310707,254.84375,1304.25,15
1766310707,256.015625,1321,15
1766310707,257.203125,1336,15
1766310707,258.296875,1354.5,15
1766310707,259.46875,1374,15
1766310707,260.671875,1395.5,15
1766310707,261.734375,1419,15
1766310707,262.953125,1440,15
1766310707,264.015625,1466,15
1766310707,266.375,1547.25,15
1766310707,267.546875,1528,15
1766310707,268.65625,1518.25,15
1766310707,269.828125,1534.75,15
1766310707,270.96875,1578.5,15
1766310707,272.125,1620.25,15
1766310707,273.234375,1663.5,15
1766310707,275.421875,1773.25,15
1766310707,277.6875,1886,15
1766310707,278.828125,1942.25,15
1766310707,289.953125,5222.5,15
1766310707,291.109375,5222.5,15
1766310707,292.265625,5217.5,15
1766310707,293.4375,5217,15
1766310707,294.609375,5143,15
1766310707,295.765625,5068.25,15
1766310707,296.921875,5009,15
1766310707,299.296875,4457.25,15
1766310707,300.484375,4430.5,15
1766310707,301.625,4389.25,15
1766310707,302.78125,4369.5,15
1766310707,303.953125,4329.25,15
1766310707,305.140625,4237.25,15
1766310707,306.296875,4206.75,15
1766310707,307.4375,4227.25,15
1766310707,308.609375,4234.25,15
1766310707,309.75,4233.5,15
1766310707,310.90625,4268.5,15
1766310707,312.078125,4256.75,15
1766310707,313.25,4191.25,15
1766310707,314.40625,4200.5,15
1766310707,315.578125,4212.5,15
1766310707,316.734375,4187,15
1766310707,317.890625,4170.25,15
1766310707,319.03125,4186.75,15
1766310707,320.21875,4186.75,15
1766310707,321.375,4170.75,15
1766310707,322.515625,4196.5,15
1766310707,323.671875,4214.75,15
1766310707,324.84375,4211.5,15
1766310707,325.96875,4251.25,15
1766310707,327.125,4296.5,15
1766310707,328.296875,4346.5,15
1766310707,329.453125,4405.25,15
1766310707,330.59375,4441.75,15
1766310707,331.75,4463.5,15
1766310707,332.90625,4465.5,15
1766310707,334.0625,4468.25,15
1766310707,335.234375,4482.75,15
1766310707,336.40625,4507.25,15
1766310707,337.546875,4559,15
1766310707,338.71875,4648.75,15
1766310707,344.484375,4919.5,15
1766310707,345.640625,4998.75,15
1766310707,348.765625,1330.25,15
1766310707,351.390625,5870.75,12
1766310707,352.53125,5908.5,15
1766310707,353.6875,5963.75,15
1766310707,356.546875,1782.75,15
1766310707,5.953125,1520,15
1766310707,7.1875,1495.5,15
1766310707,8.3125,1476.25,15
1766310707,9.5,1458.5,15
1766310707,10.625,1440.5,15
1766310707,11.8125,1420,15
1766310707,12.984375,1401.25,15
1766310707,14.1875,1384.75,15
1766310707,19.578125,2302.75,15
1766310707,20.71875,2293.5,15
1766310707,21.90625,2272,15
1766310707,23.0625,2253,15
1766310707,24.234375,2242.5,15
1766310707,25.375,2217.25,10
1766310707,26.53125,2225.75,15
1766310707,27.703125,2250.75,15
1766310707,30.4375,1416.75,15
1766310707,31.546875,1410,15
1766310707,32.703125,1409.75,15
1766310707,33.90625,1400.25,15
1766310707,40.90625,1401.25,15
1766310707,46.515625,1831,15
1766310707,47.671875,1847,15
1766310707,50.296875,1300.25,15
1766310707,57.265625,1378.5,15
1766310707,58.40625,1390.75,15
1766310707,59.484375,1421.75,15
1766310707,60.65625,1456.75,15
1766310707,70.46875,4299.75,2
1766310707,72.828125,3942,15
1766310707,73.96875,3941.5,15
1766310707,76.28125,4172.25,15
1766310707,82.09375,4096,15
1766310707,84.40625,3406.75,15
1766310707,85.5625,3480.25,15
1766310707,86.703125,3522.25,15
1766310707,89.015625,3525.75,15
1766310707,97.25,2674.25,15
1766310707,100.078125,1395.75,9
1766310707,104.3125,2277.25,15
1766310707,105.4375,2277.25,15
1766310707,112.265625,2764.5,15
1766310707,113.421875,2731,15
1766310707,114.578125,2705,15
1766310707,115.734375,2691.75,15
1766310707,116.921875,2683.25,15
1766310707,123.140625,1420,15
1766310707,124.359375,1410.75,15
1766310707,125.515625,1416.75,15
1766310707,127.734375,1497.25,15
1766310707,131.140625,1562.25,15
1766310707,132.296875,1565.25,15
1766310707,133.421875,1563.75,15
1766310707,134.5625,1565.75,15
1766310707,135.734375,1566.75,15
1766310707,136.875,1580.25,15
1766310707,146.9375,2647,15
1766310707,148.09375,2664.75,15
1766310707,152.75,2415,15
1766310707,153.90625,2443,15
1766310707,155.03125,2464.25,5
1766310707,158.46875,2863,15
1766310707,159.609375,2876.75,15
1766310707,160.75,2896.25,15
1766310707,161.90625,2909.75,15
1766310707,163.046875,2934,15
1766310707,164.203125,2974.75,15
1766310707,165.359375,2991.25,15
1766310707,166.515625,2950.25,15
1766310707,168.875,2782.25,15
1766310707,171.1875,2705.5,15
1766310707,172.3125,2773.25,15
1766310707,173.484375,2826.75,15
1766310707,213.75,1043.25,15
1766310707,214.953125,1016,15
1766310707,216,1002.75,15
1766310707,217.234375,999.5,15
1766310707,218.4375,996.75,15
1766310707,219.578125,995.75,15
1766310707,220.734375,993.75,15
1766310707,221.859375,992.75,15
1766310707,223.046875,993.5,15
1766310707,224.234375,994.25,15
1766310707,225.359375,993.75,15
1766310707,226.5,993,15
1766310707,227.65625,994.5,15
1766310707,228.796875,997,15
1766310707,229.921875,999.25,15
1766310707,231.09375,1002.5,15
1766310707,232.203125,1005.25,15
1766310707,233.390625,1009.25,15
1766310707,234.515625,1013.25,15
1766310707,235.75,1016.75,15
1766310707,236.890625,1021.75,15
1766310707,238.046875,1026.75,15
1766310707,239.1875,1031.75,15
1766310707,240.296875,1037,15
1766310707,241.453125,1044,15
1766310707,242.5625,1052.75,15
1766310707,247.0625,1211.75,15
1766310707,248.234375,1222.5,15
1766310707,249.390625,1234,15
1766310707,250.46875,1246.25,15
1766310707,251.65625,1258.25,15
1766310707,252.78125,1272.5,15
1766310707,253.921875,1286.75,15
1766310707,255.03125,1306,15
1766310707,256.203125,1324,15
1766310707,257.328125,1339.25,15
1766310707,258.53125,1357,15
1766310707,259.625,1377.25,15
1766310707,260.765625,1398.75,15
1766310707,261.890625,1421.75,15
1766310707,263.09375,1445.75,15
1766310707,264.1875,1473.25,15
1766310707,266.46875,1545.25,15
1766310707,267.625,1519.25,15
1766310707,268.796875,1515,15
1766310707,269.90625,1541.75,15
1766310707,271.046875,1582.75,15
1766310707,272.203125,1623,15
1766310707,274.5,1731.75,15
1766310707,275.546875,1784.5,15
1766310707,276.703125,1837.5,15
1766310707,288.921875,5228.5,15
1766310707,290.078125,5158.5,15
1766310707,291.234375,5157,15
1766310707,292.390625,5212.5,15
1766310707,293.546875,5209.25,15
1766310707,294.703125,5153.75,15
1766310707,295.859375,5079.75,15
1766310707,297.015625,5004,15
1766310707,299.40625,4457,15
1766310707,300.546875,4433,15
1766310707,301.71875,4391,15
1766310707,302.859375,4364.75,15
1766310707,304.03125,4326.75,15
1766310707,305.171875,4275.5,15
1766310707,306.328125,4243.5,15
1766310707,307.515625,4224.5,15
1766310707,308.671875,4229.75,15
1766310707,309.8125,4230.25,15
1766310707,310.96875,4269,15
1766310707,312.125,4262,15
1766310707,313.296875,4204,15
1766310707,314.453125,4211.25,15
1766310707,315.59375,4231.75,15
1766310707,316.765625,4204,15
1766310707,317.90625,4170,15
1766310707,319.0625,4169,15
1766310707,320.234375,4169,15
1766310707,321.375,4170.5,15
1766310707,322.578125,4195.25,15
1766310707,323.734375,4219.25,15
1766310707,324.890625,4217,15
1766310707,326.046875,4254.75,15
1766310707,327.203125,4302.75,15
1766310707,328.359375,4349.25,15
1766310707,329.5,4407,15
1766310707,330.65625,4444.25,15
1766310707,331.8125,4464.25,15
1766310707,332.96875,4466,15
1766310707,334.140625,4469.75,15
1766310707,335.296875,4481.75,15
1766310707,336.4375,4508.75,15
1766310707,337.609375,4561.25,15
1766310707,338.765625,4644.75,15
1766310707,344.53125,4955.5,15
1766310707,345.6875,5000.75,15
1766310707,348.78125,1330,15
1766310707,351.375,5840.25,15
1766310707,352.515625,5880.25,15
1766310707,353.6875,5964.25,15
1766310707,356.578125,1783.25,15
1766310707,5.921875,1520.5,15
1766310707,7.140625,1496.25,15
1766310707,8.265625,1477,15
1766310707,9.46875,1459.5,15
1766310707,10.59375,1442.25,15
1766310707,11.75,1421.5,15
1766310707,12.90625,1402.25,15
1766310707,14.0625,1388.5,15
1766310707,19.484375,2302,15
1766310707,20.625,2296.75,15
1766310707,21.765625,2278,15
1766310707,22.921875,2257,15
1766310707,24.109375,2243.25,15
1766310707,25.296875,2216,15
1766310707,26.390625,2223.75,15
1766310707,27.546875,2249.75,15
1766310707,31.40625,1403.75,15
1766310707,32.5625,1403,15
1766310707,33.734375,1399.25,15
1766310707,38.390625,1388,15
1766310707,39.546875,1387.25,14
1766310707,40.703125,1396.25,15
1766310707,46.234375,1828,15
1766310707,47.40625,1846.75,15
1766310707,49.984375,1296.75,15
1766310707,54.34375,1845.5,15
1766310707,58.046875,1385.25,15
1766310707,59.25,1412,15
1766310707,60.375,1446.75,15
1766310707,72.46875,3939.75,15
1766310707,73.609375,3932.25,15
1766310707,75.921875,4176,15
1766310707,77.046875,4217.5,15
1766310707,81.71875,4126.25,15
1766310707,84.046875,3384.5,15
1766310707,85.1875,3440,15
1766310707,86.328125,3496.25,15
1766310707,88.640625,3602.5,15
1766310707,89.8125,3545.5,15
1766310707,90.96875,3486.5,15
1766310707,100.40625,2331.25,15
1766310707,107.296875,2283.25,14
1766310707,112.9375,2740.75,15
1766310707,128.34375,1514.5,15
1766310707,129.484375,1516.5,15
1766310707,130.640625,1521.75,15
1766310707,131.765625,1527,15
1766310707,132.9375,1534.5,15
1766310707,134.09375,1540,15
1766310707,135.21875,1550.5,15
1766310707,136.390625,1564,15
1766310707,137.515625,1582.75,15
1766310707,144.1875,2158.75,15
1766310707,148.640625,2672.25,15
1766310707,151.046875,2301.5,15
1766310707,153.34375,2433,15
1766310707,154.453125,2428.75,15
1766310707,157.875,2837,15
1766310707,158.984375,2868.75,15
1766310707,161.3125,2895,15
1766310707,162.453125,2920.5,15
1766310707,163.59375,2953.25,15
1766310707,164.71875,2999.75,15
1766310707,165.890625,2984.5,15
1766310707,170.53125,2720,15
1766310707,214.140625,1027,15
1766310707,215.390625,1009,15
1766310707,216.5625,1000,15
1766310707,217.640625,998.25,15
1766310707,218.796875,997.25,15
1766310707,220.015625,995,15
1766310707,221.15625,993.5,15
1766310707,222.265625,992.75,15
1766310707,223.5,991.5,15
1766310707,224.5625,992.75,15
1766310707,225.765625,994.25,15
1766310707,226.984375,994.75,15
1766310707,228.109375,996,15
1766310707,229.234375,998.75,15
1766310707,230.359375,1001.5,15
1766310707,231.515625,1003,15
1766310707,232.734375,1006.5,15
1766310707,233.890625,1009.5,15
1766310707,235.046875,1012.25,15
1766310707,236.140625,1017.75,15
1766310707,237.265625,1023,15
1766310707,238.40625,1028,15
1766310707,239.640625,1033.25,15
1766310707,240.75,1038.75,15
1766310707,241.9375,1046.5,15
1766310707,243.03125,1054,15
1766310707,246.375,1204.25,15
1766310707,247.5,1215,15
1766310707,248.625,1226,15
1766310707,249.765625,1237.5,15
1766310707,250.921875,1250,15
1766310707,252.015625,1264.25,15
1766310707,253.140625,1278.75,15
1766310707,254.3125,1292.75,15
1766310707,255.390625,1311,15
1766310707,256.578125,1327.5,15
1766310707,257.6875,1341.25,15
1766310707,258.78125,1360,15
1766310707,259.9375,1382.5,15
1766310707,261.125,1407,15
1766310707,262.265625,1428,15
1766310707,263.375,1450.25,15
1766310707,264.46875,1478.25,15
1766310707,266.78125,1538.5,15
1766310707,267.90625,1513.25,15
1766310707,269.09375,1519.25,15
1766310707,270.171875,1555.5,15
1766310707,271.3125,1596.25,15
1766310707,272.46875,1638,15
1766310707,273.5625,1683,15
1766310707,275.8125,1792.5,15
1766310707,276.96875,1845.75,15
1766310707,289.140625,5225,15
1766310707,292.609375,5203.5,15
1766310707,293.765625,5169,15
1766310707,294.90625,5135.25,15
1766310707,296.046875,5058,15
1766310707,299.578125,4452.75,15
1766310707,300.703125,4430.75,15
1766310707,301.890625,4383.25,15
1766310707,303.046875,4357,15
1766310707,304.1875,4356.25,15
1766310707,305.34375,4306,15
1766310708,306.5,4225,15
1766310708,307.625,4206,15
1766310708,308.796875,4235.25,15
1766310708,309.9375,4257,15
1766310708,311.09375,4291.75,15
1766310708,312.25,4298.75,15
1766310708,313.40625,4238.75,15
1766310708,314.5625,4223,15
1766310708,315.71875,4211.5,15
1766310708,316.859375,4169.75,15
1766310708,318.015625,4169.75,15
1766310708,319.171875,4169,15
1766310708,320.328125,4169.25,15
1766310708,321.484375,4169.75,15
1766310708,322.65625,4170,15
1766310708,323.8125,4212,15
1766310708,324.953125,4233.75,15
1766310708,326.109375,4250.25,15
1766310708,327.28125,4327.75,15
1766310708,328.40625,4384.25,15
1766310708,329.578125,4415.75,15
1766310708,330.703125,4447.75,15
1766310708,331.859375,4465.25,15
1766310708,333.015625,4466,15
1766310708,334.1875,4469,15
1766310708,335.328125,4484.25,15
1766310708,336.46875,4521.25,15
1766310708,337.640625,4572.5,15
1766310708,338.78125,4614.75,9
1766310708,344.53125,4920.75,15
1766310708,345.6875,4998,15
1766310708,348.828125,1330.75,15
1766310708,351.4375,5818.5,14
1766310708,352.59375,5931,15
1766310708,353.75,5968,15
1766310708,356.625,1786,15
1766310708,6.046875,1516.75,15
1766310708,7.21875,1496.25,15
1766310708,8.328125,1477,15
1766310708,9.484375,1459.75,15
1766310708,10.6875,1441.25,15
1766310708,11.890625,1420,15
1766310708,13.015625,1401.25,15
1766310708,14.140625,1387.75,15
1766310708,19.515625,2303.5,15
1766310708,20.65625,2297,15
1766310708,21.859375,2274.75,15
1766310708,22.984375,2254,15
1766310708,24.15625,2243.25,15
1766310708,25.3125,2215.75,12
1766310708,26.453125,2223.25,15
1766310708,27.609375,2250.5,15
1766310708,30.328125,1417.75,15
1766310708,31.453125,1410,15
1766310708,32.609375,1410.25,15
1766310708,33.828125,1400.5,15
1766310708,38.5,1388,7
1766310708,40.8125,1395.75,15
1766310708,46.375,1829,15
1766310708,47.53125,1851.25,15
1766310708,50.171875,1296,15
1766310708,54.515625,1845.5,15
1766310708,57.09375,1377.5,15
1766310708,58.234375,1387,15
1766310708,59.328125,1416.75,15
1766310708,60.5,1453.5,15
1766310708,70.28125,4268,11
1766310708,72.640625,3947.75,15
1766310708,73.796875,3940.5,15
1766310708,76.09375,4172.25,15
1766310708,81.890625,4097.5,15
1766310708,84.25,3389.25,15
1766310708,85.390625,3454.75,15
1766310708,86.5625,3505.5,15
1766310708,87.703125,3576,15
1766310708,88.875,3594.5,15
1766310708,90.015625,3521.5,15
1766310708,91.203125,3448.5,15
1766310708,92.359375,3401.25,15
1766310708,93.546875,3347.75,15
1766310708,96.609375,1217.5,8
1766310708,101.84375,2295.25,15
1766310708,103,2280,15
1766310708,104.15625,2276,15
1766310708,115.46875,2698.25,15
1766310708,116.609375,2685.25,15
1766310708,121.25,2599.75,15
1766310708,122.40625,2625.75,15
1766310708,123.546875,2607.5,15
1766310708,126.3125,1459.75,15
1766310708,130.796875,1635.75,15
1766310708,133.15625,1520.25,15
1766310708,134.296875,1523.5,15
1766310708,135.421875,1534.75,15
1766310708,136.546875,1549,15
1766310708,137.71875,1568.75,15
1766310708,147.671875,2655.5,15
1766310708,148.84375,2677.5,15
1766310708,151.234375,2295.25,15
1766310708,154.640625,2464,15
1766310708,158.015625,2837,15
1766310708,159.171875,2863.75,15
1766310708,161.46875,2895.75,15
1766310708,162.625,2925.5,15
1766310708,163.75,2963.5,15
1766310708,164.921875,3008,15
1766310708,170.71875,2714.25,15
1766310708,214.28125,1025.25,15
1766310708,215.53125,1007.25,15
1766310708,216.59375,1000.5,15
1766310708,217.8125,998.75,15
1766310708,218.9375,997.25,15
1766310708,220.140625,996,15
1766310708,221.25,994.75,15
1766310708,222.4375,993.5,15
1766310708,223.578125,994.75,15
1766310708,224.765625,995.25,15
1766310708,225.84375,994.5,15
1766310708,226.96875,995,15
1766310708,228.1875,995.75,15
1766310708,229.3125,998.5,15
1766310708,230.484375,1001.25,15
1766310708,231.625,1003.75,15
1766310708,232.78125,1007.25,15
1766310708,233.984375,1010,15
1766310708,235.09375,1013,15
1766310708,236.328125,1018.5,15
1766310708,237.4375,1024.75,15
1766310708,238.609375,1028.75,15
1766310708,239.671875,1034,15
1766310708,240.828125,1040.25,15
1766310708,242.015625,1048,15
1766310708,246.40625,1204.5,15
1766310708,247.5625,1215,15
1766310708,248.6875,1225.75,15
1766310708,249.90625,1238.5,15
1766310708,251,1253.25,15
1766310708,252.1875,1266,15
1766310708,253.34375,1280.75,15
1766310708,254.5,1297.25,15
1766310708,255.640625,1313,15
1766310708,256.75,1330,15
1766310708,257.921875,1347.5,15
1766310708,259.0625,1362.75,15
1766310708,260.15625,1383,15
1766310708,261.34375,1408.75,15
1766310708,262.453125,1429.75,15
1766310708,263.609375,1455,15
1766310708,264.671875,1482.5,15
1766310708,266.984375,1536.25,15
1766310708,268.171875,1511.25,15
1766310708,269.34375,1519.25,15
1766310708,270.46875,1559.75,15
1766310708,271.609375,1602,15
1766310708,272.71875,1642.75,15
1766310708,274.828125,1742.5,15
1766310708,277.078125,1859,15
1766310708,289.25,5219.5,15
1766310708,292.703125,5205,15
1766310708,293.859375,5160.25,15
1766310708,295,5121.75,15
1766310708,296.15625,5054.5,15
1766310708,298.5625,4458,15
1766310708,299.703125,4442,15
1766310708,300.875,4420,15
1766310708,302.03125,4386.25,15
1766310708,303.1875,4366.5,15
1766310708,304.328125,4338.5,15
1766310708,305.5,4271.25,15
1766310708,306.640625,4235.5,15
1766310708,307.796875,4238.25,15
1766310708,308.953125,4239,15
1766310708,310.09375,4254.75,15
1766310708,311.234375,4289.25,15
1766310708,312.421875,4317,15
1766310708,313.5625,4266,15
1766310708,314.703125,4205.75,15
1766310708,315.875,4189.25,15
1766310708,317.03125,4171.75,15
1766310708,318.1875,4169,15
1766310708,319.328125,4174,15
1766310708,320.484375,4174.25,15
1766310708,321.625,4169.75,15
1766310708,322.8125,4195.75,15
1766310708,323.96875,4217.5,15
1766310708,325.109375,4252.5,15
1766310708,326.265625,4330,15
1766310708,327.421875,4333.5,15
1766310708,328.5625,4333,15
1766310708,329.71875,4397.5,15
1766310708,330.859375,4444.25,15
1766310708,332.015625,4463.25,15
1766310708,333.15625,4465.5,15
1766310708,334.3125,4466.5,15
1766310708,335.484375,4475.25,15
1766310708,336.609375,4512.5,15
1766310708,337.765625,4578,15
1766310708,340.578125,1778.25,15
1766310708,344.671875,4897.75,15
1766310708,348.953125,1333,15
1766310708,351.53125,5857.5,12
1766310708,352.6875,5945,14
1766310708,353.84375,5975,15
1766310708,356.734375,1787,15
1766310708,6.09375,1516.75,15
1766310708,7.28125,1494.75,15
1766310708,8.390625,1475.5,15
1766310708,9.609375,1458.25,15
1766310708,10.734375,1439.75,15
1766310708,11.9375,1419.5,15
1766310708,13.015625,1401,15
1766310708,14.203125,1387,15
1766310708,19.5625,2303.25,15
1766310708,20.6875,2295,15
1766310708,21.859375,2272.75,15
1766310708,23.015625,2253.75,15
1766310708,24.171875,2243,15
1766310708,25.328125,2215.75,12
1766310708,26.5,2224.25,15
1766310708,27.640625,2252.75,15
1766310708,31.484375,1409.75,15
1766310708,32.609375,1410.25,15
1766310708,33.796875,1400.75,15
1766310708,38.484375,1388,7
1766310708,40.78125,1396,15
1766310708,46.34375,1829,15
1766310708,47.5,1851,15
1766310708,50.203125,1297.25,15
1766310708,54.484375,1845.75,15
1766310708,57.078125,1377.75,15
1766310708,58.171875,1386.75,15
1766310708,59.390625,1416.25,15
1766310708,60.546875,1453.25,15
1766310708,70.3125,4288.75,8
1766310708,72.671875,3938.75,15
1766310708,73.828125,3932.5,15
1766310708,76.125,4172.25,15
1766310708,81.953125,4095.75,15
1766310708,84.21875,3389.25,15
1766310708,85.34375,3453.25,15
1766310708,86.515625,3506,15
1766310708,87.640625,3578.25,15
1766310708,88.828125,3596.25,15
1766310708,89.96875,3522.25,15
1766310708,91.15625,3448.25,15
1766310708,92.296875,3401,15
1766310708,93.453125,3346,15
1766310708,94.609375,3276.5,15
1766310708,95.78125,3230.5,15
1766310708,105.203125,2279.25,15
1766310708,106.359375,2281.5,15
1766310708,107.46875,2289.5,7
1766310708,108.625,2316.75,14
1766310708,116.609375,2670.5,15
1766310708,121.21875,2597.5,15
1766310708,124.6875,2614.75,15
1766310708,125.84375,2594.75,15
1766310708,128.578125,1507.75,15
1766310708,129.734375,1490.5,15
1766310708,134.3125,1547.75,15
1766310708,135.375,1535.5,15
1766310708,136.578125,1549,15
1766310708,137.734375,1564.5,15
1766310708,147.6875,2656.5,15
1766310708,148.8125,2677.75,15
1766310708,151.25,2295.5,15
1766310708,154.671875,2464.25,15
1766310708,158.03125,2838.25,15
1766310708,159.15625,2864.75,15
1766310708,161.484375,2893.75,15
1766310708,162.625,2923.75,15
1766310708,163.765625,2962,15
1766310708,164.90625,3008,15
1766310708,170.71875,2713.5,15
1766310708,214.25,1025,15
1766310708,215.421875,1007.25,15
1766310708,216.609375,1000.75,15
1766310708,217.734375,999,15
1766310708,218.984375,997.25,15
1766310708,220.078125,995.75,15
1766310708,221.296875,994.75,15
1766310708,222.34375,993,15
1766310708,223.609375,994,15
1766310708,224.703125,994.75,15
1766310708,225.890625,994.5,15
1766310708,227.046875,994.75,15
1766310708,228.1875,995.75,15
1766310708,229.328125,998.25,15
1766310708,230.484375,1001,15
1766310708,231.625,1003.5,15
1766310708,232.859375,1007.25,15
1766310708,233.984375,1010,15
1766310708,235.109375,1013,15
1766310708,236.328125,1018.5,15
1766310708,237.375,1024.75,15
1766310708,238.609375,1028.5,15
1766310708,239.75,1033.75,15
1766310708,240.859375,1040.75,15
1766310708,242.015625,1048.25,15
1766310708,246.40625,1205.25,15
1766310708,247.59375,1215.75,15
1766310708,248.78125,1225.5,15
1766310708,249.84375,1238.25,15
1766310708,251.015625,1253.25,15
1766310708,252.171875,1266,15
1766310708,253.296875,1280.75,15
1766310708,254.46875,1298,15
1766310708,255.59375,1313.5,15
1766310708,256.734375,1329.5,15
1766310708,257.84375,1346.75,15
1766310708,259.015625,1362.25,15
1766310708,260.1875,1383,15
1766310708,261.328125,1408.75,15
1766310708,262.4375,1429.75,15
1766310708,263.609375,1454.5,15
1766310708,264.6875,1482,15
1766310708,266.96875,1535.5,15
1766310708,268.171875,1513,15
1766310708,269.265625,1521,15
1766310708,270.4375,1559.75,15
1766310708,271.5625,1602,15
1766310708,272.6875,1647.25,15
1766310708,273.828125,1693.5,15
1766310708,274.875,1743.75,15
1766310708,277.15625,1858.25,15
1766310708,289.328125,5225,15
1766310708,292.765625,5205.25,15
1766310708,293.921875,5162.75,15
1766310708,295.09375,5130.75,15
1766310708,296.25,5063,15
1766310708,298.609375,4456.5,15
1766310708,299.796875,4440.25,15
1766310708,300.9375,4420.25,15
1766310708,302.09375,4386,15
1766310708,303.234375,4364.25,15
1766310708,304.390625,4335.25,15
1766310708,305.5625,4252.25,15
1766310708,306.703125,4221.25,15
1766310708,307.859375,4222.25,15
1766310708,309.03125,4224.5,15
1766310708,310.171875,4277.25,15
1766310708,311.3125,4308.5,15
1766310708,312.46875,4318.5,15
1766310708,313.625,4264.25,15
1766310708,314.78125,4205.75,15
1766310708,315.953125,4191.25,15
1766310708,317.09375,4173.5,15
1766310708,318.265625,4171.5,15
1766310708,319.40625,4169,15
1766310708,320.5625,4169.25,15
1766310708,321.71875,4189,15
1766310708,322.921875,4191.75,15
1766310708,324.078125,4193.75,15
1766310708,325.25,4241,15
1766310708,326.375,4267,15
1766310708,327.53125,4301.5,15
1766310708,328.6875,4376.5,15
1766310708,329.84375,4430.25,15
1766310708,330.984375,4453.25,15
1766310708,332.140625,4462.75,15
1766310708,333.296875,4465.5,15
1766310708,334.453125,4466.25,15
1766310708,335.625,4475,15
1766310708,336.78125,4514,15
1766310708,337.921875,4587.75,15
1766310708,340.75,1775.5,15
1766310708,344.828125,4971.75,15
1766310708,347.96875,1338.25,15
1766310708,349.09375,1331.75,15
1766310708,351.71875,5817.25,15
1766310708,352.875,5931,15
1766310708,354.03125,5973.25,14
1766310708,359.828125,5720.25,15
1766310708,0.96875,5834.25,15
1766310708,6.3125,1508.75,15
1766310708,7.5,1488.75,15
1766310708,8.625,1470.5,15
1766310708,9.8125,1451.25,15
1766310708,10.96875,1434.5,15
1766310708,12.125,1415.5,15
1766310708,13.34375,1397.5,15
1766310708,14.5,1384.25,15
1766310708,19.859375,2307.25,15
1766310708,21.015625,2292,15
1766310708,22.203125,2266.75,15
1766310708,23.34375,2247.5,15
1766310708,24.53125,2239.75,15
1766310708,25.640625,2250.5,15
1766310708,26.828125,2258,15
1766310708,27.984375,2249.25,15
1766310708,30.703125,1411.75,15
1766310708,31.796875,1407,15
1766310708,33,1398.25,15
1766310708,34.171875,1389.25,15
1766310708,37.75,1391.75,15
1766310708,38.90625,1388.75,15
1766310708,40.109375,1385.5,14
1766310708,41.21875,1405.25,15
1766310708,46.828125,1840.25,15
1766310708,47.96875,1852.25,15
1766310708,53.765625,1864,15
1766310708,57.5,1379,15
1766310708,58.6875,1395.5,15
1766310708,59.859375,1431,15
1766310708,61,1469,15
1766310708,72.0625,3992.5,15
1766310708,73.234375,3939.25,15
1766310708,74.390625,3930.75,15
1766310708,76.6875,4195.75,15
1766310708,78.984375,4655,5
1766310708,83.703125,3352.75,15
1766310708,84.859375,3425.5,15
1766310708,85.984375,3492.25,15
1766310708,87.140625,3578.25,15
1766310708,88.328125,3631.25,15
1766310708,90.65625,3477,15
1766310708,91.8125,3422.5,15
1766310708,93,3368.75,15
1766310708,94.171875,3306.75,15
1766310708,95.328125,3241,15
1766310708,97.71875,2708.5,15
1766310708,101.8125,1286.75,15
1766310708,107.078125,2292.75,12
1766310708,108.21875,2320.25,15
1766310708,109.375,2345.75,10
1766310708,122.0625,2629.25,15
1766310708,123.203125,2615.75,15
1766310708,124.359375,2601.25,15
1766310708,130.5625,1563.75,15
1766310708,136.359375,1569.25,15
1766310708,137.46875,1575,15
1766310708,138.640625,1590.75,15
1766310708,148.65625,2674.75,15
1766310708,151.109375,2300.5,15
1766310708,153.375,2436.75,15
1766310708,154.515625,2431,15
1766310708,157.875,2836.25,15
1766310708,159.03125,2866.5,15
1766310708,161.34375,2892.75,15
1766310708,162.484375,2919,15
1766310708,163.625,2953.25,15
1766310708,164.78125,3001.75,15
1766310708,165.953125,2985.25,15
1766310708,170.59375,2717.5,15
1766310708,214.328125,1025,15
1766310708,215.421875,1007.25,15
1766310708,216.6875,1000.75,15
1766310708,217.78125,999,15
1766310708,218.90625,997,15
1766310708,220.09375,995.75,15
1766310708,221.28125,994.5,15
1766310708,222.46875,993.5,15
1766310708,223.625,994.5,15
1766310708,224.6875,994.75,15
1766310708,225.859375,994.5,15
1766310708,227.046875,994.75,15
1766310708,228.234375,996,15
1766310708,229.453125,998.25,15
1766310708,230.59375,1000.75,15
1766310708,231.703125,1003.5,15
1766310708,232.890625,1007,15
1766310708,234.046875,1010,15
1766310708,235.203125,1014,15
1766310708,236.34375,1019.25,15
1766310708,237.421875,1024.5,15
1766310708,238.578125,1028.5,15
1766310708,239.796875,1033.75,15
1766310708,240.890625,1042.25,15
1766310708,242.0625,1049.75,15
1766310708,246.5,1205.25,15
1766310708,247.640625,1215.75,15
1766310708,248.796875,1226,15
1766310708,249.96875,1239,15
1766310708,251.125,1253.5,15
1766310708,252.1875,1265.75,15
1766310708,253.359375,1280.5,15
1766310708,254.515625,1297,15
1766310708,255.59375,1312.25,15
1766310708,256.75,1329.5,15
1766310708,257.890625,1347,15
1766310708,259.03125,1362.5,15
1766310708,260.203125,1383.75,15
1766310708,261.359375,1409.25,15
1766310708,262.484375,1431.25,15
1766310708,263.609375,1456,15
1766310708,264.734375,1482.25,15
1766310708,267.046875,1535,15
1766310708,268.171875,1511.5,15
1766310708,269.359375,1519.5,15
1766310708,270.46875,1563.25,15
1766310708,271.609375,1605.25,15
1766310708,272.734375,1646.75,15
1766310708,273.84375,1693.5,15
1766310708,274.953125,1743.75,15
1766310708,277.1875,1858.5,15
1766310708,289.375,5220.25,15
1766310708,290.546875,5171,15
1766310708,291.6875,5170,15
1766310708,292.859375,5204.5,15
1766310708,294.015625,5185.75,15
1766310708,295.15625,5151.5,15
1766310708,296.328125,5065.5,15
1766310708,298.6875,4461.5,15
1766310708,299.859375,4445,15
1766310708,301.015625,4416.75,15
1766310708,302.171875,4379.75,15
1766310708,303.34375,4358.75,15
1766310708,304.5,4334.25,15
1766310708,305.640625,4257.5,15
1766310708,306.796875,4221.5,15
1766310708,307.953125,4244.75,15
1766310708,309.125,4232.75,15
1766310708,310.265625,4263,15
1766310708,311.40625,4294.5,15
1766310708,312.578125,4297.25,15
1766310708,313.734375,4253.25,15
1766310708,314.890625,4223.5,15
1766310708,316.046875,4237.25,15
1766310708,317.203125,4194.25,15
1766310708,318.359375,4172,15
1766310708,319.515625,4170.5,15
1766310708,320.671875,4178,15
1766310708,321.828125,4186,15
1766310708,322.96875,4180.25,15
1766310708,324.140625,4198.75,15
1766310708,325.265625,4248.25,15
1766310708,326.421875,4291.75,15
1766310708,327.578125,4326,15
1766310708,328.71875,4378.75,15
1766310708,329.875,4428.5,15
1766310708,331.03125,4451,15
1766310708,332.1875,4462.25,15
1766310708,333.34375,4465.25,15
1766310708,334.484375,4468.75,15
1766310708,335.65625,4480.25,15
1766310708,336.828125,4516.5,15
1766310708,337.953125,4588,15
1766310708,340.75,1774.25,15
1766310708,344.875,4976,15
1766310708,347.9375,1337.5,15
1766310708,349.109375,1331.75,15
1766310708,351.75,5818.5,15
1766310708,352.90625,5932.5,15
1766310708,354.046875,5973.75,14
1766310708,359.84375,5721,15
1766310708,0.984375,5838.75,15
1766310708,6.34375,1508.5,15
1766310708,7.453125,1488.75,15
1766310708,8.65625,1470.75,15
1766310708,9.828125,1451.5,15
1766310708,11.03125,1434.5,15
1766310708,12.1875,1415.5,15
1766310708,13.328125,1397.5,15
1766310708,14.5,1384.75,15
1766310708,19.84375,2307.25,15
1766310708,21,2292.75,15
1766310708,22.15625,2267,15
1766310708,23.296875,2247.25,15
1766310708,24.484375,2240.25,15
1766310708,25.609375,2249.75,15
1766310708,26.796875,2257.25,15
1766310708,27.9375,2250.25,15
1766310708,30.65625,1412,15
1766310708,31.796875,1407.5,15
1766310708,32.9375,1404.25,15
1766310708,34.109375,1398,15
1766310708,37.671875,1395,15
1766310708,38.890625,1387.25,11
1766310708,41.203125,1401.5,15
1766310708,45.578125,1825.75,15
1766310708,46.703125,1839.5,15
1766310708,47.859375,1851.25,15
1766310708,53.703125,1867.75,15
1766310708,57.453125,1379.5,15
1766310708,58.578125,1395.75,15
1766310708,59.75,1429.5,15
1766310708,60.828125,1465.25,15
1766310708,71.84375,3991.25,15
1766310708,73.015625,3936.5,15
1766310708,74.171875,3931.75,15
1766310708,76.484375,4185.75,15
1766310708,83.4375,3369.5,15
1766310708,84.578125,3418.25,15
1766310708,85.734375,3481.25,15
1766310708,86.859375,3547,15
1766310708,88.03125,3616,15
1766310708,90.34375,3505.75,15
1766310708,91.53125,3444.75,15
1766310708,92.6875,3385.75,15
1766310708,93.84375,3333,15
1766310708,95,3265,15
1766310708,97.40625,2680.5,15
1766310708,99.78125,2361,15
1766310708,100.953125,2323,10
1766310708,103.75,1305.75,15
1766310708,107.84375,2303.25,15
1766310708,109.03125,2329.75,9
1766310708,112.390625,2753.75,15
1766310708,121.6875,2628,15
1766310708,123.984375,2612.25,15
1766310708,125.109375,2602.25,15
1766310708,126.28125,2595.75,15
1766310708,131.296875,1598.75,15
1766310708,132.453125,1589.5,15
1766310708,137.0625,1563.25,15
1766310708,138.234375,1576,15
1766310708,148.234375,2667,15
1766310708,149.375,2681.5,15
1766310708,154.0625,2444.25,15
1766310708,155.25,2460.75,15
1766310708,162.125,2900,15
1766310708,165.5625,3153.5,15
1766310708,170.25,2716,15
1766310708,216.15625,1005.5,15
1766310708,217.265625,1002,15
1766310708,218.484375,1001.75,15
1766310708,219.546875,998.25,15
1766310708,220.796875,996,15
1766310708,221.953125,996.5,15
1766310708,223.0625,995.25,15
1766310708,224.203125,995.25,15
1766310708,225.34375,995,15
1766310708,226.5625,996.25,15
1766310708,227.640625,999.5,15
1766310708,228.765625,999.5,15
1766310708,230,1001.5,15
1766310708,231.109375,1004.5,15
1766310708,232.25,1005.75,15
1766310708,233.40625,1009.5,15
1766310708,234.484375,1013.5,15
1766310708,235.6875,1017.75,15
1766310708,236.890625,1022.75,15
1766310708,238.015625,1027,15
1766310708,239.09375,1035,15
1766310708,240.296875,1044.25,15
1766310708,241.40625,1050,15
1766310708,242.59375,1054.75,15
1766310708,246.984375,1212.75,15
1766310708,248.0625,1224.5,15
1766310708,249.21875,1237.25,15
1766310708,250.390625,1250.5,15
1766310708,251.53125,1261.75,15
1766310708,252.640625,1277,15
1766310708,253.8125,1294,15
1766310708,254.921875,1307.25,15
1766310708,256.125,1325.25,15
1766310708,257.25,1345.25,15
1766310708,258.390625,1359.75,15
1766310708,259.53125,1378,15
1766310708,260.59375,1404,15
1766310708,261.78125,1423.75,15
1766310708,262.90625,1444.25,15
1766310708,264.03125,1474.25,15
1766310708,266.28125,1543.25,15
1766310708,267.484375,1518.25,15
1766310708,268.640625,1515,15
1766310708,269.734375,1546.25,15
1766310708,270.828125,1587.5,15
1766310708,272.03125,1629.25,15
1766310708,274.265625,1734.25,15
1766310708,275.375,1779.5,15
1766310708,277.625,1894.5,15
1766310708,295.59375,5006.75,0
1766310708,296.734375,5009.75,15
1766310708,299.140625,4454.5,15
1766310708,300.296875,4440,15
1766310708,301.453125,4416.75,15
1766310708,302.59375,4382.25,15
1766310708,303.75,4357.75,15
1766310708,304.90625,4292.25,15
1766310708,306.078125,4239,15
1766310708,307.234375,4217,15
1766310708,308.375,4208.25,15
1766310708,309.53125,4244.5,15
1766310708,310.6875,4282.75,15
1766310708,311.84375,4298,15
1766310708,313.015625,4248.25,15
1766310708,314.15625,4199,15
1766310708,315.3125,4211.5,15
1766310708,316.4375,4212.75,15
1766310708,317.625,4182,15
1766310708,318.78125,4169,15
1766310708,319.921875,4169,15
1766310708,321.078125,4172.5,15
1766310708,322.21875,4173,15
1766310708,323.40625,4197.5,15
1766310708,324.5625,4212,15
1766310708,325.703125,4236.75,15
1766310708,326.859375,4304.25,15
1766310708,328,4340.25,15
1766310708,329.171875,4382.5,15
1766310708,330.296875,4437.5,15
1766310708,331.46875,4457.25,15
1766310708,332.609375,4462.25,15
1766310708,333.765625,4466,15
1766310708,334.921875,4471,15
1766310708,336.078125,4493.25,15
1766310708,337.234375,4551.75,15
1766310708,338.390625,4632.75,15
1766310708,344.140625,4887.5,15
1766310708,345.296875,4969.5,15
1766310708,348.3125,1325.5,15
1766310708,349.453125,1334.25,15
1766310708,352.046875,5831.75,15
1766310708,353.1875,5944.5,15
1766310708,6.53125,1492.75,15
1766310708,7.703125,1474.25,15
1766310708,8.90625,1457.5,15
1766310708,10.015625,1440.5,15
1766310708,11.28125,1422,15
1766310708,12.46875,1401.75,15
1766310708,13.546875,1386.25,15
1766310708,14.734375,1380.5,15
1766310708,16.59375,2416,15
1766310708,17.75,2398.5,15
1766310708,20.09375,2300.75,15
1766310708,21.21875,2277,15
1766310708,22.390625,2253.5,15
1766310708,23.546875,2241.25,15
1766310708,24.71875,2217,15
1766310708,25.859375,2229,15
1766310708,27,2258.25,15
1766310708,29.671875,1422.25,15
1766310708,30.875,1407.75,15
1766310708,31.984375,1399.75,15
1766310708,33.1875,1392.5,15
1766310708,34.265625,1387,15
1766310708,40.109375,1369.25,15
1766310708,41.234375,1405.25,15
1766310708,46.8125,1839.25,15
1766310708,49.46875,1298.75,15
1766310708,50.625,1297.25,15
1766310708,52.546875,1864.25,15
1766310708,53.75,1858.5,15
1766310708,56.3125,1351,15
1766310708,57.484375,1366,15
1766310708,58.609375,1395.75,15
1766310708,59.765625,1430.5,15
1766310708,60.953125,1466.5,15
1766310708,71.875,3965.25,15
1766310708,73.046875,3935,15
1766310708,74.1875,3933,15
1766310708,76.46875,4187.5,15
1766310708,77.625,4259.25,8
1766310708,78.78125,4312.25,0
1766310708,79.9375,4252,15
1766310708,81.09375,4172.5,15
1766310708,83.46875,3351.75,15
1766310708,84.625,3424.25,15
1766310708,85.78125,3487.5,15
1766310708,86.90625,3565.75,15
1766310708,88.078125,3604,15
1766310708,89.25,3554.25,15
1766310708,90.421875,3495.5,15
1766310708,91.5625,3439.25,15
1766310708,92.75,3380.25,15
1766310708,93.90625,3315,15
1766310708,95.078125,3245,15
1766310708,97.46875,2693.25,15
1766310708,99.84375,2357.25,15
1766310708,101.046875,2316.75,15
1766310708,102.15625,2289.5,15
1766310708,104.984375,1316.75,15
1766310708,109.125,2333.25,8
1766310708,121.78125,2624,15
1766310708,122.9375,2612.25,15
1766310708,126.4375,2585,15
1766310708,129.3125,1233,15
1766310708,133.546875,1778,15
1766310708,135.953125,1534.25,15
1766310708,137.078125,1560.25,15
1766310708,138.21875,1584.75,15
1766310708,148.234375,2680.25,15
1766310708,150.640625,2310.75,15
1766310708,152.9375,2449,15
1766310708,154.0625,2436.25,15
1766310708,157.484375,2830,15
1766310708,158.609375,2870.25,15
1766310708,160.9375,2895.5,15
1766310708,162.09375,2913,15
1766310708,163.234375,2962.25,15
1766310708,164.375,3010.25,15
1766310708,165.546875,2982.25,15
1766310708,170.1875,2738.75,15
1766310708,191.953125,4522.25,15
1766310708,193.109375,4477.75,15
1766310708,213.953125,1034.75,15
1766310708,215.1875,1012.5,15
1766310708,216.375,1002.5,15
1766310708,217.53125,1001.5,15
1766310708,218.65625,1002,15
1766310708,219.8125,999.75,15
1766310708,221,995.75,15
1766310708,222.203125,993.5,15
1766310708,223.25,996.75,15
1766310708,224.515625,999.25,15
1766310708,225.640625,997,15
1766310708,226.796875,996,15
1766310708,227.96875,999.25,15
1766310708,229.0625,1000.75,15
1766310708,230.21875,1003,15
1766310708,231.390625,1008,15
1766310708,232.609375,1010.75,15
1766310708,233.71875,1014.25,15
1766310708,234.828125,1018.5,15
1766310708,236.0625,1022.25,15
1766310708,237.234375,1028.5,15
1766310708,238.328125,1034.5,15
1766310708,239.5,1038.5,15
1766310708,240.6875,1045.25,15
1766310708,241.84375,1053.5,15
1766310708,246.28125,1208.75,15
1766310708,247.390625,1219.75,15
1766310708,248.59375,1231,15
1766310708,249.671875,1245.25,15
1766310708,250.828125,1258,15
1766310708,251.90625,1271,15
1766310708,253.09375,1285.25,15
1766310708,254.21875,1302,15
1766310708,255.34375,1319,15
1766310708,256.5,1335.5,15
1766310708,257.609375,1353.5,15
1766310708,258.75,1373.75,15
1766310708,259.953125,1395,15
1766310708,261.0625,1417.75,15
1766310708,262.203125,1438,15
1766310708,263.34375,1464,15
1766310708,264.453125,1496,15
1766310708,265.65625,1525.5,15
1766310708,266.828125,1529.5,15
1766310708,267.984375,1516.25,15
1766310708,269.09375,1532,15
1766310708,270.21875,1570,15
1766310708,271.328125,1612,15
1766310708,272.46875,1656.75,15
1766310708,274.71875,1760.5,15
1766310708,276.90625,1873,15
1766310708,290.234375,5019.5,2
1766310708,291.359375,5081.25,15
1766310708,292.53125,5170.5,15
1766310708,293.671875,5165,15
1766310708,294.84375,5096.75,15
1766310708,295.984375,4990.75,15
1766310708,298.3125,4464.75,15
1766310708,299.46875,4454,15
1766310708,300.625,4405.5,15
1766310708,301.765625,4356,15
1766310708,302.9375,4352.5,15
1766310708,304.078125,4327.5,15
1766310708,305.234375,4260.25,15
1766310708,306.390625,4222,15
1766310708,307.515625,4220,15
1766310708,308.671875,4228.25,15
1766310708,309.828125,4233,15
1766310708,310.984375,4242.25,15
1766310708,312.125,4289,15
1766310708,314.421875,4207.25,15
1766310708,315.59375,4197.75,15
1766310708,316.734375,4169.5,15
1766310708,317.890625,4169.5,15
1766310708,319.046875,4169,15
1766310708,320.1875,4169,15
1766310708,321.34375,4171,15
1766310708,322.546875,4173.25,15
1766310708,323.6875,4191,15
1766310708,324.875,4214,15
1766310708,326.015625,4259.75,15
1766310708,327.171875,4333.75,15
1766310708,328.296875,4380.25,15
1766310708,329.453125,4404,15
1766310708,330.59375,4439,15
1766310708,331.75,4464.25,15
1766310708,332.90625,4465.5,15
1766310708,334.046875,4467.5,15
1766310708,335.21875,4483.5,15
1766310708,336.359375,4509.5,15
1766310708,337.515625,4562,15
1766310708,340.34375,1766.25,15
1766310708,344.421875,4916.25,15
1766310708,347.578125,1333.5,15
1766310708,348.703125,1329.75,15
1766310708,351.3125,5788.75,15
1766310708,352.453125,5912,15
1766310708,353.609375,5970.25,15
1766310708,5.90625,1507,15
1766310708,7.03125,1485,15
1766310708,8.171875,1468,15
1766310708,9.359375,1450.75,15
1766310708,10.53125,1430.25,15
1766310708,11.734375,1410.75,15
1766310708,12.859375,1397.75,15
1766310708,14.078125,1385,15
1766310708,19.40625,2305.25,15
1766310708,20.578125,2296.5,15
1766310708,21.75,2274,15
1766310708,22.859375,2255,15
1766310708,24.03125,2242.75,15
1766310708,25.1875,2255,15
1766310708,26.34375,2261.5,15
1766310708,27.5,2247.5,15
1766310708,30.171875,1408.75,15
1766310708,31.328125,1400.75,15
1766310708,32.5,1404.25,15
1766310708,33.65625,1399.75,15
1766310708,37.15625,1396.25,12
1766310708,38.34375,1389,9
1766310708,40.640625,1391,15
1766310708,45.0625,1820,15
1766310708,46.171875,1835,15
1766310708,47.328125,1846.75,15
1766310708,49.96875,1295.5,15
1766310708,56.875,1372.5,15
1766310708,58.046875,1382.5,15
1766310708,59.15625,1415.25,15
1766310708,60.25,1453,15
1766310708,72.375,3940,15
1766310708,73.546875,3931.25,15
1766310708,75.828125,4173.75,15
1766310708,76.96875,4245,1
1766310708,81.625,4100.25,15
1766310708,83.90625,3412.25,15
1766310708,85.046875,3465.5,15
1766310708,86.21875,3518.5,15
1766310708,87.34375,3601,15
1766310708,88.5,3607.25,15
1766310708,89.65625,3518.75,15
1766310708,90.84375,3453.25,15
1766310708,92,3406,15
1766310708,93.15625,3347,15
1766310708,94.328125,3275.25,15
1766310708,96.71875,2682.5,15
1766310708,100.25,2313.5,9
1766310708,101.40625,2291.25,13
1766310708,102.578125,2283.25,15
1766310708,105.390625,1320.5,15
1766310708,122.046875,2627.25,15
1766310708,123.1875,2612.75,15
1766310708,124.359375,2599.25,15
1766310708,129.5625,1219,15
1766310708,133.953125,1505,15
1766310708,135.078125,1511.5,15
1766310708,136.234375,1526.25,15
1766310708,137.390625,1559,15
1766310708,147.359375,2651.5,15
1766310708,148.53125,2633,15
1766310708,150.859375,2309.75,15
1766310708,153.140625,2435,12
1766310708,154.28125,2456.5,15
1766310708,158.828125,2874.25,15
1766310708,161.09375,2894.75,15
1766310708,162.265625,2920.25,15
1766310708,163.390625,2963.75,15
1766310708,164.515625,3033.5,15
1766310708,170.34375,2709.5,15
1766310708,172.609375,2781.5,15
1766310708,190.921875,5021,12
1766310708,214,1034.75,15
1766310708,215.140625,1012.75,15
1766310708,216.296875,1004.5,15
1766310708,217.4375,1003,15
1766310708,218.65625,1001,15
1766310708,219.78125,999,15
1766310708,221.015625,996.5,15
1766310708,222.125,994.25,15
1766310708,223.265625,994.75,15
1766310708,224.484375,996.75,15
1766310708,225.59375,996.75,15
1766310708,226.671875,996.5,15
1766310708,227.90625,999.5,15
1766310708,229.046875,1003.25,15
1766310708,230.21875,1005.25,15
1766310708,231.421875,1007.75,15
1766310708,232.46875,1011,15
1766310708,233.734375,1014.75,15
1766310708,234.90625,1018.75,15
1766310708,235.96875,1022.75,15
1766310708,237.140625,1028.5,15
1766310708,238.25,1034.25,15
1766310708,239.484375,1039.75,15
1766310708,240.53125,1046.5,15
1766310708,241.703125,1054.25,15
1766310708,246.21875,1211.25,15
1766310708,247.34375,1221.5,15
1766310708,248.4375,1232.75,15
1766310708,249.59375,1247,15
1766310708,250.734375,1260.25,15
1766310708,251.890625,1271.5,15
1766310708,253.015625,1286.25,15
1766310708,254.21875,1303,15
1766310708,255.3125,1320.25,15
1766310708,256.4375,1339,15
1766310708,257.625,1356.5,15
1766310708,258.703125,1374.25,15
1766310708,259.90625,1395.25,15
1766310708,261.015625,1417.5,15
1766310708,262.140625,1438.5,15
1766310708,263.296875,1465.5,15
1766310708,265.59375,1549.75,15
1766310708,266.71875,1528.5,15
1766310708,267.90625,1515.5,15
1766310708,269,1532.75,15
1766310708,270.171875,1571.5,15
1766310708,271.34375,1611.5,15
1766310708,273.546875,1713,15
1766310708,274.71875,1761.5,15
1766310708,276.828125,1873.25,15
1766310708,289.046875,5213,15
1766310708,290.21875,5195.75,15
1766310708,291.34375,5204.5,15
1766310708,292.5,5207.5,15
1766310708,293.65625,5170.5,15
1766310708,294.796875,5098,15
1766310708,295.96875,4997.5,15
1766310708,298.328125,4461.75,15
1766310708,299.484375,4422.5,15
1766310708,300.640625,4404,15
1766310708,301.8125,4385.75,15
1766310708,302.953125,4327.75,15
1766310708,304.109375,4325.75,15
1766310708,305.28125,4284.5,15
1766310708,306.40625,4245.25,15
1766310708,307.5625,4244,15
1766310708,308.734375,4231,15
1766310708,309.859375,4258.75,15
1766310708,311.015625,4265,15
1766310708,312.171875,4270.75,15
1766310708,313.34375,4235,15
1766310708,314.484375,4208.25,15
1766310708,315.640625,4205.25,15
1766310708,316.796875,4173.25,15
1766310708,317.953125,4170.75,15
1766310708,319.09375,4191.75,15
1766310708,320.234375,4209,15
1766310708,321.421875,4191.25,15
1766310708,322.59375,4176,15
1766310708,323.734375,4176,15
1766310708,324.890625,4218.75,15
1766310708,326.03125,4277.5,15
1766310708,327.171875,4333.5,15
1766310708,328.34375,4384.25,15
1766310708,329.5,4411,15
1766310708,330.625,4445,15
1766310708,331.78125,4464.5,15
1766310708,332.9375,4465.5,15
1766310708,334.09375,4467,15
1766310708,335.265625,4479.25,15
1766310708,336.40625,4506.75,15
1766310708,337.546875,4564.5,15
1766310708,340.359375,1766,15
1766310708,342.15625,4827,15
1766310708,343.296875,4890.25,15
1766310708,344.453125,4949.25,15
1766310708,347.609375,1332.25,15
1766310708,348.765625,1330.25,15
1766310708,351.40625,5839.75,15
1766310708,352.53125,5930.5,15
1766310708,353.703125,5971,15
1766310708,0.640625,5838,15
1766310708,5.953125,1506.25,15
1766310708,7.171875,1485,15
1766310708,8.28125,1465.25,15
1766310708,9.453125,1446.25,15
1766310708,10.671875,1427.5,15
1766310708,11.78125,1410.25,15
1766310708,13.015625,1395.75,15
1766310708,14.125,1378.25,15
1766310708,19.484375,2302.75,15
1766310708,20.65625,2291.5,15
1766310708,21.828125,2268.5,15
1766310708,22.984375,2250.5,15
1766310708,24.171875,2241.25,15
1766310708,25.296875,2248.75,15
1766310708,26.453125,2255.75,15
1766310708,27.625,2249,15
1766310708,30.34375,1413.75,15
1766310708,31.5,1406,15
1766310708,32.640625,1409.75,15
1766310708,33.765625,1404,15
1766310708,35.125,1398.75,15
1766310708,38.5625,1382.75,8
1766310708,39.734375,1391.5,15
1766310708,40.859375,1409.75,15
1766310709,50.265625,1297.25,15
1766310709,57.21875,1381.25,15
1766310709,71.671875,4016.25,15
1766310709,72.8125,3963.5,15
1766310709,75.125,4169,15
1766310709,76.28125,4174.75,15
1766310709,78.59375,4323.25,15
1766310709,80.9375,4159.25,15
1766310709,82.109375,4097.5,15
1766310709,84.328125,3403.75,15
1766310709,85.453125,3456.25,15
1766310709,86.609375,3524.75,15
1766310709,87.75,3601,15
1766310709,88.921875,3581.25,15
1766310709,90.078125,3503.75,15
1766310709,91.265625,3441.5,15
1766310709,92.40625,3394.25,15
1766310709,93.5625,3343.75,15
1766310709,94.734375,3262.25,15
1766310709,97.125,2677.75,15
1766310709,100.703125,2327.25,9
1766310709,101.859375,2295,15
1766310709,103.03125,2280.5,14
1766310709,105.78125,1319.5,13
1766310709,112.046875,2759,15
1766310709,122.40625,2623,15
1766310709,123.546875,2607.5,15
1766310709,124.734375,2600,15
1766310709,129.984375,1225.5,15
1766310709,134.265625,1509.5,15
1766310709,135.40625,1512.5,15
1766310709,136.515625,1517,15
1766310709,137.65625,1539.5,15
1766310709,138.765625,1581.75,15
1766310709,147.625,2669.25,15
1766310709,154.5,2470.5,15
1766310709,157.875,2879.5,15
1766310709,159.03125,2888.5,15
1766310709,160.21875,2886.25,15
1766310709,161.328125,2902.25,15
1766310709,162.46875,2944.25,15
1766310709,163.609375,3005.25,15
1766310709,164.75,3017.25,15
1766310709,165.921875,2968.5,15
1766310709,169.40625,2742.25,15
1766310709,170.546875,2720.25,15
1766310709,190.984375,4581.75,15
1766310709,192.125,4499.25,15
1766310709,193.265625,4466.75,15
1766310709,197.796875,5496.25,15
1766310709,198.953125,5496.25,3
1766310709,213.828125,1045.75,15
1766310709,215.015625,1021.5,15
1766310709,216.21875,1011.5,15
1766310709,217.34375,1009.5,15
1766310709,218.53125,1007.5,15
1766310709,219.703125,1005.25,15
1766310709,220.796875,1003.25,15
1766310709,221.953125,1001,15
1766310709,223.046875,1001.75,15
1766310709,224.28125,1004,15
1766310709,225.4375,1004.5,15
1766310709,226.46875,1005.75,15
1766310709,227.765625,1007.5,15
1766310709,228.8125,1010,15
1766310709,229.96875,1013.25,15
1766310709,231.1875,1015.75,15
1766310709,232.359375,1018.75,15
1766310709,233.390625,1023,15
1766310709,234.609375,1026.5,15
1766310709,235.6875,1030.75,15
1766310709,236.8125,1037.75,15
1766310709,237.984375,1043,15
1766310709,239.171875,1049,15
1766310709,240.34375,1054.75,15
1766310709,241.40625,1061.5,15
1766310709,245.875,1220.5,15
1766310709,246.984375,1231.5,15
1766310709,248.09375,1241.5,15
1766310709,249.3125,1252.75,15
1766310709,250.421875,1267.5,15
1766310709,251.546875,1281.75,15
1766310709,252.640625,1298.75,15
1766310709,253.859375,1314.25,15
1766310709,254.921875,1329.75,15
1766310709,256.0625,1346.75,15
1766310709,257.203125,1362,15
1766310709,258.3125,1381.75,15
1766310709,259.484375,1405.25,15
1766310709,260.609375,1426.5,15
1766310709,261.703125,1451.5,15
1766310709,262.859375,1479,15
1766310709,265.1875,1546,15
1766310709,266.34375,1521.25,15
1766310709,267.453125,1518,15
1766310709,268.5625,1544.75,15
1766310709,269.671875,1584.5,15
1766310709,270.828125,1626.5,15
1766310709,271.9375,1667.5,15
1766310709,274.1875,1771.25,15
1766310709,276.3125,1881.25,15
1766310709,288.40625,5220.5,15
1766310709,289.5625,5219.5,15
1766310709,290.703125,5218,15
1766310709,291.859375,5215,15
1766310709,292.984375,5190.25,15
1766310709,294.140625,5140,15
1766310709,297.625,4461.75,15
1766310709,298.75,4454.5,15
1766310709,299.875,4438,15
1766310709,301.046875,4405.5,15
1766310709,302.171875,4369.5,15
1766310709,303.328125,4326,15
1766310709,304.46875,4253.25,15
1766310709,305.625,4209.5,15
1766310709,306.75,4208,15
1766310709,307.890625,4228.25,15
1766310709,309.03125,4253.75,15
1766310709,310.15625,4281,15
1766310709,311.328125,4294,15
1766310709,312.46875,4225,15
1766310709,313.59375,4214.25,15
1766310709,314.75,4214.25,15
1766310709,315.90625,4170.5,15
1766310709,317.03125,4170.5,15
1766310709,318.1875,4169,15
1766310709,319.3125,4175.25,15
1766310709,320.46875,4175.25,15
1766310709,321.609375,4170.75,15
1766310709,322.875,4174.75,15
1766310709,324.03125,4195.5,15
1766310709,325.15625,4242.5,15
1766310709,326.3125,4298.75,15
1766310709,327.4375,4352.25,15
1766310709,328.59375,4397,15
1766310709,329.734375,4425.75,15
1766310709,330.875,4449,15
1766310709,332.03125,4463.75,15
1766310709,333.171875,4465.5,15
1766310709,334.34375,4467.5,15
1766310709,335.46875,4499,15
1766310709,336.625,4560.75,15
1766310709,343.484375,4912.5,15
1766310709,347.765625,1318.75,15
1766310709,350.390625,5793.75,15
1766310709,351.53125,5889.5,15
1766310709,352.6875,5948,15
1766310709,355.5625,1770.5,15
1766310709,4.890625,1510.25,15
1766310709,6.03125,1491.75,15
1766310709,7.21875,1468.75,15
1766310709,8.40625,1449.75,15
1766310709,9.578125,1434.25,15
1766310709,10.6875,1414,15
1766310709,11.890625,1395.75,15
1766310709,13.015625,1382.75,15
1766310709,14.15625,1379.25,15
1766310709,16.015625,2402.25,15
1766310709,17.1875,2359.5,15
1766310709,18.328125,2315.75,15
1766310709,19.484375,2295,15
1766310709,20.671875,2268.25,15
1766310709,21.796875,2252.5,15
1766310709,22.953125,2247.25,15
1766310709,24.125,2212,15
1766310709,26.40625,2253.25,15
1766310709,30.234375,1396.75,15
1766310709,31.421875,1393.25,15
1766310709,32.53125,1388.5,15
1766310709,33.6875,1386,15
1766310709,37.25,1387.25,15
1766310709,38.375,1366.5,10
1766310709,39.484375,1366.25,15
1766310709,43.875,1803.75,11
1766310709,45.015625,1820.25,15
1766310709,46.140625,1834.5,15
1766310709,47.3125,1846,15
1766310709,49.96875,1296,15
1766310709,51.953125,1860.5,15
1766310709,53.078125,1854,15
1766310709,56.765625,1370.25,15
1766310709,57.90625,1389,15
1766310709,59.140625,1422.75,15
1766310709,60.265625,1457.75,15
1766310709,71.203125,3986,15
1766310709,72.359375,3935.75,15
1766310709,73.53125,3930.75,15
1766310709,80.453125,4126.25,8
1766310709,82.75,3384.75,15
1766310709,83.890625,3414.75,15
1766310709,85.03125,3468.25,15
1766310709,86.1875,3544.75,15
1766310709,87.328125,3625,15
1766310709,89.65625,3486.75,15
1766310709,90.8125,3436.75,15
1766310709,91.96875,3407.75,15
1766310709,93.109375,3348.25,15
1766310709,94.28125,3271,15
1766310709,96.65625,2703.25,15
1766310709,99.0625,2359.25,15
1766310709,100.1875,2315,13
1766310709,101.359375,2291,15
1766310709,102.515625,2282.25,15
1766310709,105.234375,1328,15
1766310709,111.578125,2751.75,15
1766310709,117.890625,1315.75,15
1766310709,121.9375,2632,15
1766310709,123.125,2611,15
1766310709,124.25,2598,15
1766310709,126.546875,2580.75,15
1766310709,129.484375,1223.25,14
1766310709,133.796875,1500,15
1766310709,135,1506.75,15
1766310709,136.109375,1517.75,15
1766310709,137.25,1536.5,15
1766310709,138.359375,1568.75,15
1766310709,146.0625,2658.5,15
1766310709,147.171875,2682,15
1766310709,152.96875,2433,13
1766310709,154.125,2463,15
1766310709,157.453125,2869.25,15
1766310709,158.59375,2887.75,15
1766310709,159.734375,2893.25,15
1766310709,160.875,2900.75,15
1766310709,162.03125,2930.5,15
1766310709,163.171875,2979.75,15
1766310709,164.3125,3012,15
1766310709,170.078125,2720.5,15
1766310709,190.5,4582.5,15
1766310709,191.65625,4502.25,15
1766310709,192.78125,4468.25,15
1766310709,214.5,1026.25,15
1766310709,215.71875,1011.25,15
1766310709,216.890625,1005.75,15
1766310709,218.046875,1003.5,15
1766310709,219.125,1001.5,15
1766310709,220.328125,1000.75,15
1766310709,221.4375,1001,15
1766310709,222.546875,1001.5,15
1766310709,223.734375,1000.25,15
1766310709,224.890625,1001,15
1766310709,226.09375,1003.75,15
1766310709,227.234375,1005,15
1766310709,228.453125,1007.5,15
1766310709,229.578125,1010.25,15
1766310709,230.671875,1013,15
1766310709,231.8125,1017.5,15
1766310709,233,1020.5,15
1766310709,234.21875,1023,15
1766310709,235.34375,1027,15
1766310709,236.453125,1031.5,15
1766310709,237.609375,1036.5,15
1766310709,238.6875,1043,15
1766310709,239.921875,1049.75,15
1766310709,241.015625,1056.25,15
1766310709,245.484375,1212.75,15
1766310709,246.578125,1225.5,15
1766310709,247.765625,1237.25,15
1766310709,248.828125,1248.25,15
1766310709,250.015625,1260.75,15
1766310709,251.15625,1276.25,15
1766310709,252.28125,1292.25,15
1766310709,253.4375,1306.75,15
1766310709,254.546875,1322.5,15
1766310709,255.65625,1339,15
1766310709,256.828125,1357.5,15
1766310709,257.96875,1376,15
1766310709,259.078125,1397.25,15
1766310709,260.234375,1421,15
1766310709,261.359375,1442,15
1766310709,262.53125,1469,15
1766310709,264.75,1548.75,15
1766310709,265.953125,1525.25,15
1766310709,267.09375,1512.25,15
1766310709,268.1875,1534.75,15
1766310709,269.296875,1573.5,15
1766310709,270.453125,1613,15
1766310709,271.609375,1656,15
1766310709,272.71875,1706,15
1766310709,273.84375,1755,15
1766310709,276.09375,1872.75,15
1766310709,288.234375,5219.25,15
1766310709,290.546875,5073.75,15
1766310709,291.6875,5177.25,15
1766310709,292.859375,5169,15
1766310709,294,5097.5,15
1766310709,295.140625,5047.75,15
1766310709,297.46875,4465.25,15
1766310709,298.65625,4435.75,15
1766310709,299.8125,4377,15
1766310709,300.96875,4370.75,15
1766310709,302.109375,4373.5,15
1766310709,303.265625,4327.75,15
1766310709,304.421875,4267.75,15
1766310709,305.578125,4247.75,15
1766310709,306.734375,4229.5,15
1766310709,307.875,4199.75,15
1766310709,309.015625,4211.5,15
1766310709,310.15625,4263.25,15
1766310709,311.3125,4293.5,15
1766310709,312.484375,4248,15
1766310709,313.625,4235.25,15
1766310709,314.78125,4215,15
1766310709,315.9375,4173.25,15
1766310709,317.078125,4171.5,15
1766310709,318.234375,4170.25,15
1766310709,319.390625,4173.5,15
1766310709,320.53125,4173.75,15
1766310709,321.671875,4173.25,15
1766310709,322.890625,4200.25,15
1766310709,324.046875,4237.75,15
1766310709,325.1875,4262.25,15
1766310709,326.34375,4323.5,15
1766310709,327.5,4360.5,15
1766310709,328.625,4380.25,15
1766310709,329.78125,4421.5,15
1766310709,330.921875,4445.25,15
1766310709,332.078125,4463.25,15
1766310709,333.234375,4465.5,15
1766310709,334.390625,4470.5,15
1766310709,335.53125,4500.25,15
1766310709,336.703125,4564.25,15
1766310709,343.609375,4898,15
1766310709,346.671875,1330,15
1766310709,347.875,1323,15
1766310709,351.578125,5890.25,15
1766310709,352.734375,5950.5,15
1766310709,355.578125,1772.75,15
1766310709,4.984375,1501,15
1766310709,6.09375,1486.5,15
1766310709,7.28125,1467.25,15
1766310709,8.46875,1450,15
1766310709,9.65625,1430.5,15
1766310709,10.78125,1410.25,15
1766310709,11.984375,1394.5,15
1766310709,13.09375,1381.5,15
1766310709,14.296875,1383.5,15
1766310709,16.125,2397.25,15
1766310709,18.46875,2301.75,15
1766310709,19.625,2283.75,15
1766310709,20.78125,2261.5,15
1766310709,21.953125,2254.75,15
1766310709,23.0625,2246.5,15
1766310709,24.265625,2212.25,15
1766310709,26.546875,2253.25,15
1766310709,30.375,1399.5,15
1766310709,31.578125,1396,15
1766310709,32.6875,1390.25,15
1766310709,33.875,1389.25,15
1766310709,44.125,1812,15
1766310709,45.296875,1824.25,15
1766310709,46.40625,1838,15
1766310709,49.125,1290,15
1766310709,53.375,1847.25,15
1766310709,57.0625,1375,15
1766310709,58.21875,1397.5,15
1766310709,59.359375,1431,15
1766310709,60.515625,1468.5,15
1766310709,71.484375,3939.5,15
1766310709,72.625,3923.25,15
1766310709,73.765625,3954.75,15
1766310709,83,3375.75,15
1766310709,84.15625,3436.5,15
1766310709,85.3125,3489.25,15
1766310709,86.4375,3569.25,15
1766310709,87.609375,3605,15
1766310709,88.75,3557,15
1766310709,89.90625,3482.25,15
1766310709,91.078125,3412,15
1766310709,92.234375,3358.5,15
1766310709,93.40625,3298,15
1766310709,94.5625,3252.25,15
1766310709,99.34375,2347.75,15
1766310709,100.484375,2314.5,13
1766310709,101.6875,2287,15
1766310709,102.796875,2280.5,15
1766310709,103.984375,2278.75,15
1766310709,106.6875,1340.5,8
1766310709,111.859375,2743.5,15
1766310709,113,2723.25,15
1766310709,123.359375,2603.5,15
1766310709,124.515625,2597,15
1766310709,125.6875,2587.75,15
1766310709,129.75,1231.5,15
1766310709,134.265625,1482,15
1766310709,135.375,1494,15
1766310709,136.484375,1511.25,15
1766310709,147.71875,2305.5,15
1766310709,154.609375,2472.75,9
1766310709,157.921875,2881.5,15
1766310709,161.359375,2907,15
1766310709,162.515625,2948.75,15
1766310709,163.65625,3005.75,15
1766310709,164.828125,3012.5,15
1766310709,169.453125,2732.75,15
1766310709,172.90625,2831.75,15
1766310709,192.296875,4477.25,15
1766310709,214.15625,1033,15
1766310709,215.3125,1015,15
1766310709,216.578125,1008.5,15
1766310709,217.640625,1006.75,15
1766310709,218.890625,1005.75,15
1766310709,220.03125,1002.5,15
1766310709,221.21875,1000.25,15
1766310709,222.34375,1001.75,15
1766310709,223.40625,1002,15
1766310709,224.609375,1002,15
1766310709,225.734375,1003.75,15
1766310709,226.875,1004.5,15
1766310709,228.0625,1007,15
1766310709,229.234375,1009,15
1766310709,230.4375,1010.75,15
1766310709,231.5625,1014,15
1766310709,232.734375,1018.5,15
1766310709,233.9375,1022.75,15
1766310709,235.03125,1026.25,15
1766310709,236.203125,1031.75,15
1766310709,237.34375,1036.25,15
1766310709,238.46875,1042.5,15
1766310709,239.625,1048.25,15
1766310709,240.734375,1053.75,15
1766310709,245.25,1210.5,15
1766310709,246.359375,1221.75,15
1766310709,247.484375,1233.5,15
1766310709,248.65625,1246,15
1766310709,249.84375,1259,15
1766310709,250.953125,1272,15
1766310709,252.078125,1287.75,15
1766310709,253.171875,1305.25,15
1766310709,254.3125,1320,15
1766310709,255.53125,1335.25,15
1766310709,256.625,1352.25,15
1766310709,257.765625,1371.25,15
1766310709,258.9375,1391.75,15
1766310709,260.015625,1416.75,15
1766310709,261.203125,1439.5,15
1766310709,262.328125,1462,15
1766310709,263.46875,1486.25,15
1766310709,265.796875,1532,15
1766310709,266.953125,1512.75,15
1766310709,268.0625,1526.5,15
1766310709,269.203125,1565.75,15
1766310709,270.328125,1606.75,15
1766310709,271.4375,1649.25,15
1766310709,272.609375,1697.25,15
1766310709,273.703125,1749.5,15
1766310709,275.890625,1865,15
1766310709,291.5625,5006.75,3
1766310709,292.71875,5006.75,15
1766310709,293.859375,5048.75,15
1766310709,295.015625,5069,15
1766310709,297.34375,4465.25,15
1766310709,298.578125,4438.5,15
1766310709,299.734375,4395.25,15
1766310709,300.90625,4385.25,15
1766310709,302.0625,4379,15
1766310709,303.21875,4333.25,15
1766310709,304.390625,4268,15
1766310709,305.53125,4245.25,15
1766310709,306.703125,4222.5,15
1766310709,307.875,4194.75,15
1766310709,309.015625,4229,15
1766310709,310.15625,4263.5,15
1766310709,311.328125,4243,15
1766310709,312.484375,4214.75,15
1766310709,313.640625,4198.25,15
1766310709,314.78125,4181.75,15
1766310709,315.953125,4174.75,15
1766310709,317.09375,4171.75,15
1766310709,318.265625,4171,15
1766310709,319.421875,4169.25,15
1766310709,320.578125,4169.25,15
1766310709,321.734375,4172.75,15
1766310709,322.875,4196.75,15
1766310709,324.015625,4237.25,15
1766310709,325.171875,4264.5,15
1766310709,326.3125,4319.5,15
1766310709,327.484375,4372,15
1766310709,328.625,4395.5,15
1766310709,329.765625,4421,15
1766310709,330.921875,4445.25,15
1766310709,332.078125,4463.75,15
1766310709,333.21875,4465.5,15
1766310709,334.375,4472.25,15
1766310709,335.546875,4503,15
1766310709,336.703125,4562.25,15
1766310709,343.59375,4898,15
1766310709,346.75,1329.5,15
1766310709,347.890625,1322.5,15
1766310709,350.46875,5749.25,15
1766310709,351.609375,5881.5,15
1766310709,352.765625,5951.25,15
1766310709,355.625,1776.75,15
1766310709,5.0625,1501.75,15
1766310709,6.171875,1483,15
1766310709,7.390625,1467.25,15
1766310709,8.484375,1448,15
1766310709,9.65625,1428.25,15
1766310709,10.84375,1409.75,15
1766310709,12.078125,1394.5,15
1766310709,13.25,1378,15
1766310709,18.578125,2295.25,15
1766310709,19.703125,2294.5,15
1766310709,20.90625,2276.5,15
1766310709,22.03125,2254.25,15
1766310709,23.1875,2246.5,15
1766310709,24.375,2215.5,15
1766310709,25.484375,2223.5,15
1766310709,26.65625,2253.25,15
1766310709,29.359375,1410.75,15
1766310709,30.53125,1398.5,15
1766310709,31.65625,1395.25,15
1766310709,32.8125,1390.25,15
1766310709,33.96875,1391.25,15
1766310709,37.578125,1361.5,15
1766310709,38.75,1358.25,15
1766310709,44.25,1811.25,15
1766310709,45.421875,1826.25,15
1766310709,46.578125,1839.75,15
1766310709,49.21875,1292.25,15
1766310709,53.515625,1845.5,15
1766310709,57.265625,1374.5,15
1766310709,58.34375,1399.5,15
1766310709,59.53125,1434.75,15
1766310709,60.6875,1474.5,15
1766310709,69.3125,4275.75,13
1766310709,71.65625,3938,15
1766310709,72.796875,3938.5,15
1766310709,75.109375,4170.5,15
1766310709,83.234375,3395.25,15
1766310709,84.375,3446.75,15
1766310709,85.53125,3500,15
1766310709,87.84375,3619.75,15
1766310709,89.015625,3539.25,15
1766310709,90.15625,3471.25,15
1766310709,91.34375,3420.25,15
1766310709,92.5,3360,15
1766310709,93.6875,3290,15
1766310709,94.828125,3238.75,15
1766310709,99.640625,2334.75,15
1766310709,100.78125,2303.75,13
1766310709,101.921875,2284.5,15
1766310709,103.125,2279.5,15
1766310709,104.28125,2278.25,15
1766310709,105.4375,2274,15
1766310709,112.203125,2763,15
1766310709,113.34375,2732,15
1766310709,114.53125,2705,15
1766310709,123.796875,2602.75,15
1766310709,124.953125,2596.5,15
1766310709,126.078125,2592,15
1766310709,127.25,2587,15
1766310709,131.296875,1212.75,15
1766310709,135.71875,1506.5,15
1766310709,136.875,1525.5,15
1766310709,146.90625,2332.5,15
1766310709,152.671875,2444,9
1766310709,153.78125,2460,15
1766310709,157.234375,2859.75,15
1766310709,158.390625,2894.25,15
1766310709,160.6875,2905.75,15
1766310709,161.828125,2937.25,15
1766310709,163,2989.25,15
1766310709,164.140625,3038,15
1766310709,169.96875,2725.75,15
1766310709,190.5625,4583.5,15
1766310709,191.734375,4505,15
1766310709,192.859375,4470,15
1766310709,214.84375,1019.25,15
1766310709,216.015625,1008.75,15
1766310709,217.21875,1007.75,15
1766310709,218.40625,1004.75,15
1766310709,219.546875,1002.5,15
1766310709,220.640625,1002.5,15
1766310709,221.875,1002.25,15
1766310709,222.9375,1003,15
1766310709,224.125,1002,15
1766310709,225.296875,1002.25,15
1766310709,226.40625,1004.75,15
1766310709,227.65625,1007,15
1766310709,228.828125,1008,15
1766310709,229.953125,1011,15
1766310709,231.078125,1015,15
1766310709,232.28125,1016.25,15
1766310709,233.359375,1020.75,15
1766310709,234.546875,1025.75,15
1766310709,235.65625,1030,15
1766310709,236.84375,1035,15
1766310709,238,1040.25,15
1766310709,239.109375,1048.25,15
1766310709,240.28125,1054.25,15
1766310709,241.390625,1061,15
1766310709,245.90625,1217,15
1766310709,247.015625,1230,15
1766310709,248.203125,1241.5,15
1766310709,249.375,1253,15
1766310709,250.5,1266.5,15
1766310709,251.59375,1281,15
1766310709,252.703125,1295.5,15
1766310709,253.828125,1311,15
1766310709,254.984375,1326.75,15
1766310709,256.140625,1343.5,15
1766310709,257.296875,1362,15
1766310709,258.40625,1381.75,15
1766310709,259.53125,1405,15
1766310709,260.734375,1426.25,15
1766310709,261.875,1446.25,15
1766310709,262.96875,1473.25,15
1766310709,265.28125,1543.75,15
1766310709,266.46875,1518.25,15
1766310709,267.578125,1518.5,15
1766310709,268.71875,1548.25,15
1766310709,269.8125,1586.5,15
1766310709,270.984375,1631,15
1766310709,273.234375,1734,15
1766310709,274.375,1782.25,15
1766310709,276.59375,1891.75,15
1766310709,293.390625,5006.75,6
1766310709,294.53125,5036.75,15
1766310709,295.703125,5013.75,15
1766310709,298.015625,4447.5,15
1766310709,299.28125,4435.25,15
1766310709,300.421875,4409.25,15
1766310709,301.578125,4369.5,15
1766310709,302.75,4334.75,15
1766310709,303.921875,4270.75,15
1766310709,305.078125,4234.75,15
1766310709,306.21875,4231.25,15
1766310709,307.390625,4229.5,15
1766310709,308.546875,4227.75,15
1766310709,309.6875,4267.75,15
1766310709,310.84375,4308.5,15
1766310709,313.15625,4144.75,15
1766310709,314.328125,4202.75,15
1766310709,315.46875,4196.25,15
1766310709,316.640625,4176.75,15
1766310709,317.796875,4176.25,15
1766310709,318.953125,4172,15
1766310709,320.109375,4171,15
1766310709,321.265625,4170.5,15
1766310709,322.4375,4174,15
1766310709,323.59375,4188.5,15
1766310709,324.734375,4238.75,15
1766310709,325.890625,4303.25,15
1766310709,327.0625,4327,15
1766310709,328.203125,4318.25,15
1766310709,329.359375,4364.25,15
1766310709,330.515625,4432,15
1766310709,331.65625,4456.5,15
1766310709,332.8125,4465.5,15
1766310709,333.96875,4466.75,15
1766310709,335.125,4466.75,15
1766310709,336.28125,4481.5,15
1766310709,337.4375,4549.75,15
1766310709,340.21875,1775.75,15
1766310709,342.0625,4805.75,15
1766310709,343.203125,4850.5,15
1766310709,344.34375,4936.75,15
1766310709,347.390625,1327.5,15
1766310709,348.484375,1332.75,15
1766310709,351.1875,5134.5,15
1766310709,352.328125,5214,15
1766310709,359.203125,5716,15
1766310709,5.71875,1493.75,15
1766310709,6.84375,1473.5,15
1766310709,8.03125,1455.5,15
1766310709,9.234375,1435.25,15
1766310709,10.390625,1417.25,15
1766310709,11.421875,1401.75,15
1766310709,12.59375,1386.25,15
1766310709,13.734375,1372,15
1766310709,17.953125,2339,15
1766310709,19.109375,2294.25,15
1766310709,20.21875,2271.25,15
1766310709,21.40625,2253.75,15
1766310709,22.53125,2245,15
1766310709,23.671875,2239.25,15
1766310709,24.84375,2241.5,15
1766310709,25.984375,2252.5,15
1766310709,27.109375,2253,15
1766310709,30.984375,1421.25,15
1766310709,32.109375,1414.5,15
1766310709,33.28125,1416.75,15
1766310709,36.796875,1353.25,13
1766310709,37.921875,1353,15
1766310709,39.0625,1374.5,15
1766310709,49.46875,1301.75,15
1766310709,50.640625,1309.75,15
1766310709,56.296875,1373.5,15
1766310709,67.25,4001.5,15
1766310709,71.875,3988.5,15
1766310709,75.296875,4692.75,15
1766310709,77.625,4323.5,15
1766310709,79.953125,4195,15
1766310709,82.265625,3971.75,15
1766310709,84.5625,3447.5,15
1766310709,85.71875,3491.75,15
1766310709,88.015625,3611,15
1766310709,89.203125,3540.5,15
1766310709,90.34375,3459.25,15
1766310709,91.515625,3395.25,15
1766310709,92.65625,3343.25,15
1766310709,93.84375,3275.5,15
1766310709,94.984375,3227.5,15
1766310709,98.625,2377.5,15
1766310709,99.75,2321.75,13
1766310709,100.90625,2289.5,15
1766310709,102.0625,2283.25,15
1766310709,103.203125,2282.75,15
1766310709,104.390625,2280.75,15
1766310709,105.546875,2275,15
1766310709,106.65625,2287.25,6
1766310709,112.3125,2744.75,15
1766310709,113.453125,2718,15
1766310709,114.640625,2706.25,15
1766310709,126.140625,2595.25,15
1766310709,127.296875,2590,15
1766310709,139.78125,2813.5,15
1766310709,147.8125,2712.5,11
1766310709,148.984375,2699.5,7
1766310709,150.125,2691.5,9
1766310709,151.28125,2680.25,6
1766310709,162.734375,2613.75,10
1766310709,163.875,2615.5,9
1766310709,173.296875,1795.25,13
1766310709,199.390625,2926.5,12
1766310709,228,1033.75,15
1766310709,229.171875,1036,15
1766310709,230.28125,1039.25,15
1766310709,231.375,1044.25,15
1766310709,232.546875,1049.75,15
1766310709,233.71875,1053,15
1766310709,234.859375,1057.25,15
1766310709,235.953125,1062.75,15
1766310709,237.09375,1067.25,15
1766310709,238.28125,1071.75,15
1766310709,242.734375,1224.5,15
1766310709,243.875,1234.75,15
1766310709,245.015625,1246.25,15
1766310709,246.140625,1257.25,15
1766310709,247.25,1269.75,15
1766310709,248.46875,1282.75,15
1766310709,249.609375,1298.75,15
1766310709,250.6875,1314.5,15
1766310709,251.78125,1328,15
1766310709,252.84375,1343,15
1766310709,254.046875,1359.25,15
1766310709,255.203125,1377.75,15
1766310709,256.3125,1397.5,15
1766310709,257.375,1418.5,15
1766310709,258.578125,1440,15
1766310709,259.71875,1462.5,15
1766310709,260.828125,1485.25,15
1766310709,263.109375,1547.25,15
1766310709,264.28125,1520.25,15
1766310709,265.375,1521.25,15
1766310709,266.46875,1555,15
1766310709,267.609375,1592.25,15
1766310709,268.734375,1630.5,15
1766310709,271.03125,1730,15
1766310709,272.109375,1777,15
1766310709,273.234375,1825.75,15
1766310709,274.390625,1880.5,15
1766310709,277.40625,5734.25,15
1766310709,278.546875,5703,15
1766310709,279.703125,5703,15
1766310709,286.625,5219.25,15
1766310709,287.78125,5225.25,15
1766310709,288.9375,5217.25,15
1766310709,290.078125,5204.5,15
1766310709,291.234375,5207.25,15
1766310709,292.390625,5150,15
1766310709,293.5625,5044,15
1766310709,294.703125,4943,15
1766310709,297.03125,4440.75,15
1766310709,298.203125,4392,15
1766310709,299.34375,4330.5,15
1766310709,300.515625,4299,15
1766310709,301.671875,4271.75,15
1766310709,302.828125,4231,15
1766310709,303.953125,4209.5,15
1766310709,305.125,4212.75,15
1766310709,306.28125,4199.5,15
1766310709,307.421875,4169,15
1766310709,308.578125,4197.5,15
1766310709,309.734375,4197.5,15
1766310709,310.875,4169,15
1766310709,312.015625,4166.75,15
1766310709,313.171875,4173.5,15
1766310709,314.328125,4175.75,15
1766310709,315.484375,4170,15
1766310709,316.625,4174.75,15
1766310709,317.78125,4173.5,15
1766310709,318.9375,4170.5,15
1766310709,320.078125,4170.5,15
1766310709,321.234375,4170,15
1766310709,322.359375,4172.75,15
1766310709,323.5,4177.25,15
1766310709,324.640625,4209.75,15
1766310709,325.8125,4236.5,15
1766310709,326.9375,4283,15
1766310709,328.09375,4342,15
1766310709,329.234375,4383.5,15
1766310709,330.375,4433.25,15
1766310709,331.515625,4455.75,15
1766310709,332.671875,4463,15
1766310709,333.8125,4466,15
1766310709,334.96875,4474,15
1766310709,336.109375,4525,15
1766310709,341.84375,4824.5,15
1766310709,343,4849.5,15
1766310709,346.171875,1270.75,15
1766310709,347.328125,1277.25,15
1766310709,349.90625,5706.25,15
1766310709,352.203125,5945.75,15
1766310709,357.96875,5679.25,15
1766310709,359.109375,5716.75,15
1766310709,4.4375,1454.25,15
1766310709,5.625,1434.75,15
1766310709,6.765625,1413.75,15
1766310709,7.984375,1396.25,15
1766310709,9.15625,1378.25,15
1766310709,10.265625,1360,15
1766310709,11.296875,1344.75,15
1766310709,12.484375,1329.25,15
1766310709,13.65625,1318.25,15
1766310709,18.890625,2236,15
1766310709,20.046875,2227.5,15
1766310709,21.15625,2212.5,15
1766310709,22.3125,2192.5,15
1766310709,23.453125,2179.75,15
1766310709,24.609375,2202.5,15
1766310709,25.765625,2218.5,15
1766310709,26.9375,2197,15
1766310709,28.046875,2183.75,15
1766310709,30.703125,1366.75,15
1766310709,31.9375,1357.75,15
1766310709,33.0625,1354.25,15
1766310709,40.015625,1340,15
1766310709,50.4375,1262.75,15
1766310709,51.53125,1258,15
1766310709,58.375,1341.5,15
1766310709,68,4169,15
1766310709,69.140625,4174.5,15
1766310709,71.46875,3933.25,15
1766310709,72.625,3920,15
1766310709,74.890625,4170.75,15
1766310709,76.046875,4174,15
1766310709,77.171875,4242,15
1766310709,78.34375,4273.5,15
1766310709,79.484375,4203.5,15
1766310709,80.625,4149.25,15
1766310709,84.109375,3384,15
1766310709,85.25,3444.5,15
1766310709,86.390625,3507.25,15
1766310709,87.53125,3584.75,15
1766310709,88.6875,3579.5,15
1766310709,89.8125,3517,15
1766310709,90.984375,3464,15
1766310709,92.125,3402.5,15
1766310709,93.296875,3346.5,15
1766310709,94.4375,3277.25,15
1766310709,95.59375,3227.75,15
1766310709,97.953125,2715,15
1766310709,100.359375,2370.5,15
1766310709,101.515625,2349.25,15
1766310709,102.625,2315.5,10
1766310709,103.8125,2299.25,8
1766310709,104.953125,2306.5,10
1766310709,106.109375,2303.5,7
1766310709,107.21875,2309.5,14
1766310709,115.109375,2743.25,15
1766310709,116.25,2719,15
1766310709,117.421875,2708.5,15
1766310709,127.734375,2634.5,15
1766310709,128.859375,2623,15
1766310709,131.453125,1740.5,15
1766310709,139.484375,1613.25,15
1766310709,146.078125,2357.5,15
1766310709,147.203125,2380.75,15
1766310709,149.421875,2764.5,15
1766310709,150.546875,2781.25,15
1766310709,152.90625,2485.5,15
1766310709,155.078125,2825.5,15
1766310709,158.5,2962.75,15
1766310709,161.890625,3016.5,15
1766310709,163.046875,3058.75,15
1766310709,164.1875,3075.5,15
1766310709,165.328125,3046.25,15
1766310709,168.796875,2812.75,15
1766310709,169.921875,2813.25,15
1766310709,171.0625,2874.5,15
1766310709,172.171875,2935.5,15
1766310709,213.828125,1128.5,15
1766310709,214.96875,1102.5,15
1766310709,216.125,1091.75,15
1766310709,217.25,1088.5,15
1766310709,218.453125,1087,15
1766310709,219.484375,1087.25,15
1766310709,220.671875,1085.5,15
1766310709,221.8125,1086,15
1766310709,222.90625,1088.25,15
1766310709,224.046875,1088.75,15
1766310709,225.203125,1090,15
1766310709,226.296875,1093,15
1766310709,227.53125,1093.25,15
1766310709,228.671875,1094.5,15
1766310709,229.796875,1099.25,15
1766310709,230.984375,1102,15
1766310709,232.0625,1105.75,15
1766310709,233.21875,1111.75,15
1766310709,234.359375,1117.5,15
1766310709,235.515625,1121.5,15
1766310709,239.84375,1272.25,15
1766310709,240.984375,1279.75,15
1766310709,242.15625,1291.25,15
1766310709,243.234375,1303.75,15
1766310709,244.390625,1314,15
1766310709,245.484375,1324.5,15
1766310709,246.65625,1337.25,15
1766310709,247.765625,1350,15
1766310709,248.921875,1362,15
1766310709,249.984375,1376,15
1766310709,251.21875,1393.25,15
1766310709,252.375,1413,15
1766310709,253.4375,1431.25,15
1766310709,254.5625,1448.5,15
1766310709,255.75,1470.5,15
1766310709,256.875,1490.75,15
1766310709,257.96875,1511.75,15
1766310709,259.109375,1548.25,15
1766310709,260.21875,1554.75,15
1766310709,261.359375,1532.25,15
1766310709,262.53125,1540.25,15
1766310709,263.640625,1576.75,15
1766310709,264.734375,1615.5,15
1766310709,265.84375,1649.75,15
1766310709,266.984375,1690,15
1766310709,268.09375,1739.5,15
1766310709,269.203125,1786.25,15
1766310709,270.34375,1830.75,15
1766310709,271.484375,1879.5,15
1766310709,272.59375,1932.75,15
1766310709,286.875,5214,15
1766310709,288,5222.25,15
1766310709,289.15625,5160.5,15
1766310709,290.296875,5058.5,15
1766310709,291.453125,4996.5,15
1766310709,292.578125,4941,15
1766310709,294.90625,4379,15
1766310709,296.03125,4342,15
1766310709,297.1875,4326.25,15
1766310709,298.34375,4287.5,15
1766310709,299.484375,4244.5,15
1766310709,300.640625,4203.5,15
1766310709,301.78125,4175.5,15
1766310709,302.921875,4169,15
1766310709,304.046875,4178.75,15
1766310709,305.1875,4178.75,15
1766310709,306.328125,4169,15
1766310709,307.46875,4171.5,15
1766310709,308.609375,4168.25,15
1766310709,309.75,4144.75,15
1766310709,310.90625,4112.5,15
1766310709,312.015625,4091.5,15
1766310709,313.171875,4101.5,15
1766310709,314.296875,4139.5,15
1766310709,315.4375,4165.75,15
1766310709,316.578125,4173,15
1766310709,317.71875,4172.25,15
1766310709,318.859375,4169,15
1766310709,320,4169,15
1766310709,321.140625,4171.5,15
1766310709,322.40625,4173.5,15
1766310709,323.546875,4183,15
1766310709,324.6875,4181,15
1766310709,325.84375,4169,15
1766310709,326.96875,4189.25,15
1766310709,328.109375,4256.25,15
1766310709,329.25,4318,15
1766310709,330.40625,4356.75,15
1766310709,331.546875,4416.5,15
1766310709,332.671875,4459.25,15
1766310709,333.8125,4466,15
1766310709,336.65625,1649.25,15
1766310709,340.671875,4753.5,15
1766310709,343.859375,1190.75,15
1766310709,345.03125,1190.75,15
1766310709,347.46875,5518,15
1766310709,348.609375,5616.75,15
1766310709,349.75,5681.5,15
1766310709,4.25,1361.25,15
1766310709,5.421875,1340,15
1766310709,6.640625,1320,15
1766310709,7.8125,1302.5,15
1766310709,8.953125,1288.25,15
1766310709,10.125,1272.5,15
1766310709,11.25,1260,15
1766310709,12.359375,1245.75,15
1766310709,13.5625,1231,15
1766310709,18.75,2160,15
1766310709,19.921875,2144,15
1766310709,21.078125,2121,15
1766310709,22.234375,2109,15
1766310709,23.34375,2094.25,15
1766310709,24.53125,2067.75,15
1766310709,25.625,2083.5,15
1766310709,26.765625,2111.75,15
1766310709,27.953125,2108,15
1766310709,30.640625,1299.75,15
1766310709,31.78125,1281,15
1766310709,32.9375,1277.75,15
1766310709,34.0625,1274.25,15
1766310709,35.34375,1269,15
1766310709,42.203125,1272.5,15
1766310709,51.03125,1748.75,15
1766310709,53.765625,1199.75,15
1766310709,60.546875,1287.75,15
1766310709,61.703125,1301.5,15
1766310709,72.421875,3931.25,15
1766310709,73.5625,3982.5,13
1766310709,75.859375,4172.25,15
1766310709,76.984375,4181,15
1766310709,78.125,4239.5,15
1766310709,79.296875,4241.75,15
1766310709,80.4375,4178.25,15
1766310709,81.59375,4110,15
1766310709,83.8125,3328.5,15
1766310709,84.953125,3388.5,15
1766310709,86.078125,3450.25,15
1766310709,87.21875,3520.5,15
1766310709,88.34375,3589.75,15
1766310709,89.515625,3578.25,15
1766310709,90.65625,3497.25,15
1766310709,91.796875,3437.75,15
1766310709,92.953125,3385,15
1766310709,94.109375,3328,15
1766310709,95.265625,3282.75,15
1766310709,96.390625,3234.75,15
1766310709,101.09375,2400,15
1766310709,102.25,2359.5,15
1766310709,103.4375,2324,12
1766310709,104.578125,2303.75,15
1766310709,105.703125,2294.75,15
1766310709,106.78125,2292.5,13
1766310709,107.921875,2299.25,15
1766310709,109.0625,2322,15
1766310709,110.171875,2356.25,8
1766310709,118.078125,2749.75,15
1766310709,130.5625,2680.25,15
1766310709,133.109375,1797,15
1766310710,147.671875,2438.75,15
1766310710,153.234375,2885,15
1766310710,154.375,2907.5,15
1766310710,156.671875,2969.25,15
1766310710,157.8125,3034.5,15
1766310710,158.921875,3080.5,14
1766310710,160.0625,3095.5,15
1766310710,161.203125,3110.25,15
1766310710,162.3125,3151.75,15
1766310710,163.484375,3184.75,15
1766310710,168.078125,2889,15
1766310710,170.34375,2971.25,15
1766310710,171.453125,3005.5,15
1766310710,224.875,1173.25,15
1766310710,226.03125,1174.5,15
1766310710,227.1875,1175.75,15
1766310710,228.28125,1180.25,15
1766310710,229.390625,1184,15
1766310710,230.5625,1184.75,15
1766310710,235.0625,1325.75,15
1766310710,236.15625,1333,15
1766310710,237.265625,1341.5,15
1766310710,238.484375,1348.75,15
1766310710,239.578125,1358.25,15
1766310710,240.765625,1368.5,15
1766310710,241.828125,1380.25,15
1766310710,243,1393.25,15
1766310710,244.125,1404.25,15
1766310710,245.25,1418.25,15
1766310710,246.4375,1432.25,15
1766310710,247.5,1444.75,15
1766310710,248.6875,1460.75,15
1766310710,249.796875,1480.5,15
1766310710,250.9375,1497.5,15
1766310710,252.046875,1515.5,15
1766310710,253.203125,1533.75,15
1766310710,255.40625,1584.25,15
1766310710,256.59375,1560,15
1766310710,257.75,1557.75,15
1766310710,258.84375,1589.5,15
1766310710,259.96875,1619,15
1766310710,261.109375,1650.75,15
1766310710,262.25,1687,15
1766310710,263.34375,1729,15
1766310710,264.453125,1766.75,15
1766310710,265.625,1805.5,15
1766310710,266.75,1850.5,15
1766310710,267.875,1894.75,15
1766310710,269,1942.75,15
1766310710,273.09375,5875,15
1766310710,274.21875,5826.75,15
1766310710,275.140625,5710.75,15
1766310710,276.28125,5586.25,4
1766310710,277.4375,5506.5,5
1766310710,285.390625,4934,9
1766310710,286.53125,5006.75,7
1766310710,287.65625,5006.75,7
1766310710,288.796875,5006.75,5
1766310710,289.921875,5003.25,15
1766310710,306.84375,4134,15
1766310710,308.015625,4076,15
1766310710,309.125,4055.5,15
1766310710,310.265625,4036.75,15
1766310710,311.375,4028.5,15
1766310710,312.5,4043.25,15
1766310710,313.640625,4066.75,15
1766310710,314.765625,4072,15
1766310710,315.890625,4075.5,15
1766310710,317.03125,4103.5,15
1766310710,318.140625,4143.25,15
1766310710,319.265625,4172.25,15
1766310710,320.40625,4172.25,15
1766310710,321.53125,4171.75,15
1766310710,322.765625,4171.75,15
1766310710,323.890625,4171.75,15
1766310710,325.03125,4171.75,15
1766310710,326.15625,4169,15
1766310710,327.296875,4172.25,15
1766310710,328.40625,4204,15
1766310710,329.5625,4260.25,15
1766310710,330.6875,4328.75,15
1766310710,333.515625,1560.25,15
1766310710,337.46875,4531.25,15
1766310710,340.734375,1093.25,15
1766310710,341.890625,1091.75,15
1766310710,345.34375,5378.5,15
1766310710,346.390625,5455.5,15
1766310710,347.53125,5525,15
1766310710,348.65625,5627,15
1766310710,351.609375,1521.25,15
1766310710,354.328125,5439.75,15
1766310710,355.4375,5413,5
1766310710,356.5625,5469.25,7
1766310710,3.078125,1247.5,15
1766310710,4.3125,1232.75,15
1766310710,5.421875,1219.5,15
1766310710,6.515625,1202.25,15
1766310710,7.65625,1188.25,15
1766310710,8.84375,1173,15
1766310710,10.015625,1158,15
1766310710,11.09375,1147.5,15
1766310710,12.203125,1137.75,15
1766310710,13.359375,1127.25,12
1766310710,17.3125,2045.5,15
1766310710,18.421875,2045.5,15
1766310710,19.5625,2030.75,15
1766310710,20.71875,2016,15
1766310710,21.859375,2001.5,15
1766310710,22.953125,1994,15
1766310710,24.140625,1975.75,15
1766310710,25.25,1987.75,15
1766310710,26.328125,2017.5,15
1766310710,27.5,2008.5,15
1766310710,28.625,2000.75,15
1766310710,31.421875,1195.5,15
1766310710,32.546875,1176.5,15
1766310710,33.6875,1169.5,15
1766310710,34.8125,1176.25,15
1766310710,35.984375,1170.25,15
1766310710,37.0625,1164.75,8
1766310710,42.78125,1169.75,15
1766310710,43.890625,1155.5,10
1766310710,48,1625.75,15
1766310710,49.1875,1646.5,15
1766310710,50.28125,1656.75,15
1766310710,51.421875,1666.75,15
1766310710,52.5625,1677.75,15
1766310710,55.265625,1131,15
1766310710,56.40625,1123.75,15
1766310710,60.625,1574,15
1766310710,63.234375,1228.5,15
1766310710,64.265625,1238.5,15
1766310710,70.3125,4159.75,15
1766310710,72.609375,3863.75,15
1766310710,74.859375,4111.5,15
1766310710,76,4175.25,15
1766310710,77.125,4176,15
1766310710,78.265625,4208.75,15
1766310710,79.40625,4214.75,15
1766310710,80.546875,4160,15
1766310710,82.765625,3951,15
1766310710,85.078125,3365.5,15
1766310710,86.1875,3416,15
1766310710,87.328125,3473,15
1766310710,89.578125,3576.75,15
1766310710,90.71875,3518.75,15
1766310710,91.84375,3462.25,15
1766310710,93,3400.5,15
1766310710,94.140625,3358.75,15
1766310710,95.28125,3299.25,15
1766310710,96.40625,3237.25,15
1766310710,97.546875,3212.25,15
1766310710,102.234375,2406.5,15
1766310710,103.390625,2361.75,15
1766310710,104.5,2343,15
1766310710,105.65625,2320.5,15
1766310710,106.6875,2305.75,15
1766310710,107.828125,2304.25,12
1766310710,108.96875,2321.5,15
1766310710,110.078125,2349.75,15
1766310710,111.1875,2372.5,6
1766310710,114.46875,2830.5,15
1766310710,117.890625,2810,15
1766310710,119,2791.25,15
1766310710,124.671875,2747,15
1766310710,133.90625,1876.25,15
1766310710,135.046875,1861,15
1766310710,150.578125,2655.25,15
1766310710,155.046875,3015.25,15
1766310710,161.765625,3234.25,15
1766310710,162.890625,3294.25,15
1766310710,168.5625,3010.5,15
1766310710,169.6875,3070,15
1766310710,170.796875,3114,15
1766310710,220.109375,1261.25,15
1766310710,221.25,1259.5,15
1766310710,222.390625,1261.25,15
1766310710,223.484375,1263.75,15
1766310710,224.625,1265.75,15
1766310710,225.71875,1266,15
1766310710,226.8125,1284,15
1766310710,229.140625,1390.75,15
1766310710,230.25,1399.75,15
1766310710,231.421875,1404.75,15
1766310710,232.53125,1409.25,15
1766310710,233.671875,1419.5,15
1766310710,234.75,1430.75,15
1766310710,235.890625,1435.75,15
1766310710,237.046875,1441.25,15
1766310710,238.125,1453,15
1766310710,239.265625,1465.25,15
1766310710,240.421875,1476,15
1766310710,241.5625,1489.25,15
1766310710,242.671875,1501,15
1766310710,243.765625,1516.75,15
1766310710,244.890625,1532,15
1766310710,246.03125,1543,15
1766310710,247.171875,1560.25,15
1766310710,248.25,1581.5,15
1766310710,250.515625,1636.25,15
1766310710,251.65625,1601.5,15
1766310710,252.75,1599,15
1766310710,253.84375,1623.75,15
1766310710,255.015625,1648.75,15
1766310710,256.078125,1678,15
1766310710,257.203125,1711.25,15
1766310710,258.3125,1749.75,15
1766310710,259.484375,1783.75,15
1766310710,260.59375,1816.25,15
1766310710,261.6875,1854.5,15
1766310710,262.796875,1892.25,15
1766310710,263.9375,1936,15
1766310710,280.328125,5219.25,15
1766310710,281.453125,5219.25,15
1766310710,282.578125,5179.25,15
1766310710,283.734375,5118.25,15
1766310710,284.84375,5043.5,15
1766310710,285.984375,4954.25,15
1766310710,287.125,4871.75,15
1766310710,288.25,4817.5,15
1766310710,290.546875,4203,15
1766310710,291.671875,4169,15
1766310710,292.8125,4169,15
1766310710,293.9375,4169,15
1766310710,295.0625,4169,15
1766310710,296.171875,4198,15
1766310710,297.3125,4198,15
1766310710,298.5,4169,15
1766310710,299.609375,4166.25,15
1766310710,300.75,4116.75,15
1766310710,301.890625,4088.5,15
1766310710,303.015625,4094.75,15
1766310710,304.140625,4078.5,15
1766310710,305.28125,4015,15
1766310710,306.40625,3939,15
1766310710,307.53125,3935.25,15
1766310710,308.6875,3972,15
1766310710,309.8125,4010,15
1766310710,310.921875,3999.25,15
1766310710,312.0625,3947.75,15
1766310710,313.1875,3921.75,15
1766310710,314.328125,3922.75,15
1766310710,315.453125,3951.25,15
1766310710,316.59375,3979.25,15
1766310710,317.703125,3983.25,15
1766310710,318.84375,4016.75,15
1766310710,319.96875,4044.25,15
1766310710,321.09375,4048.75,15
1766310710,322.234375,4075.5,15
1766310710,323.46875,4137,15
1766310710,324.59375,4184.5,15
1766310710,325.734375,4180.25,15
1766310710,326.859375,4169,15
1766310710,329.734375,1448,15
1766310710,330.859375,1466.75,15
1766310710,332.515625,4363.75,15
1766310710,333.65625,4437.5,15
1766310710,337.109375,991.5,15
1766310710,338.234375,987.75,15
1766310710,339.3125,993.25,15
1766310710,341.5625,4728.75,15
1766310710,342.703125,4783,15
1766310710,344.96875,4744.25,15
1766310710,346.109375,4738.5,15
1766310710,351.734375,5510.25,15
1766310710,352.859375,5445,15
1766310710,354.015625,5294.5,15
1766310710,355.140625,5297.25,15
1766310710,1.84375,1141.5,15
1766310710,2.953125,1126,15
1766310710,4.0625,1108.25,15
1766310710,5.234375,1093.25,15
1766310710,6.390625,1079,15
1766310710,7.625,1064.25,15
1766310710,8.6875,1050.5,15
1766310710,9.84375,1038.5,15
1766310710,11.046875,1029.5,15
1766310710,12.125,1019.25,15
1766310710,13.375,1009,15
1766310710,16.015625,2001.75,15
1766310710,17.15625,1957,15
1766310710,18.296875,1934.25,15
1766310710,19.4375,1927.5,15
1766310710,20.578125,1920.5,15
1766310710,21.71875,1906,15
1766310710,22.875,1889.25,15
1766310710,24.015625,1876.25,15
1766310710,25.109375,1896.75,15
1766310710,26.265625,1919.75,15
1766310710,27.359375,1907,15
1766310710,28.53125,1900,15
1766310710,29.65625,1901.75,15
1766310710,30.78125,1896,15
1766310710,36.125,1076.5,15
1766310710,37.203125,1078.75,15
1766310710,38.40625,1079,15
1766310710,39.515625,1074.5,15
1766310710,45.203125,1081.25,9
1766310710,55.078125,1592,15
1766310710,56.15625,1598.25,15
1766310710,57.28125,1607.75,15
1766310710,60.125,1054.75,15
1766310710,61.296875,1050.5,15
1766310710,65.4375,1466,15
1766310710,68.046875,1165.25,15
1766310710,69.15625,1180.5,15
1766310710,73.984375,3869,15
1766310710,75.140625,3884,15
1766310710,81.96875,4349.25,13
1766310710,83.0625,4344.75,15
1766310710,86.59375,3329,15
1766310710,87.703125,3400,15
1766310710,88.84375,3477,15
1766310710,89.984375,3567,15
1766310710,91.109375,3577,15
1766310710,92.25,3524,15
1766310710,93.421875,3468,15
1766310710,94.5625,3404.5,15
1766310710,95.6875,3375,15
1766310710,96.859375,3330,15
1766310710,98,3262.75,15
1766310710,99.15625,3227,15
1766310710,104.984375,2424.75,15
1766310710,106.15625,2378.75,14
1766310710,107.234375,2363.25,15
1766310710,108.359375,2363.25,15
1766310710,109.46875,2359.5,15
1766310710,110.640625,2360.75,15
1766310710,111.78125,2362.75,15
1766310710,112.890625,2382,15
1766310710,114.015625,2437,8
1766310710,117.34375,2879,15
1766310710,118.515625,2864.75,15
1766310710,121.90625,2844.75,15
1766310710,124.171875,2833.25,15
1766310710,125.34375,2819.25,15
1766310710,128.734375,2797,15
1766310710,129.890625,2797.5,15
1766310710,133.25,2810,15
1766310710,135.75,1970.25,15
1766310710,136.90625,1936.25,15
1766310710,141.515625,1774.5,15
1766310710,151.421875,2741,15
1766310710,154.71875,3094,15
1766310710,155.84375,3150.75,15
1766310710,156.953125,3217.75,15
1766310710,158.09375,3276.75,15
1766310710,159.21875,3295.5,15
1766310710,160.34375,3299.75,9
1766310710,161.46875,3340,15
1766310710,162.59375,3395.5,15
1766310710,163.734375,3370.5,15
1766310710,164.890625,3291.5,15
1766310710,166.015625,3210,15
1766310710,167.171875,3123.5,15
1766310710,168.296875,3105.75,15
1766310710,216.265625,1879.75,15
1766310710,218.578125,1766,15
1766310710,225.5625,1525,15
1766310710,240.109375,2411.25,9
1766310710,242.6875,1653.25,15
1766310710,247.203125,1671.75,15
1766310710,248.359375,1687,15
1766310710,252.796875,2246.25,15
1766310710,273.015625,5482.75,8
1766310710,275.25,5418.5,15
1766310710,279.84375,5015.5,7
1766310710,280.984375,5006.75,3
1766310710,282.125,5006.75,9
1766310710,283.265625,5006.75,6
1766310710,284.40625,4994.75,15
1766310710,285.546875,4959.5,15
1766310710,286.703125,4893.5,15
1766310710,294.734375,4169,15
1766310710,295.875,4127.75,15
1766310710,297.03125,4080.75,15
1766310710,298.171875,4042.5,15
1766310710,299.328125,4014,15
1766310710,300.453125,3990.25,15
1766310710,301.59375,3975,15
1766310710,302.734375,4009.75,15
1766310710,305.015625,3924.5,15
1766310710,306.171875,3949,15
1766310710,307.296875,3961.75,15
1766310710,308.453125,3935.75,15
1766310710,309.609375,3908.75,15
1766310710,310.75,3944.5,15
1766310710,311.875,3950.75,15
1766310710,313.03125,3921.25,15
1766310710,314.15625,3923,15
1766310710,315.3125,3923,15
1766310710,316.4375,3920.25,15
1766310710,317.59375,3915.5,15
1766310710,318.71875,3918.25,15
1766310710,319.859375,3959.5,15
1766310710,321.015625,4008.5,15
1766310710,322.15625,4021,15
1766310710,323.28125,4053.25,15
1766310710,324.40625,4102,15
1766310710,330.125,4169,15
1766310710,333.71875,898.75,15
1766310710,334.828125,894.5,15
1766310710,335.953125,893.25,15
1766310710,339.21875,4487.75,15
1766310710,340.359375,4556.25,15
1766310710,341.484375,4633.25,15
1766310710,343.734375,5146.75,15
1766310710,344.875,5222,15
1766310710,356.328125,5450.25,14
1766310710,0.859375,1044.75,15
1766310710,2,1026.75,15
1766310710,3.15625,1012.25,15
1766310710,4.375,1000.5,15
1766310710,5.5,986.5,15
1766310710,6.671875,973.75,15
1766310710,7.84375,962.75,15
1766310710,8.96875,952.25,15
1766310710,10.21875,942.25,15
1766310710,11.359375,931.5,15
1766310710,12.359375,922.75,15
1766310710,13.515625,914.25,15
1766310710,14.71875,907.25,15
1766310710,18.4375,1847.5,15
1766310710,19.546875,1832.75,15
1766310710,20.71875,1824,15
1766310710,21.859375,1818.5,15
1766310710,23.03125,1808.75,15
1766310710,24.140625,1798.5,15
1766310710,25.28125,1771.75,15
1766310710,27.5625,1826.75,15
1766310710,28.671875,1825.75,15
1766310710,29.828125,1815.75,15
1766310710,30.953125,1807.75,15
1766310710,32.109375,1807.75,15
1766310710,33.265625,1806.25,15
1766310710,37.296875,992.5,15
1766310710,38.359375,994.25,15
1766310710,39.53125,997.5,15
1766310710,40.65625,996.75,15
1766310710,41.828125,991.25,15
1766310710,42.890625,993.5,15
1766310710,48.5625,995.5,9
1766310710,49.703125,996.75,11
1766310710,57.140625,1531.5,15
1766310710,58.265625,1545,15
1766310710,59.484375,1558.5,15
1766310710,60.578125,1567.25,15
1766310710,61.765625,1571.5,15
1766310710,64.46875,999,15
1766310710,65.609375,1006.75,15
1766310710,67.53125,1434.75,15
1766310710,68.640625,1402.25,15
1766310710,69.78125,1377.5,15
1766310710,72.328125,1141,15
1766310710,78.21875,4173.75,15
1766310710,79.34375,4175.75,15
1766310710,80.5,4174.5,15
1766310710,81.640625,4157.5,15
1766310710,84,3929.75,15
1766310710,85.140625,3897.5,15
1766310710,87.46875,3335.5,15
1766310710,88.609375,3415,15
1766310710,89.734375,3495.25,15
1766310710,90.859375,3537.25,15
1766310710,92.015625,3532.25,15
1766310710,93.171875,3488,15
1766310710,94.296875,3432.75,15
1766310710,95.453125,3395,15
1766310710,96.609375,3364.25,15
1766310710,97.734375,3314,15
1766310710,98.890625,3260.5,15
1766310710,100.03125,3223.75,15
1766310710,102.375,2752.75,15
1766310710,105.875,2452,15
1766310710,107.109375,2407.75,13
1766310710,108.234375,2378.5,14
1766310710,109.390625,2371,15
1766310710,110.53125,2370,11
1766310710,111.65625,2372.5,9
1766310710,112.8125,2397.25,15
1766310710,113.953125,2443.25,8
1766310710,117.28125,2896,15
1766310710,118.4375,2907,15
1766310710,119.578125,2903,15
1766310710,120.71875,2900.75,15
1766310710,126.4375,2870.25,15
1766310710,129.859375,2855.5,15
1766310710,131.078125,2859.25,15
1766310710,138.171875,1979.75,15
1766310710,141.65625,1858.75,15
1766310710,142.8125,1861.75,15
1766310710,148.28125,2679.25,15
1766310710,149.4375,2690.75,15
1766310710,151.71875,2790.5,15
1766310710,156.28125,3259.25,15
1766310710,157.421875,3318.5,15
1766310710,159.703125,3367,15
1766310710,160.859375,3412.25,15
1766310710,162,3450.5,15
1766310710,163.125,3474,15
1766310710,164.296875,3429.75,15
1766310710,171.1875,3369.5,15
1766310710,174.609375,3567.75,15
1766310710,200.328125,1514.5,15
1766310710,215.140625,1955.25,15
1766310710,218.828125,1467.75,15
1766310710,222.15625,1532.75,15
1766310710,223.296875,1535.75,15
1766310710,224.46875,1540,15
1766310710,225.65625,1546.25,15
1766310710,226.796875,1551,15
1766310710,227.9375,1553.25,15
1766310710,229.078125,1559.25,15
1766310710,230.21875,1567.25,15
1766310710,231.34375,1578.75,15
1766310710,232.5,1589.75,15
1766310710,233.65625,1597,15
1766310710,234.78125,1608.25,15
1766310710,235.9375,1620.25,15
1766310710,237.03125,1630,15
1766310710,238.21875,1641.25,15
1766310710,239.328125,1650.75,15
1766310710,240.5,1661.75,15
1766310710,243.90625,1690.25,15
1766310710,245.09375,1670.5,15
1766310710,246.21875,1693.75,15
1766310710,247.34375,1722.75,15
1766310710,248.46875,1745.75,15
1766310710,249.640625,1767.75,15
1766310710,250.765625,1793.75,15
1766310710,251.875,1827.5,15
1766310710,253.046875,1857,15
1766310710,254.1875,1884,15
1766310710,255.3125,1918,15
1766310710,256.421875,1957.5,15
1766310710,257.578125,1994.5,15
1766310710,263.96875,6243.25,15
1766310710,267.4375,5930,15
1766310710,285.8125,4189.25,15
1766310710,286.953125,4169,15
1766310710,288.109375,4169,15
1766310710,289.25,4169,15
1766310710,290.390625,4169,15
1766310710,291.546875,4169,15
1766310710,292.6875,4138,15
1766310710,293.828125,4101.5,15
1766310710,294.984375,4041,15
1766310710,296.125,3987.25,15
1766310710,297.265625,3968.25,15
1766310710,298.46875,3944.75,15
1766310710,299.609375,3939.25,15
1766310710,300.75,3932.25,15
1766310710,301.890625,3911.25,15
1766310710,303.046875,3897.5,15
1766310710,304.203125,3881.25,15
1766310710,305.359375,3868.5,15
1766310710,306.515625,3870.75,15
1766310710,307.640625,3881,15
1766310710,308.796875,3873.75,15
1766310710,309.9375,3856,15
1766310710,311.0625,3868,15
1766310710,312.21875,3892.5,15
1766310710,313.375,3906.5,15
1766310710,314.515625,3907.25,15
1766310710,315.65625,3921.25,15
1766310710,316.8125,3921.25,15
1766310710,317.953125,3910.75,15
1766310710,319.078125,3922.75,15
1766310710,320.234375,3940.5,15
1766310710,321.390625,3943.25,15
1766310710,327.171875,4146.75,15
1766310710,330.796875,833.25,15
1766310710,332.03125,830,15
1766310710,333.125,835.75,15
1766310710,336.3125,4465.5,15
1766310710,337.46875,4466,15
1766310710,338.640625,4485.25,15
1766310710,339.765625,4529.75,15
1766310710,342.046875,5110,15
1766310710,343.171875,5127.5,15
1766310710,348.921875,5450.25,9
1766310710,353.53125,5152.25,15
1766310710,354.671875,5228.75,15
1766310710,359.375,975.25,15
1766310710,0.484375,960.75,15
1766310710,1.734375,947.5,15
1766310710,2.859375,934.5,15
1766310710,4,921.25,15
1766310710,5.265625,908.5,15
1766310710,6.390625,898.5,15
1766310710,7.515625,889.25,15
1766310710,8.6875,880.5,15
1766310710,9.921875,871,15
1766310710,10.984375,861.5,15
1766310710,12.21875,853.25,15
1766310710,13.5,844,15
1766310710,14.578125,837.75,15
1766310710,18.25,1785.75,15
1766310710,19.4375,1767.25,15
1766310710,20.609375,1755.5,15
1766310710,21.75,1745,15
1766310710,22.921875,1736.75,15
1766310710,24.046875,1726.5,15
1766310710,25.21875,1701.75,15
1766310710,27.53125,1766.5,15
1766310710,28.65625,1756,15
1766310710,29.796875,1753.25,15
1766310710,31,1753,15
1766310710,32.140625,1750.5,15
1766310710,33.25,1746.5,15
1766310710,34.390625,1747.25,15
1766310710,38.6875,941.25,15
1766310710,39.84375,933.25,15
1766310710,41.078125,937.5,15
1766310710,42.25,944.5,15
1766310710,43.40625,937,15
1766310710,44.53125,934.5,15
1766310710,59,1495.5,15
1766310710,60.171875,1508,15
1766310710,61.265625,1519,15
1766310710,62.4375,1528.75,15
1766310710,63.625,1533,15
1766310710,66.5,970.25,15
1766310710,67.578125,967,15
1766310710,68.734375,976.75,15
1766310710,70.640625,1379.5,15
1766310710,71.859375,1354.25,15
1766310710,74.375,1095.75,15
1766310710,82.65625,4312.25,14
1766310710,83.8125,4312.25,15
1766310710,84.96875,4249.25,15
1766310710,87.40625,3301.75,15
1766310710,88.546875,3341.75,15
1766310710,89.671875,3430.75,15
1766310710,92,3554.75,15
1766310710,93.140625,3520.75,15
1766310710,94.296875,3501.5,15
1766310710,95.484375,3433.5,15
1766310710,96.625,3368.75,15
1766310710,97.796875,3344.25,15
1766310710,98.953125,3321.75,15
1766310710,100.109375,3266,15
1766310710,101.28125,3219.25,15
1766310710,103.640625,2767.25,15
1766310710,116.203125,2941,15
1766310710,118.515625,2917,15
1766310710,119.671875,2916.5,15
1766310710,120.8125,2914.75,15
1766310710,121.984375,2903,15
1766310710,125.421875,2902,15
1766310710,126.578125,2883,15
1766310710,127.71875,2871.5,15
1766310710,131.203125,2888.5,15
1766310710,132.328125,2903,15
1766310710,142.953125,1992,15
1766310710,147.328125,2652.5,15
1766310710,151.921875,2876.25,15
1766310710,156.34375,3311,15
1766310710,157.453125,3380,15
1766310710,158.625,3447.25,15
1766310710,167.796875,3265,15
1766310710,174.65625,3661.25,15
1766310710,199.3125,1576,15
1766310710,202.609375,1973,7
1766310710,212.9375,2020.75,15
1766310710,214.078125,2014.75,15
1766310710,232.59375,2165.25,15
1766310710,240.609375,2511,15
1766310710,243.171875,1704.75,15
1766310710,244.3125,1723,15
1766310710,245.453125,1749.75,15
1766310710,246.625,1773.5,15
1766310710,247.78125,1789.5,15
1766310710,248.90625,1813,15
1766310710,250.0625,1844,15
1766310710,251.171875,1870.25,15
1766310710,252.34375,1901.25,15
1766310710,253.46875,1936.5,15
1766310710,254.625,1962.25,15
1766310710,255.734375,1997.75,15
1766310710,264.515625,6168.5,9
1766310710,283.03125,4841.5,15
1766310710,285.375,4174.5,15
1766310710,286.53125,4169,15
1766310710,287.6875,4169,15
1766310710,288.84375,4169,15
1766310710,289.984375,4165.25,15
1766310710,291.140625,4147.5,15
1766310710,292.3125,4100.75,15
1766310710,293.453125,4053,15
1766310710,294.609375,4010.75,15
1766310710,295.765625,3972,15
1766310710,296.90625,3969,15
1766310710,298.078125,3956.5,15
1766310710,299.234375,3942.75,15
1766310710,300.390625,3918,15
1766310710,301.546875,3891.75,15
1766310710,302.71875,3873.75,15
1766310710,303.859375,3847.75,15
1766310710,305,3831.75,15
1766310710,306.171875,3849.75,15
1766310710,307.3125,3882,15
1766310710,308.46875,3864,15
1766310710,309.640625,3833,15
1766310710,310.78125,3829.75,15
1766310710,311.9375,3855,15
1766310710,313.078125,3871.75,15
1766310710,314.234375,3879.25,15
1766310710,315.390625,3899,15
1766310710,316.546875,3915,15
1766310710,317.6875,3914,15
1766310710,318.828125,3917,15
1766310710,320.015625,3921.25,15
1766310710,323.03125,1276.25,15
1766310710,328.359375,800.25,15
1766310710,329.578125,795.25,15
1766310710,330.8125,791.75,15
1766310710,333.859375,4262.5,15
1766310710,335.03125,4313,15
1766310710,336.171875,4408.5,15
1766310710,337.3125,4457.25,15
1766310710,338.453125,4466,15
1766310710,339.609375,4489.75,15
1766310710,341.90625,5029.25,15
1766310710,345.09375,1211.25,15
1766310710,359.34375,932.25,15
1766310710,0.5,918.75,15
1766310710,1.640625,905,15
1766310710,2.796875,892,15
1766310710,3.96875,881,15
1766310710,5.203125,869.75,15
1766310710,6.3125,858.75,15
1766310710,7.515625,849,15
1766310710,8.765625,839.5,15
1766310710,9.828125,830.75,15
1766310710,10.96875,822.75,15
1766310710,12.21875,814.5,15
1766310710,13.28125,807.5,15
1766310710,14.53125,800.75,15
1766310710,15.625,802.75,15
1766310710,18.125,1731,15
1766310710,19.3125,1722.5,15
1766310710,20.421875,1717,15
1766310710,21.5625,1708,15
1766310710,22.765625,1696,15
1766310710,23.875,1691.75,15
1766310710,25.03125,1690,15
1766310710,26.25,1666,15
1766310710,28.484375,1719.25,15
1766310710,29.625,1717.75,15
1766310710,30.8125,1709.5,15
1766310710,31.953125,1706.5,15
1766310710,33.140625,1703.25,15
1766310710,34.265625,1699.5,15
1766310710,35.5,1700.75,15
1766310710,39.75,909.75,15
1766310710,40.921875,900.25,15
1766310710,42,902,15
1766310710,43.09375,911.25,15
1766310710,44.359375,914.25,15
1766310710,45.453125,908.75,15
1766310710,46.5625,912.25,15
1766310710,51.171875,921.5,10
1766310710,52.359375,923.5,10
1766310710,53.5625,926.25,14
1766310710,54.59375,928.5,8
1766310710,58.703125,1463.75,15
1766310710,59.84375,1470.75,15
1766310710,61.015625,1483.75,15
1766310710,62.15625,1497,15
1766310710,63.3125,1505.25,15
1766310710,64.4375,1514,15
1766310710,65.578125,1506.75,15
1766310710,68.421875,952.25,15
1766310710,69.578125,951,15
1766310710,75.25,1038,15
1766310710,88.15625,3305.75,15
1766310710,89.3125,3367,9
1766310710,91.5625,3743.5,15
1766310710,92.71875,3722,15
1766310710,93.859375,3730.5,15
1766310710,95.015625,3703.5,15
1766310710,96.203125,3673.5,10
1766310710,97.34375,3642.75,15
1766310710,98.515625,3635.75,15
1766310710,100.84375,3498,15
1766310710,111.3125,2494.75,7
1766310710,113.625,2503.5,15
1766310710,119.3125,2946.25,15
1766310710,120.453125,2943.5,15
1766310710,121.609375,2941.25,15
1766310710,122.78125,2932.5,15
1766310710,127.359375,2911.75,15
1766310710,128.515625,2898,15
1766310710,130.8125,2893.5,15
1766310710,131.984375,2910.75,15
1766310710,137.75,2939,15
1766310710,138.875,2960,15
1766310710,143.75,2008,15
1766310710,144.875,2025.75,15
1766310710,148.15625,2641.75,15
1766310710,156.15625,3310.5,15
1766310710,158.453125,3452.25,15
1766310710,159.59375,3457.5,15
1766310710,161.875,3501.75,15
1766310710,163.046875,3555.75,15
1766310710,164.1875,3521.25,15
1766310710,171.125,3478.5,15
1766310710,173.421875,3539,12
1766310710,199.359375,1607,15
1766310710,214.53125,1513,15
1766310710,215.734375,1494.75,15
1766310710,216.8125,1488.25,15
1766310710,218,1488.75,15
1766310710,220.25,1598.75,15
1766310710,221.4375,1599.5,15
1766310710,222.5625,1605.25,15
1766310710,223.71875,1608.75,15
1766310710,224.859375,1611.75,15
1766310710,226.0625,1620.75,15
1766310710,227.21875,1626.5,15
1766310710,228.359375,1630.75,15
1766310710,229.515625,1636.75,15
1766310710,230.6875,1641.5,15
1766310710,231.828125,1649,15
1766310710,233.015625,1655.25,15
1766310710,234.171875,1665.5,15
1766310710,235.328125,1679,15
1766310710,236.5,1694.5,15
1766310710,237.59375,1712.5,15
1766310710,238.765625,1724,15
1766310710,242.25,1722,15
1766310710,243.40625,1726.25,15
1766310710,244.59375,1745.5,15
1766310710,245.734375,1771,15
1766310710,246.875,1792.25,15
1766310710,247.984375,1815.5,15
1766310710,249.125,1844.5,15
1766310710,250.28125,1868.5,15
1766310710,251.46875,1896.75,15
1766310710,252.640625,1931.5,15
1766310710,253.796875,1963.5,15
1766310710,254.9375,1997.25,15
1766310710,256.0625,2030.25,15
1766310710,270.765625,4505.75,15
1766310710,271.921875,4466.5,15
1766310710,275.25,5234,15
1766310710,276.40625,5234,15
1766310710,279.890625,5019,15
1766310710,281.046875,4915.5,15
1766310710,282.21875,4847.5,15
1766310710,283.375,4811,15
1766310710,285.71875,4169,15
1766310710,286.875,4169,15
1766310710,288.03125,4169,15
1766310710,289.1875,4169,15
1766310710,290.328125,4168.25,15
1766310710,291.5,4110.5,15
1766310710,292.65625,4048.25,15
1766310710,293.8125,4010.25,15
1766310710,294.96875,3965.25,15
1766310710,296.140625,3951,15
1766310710,297.28125,3931.75,15
1766310710,298.453125,3929.5,15
1766310710,299.609375,3938.75,15
1766310710,300.765625,3902.75,15
1766310710,301.921875,3880.25,15
1766310710,303.078125,3872.25,15
1766310710,304.25,3834.5,15
1766310710,305.375,3805.5,15
1766310710,306.546875,3832.25,15
1766310710,307.71875,3863.5,15
1766310710,308.859375,3838.25,15
1766310710,310.015625,3833.5,15
1766310710,311.171875,3852.75,15
1766310710,312.328125,3878,15
1766310710,313.484375,3900.5,15
1766310710,314.625,3890.75,15
1766310710,315.78125,3883,15
1766310710,316.953125,3896.5,15
1766310710,318.09375,3909.75,15
1766310710,319.234375,3911.25,15
1766310710,322.34375,1249.75,15
1766310710,323.484375,1270.25,15
1766310710,327.796875,784.25,15
1766310710,328.90625,779.75,15
1766310710,330.046875,777,15
1766310710,333.171875,4189.75,15
1766310710,334.3125,4245.25,15
1766310710,335.46875,4329.5,15
1766310710,336.59375,4422,15
1766310710,337.75,4465.25,15
1766310710,338.90625,4466,15
1766310710,340.078125,4508.25,15
1766310710,344.46875,1201.75,15
1766310710,345.625,1181.5,15
1766310710,355.125,5450.25,9
1766310710,359.96875,906.5,15
1766310710,1.171875,892.75,15
1766310710,2.265625,880,15
1766310710,3.5,869.75,15
1766310710,4.65625,858,15
1766310710,5.84375,846.25,15
1766310710,7.09375,836,15
1766310710,8.234375,826,15
1766310710,9.359375,818.25,15
1766310710,10.515625,810.5,15
1766310710,11.65625,802.5,15
1766310710,12.953125,794.75,15
1766310710,14.140625,787.25,15
1766310710,15.265625,782.25,15
1766310710,20.046875,1712.5,15
1766310710,21.1875,1698,15
1766310710,22.375,1685.75,15
1766310710,23.5,1683.25,15
1766310710,24.65625,1676.75,15
1766310710,25.875,1650.75,15
1766310710,28.140625,1704.5,15
1766310710,29.3125,1707.25,15
1766310710,30.4375,1702.5,15
1766310710,31.59375,1694.5,15
1766310710,32.75,1694.25,15
1766310710,33.953125,1694,15
1766310710,35.21875,1690.25,15
1766310710,36.359375,1691,15
1766310710,40.59375,894,15
1766310710,41.84375,888,15
1766310710,42.90625,892.5,15
1766310710,44.03125,901.5,15
1766310710,45.34375,897.5,15
1766310710,46.5,893.5,15
1766310710,55.640625,925.5,15
1766310710,59.765625,1462.75,15
1766310710,60.9375,1469.5,15
1766310710,62.078125,1477.75,15
1766310710,63.265625,1492.75,15
1766310710,64.453125,1506.5,15
1766310710,65.625,1503.5,15
1766310710,66.78125,1483.5,15
1766310710,69.625,945.5,15
1766310710,70.8125,949,15
1766310710,76.46875,1047,15
1766310710,83.4375,4185.5,15
1766310710,84.640625,4094.5,3
1766310710,85.765625,4047.25,12
1766310710,88.15625,3305,15
1766310710,89.328125,3365.5,15
1766310710,92.734375,3808.25,9
1766310710,93.90625,3778,14
1766310710,95.078125,3731.25,15
1766310710,96.234375,3655.5,15
1766310710,98.5625,3351.5,15
1766310710,99.75,3308.75,15
1766310710,100.90625,3258.25,15
1766310710,102.0625,3220,15
1766310710,104.4375,2778.75,15
1766310710,113.6875,2520.25,9
1766310710,119.375,2940.25,15
1766310710,120.546875,2936.5,15
1766310710,121.71875,2942.5,15
1766310710,122.875,2935.75,15
1766310710,124.015625,2918.25,12
1766310710,127.484375,2903.25,15
1766310710,128.640625,2897.5,15
1766310710,132.078125,2907.25,15
1766310710,137.828125,2958.25,15
1766310710,148.3125,2631.5,15
1766310710,151.703125,2906.5,15
1766310710,156.296875,3329.25,15
1766310710,157.421875,3408.5,15
1766310710,158.59375,3458.25,15
1766310710,159.71875,3473.75,15
1766310710,164.34375,3518.25,15
1766310710,167.828125,3284.75,15
1766310711,215.734375,1517.5,15
1766310711,216.890625,1500,15
1766310711,220.25,1604.5,15
1766310711,221.421875,1609.75,15
1766310711,222.578125,1610,15
1766310711,223.71875,1609.5,15
1766310711,224.921875,1612,15
1766310711,226.046875,1620.75,15
1766310711,227.265625,1631.25,15
1766310711,228.421875,1636,15
1766310711,229.578125,1640,15
1766310711,230.734375,1644.25,15
1766310711,231.921875,1649.75,15
1766310711,233.0625,1660.25,15
1766310711,234.21875,1673.25,15
1766310711,235.3125,1688.75,15
1766310711,236.515625,1709.5,15
1766310711,237.65625,1725.25,15
1766310711,242.3125,1720,15
1766310711,243.4375,1738.75,15
1766310711,244.578125,1758.75,15
1766310711,245.75,1776.75,15
1766310711,246.859375,1798.25,15
1766310711,248.046875,1825.75,15
1766310711,249.171875,1854,15
1766310711,250.328125,1879.25,15
1766310711,251.4375,1908.75,15
1766310711,252.609375,1945.5,15
1766310711,253.71875,1977,15
1766310711,254.890625,2004.25,15
1766310711,275.21875,5219.25,15
1766310711,276.375,5219.25,15
1766310711,277.53125,5170,15
1766310711,278.6875,5075,15
1766310711,279.84375,4988.5,15
1766310711,281,4895.75,15
1766310711,282.171875,4827.25,15
1766310711,283.328125,4811,15
1766310711,285.671875,4169,15
1766310711,286.828125,4169,15
1766310711,287.984375,4169,15
1766310711,289.140625,4169,15
1766310711,290.28125,4167.75,15
1766310711,291.4375,4112.25,15
1766310711,292.625,4018.5,15
1766310711,293.765625,3976.25,15
1766310711,294.90625,3950.75,15
1766310711,296.078125,3939,15
1766310711,297.234375,3934,15
1766310711,298.421875,3914,15
1766310711,299.5625,3938,15
1766310711,300.703125,3919.75,15
1766310711,301.859375,3877.5,15
1766310711,303.015625,3862.75,15
1766310711,304.15625,3826.25,15
1766310711,305.328125,3843,15
1766310711,306.5,3846.5,15
1766310711,307.65625,3839,15
1766310711,308.796875,3854.75,15
1766310711,309.953125,3847.5,15
1766310711,311.109375,3859.75,15
1766310711,312.25,3867.5,15
1766310711,313.40625,3879.5,15
1766310711,314.578125,3887.75,15
1766310711,315.71875,3884.5,15
1766310711,316.875,3899.5,15
1766310711,318.03125,3909.75,15
1766310711,319.1875,3918.75,15
1766310711,322.21875,1269.5,15
1766310711,327.609375,783.5,15
1766310711,328.875,779.5,15
1766310711,330,781.5,15
1766310711,333.09375,4195,15
1766310711,334.28125,4249.25,15
1766310711,335.421875,4335.5,15
1766310711,336.5625,4426,15
1766310711,337.71875,4466,15
1766310711,338.875,4466.5,15
1766310711,358.625,917.75,15
1766310711,359.796875,902.5,15
1766310711,0.96875,890.5,15
1766310711,2.203125,879,15
1766310711,3.359375,867.5,15
1766310711,4.515625,856.75,15
1766310711,5.703125,844.75,15
1766310711,6.953125,834.5,15
1766310711,8.109375,825.25,15
1766310711,9.28125,816.25,15
1766310711,10.453125,809,15
1766310711,11.671875,802.5,15
1766310711,12.78125,795,15
1766310711,14.015625,786.75,15
1766310711,15.171875,783.75,8
1766310711,17.5625,1717.25,15
1766310711,18.71875,1720.25,15
1766310711,19.921875,1716,15
1766310711,21.078125,1706.25,15
1766310711,22.234375,1692,15
1766310711,23.390625,1683.25,15
1766310711,24.53125,1676.5,15
1766310711,25.734375,1653.5,15
1766310711,28.03125,1711.5,15
1766310711,29.15625,1701.25,15
1766310711,30.328125,1695.75,15
1766310711,31.453125,1696.75,15
1766310711,32.640625,1696.5,15
1766310711,33.765625,1695,15
1766310711,35.046875,1695.75,15
1766310711,36.203125,1694.75,15
1766310711,40.46875,892.25,15
1766310711,41.625,888,15
1766310711,42.828125,894,15
1766310711,43.921875,902,15
1766310711,45.171875,898.25,15
1766310711,46.3125,897.25,15
1766310711,53.140625,927.25,8
1766310711,58.40625,1458.75,15
1766310711,59.59375,1466.75,15
1766310711,60.78125,1471.25,15
1766310711,61.9375,1481,15
1766310711,63.09375,1497.25,15
1766310711,64.21875,1509.75,15
1766310711,65.4375,1503,15
1766310711,66.640625,1481.75,15
1766310711,69.484375,945.25,15
1766310711,70.609375,953.25,15
1766310711,72.46875,1354.25,15
1766310711,75.09375,1040.75,15
1766310711,76.234375,1057.75,15
1766310711,81.078125,4258.5,15
1766310711,82.265625,4204.75,15
1766310711,84.484375,4104.75,5
1766310711,85.625,4041.25,13
1766310711,88.015625,3303.25,15
1766310711,89.171875,3365.5,15
1766310711,92.59375,3785.75,14
1766310711,93.765625,3759.5,15
1766310711,94.953125,3711.25,15
1766310711,98.453125,3342.25,15
1766310711,99.640625,3303.25,15
1766310711,100.78125,3250.5,15
1766310711,101.953125,3220.25,15
1766310711,104.328125,2778.5,15
1766310711,112.390625,2478.5,9
1766310711,113.53125,2507.5,12
1766310711,119.21875,2941.25,15
1766310711,120.359375,2943,15
1766310711,121.515625,2948.75,15
1766310711,122.671875,2938,15
1766310711,123.828125,2930.25,10
1766310711,127.296875,2900.5,15
1766310711,128.46875,2899.75,15
1766310711,130.828125,2908.75,15
1766310711,131.984375,2915.25,15
1766310711,136.8125,2097.75,15
1766310711,137.953125,2127.75,15
1766310711,139.0625,2136.75,15
1766310711,151.640625,2906.5,15
1766310711,155,3251,15
1766310711,156.171875,3330,15
1766310711,157.3125,3410,15
1766310711,158.46875,3457.25,15
1766310711,159.59375,3462,15
1766310711,164.234375,3467.25,15
1766310711,199.265625,1619.75,15
1766310711,215.4375,1516,15
1766310711,216.640625,1500.5,15
1766310711,217.703125,1503.5,15
1766310711,220.015625,1605.25,15
1766310711,221.140625,1607.5,15
1766310711,222.265625,1607.25,15
1766310711,223.46875,1609.5,15
1766310711,224.625,1617.5,15
1766310711,225.703125,1621.75,15
1766310711,226.90625,1626.5,15
1766310711,228.046875,1632.75,15
1766310711,229.15625,1638.75,15
1766310711,230.359375,1644.75,15
1766310711,231.484375,1648.25,15
1766310711,232.671875,1656.75,15
1766310711,233.765625,1669,15
1766310711,234.953125,1681.25,15
1766310711,236.046875,1695.5,15
1766310711,237.25,1712,15
1766310711,238.359375,1727.75,15
1766310711,241.828125,1723.25,15
1766310711,242.921875,1732.25,15
1766310711,244.109375,1750.75,15
1766310711,245.234375,1768.25,15
1766310711,246.359375,1789.25,15
1766310711,247.546875,1818.5,15
1766310711,248.65625,1851.5,15
1766310711,249.796875,1870,15
1766310711,250.875,1893.25,15
1766310711,252.015625,1932.25,15
1766310711,253.1875,1966.25,15
1766310711,254.328125,1998.5,15
1766310711,255.421875,2024.5,15
1766310711,272.3125,4476,12
1766310711,274.484375,5281,15
1766310711,275.640625,5219.25,15
1766310711,276.78125,5219.25,15
1766310711,277.9375,5173.25,15
1766310711,279.09375,5067,15
1766310711,281.40625,4828.75,15
1766310711,282.546875,4811,15
1766310711,284.890625,4182.5,15
1766310711,286.03125,4169,15
1766310711,287.171875,4169,15
1766310711,288.3125,4169,15
1766310711,289.46875,4163.5,15
1766310711,290.609375,4134.25,15
1766310711,291.75,4081,15
1766310711,292.921875,4015.75,15
1766310711,294.078125,3964.5,15
1766310711,295.203125,3944.25,15
1766310711,296.34375,3943.25,15
1766310711,297.515625,3933.25,15
1766310711,298.71875,3929.75,15
1766310711,299.890625,3907.75,15
1766310711,301.03125,3874,15
1766310711,302.1875,3862.5,15
1766310711,303.359375,3840.5,15
1766310711,304.5,3815,15
1766310711,305.640625,3822.25,15
1766310711,306.796875,3855.5,15
1766310711,307.9375,3843.75,15
1766310711,309.078125,3817.75,15
1766310711,310.234375,3822.75,15
1766310711,311.390625,3849.75,15
1766310711,312.515625,3882.5,15
1766310711,313.671875,3901.25,15
1766310711,314.84375,3904.5,15
1766310711,315.984375,3906,15
1766310711,317.140625,3909.75,15
1766310711,318.28125,3909.75,15
1766310711,319.4375,3909.75,15
1766310711,322.5,1266.75,15
1766310711,327.796875,782.75,15
1766310711,328.953125,778.75,15
1766310711,330.109375,781.25,15
1766310711,333.171875,4193.25,15
1766310711,334.328125,4252.75,15
1766310711,335.453125,4338.25,15
1766310711,336.578125,4427,15
1766310711,337.734375,4465.5,15
1766310711,338.890625,4466.75,15
1766310711,344.390625,1196.5,15
1766310711,358.53125,919.5,15
1766310711,359.734375,904.5,15
1766310711,0.9375,890.5,15
1766310711,2.15625,878.75,15
1766310711,3.265625,867.75,15
1766310711,4.421875,856.75,15
1766310711,5.65625,846.75,15
1766310711,6.828125,837.25,15
1766310711,8.046875,826.5,15
1766310711,9.078125,817.5,15
1766310711,10.25,809.75,15
1766310711,11.515625,802.75,15
1766310711,12.625,796.25,15
1766310711,13.828125,789.75,15
1766310711,14.90625,784,15
1766310711,17.375,1729.75,15
1766310711,18.53125,1722.25,15
1766310711,19.671875,1718.75,15
1766310711,20.8125,1705.25,15
1766310711,22,1690,15
1766310711,23.15625,1682.5,15
1766310711,24.265625,1679.5,15
1766310711,25.46875,1655.25,15
1766310711,27.75,1702.25,15
1766310711,28.90625,1700.75,15
1766310711,30.03125,1697.5,15
1766310711,31.171875,1696.75,15
1766310711,32.328125,1698.25,15
1766310711,33.46875,1696.75,15
1766310711,34.59375,1696.75,15
1766310711,35.890625,1697.25,15
1766310711,39.03125,906.5,15
1766310711,40.109375,893,15
1766310711,41.34375,887.75,15
1766310711,42.359375,893.75,15
1766310711,43.5625,901,15
1766310711,44.671875,904.25,15
1766310711,45.890625,901.25,15
1766310711,47.046875,905.75,14
1766310711,57.9375,1449,15
1766310711,59.03125,1461.5,15
1766310711,60.25,1467.5,15
1766310711,61.390625,1478.25,15
1766310711,62.546875,1492.25,15
1766310711,63.625,1505.25,15
1766310711,64.78125,1514,15
1766310711,65.953125,1498.75,15
1766310711,68.84375,949.25,15
1766310711,69.953125,946.75,15
1766310711,75.625,1048,15
1766310711,76.671875,1065,15
1766310711,82.546875,4186,15
1766310711,83.6875,4101.25,5
1766310711,84.84375,4053.5,6
1766310711,85.984375,4035.25,12
1766310711,88.359375,3301.5,15
1766310711,89.515625,3394.25,15
1766310711,91.75,3826.75,10
1766310711,92.890625,3809.75,8
1766310711,94.078125,3744,15
1766310711,96.40625,3439.25,15
1766310711,97.53125,3377.5,15
1766310711,98.703125,3351,15
1766310711,99.859375,3308,15
1766310711,101.015625,3247.75,15
1766310711,102.15625,3212,15
1766310711,119.375,2928.5,15
1766310711,120.515625,2940.25,15
1766310711,121.65625,2943.25,15
1766310711,122.796875,2934.75,15
1766310711,127.390625,2909,15
1766310711,128.546875,2902.25,15
1766310711,130.828125,2909.75,15
1766310711,131.953125,2915.5,15
1766310711,137.859375,2149.75,15
1766310711,139.015625,2149.5,15
1766310711,141.359375,1973.75,15
1766310711,149.171875,2702.5,15
1766310711,151.453125,2893.75,15
1766310711,157.109375,3405.75,15
1766310711,158.25,3462,15
1766310711,159.375,3474.5,15
1766310711,170.84375,3483,15
1766310711,173.140625,3567.75,15
1766310711,198.875,1619,15
1766310711,202.203125,1902,11
1766310711,216.296875,1509.75,15
1766310711,217.484375,1493,15
1766310711,219.71875,1606.25,15
1766310711,220.859375,1605.5,15
1766310711,222,1603.25,15
1766310711,223.109375,1606.5,15
1766310711,224.265625,1612.75,15
1766310711,225.40625,1618,15
1766310711,226.5625,1623.75,15
1766310711,227.734375,1631,15
1766310711,228.90625,1638,15
1766310711,230.015625,1644,15
1766310711,231.1875,1652,15
1766310711,232.3125,1656.75,15
1766310711,233.453125,1665.5,15
1766310711,234.640625,1679,15
1766310711,235.796875,1691,15
1766310711,236.921875,1707.5,15
1766310711,238.0625,1724.25,15
1766310711,241.546875,1732.75,15
1766310711,242.671875,1727.5,15
1766310711,243.765625,1745,15
1766310711,244.921875,1765,15
1766310711,246.109375,1785,15
1766310711,247.203125,1810,15
1766310711,248.375,1840,15
1766310711,249.5,1862.5,15
1766310711,250.65625,1888,15
1766310711,251.765625,1920,15
1766310711,252.921875,1953.5,15
1766310711,254.046875,1989.5,15
1766310711,255.203125,2018.25,15
1766310711,275.375,5230.25,15
1766310711,276.546875,5212,15
1766310711,277.6875,5175.25,15
1766310711,278.828125,5096.5,15
1766310711,279.984375,4975.25,15
1766310711,281.15625,4900.25,15
1766310711,282.28125,4847.5,15
1766310711,285.78125,4169,15
1766310711,286.921875,4169,15
1766310711,288.078125,4169,15
1766310711,289.21875,4169,15
1766310711,290.34375,4166,15
1766310711,292.671875,4007.25,15
1766310711,293.8125,3980,15
1766310711,294.96875,3960,15
1766310711,296.125,3947,15
1766310711,297.265625,3948.75,15
1766310711,298.46875,3930.25,15
1766310711,299.609375,3936.25,15
1766310711,300.765625,3917.75,15
1766310711,301.9375,3875,15
1766310711,303.078125,3862.5,15
1766310711,304.21875,3827.25,15
1766310711,305.359375,3842.5,15
1766310711,306.53125,3849,15
1766310711,307.671875,3841.75,15
1766310711,308.84375,3842,15
1766310711,309.96875,3818.25,15
1766310711,311.109375,3843,15
1766310711,312.25,3866.25,15
1766310711,313.40625,3880,15
1766310711,314.5625,3901,15
1766310711,315.71875,3900,15
1766310711,316.859375,3902,15
1766310711,318,3911.75,15
1766310711,319.15625,3918.5,15
1766310711,322.21875,1268.75,15
1766310711,327.578125,783.25,15
1766310711,328.75,779.25,15
1766310711,329.84375,778.5,15
1766310711,332.953125,4190.25,15
1766310711,334.078125,4271.25,15
1766310711,335.234375,4362.75,15
1766310711,336.375,4428,15
1766310711,337.515625,4465.25,15
1766310711,338.671875,4469.5,15
1766310711,339.828125,4491.5,15
1766310711,344.1875,1201,15
1766310711,345.375,1182,15
1766310711,347.828125,5424,15
1766310711,354.71875,5421.25,13
1766310711,359.453125,908.5,15
1766310711,0.703125,894.5,15
1766310711,1.875,882.75,15
1766310711,3.03125,870.75,15
1766310711,4.1875,858.5,15
1766310711,5.40625,848.5,15
1766310711,6.515625,839,15
1766310711,7.671875,828,15
1766310711,8.875,820.75,15
1766310711,10.0625,814,15
1766310711,11.203125,805,15
1766310711,12.328125,798,15
1766310711,13.609375,791,15
1766310711,14.6875,783.75,15
1766310711,18.3125,1720.25,15
1766310711,19.53125,1713.5,15
1766310711,20.640625,1706.5,15
1766310711,21.796875,1693.75,15
1766310711,22.984375,1682.25,15
1766310711,24.125,1677.75,15
1766310711,25.3125,1668.5,15
1766310711,26.390625,1687.5,15
1766310711,27.5625,1708.5,15
1766310711,28.71875,1701.5,15
1766310711,29.875,1697.25,15
1766310711,31.046875,1697.5,15
1766310711,32.15625,1698.75,15
1766310711,33.328125,1699,15
1766310711,34.46875,1697,15
1766310711,35.6875,1696,15
1766310711,36.84375,1694.5,15
1766310711,40,896.75,15
1766310711,41.03125,889.25,15
1766310711,42.171875,893.75,15
1766310711,43.40625,901,15
1766310711,44.484375,904,15
1766310711,45.71875,899.75,15
1766310711,46.828125,903,15
1766310711,52.59375,914.75,10
1766310711,53.796875,919.5,11
1766310711,58.890625,1462,15
1766310711,60.0625,1468,15
1766310711,61.234375,1478.5,15
1766310711,62.390625,1493.25,15
1766310711,63.5625,1504.75,15
1766310711,64.65625,1512,15
1766310711,65.859375,1497.75,15
1766310711,68.703125,949.75,15
1766310711,69.84375,945.25,15
1766310711,71.046875,956.5,15
1766310711,72.890625,1346,15
1766310711,75.5,1047.25,15
1766310711,76.59375,1063.75,15
1766310711,82.5,4210.25,15
1766310711,83.640625,4137,15
1766310711,84.8125,4071,7
1766310711,85.953125,4036,12
1766310711,88.359375,3296.25,15
1766310711,91.734375,3842.5,10
1766310711,92.890625,3810.25,9
1766310711,94.0625,3743.25,15
1766310711,97.546875,3375,15
1766310711,98.71875,3349,15
1766310711,99.875,3294.5,15
1766310711,101.015625,3236,15
1766310711,102.1875,3213,15
1766310711,110.359375,2488,4
1766310711,111.484375,2479.5,7
1766310711,119.46875,2922,15
1766310711,120.625,2938.75,15
1766310711,121.765625,2946.5,15
1766310711,122.90625,2936.75,15
1766310711,127.515625,2915.25,15
1766310711,130.921875,2907.5,15
1766310711,132.0625,2911.25,15
1766310711,140.34375,1994,15
1766310711,145.09375,1626.75,15
1766310711,151.609375,2901.25,15
1766310711,157.28125,3412.5,15
1766310711,158.4375,3461,15
1766310711,159.546875,3465.5,15
1766310711,164.140625,3470,15
1766310711,199.1875,1617.75,15
1766310711,215.421875,1516.25,15
1766310711,216.65625,1500.5,15
1766310711,217.71875,1506.25,10
1766310711,220.03125,1601.5,15
1766310711,221.1875,1604.25,15
1766310711,222.328125,1606.75,15
1766310711,223.5,1607.5,15
1766310711,224.640625,1615,15
1766310711,225.75,1621,15
1766310711,227,1626.25,15
1766310711,228.140625,1633.5,15
1766310711,229.265625,1640.25,15
1766310711,230.453125,1645.5,15
1766310711,231.59375,1651.75,15
1766310711,232.734375,1660,15
1766310711,233.875,1673.25,15
1766310711,235.078125,1688.75,15
1766310711,236.21875,1701.5,15
1766310711,237.359375,1716.5,15
1766310711,238.484375,1729.25,15
1766310711,239.640625,1757,15
1766310711,240.796875,1755.5,15
1766310711,241.953125,1729.75,15
1766310711,243.140625,1735,15
1766310711,244.296875,1755.75,15
1766310711,245.390625,1776.25,15
1766310711,246.53125,1797.5,15
1766310711,247.71875,1824.25,15
1766310711,248.84375,1851.75,15
1766310711,250.015625,1874.25,15
1766310711,251.109375,1899.5,15
1766310711,252.296875,1934,15
1766310711,253.390625,1971.5,15
1766310711,254.546875,2005.75,15
1766310711,255.71875,2040.25,15
1766310711,264.53125,5024.25,9
1766310711,274.84375,5219.25,15
1766310711,276,5219.25,15
1766310711,279.453125,5049,15
1766310711,280.640625,4926.5,15
1766310711,281.78125,4858.5,15
1766310711,282.953125,4837,15
1766310711,285.296875,4173,15
1766310711,286.4375,4169,15
1766310711,287.59375,4169,15
1766310711,288.75,4169,15
1766310711,289.90625,4166,15
1766310711,291.0625,4138.25,15
1766310711,292.21875,4070.25,15
1766310711,293.359375,4005.5,15
1766310711,294.515625,3959,15
1766310711,295.671875,3945,15
1766310711,296.828125,3961,15
1766310711,297.984375,3937.5,15
1766310711,299.09375,3930,15
1766310711,300.234375,3908,15
1766310711,301.390625,3869.75,15
1766310711,302.53125,3872.25,15
1766310711,303.6875,3859.25,15
1766310711,304.828125,3851.5,15
1766310711,306,3855,15
1766310711,307.125,3869,15
1766310711,308.28125,3868,15
1766310711,309.4375,3837.75,15
1766310711,310.578125,3848.25,15
1766310711,311.734375,3866.5,15
1766310711,312.875,3868.5,15
1766310711,314.015625,3884.75,15
1766310711,315.171875,3896.5,15
1766310711,316.328125,3906,15
1766310711,317.46875,3909.75,15
1766310711,318.625,3909.75,15
1766310711,321.734375,1256.75,15
1766310711,322.875,1276.5,15
1766310711,326.984375,786,15
1766310711,328.1875,782,15
1766310711,329.265625,778.75,15
1766310711,330.453125,785.5,15
1766310711,333.5625,4210,15
1766310711,334.703125,4292.75,15
1766310711,335.828125,4403.5,15
1766310711,336.984375,4462.75,15
1766310711,338.125,4466,15
1766310711,339.296875,4492,15
1766310711,341.53125,5044,15
1766310711,347.296875,5450.25,6
1766310711,348.453125,5414.75,15
1766310711,359.03125,915.25,15
1766310711,0.109375,900.75,15
1766310711,1.28125,887.25,15
1766310711,2.5,876.5,15
1766310711,3.59375,865.5,15
1766310711,4.828125,853,15
1766310711,6.015625,842.25,15
1766310711,7.171875,833.25,15
1766310711,8.296875,824.75,15
1766310711,9.484375,816,15
1766310711,10.734375,808.25,15
1766310711,11.859375,800.25,15
1766310711,13.125,793,15
1766310711,14.1875,786.75,15
1766310711,15.390625,788,13
1766310711,17.859375,1721,15
1766310711,19.046875,1715.75,15
1766310711,20.140625,1706.25,15
1766310711,21.328125,1695.75,15
1766310711,22.453125,1690,15
1766310711,23.609375,1686.5,15
1766310711,24.78125,1678,15
1766310711,25.9375,1654.75,15
1766310711,28.21875,1704.5,15
1766310711,29.375,1700,15
1766310711,30.5625,1697.5,15
1766310711,31.671875,1696.75,15
1766310711,32.859375,1696,15
1766310711,34,1696,15
1766310711,35.265625,1695,15
1766310711,40.625,893.5,15
1766310711,41.828125,890.5,15
1766310711,43,895.75,15
1766310711,44.1875,902,15
1766310711,45.234375,897.5,15
1766310711,46.5,898.5,15
1766310711,53.296875,931.5,15
1766310711,58.578125,1458.75,15
1766310711,59.78125,1467,15
1766310711,60.90625,1470.75,15
1766310711,62.09375,1480.75,15
1766310711,63.203125,1495.25,15
1766310711,64.375,1507.5,15
1766310711,65.5625,1504,15
1766310711,66.671875,1482.5,15
1766310711,69.609375,944,15
1766310711,70.6875,953.75,15
1766310711,72.609375,1353.75,15
1766310711,75.171875,1045.5,15
1766310711,76.390625,1061,15
1766310711,81.125,4258.25,15
1766310711,82.28125,4205.75,15
1766310711,84.609375,4114,6
1766310711,85.765625,4048,15
1766310711,88.1875,3305,15
1766310711,89.296875,3369.25,15
1766310711,93.921875,3719.25,15
1766310711,97.4375,3377.75,15
1766310711,98.609375,3351.75,15
1766310711,99.765625,3297.25,15
1766310711,100.9375,3243,15
1766310711,102.09375,3218.25,15
1766310711,119.421875,2925.75,15
1766310711,120.5625,2939.5,15
1766310711,121.734375,2947.25,15
1766310711,122.890625,2937.25,15
1766310711,127.5,2915.75,15
1766310711,129.84375,2906,15
1766310711,130.96875,2906.25,15
1766310711,132.109375,2912.25,15
1766310711,140.4375,1972.75,15
1766310711,149.46875,2748.75,15
1766310711,150.609375,2737,15
1766310711,155.171875,3262.75,15
1766310711,157.453125,3426,15
1766310711,158.59375,3462.5,15
1766310711,159.734375,3475,15
1766310711,167.84375,3298.75,15
1766310711,201.703125,1935,10
1766310711,215.828125,1519.25,15
1766310711,217,1501.5,15
1766310711,220.390625,1599.75,15
1766310711,221.546875,1603,15
1766310711,222.75,1610,15
1766310711,223.90625,1615,15
1766310711,225.0625,1618,15
1766310711,226.1875,1625.5,15
1766310711,227.390625,1631.75,15
1766310711,228.546875,1637,15
1766310711,229.703125,1641,15
1766310711,230.84375,1646,15
1766310711,232.046875,1651.75,15
1766310711,233.1875,1659.25,15
1766310711,234.296875,1675.25,15
1766310711,235.46875,1691,15
1766310711,236.65625,1701,15
1766310711,237.765625,1717,15
1766310711,241.28125,1739.5,15
1766310711,242.40625,1723.25,15
1766310711,243.5625,1741.75,15
1766310711,244.703125,1761.75,15
1766310711,245.84375,1779,15
1766310711,247,1802.5,15
1766310711,248.140625,1835.75,15
1766310711,249.328125,1860.75,15
1766310711,250.453125,1884.5,15
1766310711,251.640625,1915.25,15
1766310711,252.78125,1947.25,15
1766310711,253.9375,1980,15
1766310711,255.09375,2014.75,15
1766310711,272.09375,4446.5,15
1766310711,275.4375,5222.25,15
1766310711,276.59375,5199.5,15
1766310711,277.75,5179.75,15
1766310711,280.09375,4969.5,15
1766310711,281.234375,4878.75,15
1766310711,282.40625,4827,15
1766310711,284.765625,4186.5,15
1766310711,285.921875,4169,15
1766310711,287.078125,4169,15
1766310711,288.234375,4169,15
1766310711,289.390625,4164.75,15
1766310711,290.546875,4162.25,15
1766310711,292.859375,4015.5,15
1766310711,294.03125,3990.25,15
1766310711,295.1875,3951.75,15
1766310711,296.34375,3923,15
1766310711,297.5,3914.5,15
1766310711,298.65625,3915.5,15
1766310711,299.8125,3893.5,15
1766310711,300.984375,3873,15
1766310711,302.140625,3860.75,15
1766310711,303.296875,3840.25,15
1766310711,304.453125,3814.25,15
1766310711,305.609375,3823.75,15
1766310711,306.78125,3838.75,15
1766310711,307.921875,3826.5,15
1766310711,309.078125,3818,15
1766310711,310.234375,3820.5,15
1766310711,311.375,3849.25,15
1766310711,312.53125,3882.25,15
1766310711,313.6875,3900.25,15
1766310711,314.84375,3903.5,15
1766310711,316.015625,3903.5,15
1766310711,317.15625,3908,15
1766310711,318.328125,3910,15
1766310711,319.484375,3909.75,15
1766310711,322.515625,1266,15
1766310711,327.9375,782.5,15
1766310711,329.015625,778.5,15
1766310711,330.15625,783,15
1766310711,333.328125,4215.75,15
1766310711,334.484375,4304.75,15
1766310711,335.640625,4383,15
1766310711,336.765625,4438.75,15
1766310711,337.9375,4465.25,15
1766310711,339.109375,4475.75,15
1766310711,341.375,5041.5,15
1766310711,358.9375,915.5,15
1766310711,0.046875,901.5,15
1766310711,1.21875,887.75,15
1766310711,2.359375,875.75,15
1766310711,3.625,865,15
1766310711,4.71875,853,15
1766310711,5.9375,844,15
1766310711,7.15625,835.25,15
1766310711,8.34375,825.25,15
1766310711,9.5,816.25,15
1766310711,10.640625,808.25,15
1766310711,11.796875,800.25,15
1766310711,13.078125,793.25,15
1766310711,14.234375,786.75,15
1766310711,15.40625,787.5,11
1766310711,17.796875,1715.75,15
1766310711,18.921875,1716,15
1766310711,20.109375,1707,15
1766310711,21.265625,1694.75,15
1766310711,22.4375,1688.25,15
1766310711,23.609375,1685.75,15
1766310711,24.75,1677.25,15
1766310711,25.90625,1654.75,15
1766310711,28.203125,1704,15
1766310711,29.390625,1699.25,15
1766310711,30.53125,1697.5,15
1766310711,31.703125,1697,15
1766310711,32.828125,1695.75,15
1766310711,33.984375,1696,15
1766310711,35.296875,1695.25,15
1766310711,40.640625,893.75,15
1766310711,41.796875,889.75,15
1766310711,43.015625,895.25,15
1766310711,44.09375,902.5,15
1766310711,45.375,897.75,15
1766310711,46.40625,898.5,15
1766310711,51.125,916.5,12
1766310711,52.1875,929,15
1766310711,53.359375,931.75,13
1766310711,54.53125,936.5,13
1766310711,58.640625,1463,15
1766310711,59.84375,1467,15
1766310711,61,1476.75,15
1766310711,62.1875,1490.25,15
1766310711,63.296875,1499,15
1766310711,64.484375,1507.5,15
1766310711,65.65625,1500.5,15
1766310711,66.828125,1479,15
1766310711,69.703125,944.5,15
1766310711,70.890625,955.25,15
1766310711,72.75,1348.75,15
1766310711,75.359375,1048.25,15
1766310711,76.515625,1065,15
1766310711,81.34375,4268.5,15
1766310711,82.453125,4206,15
1766310711,83.625,4137.25,15
1766310711,84.796875,4074.75,8
1766310711,85.953125,4036.5,11
1766310711,88.34375,3296.75,15
1766310711,91.765625,3844.5,11
1766310711,92.9375,3813,10
1766310711,94.125,3741.75,15
1766310711,97.625,3380,15
1766310711,98.8125,3349,15
1766310711,99.96875,3299,15
1766310711,101.140625,3241.25,15
1766310711,102.3125,3214,15
1766310711,109.359375,2498.25,11
1766310711,111.6875,2483.5,8
1766310711,119.703125,2942,15
1766310711,120.875,2948,15
1766310711,122.046875,2946.75,15
1766310711,125.53125,2931,15
1766310711,126.671875,2925.25,15
1766310711,129,2920.5,15
1766310711,130.1875,2908,15
1766310711,131.296875,2911.5,15
1766310711,132.421875,2914.5,15
1766310711,143.984375,3020.5,15
1766310711,151,2721.5,15
1766310711,156.671875,3373,15
1766310711,157.828125,3451.75,15
1766310711,158.984375,3478.75,15
1766310711,161.296875,3528,0
1766310711,163.625,3528,15
1766310711,170.59375,3456,15
1766310711,172.875,3537.75,11
1766310711,175.15625,3756.25,8
1766310711,198.8125,1618.75,15
1766310711,202.140625,1912.5,6
1766310711,216.328125,1512.25,15
1766310711,217.515625,1495.25,15
1766310711,219.78125,1598.25,15
1766310711,220.9375,1601.75,15
1766310711,222.109375,1606.5,15
1766310711,223.203125,1610.25,15
1766310711,224.390625,1615.5,15
1766310711,225.546875,1619.75,15
1766310711,226.703125,1625.5,15
1766310711,227.875,1631.25,15
1766310711,229.03125,1637.75,15
1766310711,230.234375,1643.5,15
1766310711,231.40625,1648,15
1766310711,232.53125,1654.5,15
1766310711,233.65625,1665.25,15
1766310711,234.875,1680.25,15
1766310711,236.015625,1691.75,15
1766310711,237.140625,1711.5,15
1766310711,238.296875,1731,15
1766310711,241.78125,1723.25,15
1766310711,242.90625,1731.5,15
1766310711,244.109375,1750.25,15
1766310711,245.21875,1768.5,15
1766310711,246.421875,1790,15
1766310711,247.5625,1815,15
1766310711,248.671875,1846.75,15
1766310711,249.84375,1874.75,15
1766310711,251,1898.25,15
1766310711,252.1875,1932,15
1766310711,253.296875,1965,15
1766310711,254.5,1999.25,15
1766310711,255.625,2028.5,15
1766310711,270.375,4487.5,15
1766310711,274.875,5219.25,15
1766310711,276.03125,5219.25,15
1766310711,279.53125,5024,15
1766310711,280.6875,4896.25,15
1766310711,281.859375,4822.75,15
1766310711,283.015625,4811,15
1766310711,285.375,4172,15
1766310711,286.53125,4169,15
1766310711,287.6875,4169,15
1766310711,288.859375,4169,15
1766310711,289.984375,4146.5,15
1766310711,291.1875,4104.25,15
1766310711,292.328125,4033.75,15
1766310711,293.5,3981.75,15
1766310711,294.671875,3955,15
1766310711,295.8125,3941.5,15
1766310711,296.953125,3933,15
1766310711,298.125,3923,15
1766310711,299.328125,3941.25,15
1766310711,300.484375,3915,15
1766310711,301.65625,3881.25,15
1766310711,302.8125,3866.5,15
1766310711,303.984375,3833,15
1766310711,305.15625,3837.75,15
1766310711,306.3125,3842.25,15
1766310711,307.453125,3837.75,15
1766310711,308.609375,3848,15
1766310711,309.75,3834.75,15
1766310711,310.921875,3829,15
1766310711,312.09375,3857,15
1766310711,313.25,3881.5,15
1766310711,314.390625,3893.25,15
1766310711,315.5625,3899.75,15
1766310711,316.734375,3902,15
1766310711,317.890625,3910.25,15
1766310711,319.046875,3910.5,15
1766310711,322.140625,1263.5,15
1766310711,323.28125,1279.5,8
1766310711,327.5625,783.25,15
1766310711,328.796875,779.25,15
1766310711,329.953125,778.5,15
1766310711,333,4191,15
1766310711,334.15625,4251,15
1766310711,335.328125,4341.5,15
1766310711,336.46875,4427,15
1766310711,337.625,4465.75,15
1766310711,338.78125,4469,15
1766310711,339.953125,4510.25,15
1766310711,344.390625,1195.75,15
1766310711,345.546875,1176.5,11
1766310711,348,5443.75,15
1766310711,358.5625,919.75,15
1766310711,359.796875,904.75,15
1766310711,0.9375,890.75,15
1766310711,2.09375,878.75,15
1766310711,3.375,867.75,15
1766310711,4.53125,856.75,15
1766310711,5.609375,846.75,15
1766310711,6.921875,836.75,15
1766310711,8.015625,826,15
1766310711,9.203125,817,15
1766310711,10.390625,809.5,15
1766310711,11.546875,802.25,15
1766310711,12.8125,794.5,15
1766310711,13.984375,786.5,15
1766310711,15,782.5,15
1766310711,17.546875,1717,15
1766310711,18.71875,1720,15
1766310711,19.875,1710.75,15
1766310711,21.03125,1695.5,15
1766310711,22.171875,1686,15
1766310711,23.34375,1683.25,15
1766310711,24.515625,1678.25,15
1766310711,25.6875,1649.75,15
1766310711,27.953125,1707,15
1766310711,29.15625,1698.25,15
1766310711,30.296875,1696.25,15
1766310711,31.453125,1696,15
1766310711,32.59375,1696.25,15
1766310711,33.765625,1695.5,15
1766310711,35.03125,1695.5,15
1766310711,36.15625,1694.75,15
1766310711,40.46875,891.75,15
1766310711,41.53125,888,15
1766310711,42.78125,894,15
1766310711,43.890625,902,15
1766310711,45.109375,897.75,15
1766310711,46.15625,896.5,15
1766310711,51.953125,935.75,11
1766310711,59.59375,1467.5,15
1766310711,60.75,1472.5,15
1766310711,61.875,1481,15
1766310711,63.015625,1496.5,15
1766310711,64.203125,1510.5,15
1766310711,65.359375,1503.75,15
1766310711,66.546875,1480.5,15
1766310711,69.484375,945.25,15
1766310711,70.578125,953.25,15
1766310711,76.234375,1059.25,15
1766310711,85.578125,4041.5,10
1766310711,87.96875,3306,15
1766310711,89.109375,3367.75,15
1766310711,90.28125,3450.75,15
1766310711,92.546875,3806,14
1766310711,93.703125,3741.75,15
1766310711,97.234375,3388,15
1766310711,98.390625,3347.5,15
1766310711,99.5625,3308,15
1766310711,100.71875,3248.5,15
1766310711,101.90625,3220.25,15
1766310711,104.265625,2775.5,15
1766310711,110.046875,2493.75,8
1766310711,113.46875,2497.5,15
1766310711,119.171875,2937,15
1766310711,120.34375,2940.25,15
1766310711,121.484375,2950,15
1766310711,122.625,2937.75,15
1766310711,127.265625,2902.25,15
1766310711,130.75,2900.5,15
1766310711,131.890625,2914.5,15
1766310711,137.671875,2960,15
1766310711,140.234375,1969,15
1766310711,146.953125,2704,15
1766310711,149.234375,2701.5,15
1766310711,150.390625,2736.5,15
1766310711,152.703125,2833.5,15
1766310711,157.21875,3412.75,15
1766310711,158.34375,3463.75,15
1766310711,159.5,3470.5,15
1766310711,171.046875,3476.25,15
1766310711,199.21875,1617.75,15
1766310711,215.5,1519.25,15
1766310711,216.625,1503.75,15
1766310711,220.03125,1601.25,15
1766310711,221.1875,1603.75,15
1766310711,222.3125,1606.75,15
1766310711,223.53125,1608.25,15
1766310711,224.6875,1615,15
1766310711,225.84375,1621.25,15
1766310711,227.03125,1626.5,15
1766310711,228.125,1633.25,15
1766310711,229.328125,1639.75,15
1766310711,230.46875,1645.75,15
1766310711,231.609375,1652.5,15
1766310711,232.78125,1660.25,15
1766310711,233.9375,1673.5,15
1766310711,235.09375,1688.5,15
1766310711,236.21875,1701.5,15
1766310711,237.359375,1716.5,15
1766310711,238.5625,1726.75,15
1766310711,239.625,1755.5,15
1766310711,240.828125,1756,15
1766310711,242,1729.5,15
1766310711,243.125,1735.5,15
1766310711,244.296875,1755.75,15
1766310711,245.421875,1776,15
1766310711,246.578125,1798,15
1766310711,247.734375,1824,15
1766310711,248.90625,1850.5,15
1766310711,250.046875,1874.25,15
1766310711,251.078125,1900.25,15
1766310711,252.203125,1933.5,15
1766310711,253.359375,1965,15
1766310711,254.5,1999,15
1766310711,255.609375,2028.75,15
1766310711,271.375,4474,15
1766310711,272.515625,4453.5,9
1766310711,274.6875,5220.25,15
1766310711,275.84375,5219.75,15
1766310711,279.3125,5045.25,15
1766310711,280.453125,4908,15
1766310711,281.59375,4837,15
1766310711,282.765625,4825,15
1766310711,285.09375,4169,15
1766310711,286.25,4169,15
1766310711,287.40625,4169,15
1766310711,288.546875,4169,15
1766310711,289.671875,4166.25,15
1766310711,290.84375,4131.75,15
1766310711,292.015625,4061.5,15
1766310711,293.15625,4001,15
1766310711,294.28125,3972,15
1766310711,295.453125,3957.25,15
1766310711,296.609375,3934.5,15
1766310711,297.734375,3920.25,15
1766310711,298.921875,3933.25,15
1766310711,300.09375,3911.5,15
1766310711,301.21875,3874,15
1766310711,302.375,3870,15
1766310712,303.53125,3852,15
1766310712,304.703125,3820.75,15
1766310712,305.828125,3824,15
1766310712,306.96875,3860.25,15
1766310712,308.140625,3850.75,15
1766310712,309.265625,3830,15
1766310712,310.421875,3842.25,15
1766310712,311.578125,3841.75,15
1766310712,312.734375,3858,15
1766310712,313.875,3884.25,15
1766310712,315.015625,3890.5,15
1766310712,316.171875,3898,15
1766310712,317.3125,3910.25,15
1766310712,318.46875,3920.75,15
1766310712,321.515625,1249.25,15
1766310712,322.703125,1268.25,15
1766310712,326.84375,786.25,15
1766310712,328.09375,781.75,15
1766310712,329.1875,778.5,15
1766310712,330.390625,783.75,15
1766310712,333.421875,4217.75,15
1766310712,334.578125,4304.5,15
1766310712,335.71875,4384.5,15
1766310712,336.859375,4441.5,15
1766310712,338.03125,4466.25,15
1766310712,339.15625,4476.25,15
1766310712,341.4375,5036.5,15
1766310712,358.765625,918,15
1766310712,359.953125,901.5,15
1766310712,1.09375,889.75,15
1766310712,2.390625,878,15
1766310712,3.453125,866,15
1766310712,4.703125,856,15
1766310712,5.90625,845.75,15
1766310712,7,835.25,15
1766310712,8.203125,826,15
1766310712,9.34375,818.25,15
1766310712,10.4375,810,15
1766310712,11.671875,801.75,15
1766310712,12.75,794,15
1766310712,13.953125,786.25,15
1766310712,15.140625,783.75,15
1766310712,17.59375,1716.75,15
1766310712,18.6875,1719.5,15
1766310712,19.859375,1710.5,15
1766310712,21.015625,1695.5,15
1766310712,22.203125,1685.25,15
1766310712,23.28125,1682.75,15
1766310712,24.484375,1678.25,15
1766310712,25.625,1650,15
1766310712,27.890625,1707.75,15
1766310712,29.046875,1703.5,15
1766310712,30.1875,1702.25,15
1766310712,31.34375,1701.5,15
1766310712,32.484375,1696.25,15
1766310712,33.640625,1698.25,15
1766310712,34.875,1697,15
1766310712,36.03125,1693.5,15
1766310712,39.046875,908,15
1766310712,40.21875,894,15
1766310712,41.5,887.25,15
1766310712,42.609375,893.25,15
1766310712,43.75,901.25,15
1766310712,44.828125,899.25,15
1766310712,46.0625,896,15
1766310712,59.203125,1464.75,15
1766310712,60.34375,1467.75,15
1766310712,61.453125,1478,15
1766310712,62.625,1491.5,15
1766310712,63.8125,1503.75,15
1766310712,64.9375,1512,15
1766310712,66.125,1497.25,15
1766310712,68.921875,948.5,15
1766310712,70.0625,948.5,15
1766310712,75.671875,1052.25,15
1766310712,82.703125,4171.75,15
1766310712,83.84375,4101.5,6
1766310712,84.984375,4050,6
1766310712,86.140625,4035.25,11
1766310712,88.5,3322.75,15
1766310712,91.890625,3868.5,14
1766310712,93.0625,3825.5,15
1766310712,95.40625,3514.5,15
1766310712,96.53125,3434,15
1766310712,97.71875,3377.75,15
1766310712,98.84375,3332.5,15
1766310712,100,3284.25,15
1766310712,101.140625,3239.75,15
1766310712,102.3125,3212,15
1766310712,111.625,2473.25,5
1766310712,119.53125,2923.75,15
1766310712,120.6875,2946.25,15
1766310712,121.828125,2951.5,15
1766310712,125.28125,2945.75,15
1766310712,126.4375,2926.5,15
1766310712,127.59375,2908.5,15
1766310712,129.875,2907.25,15
1766310712,131.0625,2907.25,15
1766310712,132.1875,2912.25,15
1766310712,137.921875,2941.5,15
1766310712,149.46875,2737.25,15
1766310712,150.640625,2711.25,15
1766310712,152.90625,2820.75,15
1766310712,156.296875,3346,15
1766310712,157.421875,3426.5,15
1766310712,158.578125,3463.25,15
1766310712,159.703125,3475.5,15
1766310712,164.3125,3475.75,15
1766310712,167.796875,3296.5,15
1766310712,215.5625,1529.5,15
1766310712,216.734375,1508.25,15
1766310712,220.125,1601,15
1766310712,221.28125,1604.25,15
1766310712,222.4375,1607.25,15
1766310712,223.625,1609.5,15
1766310712,224.71875,1615.75,15
1766310712,225.921875,1621.75,15
1766310712,227.09375,1631.25,15
1766310712,228.203125,1638,15
1766310712,229.359375,1640.5,15
1766310712,230.5625,1646.25,15
1766310712,231.6875,1652.5,15
1766310712,232.859375,1662.25,15
1766310712,233.953125,1675.25,15
1766310712,235.125,1687,15
1766310712,236.3125,1700.5,15
1766310712,237.421875,1717.25,15
1766310712,238.578125,1728,15
1766310712,239.703125,1755.5,15
1766310712,242.078125,1726.25,15
1766310712,243.203125,1735,15
1766310712,244.3125,1755.5,15
1766310712,245.515625,1776.5,15
1766310712,246.640625,1798,15
1766310712,247.765625,1823.75,15
1766310712,248.9375,1852,15
1766310712,250.015625,1879.75,15
1766310712,251.171875,1904.25,15
1766310712,252.3125,1935.25,15
1766310712,253.453125,1968,15
1766310712,254.578125,2001,15
1766310712,255.71875,2039.25,15
1766310712,264.546875,5026.5,15
1766310712,270.359375,4487,15
1766310712,271.484375,4480.25,15
1766310712,274.796875,5219.75,15
1766310712,275.953125,5219.5,15
1766310712,279.421875,5036.5,15
1766310712,281.71875,4845.75,15
1766310712,282.875,4823.5,15
1766310712,285.21875,4169.75,15
1766310712,286.359375,4169,15
1766310712,287.5,4169,15
1766310712,288.65625,4169,15
1766310712,289.8125,4151.75,15
1766310712,290.953125,4117.25,15
1766310712,292.109375,4064,15
1766310712,293.25,4001.5,15
1766310712,294.40625,3955.75,15
1766310712,295.5625,3940.25,15
1766310712,296.6875,3967.75,15
1766310712,297.859375,3950.5,15
1766310712,299.03125,3928.5,15
1766310712,300.1875,3907.25,15
1766310712,301.34375,3870.5,15
1766310712,302.5,3872,15
1766310712,303.65625,3859.5,15
1766310712,304.828125,3830.25,15
1766310712,305.953125,3836.25,15
1766310712,307.09375,3870,15
1766310712,308.265625,3852.75,15
1766310712,309.390625,3824,15
1766310712,310.5625,3846.25,15
1766310712,311.703125,3862.5,15
1766310712,312.859375,3866.75,15
1766310712,313.984375,3882.5,15
1766310712,315.140625,3893.5,15
1766310712,316.296875,3905,15
1766310712,317.453125,3910.25,15
1766310712,318.609375,3911.25,15
1766310712,321.65625,1253.5,15
1766310712,322.78125,1273,15
1766310712,327.046875,786,15
1766310712,328.125,782,15
1766310712,329.28125,778.75,15
1766310712,330.359375,784,15
1766310712,333.515625,4213,15
1766310712,334.65625,4302.5,15
1766310712,335.796875,4408.25,15
1766310712,336.9375,4461.25,15
1766310712,338.109375,4466.25,15
1766310712,339.234375,4490.25,15
1766310712,341.515625,5042,15
1766310712,347.234375,5450.25,5
1766310712,348.390625,5450.25,9
1766310712,358.84375,915.75,15
1766310712,0.125,901.25,15
1766310712,1.234375,887.25,15
1766310712,2.5,875.75,15
1766310712,3.53125,865,15
1766310712,4.734375,853,15
1766310712,5.9375,843.75,15
1766310712,7.078125,834.75,15
1766310712,8.296875,825.5,15
1766310712,9.46875,816.5,15
1766310712,10.59375,808.5,15
1766310712,11.796875,801.75,15
1766310712,12.984375,794.75,15
1766310712,14.0625,787.5,15
1766310712,15.359375,786.25,13
1766310712,17.734375,1715.5,15
1766310712,18.90625,1717,15
1766310712,20.03125,1708.5,15
1766310712,21.171875,1698.25,15
1766310712,22.375,1689.5,15
1766310712,23.484375,1683.25,15
1766310712,24.671875,1680.5,15
1766310712,25.859375,1658,15
1766310712,28.09375,1702,15
1766310712,29.265625,1698.75,15
1766310712,30.390625,1696.75,15
1766310712,31.515625,1695,15
1766310712,32.6875,1695,15
1766310712,33.84375,1694.75,15
1766310712,35.09375,1695,15
1766310712,36.296875,1695.5,15
1766310712,40.59375,892.25,15
1766310712,41.65625,889,15
1766310712,42.75,895.25,15
1766310712,43.9375,902,15
1766310712,45.203125,898.25,15
1766310712,46.28125,897,15
1766310712,51.984375,935.75,9
1766310712,59.53125,1466.75,15
1766310712,60.6875,1472.5,15
1766310712,61.828125,1481.5,15
1766310712,63,1496,15
1766310712,64.140625,1509.5,15
1766310712,65.296875,1507.5,15
1766310712,66.453125,1484.75,15
1766310712,69.328125,946.75,15
1766310712,70.421875,953,15
1766310712,76.125,1056.25,15
1766310712,80.84375,4309,15
1766310712,82,4283.25,15
1766310712,83.109375,4206.25,15
1766310712,84.265625,4104.5,7
1766310712,85.40625,4046.25,15
1766310712,87.78125,3306,15
1766310712,88.9375,3364.25,15
1766310712,90.078125,3442.75,15
1766310712,92.34375,3825.25,11
1766310712,93.515625,3750.75,15
1766310712,95.84375,3475.75,15
1766310712,97,3393.25,15
1766310712,98.171875,3353.75,15
1766310712,99.328125,3310.5,15
1766310712,100.5,3255,15
1766310712,101.640625,3221.75,15
1766310712,104,2773.5,15
1766310712,113.234375,2512.75,13
1766310712,116.640625,2957.25,15
1766310712,118.953125,2931.5,15
1766310712,120.0625,2942.25,15
1766310712,121.21875,2952.75,15
1766310712,122.390625,2940.75,15
1766310712,125.859375,2914.5,15
1766310712,126.984375,2909.5,15
1766310712,130.453125,2923,15
1766310712,131.59375,2917.5,15
1766310712,132.734375,2915,15
1766310712,151.171875,2706.75,15
1766310712,153.46875,2810,15
1766310712,155.671875,3314.5,15
1766310712,157.984375,3463,15
1766310712,159.109375,3478,15
1766310712,163.703125,3478.75,15
1766310712,170.640625,3459.75,15
1766310712,175.1875,3757,12
1766310712,198.8125,1616.75,15
1766310712,202.109375,1912.5,7
1766310712,216.3125,1515.5,15
1766310712,217.46875,1498.75,15
1766310712,219.671875,1607.5,15
1766310712,220.828125,1605,15
1766310712,222,1604.25,15
1766310712,223.125,1607.5,15
1766310712,224.328125,1613.5,15
1766310712,225.4375,1617.75,15
1766310712,226.59375,1623.75,15
1766310712,227.71875,1631.75,15
1766310712,228.875,1639,15
1766310712,230.0625,1644,15
1766310712,231.234375,1649.75,15
1766310712,232.375,1655.25,15
1766310712,233.5,1665.75,15
1766310712,234.671875,1679,15
1766310712,235.796875,1697,15
1766310712,236.9375,1713.5,15
1766310712,238.125,1724.25,15
1766310712,241.59375,1731.5,15
1766310712,242.75,1727.75,15
1766310712,243.859375,1746.25,15
1766310712,245.015625,1766.75,15
1766310712,246.171875,1786.25,15
1766310712,247.328125,1812.75,15
1766310712,248.46875,1841.75,15
1766310712,249.59375,1862,15
1766310712,250.75,1889.5,15
1766310712,251.875,1921.5,15
1766310712,253,1952.75,15
1766310712,254.171875,1989.75,15
1766310712,255.296875,2020.5,15
1766310712,272.21875,4478.25,15
1766310712,275.578125,5222,15
1766310712,276.71875,5219.25,15
1766310712,277.875,5195.5,15
1766310712,280.203125,4955.25,15
1766310712,281.359375,4869.5,15
1766310712,282.515625,4820.75,15
1766310712,284.859375,4187.5,15
1766310712,286.015625,4169,15
1766310712,287.15625,4169,15
1766310712,288.3125,4169,15
1766310712,289.453125,4165.75,15
1766310712,290.609375,4153,15
1766310712,291.78125,4081.75,15
1766310712,292.921875,3997.25,15
1766310712,294.0625,3963.5,15
1766310712,295.234375,3942.5,15
1766310712,296.390625,3923.5,15
1766310712,297.53125,3916.25,15
1766310712,298.671875,3914.5,15
1766310712,299.8125,3893.5,15
1766310712,300.984375,3872,15
1766310712,302.125,3859,15
1766310712,303.28125,3839.25,15
1766310712,304.4375,3814,15
1766310712,305.578125,3826,15
1766310712,306.734375,3840.5,15
1766310712,307.890625,3842,15
1766310712,309.03125,3832,15
1766310712,310.1875,3819.75,15
1766310712,311.328125,3850.25,15
1766310712,312.484375,3880.25,15
1766310712,313.640625,3892,15
1766310712,314.78125,3895.5,15
1766310712,315.9375,3904,15
1766310712,317.09375,3909.75,15
1766310712,318.234375,3909.75,15
1766310712,319.390625,3910.75,15
1766310712,322.46875,1266.5,15
1766310712,327.75,782.5,15
1766310712,328.96875,778.5,15
1766310712,330.109375,781.25,15
1766310712,333.140625,4192.75,15
1766310712,334.28125,4257.75,15
1766310712,335.4375,4347,15
1766310712,336.5625,4429.75,15
1766310712,337.71875,4465.75,15
1766310712,338.875,4470,15
1766310712,340.03125,4515.75,15
1766310712,344.34375,1195.5,15
1766310712,352.59375,5006.75,0
1766310712,358.53125,919.5,15
1766310712,359.671875,906.25,15
1766310712,0.859375,892.5,15
1766310712,2.03125,879.5,15
1766310712,3.125,869,15
1766310712,4.3125,857.5,15
1766310712,5.5,847,15
1766310712,6.703125,838,15
1766310712,7.90625,827.75,15
1766310712,9.03125,819,15
1766310712,10.1875,811.25,15
1766310712,11.40625,802.75,15
1766310712,12.484375,796.5,15
1766310712,13.75,790,15
1766310712,14.765625,783,15
1766310712,19.609375,1714.5,15
1766310712,20.75,1705.25,15
1766310712,21.890625,1694.25,15
1766310712,23.015625,1683.75,15
1766310712,24.1875,1680.5,15
1766310712,25.34375,1663.75,15
1766310712,27.640625,1706.75,15
1766310712,28.78125,1700,15
1766310712,29.9375,1697.75,15
1766310712,31.046875,1698,15
1766310712,32.25,1699.25,15
1766310712,33.375,1696.75,15
1766310712,34.53125,1694,15
1766310712,35.765625,1695,15
1766310712,38.796875,904.25,15
1766310712,40,896.5,15
1766310712,41.203125,890.75,15
1766310712,42.28125,892.75,15
1766310712,43.46875,900.5,15
1766310712,44.625,903.25,15
1766310712,45.8125,899.5,15
1766310712,46.9375,905.5,15
1766310712,54.96875,923,12
1766310712,59.0625,1461,15
1766310712,60.15625,1467.75,15
1766310712,61.34375,1479.25,15
1766310712,62.515625,1492.75,15
1766310712,63.625,1504.25,15
1766310712,64.828125,1512.5,15
1766310712,65.96875,1498.5,15
1766310712,68.859375,948.75,15
1766310712,70.03125,946.5,15
1766310712,75.6875,1051.25,15
1766310712,76.78125,1071.75,15
1766310712,82.65625,4192.25,15
1766310712,83.796875,4105.5,7
1766310712,84.953125,4052.5,6
1766310712,86.09375,4035.75,10
1766310712,88.5,3321.25,15
1766310712,91.90625,3866.75,14
1766310712,93.046875,3827.75,15
1766310712,96.578125,3432.75,15
1766310712,97.703125,3375,15
1766310712,98.859375,3331.25,15
1766310712,100.046875,3284.25,15
1766310712,101.171875,3240.25,15
1766310712,102.34375,3213,15
1766310712,119.625,2929.75,15
1766310712,120.765625,2950.25,15
1766310712,121.921875,2949.5,15
1766310712,125.359375,2945.25,15
1766310712,126.515625,2927.5,15
1766310712,127.671875,2909.75,15
1766310712,129.984375,2907.25,15
1766310712,131.046875,2907.25,15
1766310712,132.203125,2914.5,15
1766310712,137.9375,2941.25,15
1766310712,143.9375,1966.75,15
1766310712,147.15625,2713.5,15
1766310712,150.59375,2723.25,15
1766310712,152.875,2808.5,15
1766310712,157.3125,3414.75,15
1766310712,158.4375,3462.25,15
1766310712,159.578125,3470,15
1766310712,199.078125,1617,15
1766310712,216.421875,1508,15
1766310712,217.609375,1502.75,15
1766310712,219.859375,1600.5,15
1766310712,220.984375,1601,15
1766310712,222.125,1605.75,15
1766310712,223.3125,1610.25,15
1766310712,224.40625,1615,15
1766310712,225.609375,1620,15
1766310712,226.6875,1625.75,15
1766310712,227.921875,1631.75,15
1766310712,229.109375,1638,15
1766310712,230.265625,1643.25,15
1766310712,231.359375,1648.25,15
1766310712,232.578125,1654.5,15
1766310712,233.671875,1665,15
1766310712,234.8125,1680.5,15
1766310712,235.96875,1692,15
1766310712,237.125,1711.75,15
1766310712,238.265625,1730.25,15
1766310712,241.71875,1727.75,15
1766310712,242.875,1731.25,15
1766310712,243.984375,1749.25,15
1766310712,245.140625,1767.75,15
1766310712,246.3125,1786.5,15
1766310712,247.421875,1813.25,15
1766310712,248.5625,1844,15
1766310712,249.6875,1867.5,15
1766310712,250.84375,1896,15
1766310712,252,1927.5,15
1766310712,253.15625,1956,15
1766310712,254.296875,1992.5,15
1766310712,255.453125,2025,15
1766310712,272.328125,4478.25,12
1766310712,275.640625,5225.75,15
1766310712,276.78125,5217.5,15
1766310712,277.9375,5190.75,15
1766310712,280.25,4955.75,15
1766310712,281.40625,4859.75,15
1766310712,282.5625,4811,15
1766310712,284.890625,4188.75,15
1766310712,286.03125,4169,15
1766310712,287.1875,4169,15
1766310712,288.328125,4169,15
1766310712,289.484375,4166.5,15
1766310712,290.625,4154.5,15
1766310712,291.765625,4083.5,15
1766310712,292.921875,3999.75,15
1766310712,294.09375,3966.75,15
1766310712,295.234375,3942.5,15
1766310712,296.390625,3919.25,15
1766310712,297.53125,3913.5,15
1766310712,298.65625,3914,15
1766310712,299.78125,3899,15
1766310712,300.953125,3878.5,15
1766310712,302.09375,3860.5,15
1766310712,303.234375,3840.5,15
1766310712,304.375,3816,15
1766310712,305.515625,3842,15
1766310712,306.671875,3858.5,15
1766310712,307.8125,3846.75,15
1766310712,308.953125,3837.25,15
1766310712,310.125,3823.5,15
1766310712,311.234375,3840.5,15
1766310712,312.390625,3856.5,15
1766310712,313.546875,3878,15
1766310712,314.6875,3885.5,15
1766310712,315.828125,3887.75,15
1766310712,316.984375,3903.75,15
1766310712,318.125,3911,15
1766310712,319.265625,3912,15
1766310712,322.3125,1271.5,15
1766310712,327.625,783.25,15
1766310712,328.703125,779.25,15
1766310712,329.859375,779.25,15
1766310712,332.984375,4192.5,15
1766310712,334.125,4272.75,15
1766310712,335.265625,4360.25,15
1766310712,336.390625,4426.25,15
1766310712,337.53125,4465.5,15
1766310712,338.6875,4467.75,15
1766310712,339.828125,4525.75,15
1766310712,344.1875,1195.5,15
1766310712,345.34375,1176.5,15
1766310712,347.890625,5464.5,5
1766310712,349.03125,5450.25,2
1766310712,359.578125,908,15
1766310712,0.796875,894,15
1766310712,1.84375,882.5,15
1766310712,3.078125,870.25,15
1766310712,4.25,858.25,15
1766310712,5.375,847.75,15
1766310712,6.640625,838.25,15
1766310712,7.78125,828,15
1766310712,8.890625,819.25,15
1766310712,10.125,812.25,15
1766310712,11.25,804.75,15
1766310712,12.421875,798,15
1766310712,13.546875,790.75,15
1766310712,14.84375,783.5,15
1766310712,18.3125,1720.75,15
1766310712,19.453125,1712,15
1766310712,20.640625,1703.5,15
1766310712,21.8125,1692.25,15
1766310712,22.90625,1682,15
1766310712,24.109375,1678.25,15
1766310712,25.234375,1671.5,15
1766310712,26.3125,1690.75,15
1766310712,27.5,1709.25,15
1766310712,28.671875,1701.5,15
1766310712,29.796875,1697.75,15
1766310712,30.984375,1696.75,15
1766310712,32.125,1696.75,15
1766310712,33.234375,1694.25,15
1766310712,34.375,1695.25,15
1766310712,35.640625,1696.25,15
1766310712,36.796875,1691,15
1766310712,41.0625,891,15
1766310712,42.203125,893.5,15
1766310712,43.28125,901.25,15
1766310712,44.4375,904.25,15
1766310712,45.65625,900,15
1766310712,46.8125,903.25,15
1766310712,52.453125,921.25,8
1766310712,53.609375,928,15
1766310712,58.828125,1460.25,15
1766310712,60.015625,1467.75,15
1766310712,61.15625,1477,15
1766310712,62.3125,1491.25,15
1766310712,63.4375,1502.5,15
1766310712,64.546875,1510,15
1766310712,65.75,1500.25,15
1766310712,68.578125,950.25,15
1766310712,69.703125,945,15
1766310712,70.859375,955,15
1766310712,72.8125,1349,15
1766310712,75.375,1047.75,15
1766310712,76.4375,1064.5,15
1766310712,81.234375,4259.5,15
1766310712,82.328125,4235.25,15
1766310712,83.5,4177.25,15
1766310712,84.640625,4091.25,8
1766310712,85.796875,4046.5,10
1766310712,88.1875,3307.5,15
1766310712,90.46875,3480.5,15
1766310712,93.890625,3720.5,4
1766310712,96.21875,3432.5,15
1766310712,97.359375,3378,15
1766310712,98.515625,3347.75,15
1766310712,99.6875,3298.75,15
1766310712,100.84375,3248.25,15
1766310712,101.96875,3222.25,15
1766310712,111.28125,2480.75,7
1766310712,113.5625,2502.75,15
1766310712,119.203125,2936.5,15
1766310712,120.375,2944,15
1766310712,121.5,2951,15
1766310712,122.640625,2937.75,15
1766310712,127.25,2903.25,15
1766310712,130.703125,2899.75,15
1766310712,131.84375,2915,15
1766310712,151.375,2697,15
1766310712,155.875,3326.25,15
1766310712,157.03125,3402.25,15
1766310712,158.15625,3458,15
1766310712,159.28125,3473.75,15
1766310712,162.71875,3707.25,15
1766310712,170.765625,3473.5,15
1766310712,196.296875,2154.5,7
1766310712,198.828125,1621.25,15
1766310712,202.125,1913.25,6
1766310712,216.078125,1523.75,15
1766310712,217.28125,1507.75,15
1766310712,219.515625,1606.75,15
1766310712,220.609375,1603,15
1766310712,221.8125,1604,15
1766310712,222.90625,1609.25,15
1766310712,224.0625,1611.75,15
1766310712,225.21875,1618.25,15
1766310712,226.359375,1625.75,15
1766310712,227.5,1632,15
1766310712,228.6875,1637.5,15
1766310712,229.78125,1641.5,15
1766310712,230.96875,1647.25,15
1766310712,232.09375,1653.75,15
1766310712,233.21875,1665.5,15
1766310712,234.375,1679.25,15
1766310712,235.546875,1688,15
1766310712,236.671875,1704.25,15
1766310712,237.796875,1723.75,15
1766310712,242.421875,1723,15
1766310712,243.515625,1740.75,15
1766310712,244.6875,1760.75,15
1766310712,245.8125,1779.25,15
1766310712,246.984375,1802.25,15
1766310712,248.0625,1834.25,15
1766310712,249.21875,1859.25,15
1766310712,250.359375,1883.25,15
1766310712,251.53125,1912.25,15
1766310712,252.640625,1949.25,15
1766310712,253.8125,1981.5,15
1766310712,254.921875,2005.5,15
1766310712,275.078125,5274.75,15
1766310712,276.21875,5274.75,15
1766310712,278.53125,4962,15
1766310712,279.6875,4975.75,15
1766310712,280.84375,4882,15
1766310712,281.984375,4848.75,15
1766310712,283.125,4833.25,15
1766310712,285.46875,4169,15
1766310712,286.609375,4169,15
1766310712,287.75,4169,15
1766310712,288.90625,4169,15
1766310712,290.046875,4169,15
1766310712,291.203125,4128.25,15
1766310712,292.34375,4035.75,15
1766310712,293.484375,3981.25,15
1766310712,294.640625,3955.75,15
1766310712,295.78125,3941.5,15
1766310712,296.921875,3932.5,15
1766310712,298.0625,3926,15
1766310712,299.265625,3926.75,15
1766310712,300.421875,3896.25,15
1766310712,301.5625,3883.5,15
1766310712,302.71875,3868,15
1766310712,303.875,3842.75,15
1766310712,305.015625,3830.25,15
1766310712,306.171875,3823.25,15
1766310712,307.296875,3850.75,15
1766310712,308.46875,3856.25,15
1766310712,309.59375,3827.25,15
1766310712,310.734375,3828.75,15
1766310712,311.890625,3857,15
1766310712,313.03125,3876.25,15
1766310712,314.171875,3885,15
1766310712,315.3125,3899.5,15
1766310712,316.484375,3911.25,15
1766310712,317.625,3912.5,15
1766310712,318.765625,3917.5,15
1766310712,322.984375,1270.75,15
1766310712,327.171875,785.5,15
1766310712,328.3125,781.25,15
1766310712,329.40625,778,15
1766310712,330.59375,787,15
1766310712,333.703125,4220.25,15
1766310712,334.828125,4308.25,15
1766310712,335.96875,4406.5,15
1766310712,337.109375,4462.75,15
1766310712,338.265625,4466,15
1766310712,339.40625,4489.25,15
1766310712,341.671875,5054.25,15
1766310712,347.4375,5450.25,3
1766310712,348.578125,5450.25,8
1766310712,353.203125,5035,0
1766310712,359.140625,913.75,15
1766310712,0.3125,899.25,15
1766310712,1.4375,887,15
1766310712,2.546875,876.25,15
1766310712,3.8125,865,15
1766310712,4.921875,853.25,15
1766310712,6.078125,842.75,15
1766310712,7.3125,832.75,15
1766310712,8.421875,824,15
1766310712,9.609375,816.5,15
1766310712,10.859375,807.5,15
1766310712,11.90625,798.75,15
1766310712,13.09375,792.5,15
1766310712,14.265625,786,15
1766310712,15.484375,788.25,11
1766310712,17.8125,1722,15
1766310712,19,1717.25,15
1766310712,20.140625,1707.25,15
1766310712,21.296875,1696.75,15
1766310712,22.484375,1689.5,15
1766310712,23.578125,1684.75,15
1766310712,24.75,1677.25,15
1766310712,25.953125,1655,15
1766310712,28.1875,1703.5,15
1766310712,29.34375,1699.75,15
1766310712,30.515625,1698.25,15
1766310712,31.640625,1696.5,15
1766310712,32.765625,1694.75,15
1766310712,33.953125,1695,15
1766310712,35.1875,1694.75,15
1766310712,36.296875,1695.25,15
1766310712,40.640625,892,15
1766310712,41.734375,888.75,15
1766310712,42.875,895.25,15
1766310712,43.9375,902,15
1766310712,45.203125,898.25,15
1766310712,46.25,897,15
1766310712,52.078125,935.5,11
1766310712,59.578125,1466.25,15
1766310712,60.734375,1472.5,15
1766310712,61.90625,1481.25,15
1766310712,63.03125,1495.25,15
1766310712,64.15625,1508.75,15
1766310712,65.359375,1507,15
1766310712,66.53125,1484.25,15
1766310712,69.296875,946.25,15
1766310712,70.546875,952.75,15
1766310712,76.109375,1056.5,15
1766310712,80.875,4309.75,5
1766310712,82.046875,4282.5,15
1766310712,83.09375,4224.25,15
1766310712,84.25,4149.5,15
1766310712,85.390625,4071.75,15
1766310712,87.765625,3307.25,15
1766310712,88.9375,3364.75,15
1766310712,90.046875,3442,15
1766310712,92.328125,3822.25,13
1766310712,93.46875,3753.25,15
1766310712,95.796875,3459,15
1766310712,96.96875,3397.5,15
1766310712,98.109375,3358,15
1766310712,99.28125,3312.25,15
1766310712,100.4375,3256.75,15
1766310712,101.59375,3222.25,15
1766310712,103.953125,2773,15
1766310712,116.546875,2961,15
1766310712,119.984375,2947,15
1766310712,121.125,2948.75,15
1766310712,122.28125,2938,15
1766310712,125.734375,2917.5,15
1766310712,126.890625,2904,15
1766310712,130.3125,2909.75,15
1766310712,131.484375,2914.5,15
1766310712,138.359375,2934.25,15
1766310712,151.03125,2719.25,15
1766310712,156.71875,3373,15
1766310712,157.84375,3450.5,15
1766310712,159,3478,15
1766310712,163.59375,3478.75,15
1766310712,170.515625,3455.5,15
1766310712,172.796875,3537,10
1766310712,175.078125,3752.75,10
1766310712,196.03125,2152.5,15
1766310712,201.875,1924.75,13
1766310712,215.90625,1522.5,15
1766310712,217.078125,1504,15
1766310712,220.453125,1601,15
1766310712,221.59375,1603.5,15
1766310712,222.71875,1609.5,15
1766310712,223.875,1614.5,15
1766310712,225.015625,1618.25,15
1766310712,226.1875,1625.5,15
1766310712,227.40625,1631.75,15
1766310712,228.515625,1636.75,15
1766310712,229.6875,1641,15
1766310712,230.84375,1646.5,15
1766310712,231.984375,1652,15
1766310712,233.140625,1660,15
1766310712,234.25,1675.75,15
1766310712,235.453125,1690,15
1766310712,236.5625,1706,15
1766310712,237.6875,1722.25,15
1766310712,242.328125,1721.5,15
1766310712,243.484375,1740.25,15
1766310712,244.609375,1758.75,15
1766310712,245.78125,1782.25,15
1766310712,246.890625,1804.25,15
1766310712,248.03125,1831.25,15
1766310712,249.171875,1859,15
1766310712,250.296875,1880,15
1766310712,251.484375,1909.25,15
1766310712,252.625,1945.75,15
1766310712,253.71875,1978,15
1766310712,254.875,2005.75,15
1766310712,275.140625,5279.75,15
1766310712,276.28125,5276.25,15
1766310712,278.609375,5019.5,15
1766310712,279.75,5014,15
1766310712,280.90625,4922.25,15
1766310712,282.0625,4847,15
1766310712,283.203125,4828.5,15
1766310712,285.5625,4169,15
1766310712,286.71875,4169,15
1766310712,287.859375,4169,15
1766310712,289.015625,4169,15
1766310712,290.15625,4169,15
1766310712,292.484375,4016.5,15
1766310712,293.625,3980.25,15
1766310712,294.765625,3962.25,15
1766310712,295.921875,3954,15
1766310712,297.0625,3929.5,15
1766310712,298.21875,3927,15
1766310712,299.40625,3928.75,15
1766310712,300.578125,3897,15
1766310712,301.71875,3877.5,15
1766310712,302.859375,3862.25,15
1766310712,304.03125,3830.5,15
1766310712,305.171875,3837.75,15
1766310712,306.328125,3859.5,15
1766310712,307.484375,3854.5,15
1766310712,308.640625,3846,15
1766310712,309.78125,3834.25,15
1766310712,310.953125,3828.75,15
1766310712,312.078125,3856.5,15
1766310712,313.25,3880.25,15
1766310712,314.375,3885,15
1766310712,315.546875,3892.75,15
1766310712,316.6875,3902.25,15
1766310712,317.84375,3910.25,15
1766310712,319,3910.75,15
1766310712,322.046875,1259.5,15
1766310712,323.296875,1276.75,15
1766310712,327.546875,783.25,15
1766310712,328.59375,779.25,15
1766310712,329.859375,778.25,15
1766310712,332.90625,4195.75,15
1766310712,334.0625,4255.75,15
1766310712,335.21875,4344.75,15
1766310712,336.359375,4427.75,15
1766310712,337.5,4465.25,15
1766310712,338.671875,4468,15
1766310712,339.828125,4502,15
1766310712,344.140625,1201.75,15
1766310712,345.40625,1182.5,15
1766310712,347.8125,5452.75,7
1766310712,348.96875,5450.25,3
1766310712,359.46875,908.25,15
1766310712,0.65625,894.25,15
1766310712,1.90625,882.25,15
1766310712,3.0625,870.25,15
1766310712,4.25,858.25,15
1766310712,5.421875,847.75,15
1766310712,6.5625,838.25,15
1766310712,7.8125,828.5,15
1766310712,8.890625,819.5,15
1766310712,10.1875,812,15
1766310712,11.359375,803.75,15
1766310712,12.453125,797,15
1766310712,13.609375,790.5,15
1766310712,14.8125,783.25,15
1766310712,19.53125,1712.75,15
1766310712,20.703125,1704.25,15
1766310712,21.84375,1693.25,15
1766310712,23,1683.5,15
1766310712,24.1875,1679.75,15
1766310712,25.328125,1663.25,15
1766310712,27.625,1707.5,15
1766310712,28.78125,1700,15
1766310712,29.953125,1698,15
1766310712,31.09375,1698,15
1766310712,32.234375,1698,15
1766310712,33.421875,1695.5,15
1766310712,34.546875,1693.25,15
1766310712,35.78125,1695,15
1766310712,38.90625,908.5,15
1766310712,39.96875,895.75,15
1766310712,41.140625,890.5,14
1766310712,42.359375,893,15
1766310712,43.515625,900.75,15
1766310712,44.5625,903.5,15
1766310712,45.875,900.25,15
1766310712,46.859375,905.75,15
1766310712,59.0625,1461,15
1766310712,60.25,1468.25,15
1766310712,61.359375,1478.25,15
1766310712,62.515625,1491.25,15
1766310712,63.703125,1503.75,15
1766310712,64.859375,1512.25,15
1766310712,66,1498.5,15
1766310712,68.859375,948.5,15
1766310712,70.078125,948.25,15
1766310712,75.6875,1051.75,15
1766310712,76.765625,1072.25,15
1766310712,82.65625,4240.25,15
1766310712,83.828125,4160.25,15
1766310712,84.984375,4078.25,9
1766310712,86.125,4037,13
1766310712,88.515625,3321.75,15
1766310712,91.90625,3867.75,15
1766310712,93.078125,3829.25,15
1766310712,94.21875,3755.5,15
1766310712,96.5625,3430.5,15
1766310712,97.71875,3365.5,15
1766310712,98.890625,3323,15
1766310712,100.046875,3285,15
1766310712,101.203125,3241,15
1766310712,102.359375,3214,15
1766310712,119.625,2928.75,15
1766310712,120.75,2948.25,15
1766310712,121.921875,2948.5,15
1766310712,125.375,2924.75,15
1766310712,126.53125,2908.25,15
1766310712,127.671875,2936.5,15
1766310712,128.8125,2953.75,15
1766310712,129.984375,2924.25,15
1766310712,131.15625,2902.5,15
1766310712,143.828125,3015.75,15
1766310712,150.828125,2706.25,15
1766310712,153.078125,2797.5,15
1766310712,157.609375,3431.25,15
1766310712,158.734375,3470.25,15
1766310712,168,3297,15
1766310712,195.984375,2139.75,15
1766310712,201.796875,1928.25,8
1766310712,215.90625,1526.75,2
1766310712,217.078125,1508.5,15
1766310712,220.484375,1604,15
1766310712,221.640625,1604,15
1766310712,222.796875,1608.25,15
1766310712,223.9375,1612.75,15
1766310712,225.109375,1618.5,15
1766310712,226.234375,1625.75,15
1766310712,227.4375,1632,15
1766310712,228.59375,1637.5,15
1766310712,229.78125,1641.5,15
1766310712,230.90625,1647.25,15
1766310712,232.09375,1653.5,15
1766310712,233.28125,1664.75,15
1766310712,234.375,1679.25,15
1766310712,235.546875,1688.5,15
1766310712,236.65625,1704,15
1766310712,237.828125,1723.25,15
1766310712,242.46875,1722.5,15
1766310712,243.65625,1742,15
1766310712,244.75,1762,15
1766310712,245.90625,1780.25,15
1766310712,247.0625,1802.75,15
1766310712,248.21875,1837,15
1766310712,249.34375,1862.5,15
1766310712,250.515625,1882.5,15
1766310712,251.5625,1913.5,15
1766310712,252.734375,1950.75,15
1766310712,253.90625,1981.5,15
1766310712,255.03125,2012,15
1766310712,275.265625,5229.75,15
1766310712,276.421875,5227.5,15
1766310712,277.578125,5166.5,15
1766310712,278.71875,5070.5,15
1766310712,279.875,5007.25,15
1766310712,282.203125,4811,15
1766310712,283.359375,4811.25,15
1766310712,285.703125,4169,15
1766310712,286.84375,4169,15
1766310712,287.984375,4169,15
1766310712,289.140625,4169,15
1766310712,290.296875,4166.75,15
1766310712,291.4375,4113,15
1766310712,292.609375,4023.5,15
1766310712,293.765625,3978.5,15
1766310712,294.90625,3965.75,15
1766310712,296.0625,3951.25,15
1766310712,297.203125,3929.5,15
1766310712,298.375,3931.75,15
1766310712,299.53125,3921.75,15
1766310712,300.6875,3884,15
1766310712,301.828125,3871.75,15
1766310712,302.984375,3856.5,15
1766310712,304.140625,3824.75,15
1766310712,305.265625,3842.5,15
1766310712,306.421875,3851.25,15
1766310712,307.5625,3845.75,15
1766310712,308.734375,3837.75,15
1766310712,309.890625,3817.5,15
1766310712,311.03125,3845,15
1766310712,312.171875,3871.5,15
1766310712,313.3125,3887,15
1766310712,314.5,3898,15
1766310712,315.640625,3897.5,15
1766310712,316.78125,3902,15
1766310712,317.921875,3911.25,15
1766310712,319.078125,3918,15
1766310712,322.109375,1263.5,15
1766310712,323.3125,1279.25,13
1766310712,327.59375,783.25,15
1766310712,328.71875,779.25,15
1766310712,329.78125,778.25,15
1766310712,332.90625,4193.75,15
1766310712,334.046875,4256.25,15
1766310712,335.203125,4347.25,15
1766310712,336.328125,4427.75,15
1766310712,337.484375,4465.25,15
1766310712,338.65625,4467.75,15
1766310712,339.796875,4505.5,15
1766310712,344.15625,1201,15
1766310712,345.328125,1182,15
1766310712,347.84375,5460.75,8
1766310712,348.984375,5450.25,3
1766310712,352.46875,5006.75,2
1766310712,359.515625,907.75,15
1766310712,0.703125,894,15
1766310712,1.921875,882.25,15
1766310712,3.03125,870,15
1766310712,4.296875,858.25,15
1766310712,5.5,847.5,15
1766310712,6.59375,838.25,15
1766310712,7.734375,828.75,15
1766310712,9.015625,819.75,15
1766310712,10.1875,812,15
1766310712,11.3125,803.75,15
1766310712,12.5,797,15
1766310712,13.65625,790,15
1766310712,14.875,783,15
1766310712,19.5625,1713.25,15
1766310712,20.71875,1703.5,15
1766310712,21.859375,1693.25,15
1766310712,23.015625,1684,15
1766310712,24.203125,1680.25,15
1766310712,25.34375,1663.5,15
1766310712,27.625,1706.75,15
1766310712,28.75,1700,15
1766310712,29.953125,1698.75,15
1766310712,31.0625,1698.5,15
1766310712,32.265625,1698.5,15
1766310712,33.40625,1695.75,15
1766310712,34.59375,1692.75,15
1766310712,35.796875,1693.75,15
1766310712,38.828125,906.25,15
1766310712,40.078125,894,15
1766310712,41.234375,888.25,15
1766310713,42.28125,892.75,15
1766310713,43.46875,901,15
1766310713,44.609375,903.75,15
1766310713,45.84375,900.25,15
1766310713,46.890625,905.75,15
1766310713,55.015625,921.75,12
1766310713,59,1462,15
1766310713,60.1875,1468.75,15
1766310713,61.296875,1479,15
1766310713,62.46875,1492.5,15
1766310713,63.578125,1504.25,15
1766310713,64.78125,1511.75,15
1766310713,65.921875,1497.75,15
1766310713,68.84375,950.25,15
1766310713,70,946.25,15
1766310713,75.609375,1048.5,15
1766310713,76.640625,1065,15
1766310713,82.484375,4219.25,15
1766310713,83.65625,4133.75,5
1766310713,84.8125,4071.5,9
1766310713,85.953125,4037,10
1766310713,88.34375,3298.25,15
1766310713,92.875,3832.25,15
1766310713,95.1875,3507.25,15
1766310713,96.375,3430.5,15
1766310713,97.515625,3372.25,15
1766310713,98.65625,3345.75,15
1766310713,99.8125,3295,15
1766310713,100.96875,3243.25,15
1766310713,102.125,3218,15
1766310713,113.6875,2500.75,8
1766310713,119.359375,2926,15
1766310713,120.484375,2940.75,15
1766310713,121.625,2945,15
1766310713,122.765625,2934,15
1766310713,126.234375,2916,15
1766310713,127.375,2903,15
1766310713,129.671875,2902,15
1766310713,130.796875,2908,15
1766310713,131.953125,2914.75,15
1766310713,137.671875,2956.75,15
1766310713,140.203125,1968.5,15
1766310713,146.921875,2703.75,15
1766310713,150.359375,2689,15
1766310713,151.484375,2693,15
1766310713,155.96875,3327,15
1766310713,157.0625,3402.5,15
1766310713,158.21875,3459.75,15
1766310713,159.359375,3476,15
1766310713,162.78125,3712.25,15
1766310713,170.84375,3469.75,15
1766310713,196.21875,2155.5,15
1766310713,198.765625,1615,15
1766310713,202.015625,1917,6
1766310713,216.0625,1524,15
1766310713,217.203125,1508.25,15
1766310713,219.46875,1606.75,15
1766310713,220.578125,1602.75,15
1766310713,221.78125,1604.25,15
1766310713,222.921875,1609.25,15
1766310713,224.03125,1611.5,15
1766310713,225.1875,1617.5,15
1766310713,226.296875,1625.75,15
1766310713,227.546875,1632,15
1766310713,228.671875,1637.5,15
1766310713,229.8125,1641.75,15
1766310713,230.9375,1647.5,15
1766310713,232.09375,1654,15
1766310713,233.265625,1665,15
1766310713,234.390625,1678.5,15
1766310713,235.515625,1688,15
1766310713,236.65625,1704.5,15
1766310713,237.8125,1723.75,15
1766310713,242.390625,1722.75,15
1766310713,243.53125,1741,15
1766310713,244.6875,1760.75,15
1766310713,245.828125,1780.5,15
1766310713,246.96875,1803,15
1766310713,248.109375,1833.25,15
1766310713,249.25,1858.5,15
1766310713,250.359375,1883.25,15
1766310713,251.5,1912.75,15
1766310713,252.625,1946.5,15
1766310713,253.796875,1979,15
1766310713,254.890625,2006.5,15
1766310713,270.59375,4559,4
1766310713,275,5222.5,15
1766310713,276.140625,5216.5,15
1766310713,280.75,4881.5,15
1766310713,281.890625,4824,15
1766310713,283.03125,4812.75,15
1766310713,285.359375,4171.25,15
1766310713,286.5,4169,15
1766310713,287.640625,4169,15
1766310713,288.78125,4169,15
1766310713,289.921875,4150.75,15
1766310713,291.046875,4091,15
1766310713,292.21875,4037.25,15
1766310713,293.359375,4004.75,15
1766310713,294.5,3961,15
1766310713,295.640625,3941,15
1766310713,296.78125,3954,15
1766310713,297.921875,3937.75,15
1766310713,299.078125,3930.75,15
1766310713,300.21875,3910,15
1766310713,301.359375,3872,15
1766310713,302.515625,3870.5,15
1766310713,303.640625,3858,15
1766310713,304.796875,3833.25,15
1766310713,305.9375,3832.5,15
1766310713,307.0625,3862.75,15
1766310713,308.203125,3850.5,15
1766310713,309.34375,3824.5,15
1766310713,310.5,3845.5,15
1766310713,311.640625,3854.5,15
1766310713,312.765625,3862,15
1766310713,313.890625,3883.75,15
1766310713,315.0625,3889.25,15
1766310713,316.1875,3899.25,15
1766310713,317.34375,3911,15
1766310713,318.484375,3918.5,15
1766310713,321.5,1252.75,15
1766310713,322.671875,1268,15
1766310713,327.96875,782.25,15
1766310713,329.109375,778.5,15
1766310713,330.296875,783,15
1766310713,333.28125,4211.75,15
1766310713,334.40625,4277.25,15
1766310713,336.671875,4454.25,15
1766310713,337.8125,4464.75,15
1766310713,338.984375,4469,15
1766310713,341.203125,5030,15
1766310713,344.46875,1195.5,15
1766310713,349.171875,5432.75,15
1766310713,352.625,5006.75,0
1766310713,358.515625,919.5,15
1766310713,359.625,906.25,15
1766310713,0.796875,894,15
1766310713,2,880.75,15
1766310713,3.078125,868.75,15
1766310713,4.328125,858.25,15
1766310713,5.390625,847.5,15
1766310713,6.609375,838,15
1766310713,7.6875,828.5,15
1766310713,8.984375,819.75,15
1766310713,10.046875,811.75,15
1766310713,11.234375,804.5,15
1766310713,12.453125,797.75,15
1766310713,13.6875,790.25,15
1766310713,14.71875,783.25,15
1766310713,18.3125,1721.25,15
1766310713,19.484375,1712.5,15
1766310713,20.609375,1703,15
1766310713,21.734375,1691.75,15
1766310713,22.90625,1679.75,15
1766310713,24.078125,1676.25,15
1766310713,25.21875,1671.5,15
1766310713,26.28125,1694,15
1766310713,27.46875,1713.5,15
1766310713,28.609375,1702.25,15
1766310713,29.78125,1698.5,15
1766310713,30.890625,1697.25,15
1766310713,32.046875,1693.25,15
1766310713,33.203125,1690.5,15
1766310713,34.34375,1694.75,15
1766310713,35.546875,1696,15
1766310713,36.75,1685,15
1766310713,39.765625,898.5,11
1766310713,40.921875,891.75,15
1766310713,42.03125,894.75,15
1766310713,43.265625,900.75,15
1766310713,44.390625,903.5,15
1766310713,45.46875,899.75,15
1766310713,46.609375,903,15
1766310713,53.546875,931,13
1766310713,58.625,1462.75,15
1766310713,59.875,1467.25,15
1766310713,61.015625,1475.25,15
1766310713,62.171875,1488.5,15
1766310713,63.265625,1499.25,15
1766310713,64.453125,1508.25,15
1766310713,65.5625,1501.25,15
1766310713,66.734375,1479.5,15
1766310713,69.640625,944,15
1766310713,70.71875,954.75,15
1766310713,72.640625,1353.5,15
1766310713,73.765625,1330.25,15
1766310713,76.265625,1060.75,15
1766310713,81.0625,4323.75,4
1766310713,82.203125,4284.75,15
1766310713,83.234375,4196.5,15
1766310713,84.390625,4095.5,8
1766310713,85.515625,4045.25,10
1766310713,87.890625,3305.25,15
1766310713,89.03125,3363.25,15
1766310713,90.140625,3445.25,15
1766310713,92.421875,3827.25,10
1766310713,93.546875,3758.5,15
1766310713,95.875,3457.5,15
1766310713,97.03125,3392.25,15
1766310713,98.171875,3354.25,15
1766310713,99.328125,3312.25,15
1766310713,100.46875,3256.25,15
1766310713,101.609375,3221.75,15
1766310713,103.953125,2773,15
1766310713,116.515625,2962,15
1766310713,119.9375,2942.5,15
1766310713,121.09375,2947.25,15
1766310713,122.203125,2943,15
1766310713,125.671875,2925.5,15
1766310713,126.8125,2910.25,15
1766310713,130.234375,2910.75,15
1766310713,131.265625,2914.25,15
1766310713,150.671875,2713.5,15
1766310713,152.9375,2804.5,15
1766310713,156.28125,3347.5,15
1766310713,157.421875,3427.5,15
1766310713,158.546875,3464.75,15
1766310713,159.703125,3478,15
1766310713,164.265625,3475.25,15
1766310713,167.703125,3286,15
1766310713,198.90625,1617,15
1766310713,216.21875,1518,15
1766310713,217.34375,1497,15
1766310713,219.5625,1602.5,15
1766310713,220.703125,1606.25,15
1766310713,221.828125,1610,15
1766310713,222.96875,1612.75,15
1766310713,224.171875,1613.25,15
1766310713,225.265625,1617.5,15
1766310713,226.40625,1625.75,15
1766310713,227.578125,1632.25,15
1766310713,228.71875,1637.5,15
1766310713,229.859375,1641.75,15
1766310713,230.953125,1647.75,15
1766310713,232.125,1654.75,15
1766310713,233.234375,1665.5,15
1766310713,234.390625,1678.5,15
1766310713,235.515625,1687.75,15
1766310713,236.625,1705,15
1766310713,237.765625,1723,15
1766310713,242.34375,1722.5,15
1766310713,243.46875,1740.75,15
1766310713,244.625,1760.25,15
1766310713,245.765625,1780.75,15
1766310713,246.890625,1801.25,15
1766310713,248.046875,1830.5,15
1766310713,249.125,1858,15
1766310713,250.265625,1880.25,15
1766310713,251.390625,1909.5,15
1766310713,252.515625,1945.5,15
1766310713,253.65625,1976,15
1766310713,254.78125,2004,15
1766310713,270.421875,4482.75,15
1766310713,274.90625,5219.25,15
1766310713,276.046875,5219.25,15
1766310713,279.484375,5026.75,15
1766310713,280.640625,4911,15
1766310713,281.765625,4838.75,15
1766310713,282.921875,4814.5,15
1766310713,285.25,4170,15
1766310713,286.390625,4169,15
1766310713,287.53125,4169,15
1766310713,288.671875,4169,15
1766310713,289.8125,4169,15
1766310713,290.953125,4132,15
1766310713,292.125,4057.75,15
1766310713,293.234375,3998,15
1766310713,294.390625,3969.75,15
1766310713,295.546875,3955.25,15
1766310713,296.671875,3937,15
1766310713,297.828125,3923.25,15
1766310713,298.890625,3930,15
1766310713,300.03125,3909.25,15
1766310713,301.171875,3875.75,15
1766310713,302.3125,3864.5,15
1766310713,303.453125,3844.5,15
1766310713,304.609375,3820,15
1766310713,305.734375,3826.5,15
1766310713,306.859375,3862.5,15
1766310713,308,3851.25,15
1766310713,309.140625,3819,15
1766310713,310.28125,3830,15
1766310713,311.40625,3856.75,15
1766310713,312.53125,3878,15
1766310713,313.671875,3895.25,15
1766310713,314.8125,3900.75,15
1766310713,315.953125,3903.25,15
1766310713,317.09375,3908.5,15
1766310713,318.21875,3911,15
1766310713,319.375,3911.5,15
1766310713,322.390625,1266.75,15
1766310713,327.703125,782.75,15
1766310713,328.90625,779,15
1766310713,329.984375,779.25,15
1766310713,333.03125,4191.75,15
1766310713,334.171875,4259.25,15
1766310713,335.296875,4347.75,15
1766310713,336.421875,4427,15
1766310713,337.5625,4465.5,15
1766310713,338.71875,4468.25,15
1766310713,339.84375,4509,15
1766310713,344.203125,1200.75,15
1766310713,345.359375,1181.5,15
1766310713,347.78125,5453.75,7
1766310713,348.921875,5447.75,15
1766310713,354.625,5226.5,15
1766310713,359.359375,908.75,15
1766310713,0.546875,894,15
1766310713,1.6875,882.75,15
1766310713,2.78125,873,15
1766310713,4.0625,861.5,15
1766310713,5.171875,850.75,15
1766310713,6.296875,841.5,15
1766310713,7.40625,831.25,15
1766310713,8.59375,822.75,15
1766310713,9.734375,815,15
1766310713,11.03125,806,15
1766310713,12.109375,798.5,15
1766310713,13.34375,793,15
1766310713,14.453125,785.75,15
1766310713,15.53125,791.25,12
1766310713,18.015625,1723.75,15
1766310713,19.140625,1714.75,15
1766310713,20.3125,1704.5,15
1766310713,21.46875,1696.25,15
1766310713,22.625,1689.5,15
1766310713,23.765625,1685,15
1766310713,24.890625,1678,15
1766310713,26.0625,1651.5,15
1766310713,28.296875,1704,15
1766310713,29.40625,1699,15
1766310713,30.609375,1698,15
1766310713,31.734375,1697,15
1766310713,32.890625,1695.75,15
1766310713,33.984375,1696,15
1766310713,35.25,1695.25,15
1766310713,36.328125,1698.75,9
1766310713,40.59375,891.75,15
1766310713,41.671875,888.75,15
1766310713,42.78125,895.25,15
1766310713,44.0625,902,15
1766310713,45.203125,898,15
1766310713,46.25,897,15
1766310713,47.375,912.75,9
1766310713,51.890625,935.5,9
1766310713,59.40625,1465,15
1766310713,60.546875,1473,15
1766310713,61.65625,1484,15
1766310713,62.84375,1496.75,15
1766310713,63.96875,1508.25,15
1766310713,65.125,1508.75,15
1766310713,66.28125,1488,15
1766310713,69.171875,946.5,15
1766310713,70.328125,949.75,15
1766310713,75.84375,1059,15
1766310713,85.09375,4085.75,6
1766310713,86.25,4043.25,12
1766310713,88.609375,3317.25,15
1766310713,91.984375,3861.5,12
1766310713,93.140625,3828.25,15
1766310713,96.609375,3428.25,15
1766310713,97.765625,3366,15
1766310713,98.90625,3324.75,15
1766310713,100.0625,3285,15
1766310713,101.203125,3241,15
1766310713,102.359375,3214.5,15
1766310713,112.6875,2496.25,9
1766310713,119.421875,2925,15
1766310713,120.578125,2940,15
1766310713,121.703125,2945.75,15
1766310713,122.859375,2935.5,15
1766310713,127.421875,2910.5,15
1766310713,129.6875,2902.25,15
1766310713,130.8125,2907.25,15
1766310713,131.96875,2914.25,15
1766310713,137.640625,2956.25,15
1766310713,140.15625,1962.25,15
1766310713,151.34375,2697.5,15
1766310713,153.59375,2809,8
1766310713,155.796875,3314.75,15
1766310713,158.046875,3459,15
1766310713,159.203125,3474.5,15
1766310713,170.5625,3459.5,15
1766310713,172.828125,3541.75,15
1766310713,175.078125,3755.5,10
1766310713,196.015625,2149.5,15
1766310713,201.734375,1928.25,12
1766310713,215.734375,1523.75,15
1766310713,216.859375,1504.25,15
1766310713,220.25,1601.5,15
1766310713,221.390625,1605.75,15
1766310713,222.515625,1608.75,15
1766310713,223.640625,1609.75,15
1766310713,224.78125,1616.75,15
1766310713,225.90625,1622.25,15
1766310713,227.09375,1630.5,15
1766310713,228.265625,1638,15
1766310713,229.359375,1638.25,15
1766310713,230.5625,1643,15
1766310713,231.703125,1652.5,15
1766310713,232.796875,1662.25,15
1766310713,233.96875,1675,15
1766310713,235.109375,1687.75,15
1766310713,236.25,1701,15
1766310713,237.34375,1717.25,15
1766310713,238.5,1729.5,15
1766310713,239.609375,1757.5,15
1766310713,240.78125,1756,15
1766310713,241.90625,1727.5,15
1766310713,243.078125,1733.25,15
1766310713,244.234375,1751.75,15
1766310713,245.375,1772.5,15
1766310713,246.5,1798,15
1766310713,247.609375,1820,15
1766310713,248.765625,1846.5,15
1766310713,249.875,1874.5,15
1766310713,251.015625,1899,15
1766310713,252.15625,1932,15
1766310713,253.328125,1965,15
1766310713,254.46875,1999,15
1766310713,255.59375,2029,15
1766310713,272.375,4453.5,9
1766310713,274.5625,5267.25,15
1766310713,275.71875,5257.75,15
1766310713,276.859375,5219.25,15
1766310713,278.03125,5173.5,15
1766310713,279.171875,5069.25,15
1766310713,280.3125,4974.25,15
1766310713,281.484375,4874.25,15
1766310713,282.625,4811,15
1766310713,284.953125,4169,15
1766310713,286.09375,4169,15
1766310713,287.234375,4169,15
1766310713,288.390625,4169,15
1766310713,289.5,4166,15
1766310713,290.671875,4137.25,15
1766310713,291.8125,4083.5,15
1766310713,292.96875,4018.75,15
1766310713,294.125,3970.5,15
1766310713,295.265625,3944.5,15
1766310713,296.40625,3926,15
1766310713,297.546875,3920.5,15
1766310713,298.734375,3927,15
1766310713,299.890625,3904,15
1766310713,301.03125,3872.5,15
1766310713,302.171875,3864,15
1766310713,303.328125,3843.5,15
1766310713,304.484375,3815.25,15
1766310713,305.609375,3826,15
1766310713,306.765625,3841.25,15
1766310713,307.890625,3831,15
1766310713,309.0625,3820.75,15
1766310713,310.1875,3822.5,15
1766310713,311.328125,3851.5,15
1766310713,312.484375,3878.5,15
1766310713,313.625,3890.75,15
1766310713,314.78125,3896.25,15
1766310713,315.921875,3903.25,15
1766310713,317.078125,3908.75,15
1766310713,318.21875,3910.5,15
1766310713,319.359375,3911,15
1766310713,322.4375,1267,15
1766310713,327.828125,782.25,15
1766310713,328.96875,778.5,15
1766310713,330.046875,779.5,15
1766310713,333.125,4193.5,15
1766310713,334.234375,4260.75,15
1766310713,335.390625,4349.5,15
1766310713,336.515625,4429,15
1766310713,337.65625,4465.5,15
1766310713,338.8125,4471.5,15
1766310713,339.96875,4515.5,15
1766310713,344.296875,1195.25,15
1766310713,345.4375,1174,15
1766310713,347.9375,5463.75,7
1766310713,349.09375,5448.25,5
1766310713,352.546875,5006.75,2
1766310713,359.609375,907.5,15
1766310713,0.703125,894,15
1766310713,1.953125,881,15
1766310713,3.171875,868.75,15
1766310713,4.328125,858.25,15
1766310713,5.4375,847.5,15
1766310713,6.640625,838,15
1766310713,7.71875,828.75,15
1766310713,8.859375,820,15
1766310713,10.0625,812,15
1766310713,11.25,803.75,15
1766310713,12.40625,797.25,15
1766310713,13.5625,790.5,15
1766310713,14.78125,783.25,15
1766310713,18.3125,1721.5,15
1766310713,19.453125,1713,15
1766310713,20.578125,1703,15
1766310713,21.734375,1692.25,15
1766310713,22.875,1680.5,15
1766310713,24.03125,1676.75,15
1766310713,25.21875,1671.5,15
1766310713,26.296875,1690.25,15
1766310713,27.46875,1710.5,15
1766310713,28.59375,1706.25,15
1766310713,29.75,1701.75,15
1766310713,30.921875,1697.25,15
1766310713,32.09375,1693.25,15
1766310713,33.203125,1690.75,15
1766310713,34.3125,1694.5,15
1766310713,35.609375,1695.25,15
1766310713,36.734375,1689.25,15
1766310713,39.84375,900.5,15
1766310713,40.96875,890.25,15
1766310713,42.125,893.25,15
1766310713,43.296875,900.75,15
1766310713,44.359375,903.75,15
1766310713,45.5625,900,15
1766310713,46.65625,903.5,15
1766310713,53.515625,945,15
1766310713,58.6875,1462,15
1766310713,59.953125,1467,15
1766310713,61.015625,1476,15
1766310713,62.21875,1489.5,15
1766310713,63.359375,1501,15
1766310713,64.453125,1509.5,15
1766310713,65.65625,1501,15
1766310713,66.84375,1477.75,15
1766310713,69.703125,944.5,15
1766310713,70.859375,955,15
1766310713,72.640625,1351.25,15
1766310713,73.8125,1327.75,15
1766310713,76.453125,1064.25,15
1766310713,81.140625,4262.25,15
1766310713,82.28125,4234,15
1766310713,83.421875,4170.75,15
1766310713,84.578125,4091.5,5
1766310713,85.734375,4048,15
1766310713,88.109375,3305.25,15
1766310713,89.265625,3371.75,15
1766310713,90.390625,3464,15
1766310713,93.8125,3717.75,4
1766310713,96.140625,3437,15
1766310713,97.296875,3372.5,15
1766310713,98.453125,3340.5,15
1766310713,99.640625,3298.75,15
1766310713,100.765625,3246,15
1766310713,101.921875,3220.5,15
1766310713,110.03125,2481.25,8
1766310713,113.5,2497.25,14
1766310713,119.15625,2933.75,15
1766310713,120.296875,2942,15
1766310713,121.4375,2951.5,15
1766310713,122.59375,2941.5,15
1766310713,126.03125,2930.75,15
1766310713,127.171875,2911,15
1766310713,130.625,2899.5,15
1766310713,131.765625,2912.75,15
1766310713,151.28125,2705.25,15
1766310713,153.546875,2810.25,15
1766310713,155.796875,3314,15
1766310713,158.0625,3458.5,15
1766310713,159.21875,3475.25,15
1766310713,162.65625,3741.25,15
1766310713,170.71875,3473.25,15
1766310713,175.25,3772.75,13
1766310713,196.203125,2156.75,15
1766310713,202.015625,1917.5,6
1766310713,216.046875,1527.25,15
1766310713,217.1875,1508,15
1766310713,220.59375,1604.5,15
1766310713,221.765625,1605.75,15
1766310713,222.875,1609,15
1766310713,224.015625,1610.75,15
1766310713,225.203125,1616.75,15
1766310713,226.3125,1625.75,15
1766310713,227.53125,1632.25,15
1766310713,228.640625,1637.75,15
1766310713,229.828125,1641.75,15
1766310713,230.96875,1647.75,15
1766310713,232.09375,1654.75,15
1766310713,233.25,1665.75,15
1766310713,234.40625,1678.5,15
1766310713,235.546875,1688,15
1766310713,236.6875,1705.25,15
1766310713,237.828125,1724.25,15
1766310713,242.4375,1722.75,15
1766310713,243.53125,1742.75,15
1766310713,244.71875,1762.25,15
1766310713,245.828125,1781,15
1766310713,246.953125,1803.5,15
1766310713,248.109375,1837.25,15
1766310713,249.296875,1862.5,15
1766310713,250.375,1883,15
1766310713,251.578125,1913.75,15
1766310713,252.71875,1950.25,15
1766310713,253.890625,1982.25,15
1766310713,255.015625,2012,15
1766310713,275.21875,5220.75,15
1766310713,276.359375,5219.25,15
1766310713,277.53125,5167.25,15
1766310713,278.65625,5072,15
1766310713,279.828125,5008.25,15
1766310713,280.984375,4915.5,15
1766310713,282.140625,4827.25,15
1766310713,283.296875,4812.75,15
1766310713,285.625,4169,15
1766310713,286.78125,4169,15
1766310713,287.921875,4169,15
1766310713,289.078125,4169,15
1766310713,290.21875,4168,15
1766310713,292.53125,4015.5,15
1766310713,293.671875,3984.5,15
1766310713,294.828125,3963.25,15
1766310713,295.984375,3949.5,15
1766310713,297.125,3928.25,15
1766310713,298.25,3928.75,15
1766310713,299.46875,3920.75,15
1766310713,300.625,3885.5,15
1766310713,301.765625,3875,15
1766310713,302.9375,3861,15
1766310713,304.09375,3829.5,15
1766310713,305.234375,3846.25,15
1766310713,306.390625,3873.5,15
1766310713,307.53125,3860,15
1766310713,308.703125,3829.25,15
1766310713,309.8125,3818.75,15
1766310713,310.96875,3843.5,15
1766310713,312.140625,3868.75,15
1766310713,313.28125,3880.25,15
1766310713,314.421875,3888.25,15
1766310713,315.578125,3894.75,15
1766310713,316.734375,3902.25,15
1766310713,317.875,3910.75,15
1766310713,319.03125,3912,15
1766310713,322.109375,1262.75,15
1766310713,323.34375,1278.75,15
1766310713,327.515625,783.25,15
1766310713,328.640625,779.5,15
1766310713,329.859375,778.25,15
1766310713,332.90625,4193.5,15
1766310713,334.046875,4258,15
1766310713,335.203125,4350.25,15
1766310713,336.34375,4427.25,15
1766310713,337.484375,4464.5,15
1766310713,338.65625,4467.75,15
1766310713,339.796875,4510,15
1766310713,344.1875,1200.5,15
1766310713,345.375,1181.75,15
1766310713,347.828125,5453.75,7
1766310713,348.96875,5446.25,15
1766310713,352.46875,5006.75,4
1766310713,359.515625,907.5,15
1766310713,0.78125,894,15
1766310713,1.84375,882,15
1766310713,3.125,869.75,15
1766310713,4.203125,858.25,15
1766310713,5.421875,847.5,15
1766310713,6.59375,838,15
1766310713,7.765625,828.75,15
1766310713,9,820,15
1766310713,10.0625,811.75,15
1766310713,11.203125,804,15
1766310713,12.375,797.5,15
1766310713,13.671875,790.25,15
1766310713,14.765625,783,15
1766310713,18.375,1721.5,15
1766310713,19.515625,1712.5,15
1766310713,20.6875,1703,15
1766310713,21.828125,1692.25,15
1766310713,22.96875,1683.75,15
1766310713,24.171875,1680,15
1766310713,25.34375,1663.25,15
1766310713,27.640625,1707.5,15
1766310713,28.75,1700,15
1766310713,29.921875,1698.75,15
1766310713,31.0625,1698.25,15
1766310713,32.203125,1698.25,15
1766310713,33.34375,1695.25,15
1766310713,34.546875,1692.25,15
1766310713,35.78125,1694,15
1766310713,38.828125,906.75,15
1766310713,40.0625,894.5,15
1766310713,41.25,888.5,15
1766310713,42.296875,893,15
1766310713,43.515625,901,15
1766310713,44.609375,903.75,15
1766310713,45.859375,899.75,15
1766310713,46.953125,905.25,15
1766310713,59.09375,1461.5,15
1766310713,60.21875,1468.25,15
1766310713,61.390625,1478.75,15
1766310713,62.578125,1492,15
1766310713,63.734375,1503.5,15
1766310713,64.84375,1511.25,15
1766310713,66.046875,1497.25,15
1766310713,68.921875,948.25,15
1766310713,70.015625,948.25,15
1766310713,75.765625,1054.75,15
1766310713,82.71875,4247,15
1766310713,83.890625,4166.25,6
1766310713,85.0625,4080.5,7
1766310713,86.21875,4041.5,13
1766310713,88.59375,3319,15
1766310713,92.015625,3860.75,11
1766310713,93.171875,3826,15
1766310713,96.703125,3421,15
1766310713,97.859375,3362.75,15
1766310713,99.015625,3327,15
1766310713,100.171875,3280.25,15
1766310713,101.328125,3235.25,15
1766310713,102.5,3213.25,15
1766310713,109.515625,2495.25,8
1766310713,112.953125,2494.25,10
1766310713,116.359375,2960.75,15
1766310713,119.8125,2935.5,15
1766310713,120.953125,2941.5,15
1766310713,122.125,2943.25,15
1766310713,125.59375,2923.75,15
1766310713,126.734375,2920.25,15
1766310713,130.1875,2921.5,15
1766310713,131.359375,2914.75,15
1766310713,137.109375,2959.75,15
1766310713,138.25,2954.75,15
1766310713,144.046875,3032.75,15
1766310713,151.03125,2708,15
1766310713,153.28125,2825.5,11
1766310713,156.71875,3372,15
1766310713,157.875,3449.75,15
1766310713,159,3477.5,15
1766310713,163.625,3478.5,15
1766310713,170.5625,3457.5,15
1766310713,172.84375,3541.5,14
1766310713,175.140625,3771.75,10
1766310713,196.25,2155.5,15
1766310713,198.828125,1618.5,15
1766310713,202.078125,1914.5,6
1766310713,216.234375,1519.5,15
1766310713,217.40625,1502.5,15
1766310713,219.6875,1605.5,15
1766310713,220.8125,1604.5,15
1766310713,222,1608.75,15
1766310713,223.15625,1611,15
1766310713,224.328125,1612.5,15
1766310713,225.4375,1617.5,15
1766310713,226.59375,1624.25,15
1766310713,227.84375,1629.75,15
1766310713,228.953125,1637.25,15
1766310713,230.109375,1643,15
1766310713,231.3125,1647.75,15
1766310713,232.484375,1654.5,15
1766310713,233.625,1665,15
1766310713,234.78125,1679,15
1766310713,235.890625,1697.75,15
1766310713,237.0625,1714,15
1766310713,238.234375,1725.5,15
1766310713,241.6875,1731.25,15
1766310713,242.890625,1730.75,15
1766310713,243.984375,1749.5,15
1766310713,245.1875,1768.5,15
1766310713,246.296875,1787,15
1766310713,247.4375,1813.75,15
1766310713,248.59375,1844.5,15
1766310713,249.765625,1867.75,15
1766310713,250.828125,1898.25,15
1766310713,251.96875,1929.75,15
1766310713,253.109375,1956,15
1766310713,254.28125,1991.75,15
1766310713,255.40625,2025.25,15
1766310713,272.390625,4445.75,14
1766310713,274.578125,5268,15
1766310713,275.71875,5256.5,15
1766310713,276.890625,5215.25,15
1766310713,278.046875,5170.25,15
1766310713,279.203125,5068.75,15
1766310713,280.359375,4951.5,15
1766310713,281.53125,4852.75,15
1766310713,282.6875,4811,15
1766310713,285.03125,4169,15
1766310713,286.171875,4169,15
1766310713,287.328125,4169,15
1766310713,288.484375,4169,15
1766310713,289.609375,4166.25,15
1766310713,290.796875,4130.25,15
1766310713,291.9375,4063,15
1766310713,293.09375,4007,15
1766310713,294.25,3975,15
1766310713,295.421875,3956.75,15
1766310713,296.5625,3939.25,15
1766310713,297.734375,3924.25,15
1766310713,298.890625,3933.5,15
1766310713,300.0625,3914.25,15
1766310713,301.21875,3877.75,15
1766310713,302.375,3872.75,15
1766310713,303.515625,3853.25,15
1766310713,304.6875,3825.25,15
1766310713,305.84375,3831.25,15
1766310713,306.984375,3861.25,15
1766310713,308.140625,3846,15
1766310713,309.296875,3827.75,15
1766310713,310.4375,3849.75,15
1766310713,311.59375,3855.25,15
1766310713,312.75,3864.25,15
1766310713,313.90625,3883.75,15
1766310713,315.046875,3889.5,15
1766310713,316.203125,3897.75,15
1766310713,317.359375,3908.5,15
1766310713,318.515625,3919.75,15
1766310713,321.578125,1248.75,15
1766310713,322.734375,1268.5,15
1766310713,326.953125,786.25,15
1766310713,328.109375,781.75,15
1766310713,329.21875,778.5,15
1766310713,330.375,784.25,15
1766310713,333.53125,4231.75,15
1766310713,334.6875,4341,15
1766310713,335.828125,4428.75,15
1766310713,336.96875,4462.5,15
1766310713,338.15625,4466.5,15
1766310713,339.296875,4488.25,15
1766310713,341.5625,5040.5,15
1766310713,347.296875,5450.25,6
1766310713,348.4375,5450.25,15
1766310713,351.921875,5034.5,15
1766310713,353.078125,5034.5,0
1766310713,358.984375,914.5,15
1766310713,0.21875,899.5,15
1766310713,1.40625,886.75,15
1766310713,2.53125,876,15
1766310713,3.703125,865,15
1766310713,4.828125,853,15
1766310713,6.046875,842.75,15
1766310713,7.171875,833.5,15
1766310713,8.4375,824.5,15
1766310713,9.5625,815.75,15
1766310713,10.703125,807,15
1766310713,12.015625,798.75,15
1766310713,13.140625,792.25,15
1766310713,14.21875,785.75,15
1766310713,15.375,788.25,13
1766310713,17.90625,1721.5,15
1766310713,19.0625,1716.5,15
1766310713,20.203125,1706.75,15
1766310713,21.359375,1696.5,15
1766310713,22.515625,1688.75,15
1766310713,23.703125,1684,15
1766310713,24.84375,1677.75,15
1766310713,26,1652,15
1766310713,28.265625,1703.75,15
1766310713,29.46875,1698.75,15
1766310713,30.59375,1698.75,15
1766310713,31.734375,1701.25,15
1766310713,32.921875,1699.75,15
1766310713,34.046875,1696.25,15
1766310713,35.328125,1691.5,15
1766310713,40.78125,891.75,15
1766310713,41.953125,889.75,15
1766310713,43.09375,897,15
1766310713,44.25,902.5,15
1766310713,45.359375,897.75,15
1766310713,46.453125,899.75,15
1766310713,51.0625,917.75,10
1766310713,52.296875,929.25,14
1766310713,53.421875,930,15
1766310713,58.6875,1461.5,15
1766310713,59.828125,1466.5,15
1766310713,60.921875,1474.25,15
1766310713,62.046875,1487.75,15
1766310713,63.234375,1499.5,15
1766310713,64.375,1508.5,15
1766310713,65.578125,1501,15
1766310713,66.71875,1478.75,15
1766310713,69.625,944.25,15
1766310713,70.71875,954.5,15
1766310713,72.625,1353.5,15
1766310713,73.78125,1329.5,15
1766310713,76.359375,1060.75,15
1766310713,83.359375,4174.75,15
1766310713,84.515625,4096,6
1766310713,85.65625,4050,11
1766310713,88.03125,3308.25,15
1766310713,89.171875,3371.75,15
1766310713,90.328125,3460,15
1766310713,92.609375,3809.5,14
1766310713,93.78125,3722.75,3
1766310713,96.09375,3438.75,15
1766310713,97.25,3374,15
1766310713,98.421875,3346,15
1766310713,99.59375,3304,15
1766310713,100.75,3244.75,15
1766310713,101.875,3220.75,15
1766310713,104.25,2774.75,15
1766310713,110.046875,2483,8
1766310713,112.328125,2481.5,8
1766310713,113.453125,2505.75,14
1766310713,119.140625,2934.5,15
1766310713,120.296875,2942,15
1766310713,121.421875,2952.25,15
1766310713,122.59375,2941.75,15
1766310713,127.21875,2903.75,15
1766310713,130.671875,2898.5,15
1766310713,131.84375,2915.25,15
1766310713,151.46875,2699,15
1766310713,155.9375,3325.5,15
1766310713,157.0625,3401,15
1766310713,158.203125,3459.25,15
1766310713,159.359375,3477.5,15
1766310713,162.8125,3713.25,15
1766310713,170.875,3472.25,15
1766310713,173.15625,3552.5,9
1766310713,198.9375,1617,15
1766310713,216.40625,1510.75,15
1766310713,217.59375,1494.75,15
1766310713,219.765625,1600.75,15
1766310713,220.96875,1601.75,15
1766310713,222.109375,1606.25,15
1766310713,223.21875,1610,15
1766310713,224.390625,1614.5,15
1766310713,225.578125,1619.5,15
1766310713,226.734375,1625.5,15
1766310713,227.90625,1631.5,15
1766310713,229.109375,1638,15
1766310713,230.265625,1643.75,15
1766310713,231.40625,1648.5,15
1766310713,232.546875,1655,15
1766310713,233.703125,1667,15
1766310713,234.828125,1681.75,15
1766310713,236,1698.5,15
1766310713,237.15625,1718,15
1766310713,238.28125,1729.5,15
1766310713,241.78125,1725.25,15
1766310713,242.90625,1731.25,15
1766310713,244.0625,1749.75,15
1766310713,245.234375,1768.25,15
1766310713,246.375,1787,15
1766310713,247.5,1812.75,15
1766310713,248.65625,1843.75,15
1766310713,249.8125,1868,15
1766310713,250.890625,1896.25,15
1766310713,252.03125,1928,15
1766310713,253.171875,1960,15
1766310713,254.34375,1996.25,15
1766310713,255.453125,2026.25,15
1766310713,272.40625,4446,12
1766310713,275.6875,5219.25,15
1766310713,276.84375,5215.5,15
1766310713,278,5171.5,15
1766310713,279.15625,5072.25,15
1766310713,280.296875,4955.5,15
1766310713,281.46875,4854.5,15
1766310713,282.609375,4811,15
1766310713,284.953125,4169,15
1766310713,286.109375,4169,15
1766310713,287.25,4169,15
1766310713,288.390625,4169,15
1766310713,289.546875,4165.5,15
1766310713,290.6875,4157.5,15
1766310713,291.859375,4104.25,15
1766310713,293,4020.25,15
1766310713,294.15625,3972,15
1766310713,295.3125,3951.5,15
1766310713,296.453125,3935.75,15
1766310713,297.609375,3923.5,15
1766310713,298.75,3926.5,15
1766310713,299.90625,3903.75,15
1766310713,301.03125,3873.5,15
1766310713,302.203125,3864.75,15
1766310713,303.359375,3842.75,15
1766310713,304.515625,3816.75,15
1766310713,305.65625,3827,15
1766310713,306.828125,3839.75,15
1766310713,307.953125,3830,15
1766310713,309.109375,3819.75,15
1766310713,310.234375,3823.25,15
1766310713,311.390625,3854.25,15
1766310713,312.53125,3879,15
1766310713,313.671875,3893.5,15
1766310713,314.828125,3899.5,15
1766310713,315.984375,3902.5,15
1766310713,317.140625,3907.5,15
1766310713,318.28125,3911,15
1766310713,319.4375,3911,15
1766310713,322.53125,1267,15
1766310713,327.6875,782.25,15
1766310713,329,778.5,15
1766310713,329.984375,781.25,15
1766310713,333.125,4194.75,15
1766310713,334.25,4261.75,15
1766310713,335.390625,4350.75,15
1766310713,336.53125,4429.75,15
1766310713,337.671875,4465.5,15
1766310713,338.828125,4474,15
1766310713,339.96875,4519.75,15
1766310713,344.34375,1195,15
1766310713,345.453125,1174,11
1766310713,347.953125,5454.75,5
1766310713,349.109375,5437.5,6
1766310713,351.421875,5006.75,0
1766310713,352.5625,5006.75,3
1766310713,359.65625,906.25,15
1766310713,0.828125,894,15
1766310713,1.9375,880.75,15
1766310713,3.125,868.75,15
1766310713,4.359375,858,15
1766310713,5.53125,847.25,15
1766310713,6.671875,837.75,15
1766310713,7.734375,828.75,15
1766310713,8.921875,820,15
1766310713,10.046875,811.75,15
1766310713,11.296875,804,15
1766310713,12.515625,797.5,15
1766310713,13.671875,789.75,15
1766310713,14.828125,782.75,15
1766310713,19.484375,1712.5,15
1766310713,20.640625,1703,15
1766310713,21.796875,1692.25,15
1766310713,22.953125,1683.5,15
1766310713,24.09375,1680,15
1766310713,25.265625,1667,15
1766310713,27.5,1709.75,15
1766310713,28.65625,1702.25,15
1766310713,29.84375,1702.25,15
1766310713,30.984375,1701.5,15
1766310713,32.140625,1697,15
1766310713,33.265625,1693.75,15
1766310713,34.375,1694,15
1766310713,35.703125,1695.25,15
1766310713,36.828125,1696.25,15
1766310713,39.953125,893,15
1766310713,41,889,15
1766310713,42.140625,893.5,15
1766310713,43.34375,901.25,15
1766310713,44.5,904,15
1766310713,45.65625,900,15
1766310713,46.71875,903.75,15
1766310713,53.703125,919,10
1766310713,54.78125,924.5,8
1766310713,58.859375,1459.75,15
1766310713,59.9375,1467.25,15
1766310713,61.09375,1476.25,15
1766310713,62.234375,1488.75,15
1766310713,63.359375,1500.25,15
1766310713,64.53125,1509.25,15
1766310713,65.734375,1500.25,15
1766310713,66.828125,1477.5,15
1766310713,69.65625,944.5,15
1766310713,70.8125,954.75,15
1766310713,72.671875,1349.75,15
1766310713,73.90625,1327.25,15
1766310713,76.453125,1064.25,15
1766310713,84.546875,4100.5,6
1766310713,85.703125,4051.75,11
1766310713,88.078125,3304,15
1766310713,89.203125,3371.5,15
1766310713,90.328125,3461.25,15
1766310713,93.78125,3720,15
1766310713,96.078125,3504.75,15
1766310713,98.375,3346.5,15
1766310713,99.546875,3304.5,15
1766310713,100.6875,3244.75,15
1766310713,101.84375,3218.25,15
1766310713,104.203125,2774.75,15
1766310713,113.375,2519.5,15
1766310713,116.734375,2972,15
1766310713,119.015625,2949.25,15
1766310713,120.1875,2950,15
1766310713,121.328125,2956.25,15
1766310713,122.484375,2939.75,15
1766310714,125.90625,2918,15
1766310714,127.046875,2913.5,15
1766310714,130.46875,2921.75,15
1766310714,131.640625,2918.25,15
1766310714,138.46875,2958,15
1766310714,151.125,2708.75,15
1766310714,156.71875,3373.5,15
1766310714,157.859375,3450,15
1766310714,159,3476.25,15
1766310714,168.171875,3333.5,14
1766310714,169.3125,3402.25,15
1766310714,170.4375,3458.25,15
1766310714,174.96875,3754.75,15
1766310714,201.625,1935.75,11
1766310714,215.625,1526.75,15
1766310714,216.8125,1505,15
1766310714,220.171875,1601.5,15
1766310714,221.359375,1602.75,15
1766310714,222.453125,1606,15
1766310714,223.640625,1610.25,15
1766310714,224.765625,1616.25,15
1766310714,225.9375,1621,15
1766310714,227.046875,1626.25,15
1766310714,228.203125,1634.25,15
1766310714,229.34375,1640.75,15
1766310714,230.453125,1645.5,15
1766310714,231.609375,1652.5,15
1766310714,232.734375,1660.5,15
1766310714,233.90625,1672.75,15
1766310714,235.03125,1687.25,15
1766310714,236.171875,1698.75,15
1766310714,237.296875,1714.5,15
1766310714,238.40625,1729,15
1766310714,241.890625,1723,15
1766310714,243.046875,1732.25,15
1766310714,244.171875,1751,15
1766310714,245.265625,1769.25,15
1766310714,246.390625,1794.25,15
1766310714,247.546875,1816.25,15
1766310714,248.703125,1840.75,15
1766310714,249.828125,1871.25,15
1766310714,250.96875,1898.75,15
1766310714,252.046875,1928.5,15
1766310714,253.203125,1960,15
1766310714,254.34375,1995.5,15
1766310714,255.46875,2026.75,15
1766310714,272.234375,4446,15
1766310714,273.40625,4347.5,11
1766310714,275.5625,5227.25,15
1766310714,276.703125,5216.5,15
1766310714,277.84375,5187.75,15
1766310714,279.015625,5090,15
1766310714,280.140625,4962.25,15
1766310714,281.28125,4868.5,15
1766310714,282.453125,4823.5,15
1766310714,284.765625,4187,15
1766310714,285.90625,4169,15
1766310714,287.046875,4169,15
1766310714,288.1875,4169,15
1766310714,289.34375,4169,15
1766310714,290.46875,4167,15
1766310714,292.78125,4026.75,15
1766310714,293.921875,3998.5,15
1766310714,295.0625,3956.25,15
1766310714,296.1875,3940.25,15
1766310714,297.328125,3943.25,15
1766310714,298.5,3929,15
1766310714,299.640625,3929.75,15
1766310714,300.78125,3912.25,15
1766310714,301.921875,3871,15
1766310714,303.078125,3855.25,15
1766310714,304.203125,3824.25,15
1766310714,305.359375,3842,15
1766310714,306.484375,3847.25,15
1766310714,307.625,3842,15
1766310714,308.78125,3839.75,15
1766310714,309.921875,3815.25,15
1766310714,311.046875,3837.75,15
1766310714,312.1875,3867,15
1766310714,313.328125,3886,15
1766310714,314.46875,3892,15
1766310714,315.625,3892,15
1766310714,316.765625,3902.5,15
1766310714,317.90625,3910.5,15
1766310714,319.046875,3911.75,15
1766310714,322.0625,1256.25,15
1766310714,323.265625,1273.75,15
1766310714,327.40625,783.75,15
1766310714,328.578125,779.5,15
1766310714,329.640625,778.25,15
1766310714,333.84375,4218.25,15
1766310714,335,4313.75,15
1766310714,336.109375,4411.75,15
1766310714,337.25,4458.5,15
1766310714,338.390625,4480.25,15
1766310714,339.53125,4524,15
1766310714,341.796875,5049.25,15
1766310714,345,1178.25,15
1766310714,347.484375,5454,4
1766310714,348.625,5390.25,15
1766310714,352.0625,5035.75,15
1766310714,353.21875,5035.75,3
1766310714,359.109375,913.5,15
1766310714,0.1875,899.5,15
1766310714,1.484375,887,15
1766310714,2.5625,876,15
1766310714,3.75,864.5,15
1766310714,4.875,852.75,15
1766310714,6.046875,842.75,15
1766310714,7.265625,833.25,15
1766310714,8.390625,824.25,15
1766310714,9.46875,815.75,15
1766310714,10.671875,808.25,15
1766310714,11.90625,800,15
1766310714,13.125,792.5,15
1766310714,14.171875,785.75,15
1766310714,15.3125,788,12
1766310714,17.828125,1716,15
1766310714,18.96875,1715.5,15
1766310714,20.140625,1707.5,15
1766310714,21.265625,1698.5,15
1766310714,22.390625,1690,15
1766310714,23.578125,1683,15
1766310714,24.734375,1677.75,15
1766310714,25.859375,1655.75,15
1766310714,28.140625,1702.25,15
1766310714,29.265625,1699,15
1766310714,30.4375,1696.5,15
1766310714,31.5625,1695.5,15
1766310714,32.703125,1695.5,15
1766310714,33.84375,1694.5,15
1766310714,35.0625,1694.25,15
1766310714,36.15625,1694.5,15
1766310714,40.484375,893.5,15
1766310714,41.609375,887.75,15
1766310714,42.640625,894,15
1766310714,43.859375,902,15
1766310714,44.96875,897.5,15
1766310714,46.171875,894,15
1766310714,51.78125,938.25,8
1766310714,55.28125,929,11
1766310714,59.296875,1465.75,15
1766310714,60.40625,1469.5,15
1766310714,61.5625,1480.25,15
1766310714,62.671875,1493.5,15
1766310714,63.8125,1503.75,15
1766310714,65,1507.5,15
1766310714,66.1875,1493,15
1766310714,69.046875,948,15
1766310714,70.125,948.25,15
1766310714,75.71875,1054.5,15
1766310714,82.640625,4263.25,15
1766310714,84.96875,4078.25,6
1766310714,86.09375,4039.25,12
1766310714,88.46875,3321.75,15
1766310714,89.59375,3405.25,15
1766310714,91.828125,3847.75,15
1766310714,93,3832,15
1766310714,94.15625,3746.25,15
1766310714,96.46875,3437,15
1766310714,97.59375,3374.75,15
1766310714,98.765625,3346,15
1766310714,99.921875,3296.75,15
1766310714,101.078125,3240,15
1766310714,102.21875,3214,15
1766310714,119.34375,2925.75,15
1766310714,120.484375,2941.25,15
1766310714,121.640625,2947,15
1766310714,122.796875,2935.5,15
1766310714,127.359375,2909.25,15
1766310714,130.734375,2902.75,15
1766310714,131.859375,2915.5,15
1766310714,137.5625,2953.25,15
1766310714,151.28125,2707.5,15
1766310714,153.515625,2807.5,12
1766310714,155.71875,3314.25,15
1766310714,157.984375,3461.25,15
1766310714,159.125,3476.5,15
1766310714,163.6875,3478.25,15
1766310714,170.53125,3456.75,15
1766310714,172.796875,3539,14
1766310714,175.046875,3756.25,8
1766310714,195.9375,2139.5,15
1766310714,201.703125,1931,15
1766310714,215.75,1524.5,15
1766310714,216.890625,1505,15
1766310714,220.21875,1598.75,15
1766310714,221.390625,1599.75,15
1766310714,222.5,1605.5,15
1766310714,223.671875,1609.25,15
1766310714,224.78125,1615.5,15
1766310714,225.953125,1621.25,15
1766310714,227.1875,1630,15
1766310714,228.328125,1637.25,15
1766310714,229.421875,1638.75,15
1766310714,230.640625,1643.5,15
1766310714,231.734375,1650.75,15
1766310714,232.90625,1660,15
1766310714,234.015625,1670.25,15
1766310714,235.140625,1682.5,15
1766310714,236.328125,1699.75,15
1766310714,237.4375,1716,15
1766310714,238.578125,1727.25,15
1766310714,239.734375,1756.25,15
1766310714,242.046875,1726.75,15
1766310714,243.1875,1734.5,15
1766310714,244.296875,1755.5,15
1766310714,245.453125,1777,15
1766310714,246.609375,1797.5,15
1766310714,247.734375,1823.5,15
1766310714,248.859375,1850.75,15
1766310714,249.984375,1877.75,15
1766310714,251.15625,1904.5,15
1766310714,252.265625,1933.5,15
1766310714,253.421875,1966,15
1766310714,254.53125,2001,15
1766310714,255.671875,2038.75,15
1766310714,270.234375,4452.75,15
1766310714,271.359375,4475.25,15
1766310714,272.53125,4455.75,15
1766310714,274.78125,5224,15
1766310714,275.921875,5223.75,15
1766310714,279.390625,5017,15
1766310714,280.546875,4915.25,15
1766310714,281.6875,4844.75,15
1766310714,282.84375,4820.75,15
1766310714,285.1875,4170.5,15
1766310714,286.328125,4169,15
1766310714,287.484375,4169,15
1766310714,288.625,4169,15
1766310714,289.78125,4169,15
1766310714,290.921875,4131.25,15
1766310714,292.09375,4056.75,15
1766310714,293.25,3996.5,15
1766310714,294.375,3967.5,15
1766310714,295.53125,3955.75,15
1766310714,296.671875,3943,15
1766310714,297.828125,3925.75,15
1766310714,298.984375,3929.5,15
1766310714,300.125,3912,15
1766310714,301.28125,3877.25,15
1766310714,302.4375,3871.75,15
1766310714,303.578125,3859,15
1766310714,304.734375,3832.5,15
1766310714,305.890625,3834.75,15
1766310714,307.046875,3864,15
1766310714,308.203125,3844.75,15
1766310714,309.328125,3826.25,15
1766310714,310.46875,3850,15
1766310714,311.625,3857.5,15
1766310714,312.78125,3866.75,15
1766310714,313.921875,3884,15
1766310714,315.0625,3890,15
1766310714,316.21875,3897,15
1766310714,317.375,3906.5,15
1766310714,318.5,3920,15
1766310714,321.640625,1248.75,15
1766310714,322.734375,1268.25,15
1766310714,326.8125,786.25,15
1766310714,328.015625,781.75,15
1766310714,329.25,778.5,15
1766310714,330.328125,784,15
1766310714,333.40625,4219.5,15
1766310714,334.546875,4307.5,15
1766310714,335.671875,4390,15
1766310714,336.828125,4443.75,15
1766310714,337.96875,4465.25,15
1766310714,339.109375,4476.5,15
1766310714,341.375,5041,15
1766310714,349.421875,5447.75,15
1766310714,352.890625,5036.5,1
1766310714,358.765625,918.25,15
1766310714,0,901.5,15
1766310714,1.109375,889.25,15
1766310714,2.296875,878.75,15
1766310714,3.4375,867,15
1766310714,4.609375,856,15
1766310714,5.765625,845.75,15
1766310714,6.953125,835.25,15
1766310714,8.0625,825.75,15
1766310714,9.21875,818,15
1766310714,10.375,809.75,15
1766310714,11.625,801.25,15
1766310714,12.84375,794,15
1766310714,13.890625,786.25,15
1766310714,15.078125,783.25,15
1766310714,17.5,1717,15
1766310714,18.65625,1720,15
1766310714,19.828125,1705.75,15
1766310714,20.9375,1691.25,15
1766310714,22.125,1686,15
1766310714,23.28125,1682.5,15
1766310714,24.4375,1677.5,15
1766310714,25.59375,1652.75,15
1766310714,27.828125,1707.75,15
1766310714,29.015625,1704.25,15
1766310714,30.140625,1699,15
1766310714,31.265625,1697,15
1766310714,32.4375,1696.5,15
1766310714,33.59375,1695.5,15
1766310714,34.75,1691.5,15
1766310714,35.953125,1692.5,15
1766310714,39.0625,907.75,15
1766310714,40.15625,897,15
1766310714,41.328125,890,15
1766310714,42.5,893.25,15
1766310714,43.59375,901.5,15
1766310714,44.84375,899.5,15
1766310714,45.9375,896,15
1766310714,59.171875,1464.5,15
1766310714,60.359375,1468.75,15
1766310714,61.5,1478.75,15
1766310714,62.625,1492,15
1766310714,63.765625,1503.75,15
1766310714,64.953125,1511.25,15
1766310714,66.046875,1496.5,15
1766310714,68.984375,947.75,15
1766310714,70.109375,948.25,15
1766310714,75.71875,1057,15
1766310714,76.875,1077,15
1766310714,82.71875,4244.5,15
1766310714,85.046875,4062.5,8
1766310714,86.203125,4040.5,15
1766310714,88.578125,3317.75,15
1766310714,91.96875,3859.75,13
1766310714,93.140625,3823.75,15
1766310714,96.625,3425.75,15
1766310714,97.796875,3371,15
1766310714,98.96875,3327.25,15
1766310714,100.125,3278.5,15
1766310714,101.28125,3234.75,15
1766310714,102.421875,3212.75,15
1766310714,109.40625,2497,7
1766310714,111.71875,2479.5,8
1766310714,119.65625,2939.25,15
1766310714,120.8125,2948.5,15
1766310714,121.9375,2948,15
1766310714,125.40625,2926,15
1766310714,126.5625,2910,15
1766310714,128.859375,2910.25,15
1766310714,130.015625,2909.25,15
1766310714,131.203125,2905.5,15
1766310714,132.34375,2907.5,15
1766310714,150.796875,2707.75,15
1766310714,153.09375,2793.75,15
1766310714,156.453125,3350,15
1766310714,157.609375,3434,15
1766310714,158.734375,3471.75,15
1766310714,167.96875,3296.25,15
1766310714,201.65625,1937.25,11
1766310714,215.734375,1525,15
1766310714,216.921875,1506,15
1766310714,220.296875,1602.5,15
1766310714,221.453125,1603.75,15
1766310714,222.625,1609.25,15
1766310714,223.78125,1613,15
1766310714,224.90625,1615.25,15
1766310714,226.03125,1622.75,15
1766310714,227.265625,1630.75,15
1766310714,228.4375,1635.5,15
1766310714,229.546875,1640,15
1766310714,230.703125,1645,15
1766310714,231.890625,1651,15
1766310714,233.046875,1660.25,15
1766310714,234.171875,1672.75,15
1766310714,235.34375,1687,15
1766310714,236.484375,1700.5,15
1766310714,237.59375,1718.5,15
1766310714,242.265625,1719.5,15
1766310714,243.375,1738.5,15
1766310714,244.515625,1759.5,15
1766310714,245.640625,1781.25,15
1766310714,246.828125,1802.25,15
1766310714,247.984375,1829,15
1766310714,249.09375,1857,15
1766310714,250.265625,1880.5,15
1766310714,251.40625,1909.75,15
1766310714,252.5625,1945,15
1766310714,253.671875,1976.25,15
1766310714,254.8125,2004.25,15
1766310714,275.125,5283.5,15
1766310714,276.28125,5279,15
1766310714,278.609375,5018.75,15
1766310714,279.75,5007,15
1766310714,280.90625,4916.75,15
1766310714,282.0625,4844.75,15
1766310714,283.203125,4827,15
1766310714,285.578125,4169,15
1766310714,286.71875,4169,15
1766310714,287.875,4169,15
1766310714,289.015625,4169,15
1766310714,290.171875,4168.25,15
1766310714,292.5,4018.5,15
1766310714,293.65625,3982.25,15
1766310714,294.78125,3962.25,15
1766310714,295.953125,3950,15
1766310714,297.09375,3927.25,15
1766310714,298.265625,3929.75,15
1766310714,299.453125,3923,15
1766310714,300.625,3886.25,15
1766310714,301.75,3873.5,15
1766310714,302.921875,3860.25,15
1766310714,304.078125,3828.5,15
1766310714,305.21875,3847.25,15
1766310714,306.390625,3875,15
1766310714,307.53125,3859.75,15
1766310714,308.703125,3830.25,15
1766310714,309.859375,3820.75,15
1766310714,310.984375,3840.75,15
1766310714,312.15625,3865.5,15
1766310714,313.3125,3886,15
1766310714,314.46875,3889.5,15
1766310714,315.609375,3890,15
1766310714,316.765625,3901.75,15
1766310714,317.90625,3910.5,15
1766310714,319.09375,3916.5,15
1766310714,322.15625,1260,15
1766310714,327.515625,783.25,15
1766310714,328.625,779.25,15
1766310714,329.859375,778.25,15
1766310714,332.953125,4192.25,15
1766310714,334.09375,4261,15
1766310714,335.25,4355,15
1766310714,336.390625,4429.5,15
1766310714,337.546875,4464.75,15
1766310714,338.71875,4468.25,15
1766310714,339.875,4514,15
1766310714,344.265625,1193,15
1766310714,345.390625,1176.25,15
1766310714,347.9375,5467.5,6
1766310714,349.09375,5447,15
1766310714,351.4375,5006.75,0
1766310714,352.59375,5006.75,4
1766310714,358.453125,919.25,15
1766310714,359.6875,906.25,15
1766310714,0.828125,892.75,15
1766310714,2.046875,879.5,15
1766310714,3.25,868.25,15
1766310714,4.484375,857,15
1766310714,5.53125,846.75,15
1766310714,6.828125,837,15
1766310714,7.96875,826.75,15
1766310714,9.1875,818,15
1766310714,10.3125,810,15
1766310714,11.40625,802.5,15
1766310714,12.703125,796,15
1766310714,13.859375,789.5,15
1766310714,15,784,15
1766310714,17.421875,1722.75,15
1766310714,18.5625,1720,15
1766310714,19.71875,1706,15
1766310714,20.875,1695,15
1766310714,22.03125,1689.25,15
1766310714,23.203125,1683.25,15
1766310714,24.359375,1678.25,15
1766310714,25.578125,1652.5,15
1766310714,27.828125,1706,15
1766310714,29,1704,15
1766310714,30.125,1699.25,15
1766310714,31.3125,1696.5,15
1766310714,32.453125,1695,15
1766310714,33.578125,1694.75,15
1766310714,34.84375,1693.5,15
1766310714,36.03125,1693.75,15
1766310714,40.265625,895.75,15
1766310714,41.5,889,15
1766310714,42.609375,893.25,15
1766310714,43.65625,901.5,15
1766310714,44.875,897,15
1766310714,45.984375,894.5,15
1766310714,51.765625,937.5,9
1766310714,55.28125,926,9
1766310714,59.421875,1464.25,15
1766310714,60.515625,1472,15
1766310714,61.6875,1483.5,15
1766310714,62.875,1496.75,15
1766310714,63.984375,1508.25,15
1766310714,65.15625,1507,15
1766310714,66.359375,1486,15
1766310714,69.296875,945.25,15
1766310714,70.40625,951,15
1766310714,76.0625,1058,15
1766310714,80.828125,4314.25,8
1766310714,81.984375,4281.25,15
1766310714,83.09375,4219.75,15
1766310714,84.25,4146.5,15
1766310714,85.40625,4071.5,13
1766310714,87.8125,3306.5,15
1766310714,88.96875,3365.5,15
1766310714,90.09375,3443.75,15
1766310714,92.390625,3827.25,11
1766310714,93.5625,3756.75,15
1766310714,95.921875,3452.75,15
1766310714,97.09375,3387.25,15
1766310714,98.25,3355,15
1766310714,99.40625,3318.5,15
1766310714,100.546875,3261.75,15
1766310714,101.734375,3221.25,15
1766310714,104.109375,2780.5,15
1766310714,113.375,2508.25,15
1766310714,116.75,2976.75,15
1766310714,119.078125,2952.75,15
1766310714,120.234375,2951.75,15
1766310714,121.421875,2957,15
1766310714,122.578125,2940.75,15
1766310714,127.21875,2900.5,15
1766310714,130.625,2899.25,15
1766310714,131.78125,2913.25,15
1766310714,150.296875,2690.75,15
1766310714,151.453125,2700.75,15
1766310714,157.1875,3407.25,15
1766310714,158.34375,3464.25,15
1766310714,159.484375,3502.25,15
1766310714,162.921875,3713.75,15
1766310714,171.0625,3481.25,15
1766310714,199.28125,1624.75,10
1766310714,215.5625,1526.25,15
1766310714,216.765625,1502,11
1766310714,220.15625,1602.25,15
1766310714,221.34375,1603.75,15
1766310714,222.484375,1606.5,15
1766310714,223.625,1610.25,15
1766310714,224.796875,1615.75,15
1766310714,225.9375,1620.5,15
1766310714,227.09375,1629,15
1766310714,228.296875,1636.75,15
1766310714,229.4375,1639,15
1766310714,230.625,1643.75,15
1766310714,231.765625,1651.25,15
1766310714,232.9375,1659.5,15
1766310714,234.046875,1671.5,15
1766310714,235.1875,1684,15
1766310714,236.34375,1699.75,15
1766310714,237.515625,1719.5,15
1766310714,238.640625,1731.25,15
1766310714,239.796875,1751.75,15
1766310714,242.140625,1720.5,15
1766310714,243.28125,1738.25,15
1766310714,244.4375,1758.75,15
1766310714,245.609375,1780,15
1766310714,246.75,1800.75,15
1766310714,247.859375,1828.25,15
1766310714,249.046875,1856.75,15
1766310714,250.1875,1879.5,15
1766310714,251.296875,1905.25,15
1766310714,252.4375,1936.5,15
1766310714,253.578125,1971.75,15
1766310714,254.734375,2005,15
1766310714,275.078125,5281,15
1766310714,276.234375,5277.75,15
1766310714,280.890625,4893,15
1766310714,282.046875,4843.5,15
1766310714,283.203125,4825,15
1766310714,285.546875,4169,15
1766310714,286.703125,4169,15
1766310714,287.859375,4169,15
1766310714,289.015625,4169,15
1766310714,290.15625,4167.75,15
1766310714,292.5,4020.75,15
1766310714,293.65625,3981,15
1766310714,294.796875,3961.5,15
1766310714,295.953125,3950.5,15
1766310714,297.109375,3929.25,15
1766310714,298.265625,3930,15
1766310714,299.421875,3929.5,15
1766310714,300.578125,3894.5,15
1766310714,301.734375,3874.25,15
1766310714,302.90625,3860.25,15
1766310714,304.0625,3829.5,15
1766310714,305.203125,3838.5,15
1766310714,306.359375,3865.5,15
1766310714,307.5,3859,15
1766310714,308.6875,3829.25,15
1766310714,309.828125,3820.75,15
1766310714,310.984375,3839.25,15
1766310714,312.125,3863.75,15
1766310714,313.265625,3881.5,15
1766310714,314.4375,3883.75,15
1766310714,315.578125,3888.75,15
1766310714,316.75,3901.75,15
1766310714,317.890625,3911.25,15
1766310714,319.046875,3913.75,15
1766310714,322.09375,1263,15
1766310714,327.5625,783,15
1766310714,328.75,779.25,15
1766310714,329.875,778.25,15
1766310714,332.984375,4190.5,15
1766310714,334.140625,4264.5,15
1766310714,335.296875,4357.75,15
1766310714,336.4375,4429.75,15
1766310714,337.59375,4465,15
1766310714,338.765625,4468,15
1766310714,339.921875,4516.25,15
1766310714,344.28125,1195,15
1766310714,345.453125,1176.5,15
1766310714,347.9375,5469,7
1766310714,349.09375,5411.25,8
1766310714,351.421875,5006.75,0
1766310714,352.578125,5006.75,4
1766310714,358.53125,918.75,15
1766310714,359.640625,906,15
1766310714,0.78125,892.75,15
1766310714,2.09375,879.5,15
1766310714,3.203125,868.5,15
1766310714,4.453125,857.25,15
1766310714,5.546875,846.5,15
1766310714,6.765625,836.75,15
1766310714,7.9375,826.75,15
1766310714,9,818,15
1766310714,10.1875,810,15
1766310714,11.421875,803.25,15
1766310714,12.734375,796.5,15
1766310714,13.859375,787.75,15
1766310714,14.921875,782.25,15
1766310714,17.46875,1722.75,15
1766310714,18.625,1720.5,15
1766310714,19.78125,1706.5,15
1766310714,20.953125,1693,15
1766310714,22.109375,1686.75,15
1766310714,23.265625,1683.75,15
1766310714,24.421875,1678.5,15
1766310714,25.640625,1652.5,15
1766310714,27.875,1712.25,15
1766310714,29.046875,1708,15
1766310714,30.171875,1698.25,15
1766310714,31.390625,1697.25,15
1766310714,32.515625,1696,15
1766310714,33.703125,1695,15
1766310714,34.90625,1693.75,15
1766310714,36.0625,1693.75,15
1766310714,40.3125,895.5,15
1766310714,41.53125,889.5,15
1766310714,42.609375,894,15
1766310714,43.8125,901.5,15
1766310714,44.9375,897,15
1766310714,46.109375,894.5,15
1766310714,51.875,936.5,9
1766310714,59.515625,1465,15
1766310714,60.65625,1471.75,15
1766310714,61.78125,1481.25,15
1766310714,63,1495,15
1766310714,64.09375,1507.75,15
1766310714,65.296875,1506.5,15
1766310714,66.5,1484,15
1766310714,69.34375,946.25,15
1766310714,70.484375,952.5,15
1766310714,76.203125,1062.5,15
1766310714,80.96875,4318,7
1766310714,82.125,4284,15
1766310714,83.15625,4220.75,15
1766310714,85.484375,4045.25,10
1766310714,87.875,3303.25,15
1766310714,89.015625,3364.5,15
1766310714,90.171875,3445.75,15
1766310714,92.453125,3823.75,6
1766310714,93.625,3773.5,15
1766310714,94.78125,3707.25,15
1766310714,97.125,3418.5,15
1766310714,98.296875,3355.75,15
1766310714,99.4375,3316.25,15
1766310714,100.609375,3257.25,15
1766310714,101.78125,3218,15
1766310714,104.15625,2777.5,15
1766310714,109.9375,2495.25,8
1766310714,113.390625,2511.75,15
1766310714,116.78125,2975.25,15
1766310714,119.078125,2954.5,15
1766310714,120.21875,2953.25,15
1766310714,121.375,2956.5,15
1766310714,122.546875,2940,15
1766310714,127.15625,2902.75,15
1766310714,130.609375,2899,15
1766310714,131.78125,2913,15
1766310714,151.4375,2701.5,15
1766310714,155.921875,3326.75,15
1766310714,157.0625,3401.25,15
1766310714,158.1875,3458.25,15
1766310714,159.34375,3499.75,15
1766310714,162.796875,3712.5,15
1766310714,170.859375,3475.75,15
1766310714,173.15625,3553.25,8
1766310714,199.046875,1617.75,15
1766310714,216.46875,1512.75,8
1766310714,217.609375,1511,15
1766310714,219.90625,1601.75,15
1766310714,221.078125,1602.5,15
1766310714,222.234375,1605,15
1766310714,223.40625,1609.25,15
1766310714,224.515625,1615,15
1766310714,225.703125,1620.25,15
1766310714,226.90625,1626.25,15
1766310714,228.078125,1632,15
1766310714,229.265625,1638.75,15
1766310714,230.390625,1645.25,15
1766310714,231.5625,1652,15
1766310714,232.671875,1659.75,15
1766310714,233.890625,1669.75,15
1766310714,235,1684.75,15
1766310714,236.15625,1698.75,15
1766310714,237.296875,1714.25,15
1766310714,238.453125,1728.5,15
1766310714,239.625,1757.5,15
1766310714,241.984375,1724,15
1766310714,243.109375,1733.75,15
1766310714,244.234375,1751,15
1766310714,245.421875,1772.25,15
1766310714,246.5625,1797.25,15
1766310714,247.734375,1822.75,15
1766310714,248.828125,1849.75,15
1766310714,249.984375,1877.5,15
1766310714,251.0625,1904,15
1766310714,252.21875,1933.25,15
1766310714,253.3125,1963.25,15
1766310714,254.515625,1998.25,15
1766310714,255.609375,2029.5,15
1766310714,270.28125,4454.5,15
1766310714,271.40625,4478.5,15
1766310714,272.59375,4453,12
1766310714,274.78125,5228,15
1766310714,275.921875,5226,15
1766310714,279.40625,5071.75,15
1766310714,281.71875,4845.5,15
1766310714,282.875,4820.25,15
1766310714,285.21875,4170.75,15
1766310714,286.375,4169,15
1766310714,287.53125,4169,15
1766310714,288.671875,4168.25,15
1766310714,289.828125,4164.5,15
1766310714,290.984375,4134.25,15
1766310714,292.140625,4065.25,15
1766310714,293.296875,3998.25,15
1766310714,294.453125,3955,15
1766310714,295.59375,3941.25,15
1766310714,296.75,3953.5,15
1766310714,297.921875,3938,15
1766310714,299.09375,3930.5,15
1766310714,300.28125,3909,15
1766310714,301.421875,3872.25,15
1766310714,302.578125,3870.75,15
1766310714,303.71875,3857.25,15
1766310714,304.890625,3848.25,15
1766310714,306.03125,3853,15
1766310714,307.203125,3862.75,15
1766310714,308.34375,3860,15
1766310714,309.5,3837,15
1766310714,310.640625,3835.5,15
1766310714,311.8125,3853.5,15
1766310714,312.953125,3873,15
1766310714,314.125,3890.5,15
1766310714,315.265625,3897.5,15
1766310714,316.421875,3906.5,15
1766310714,317.578125,3911.75,15
1766310714,318.71875,3916.25,15
1766310714,321.765625,1248.5,15
1766310714,323,1269.75,15
1766310714,327.140625,785.25,15
1766310714,328.4375,781,15
1766310714,329.4375,778,15
1766310714,330.6875,787.25,15
1766310714,333.78125,4224.25,15
1766310714,334.9375,4320.75,15
1766310714,336.078125,4414.25,15
1766310714,337.21875,4459.75,15
1766310714,338.390625,4478.75,15
1766310714,339.515625,4505,15
1766310714,341.796875,5047.75,15
1766310714,345.125,1178,15
1766310714,347.546875,5453,4
1766310714,348.6875,5389.5,15
1766310714,352.171875,5036.5,15
1766310714,353.328125,5113.75,7
1766310714,354.484375,5201.75,15
1766310714,359.25,911,15
1766310714,0.453125,898.25,15
1766310714,1.625,885,15
1766310714,2.75,874.25,15
1766310714,3.9375,862.75,15
1766310714,5.203125,850.75,15
1766310714,6.296875,841.5,15
1766310714,7.4375,831.25,15
1766310714,8.75,822.5,15
1766310714,9.921875,814.75,15
1766310714,11,806,15
1766310714,12.28125,798.75,15
1766310714,13.40625,793.25,15
1766310714,14.515625,785.5,15
1766310714,19.359375,1715.25,15
1766310714,20.484375,1704.75,15
1766310714,21.625,1697.25,15
1766310714,22.78125,1689,15
1766310714,24,1689.25,15
1766310714,25.15625,1680,15
1766310714,26.296875,1688.5,15
1766310714,27.40625,1706.5,15
1766310714,28.578125,1705,15
1766310714,29.734375,1701.75,15
1766310714,30.875,1697.5,15
1766310714,32.03125,1694,15
1766310714,33.203125,1694.5,15
1766310714,34.34375,1697.5,15
1766310714,35.609375,1694.75,15
1766310714,36.78125,1692.25,15
1766310714,40.984375,889.5,15
1766310714,42.234375,893.75,15
1766310714,43.40625,901.25,15
1766310714,44.46875,904,15
1766310714,45.671875,899.75,15
1766310714,46.765625,903.75,14
1766310714,52.53125,916,11
1766310714,53.734375,918,8
1766310714,58.953125,1462,15
1766310714,60.09375,1468.75,15
1766310714,61.265625,1478.75,15
1766310714,62.390625,1492.5,15
1766310714,63.578125,1504.25,15
1766310714,64.765625,1511.75,15
1766310714,65.90625,1498,15
1766310714,68.8125,950,15
1766310714,69.921875,946.25,15
1766310714,75.546875,1051.5,15
1766310714,76.6875,1069.75,15
1766310714,84.9375,4071,6
1766310714,86.078125,4040.5,15
1766310714,88.46875,3320.5,15
1766310714,89.625,3404,15
1766310714,91.875,3850.75,15
1766310714,93.0625,3836.25,15
1766310714,94.203125,3750.5,7
1766310714,96.578125,3426.5,15
1766310714,97.734375,3370.75,15
1766310714,98.90625,3327.25,15
1766310714,100.0625,3281.5,15
1766310714,101.203125,3238.5,15
1766310714,102.375,3213.5,15
1766310714,109.40625,2502.25,8
1766310714,111.703125,2484.5,8
1766310714,119.671875,2940.5,15
1766310714,120.84375,2947,15
1766310714,121.984375,2946,15
1766310714,125.46875,2926.75,15
1766310714,126.625,2918.75,15
1766310714,128.953125,2906.75,15
1766310714,130.09375,2897.75,15
1766310714,131.265625,2911.75,15
1766310714,143.953125,3048.25,15
1766310714,150.921875,2703,15
1766310714,153.21875,2786.25,15
1766310714,156.546875,3373.25,15
1766310714,157.671875,3442.5,15
1766310714,158.859375,3478,15
1766310714,168.09375,3302.75,15
1766310714,169.234375,3354,11
1766310714,170.359375,3428,15
1766310714,195.9375,2148.5,15
1766310714,201.765625,1927.25,8
1766310714,215.984375,1526.75,15
1766310714,217.15625,1509,15
1766310714,220.546875,1604.25,15
1766310714,221.703125,1605.25,15
1766310714,222.84375,1608.5,15
1766310714,223.984375,1611.75,15
1766310714,225.109375,1614.5,15
1766310714,226.328125,1622.25,15
1766310714,227.46875,1632.5,15
1766310714,228.59375,1637.75,15
1766310714,229.78125,1641.75,15
1766310714,230.875,1648,15
1766310714,232.0625,1653,15
1766310714,233.25,1663.5,15
1766310714,234.34375,1677.75,15
1766310714,235.515625,1687,15
1766310714,236.640625,1705.5,15
1766310714,237.78125,1723.75,15
1766310714,242.40625,1722.5,15
1766310714,243.59375,1743,15
1766310714,244.734375,1762.5,15
1766310714,245.875,1781,15
1766310714,247,1803.5,15
1766310714,248.15625,1837.25,15
1766310714,249.296875,1862,15
1766310714,250.421875,1882.5,15
1766310714,251.578125,1913.25,15
1766310714,252.71875,1950,15
1766310714,253.90625,1982.5,15
1766310714,255.03125,2012,15
1766310714,275.3125,5226.5,15
1766310714,276.453125,5225.25,15
1766310714,277.609375,5191.25,15
1766310714,278.765625,5099.5,15
1766310714,279.9375,4980.75,15
1766310714,281.109375,4892,15
1766310714,282.265625,4834.75,15
1766310714,285.75,4169,15
1766310714,286.90625,4169,15
1766310714,288.0625,4169,15
1766310714,289.21875,4167.25,15
1766310714,290.34375,4165,15
1766310714,291.515625,4113.5,15
1766310714,292.6875,4041.75,15
1766310714,293.828125,3996.25,15
1766310714,294.96875,3955,15
1766310714,296.140625,3938.75,15
1766310714,297.28125,3944.25,15
1766310714,298.484375,3929.75,15
1766310714,299.640625,3931.75,15
1766310714,300.796875,3915.25,15
1766310714,301.953125,3871,15
1766310714,303.09375,3852.75,15
1766310714,304.265625,3822.5,15
1766310714,305.40625,3843.25,15
1766310714,306.5625,3848.5,15
1766310714,307.71875,3841.75,15
1766310714,308.875,3844,15
1766310714,310.015625,3819.5,15
1766310714,311.15625,3837.25,15
1766310714,312.328125,3859.5,15
1766310714,313.453125,3878.5,15
1766310714,314.609375,3886.75,15
1766310714,315.78125,3891,15
1766310714,316.921875,3905.25,15
1766310714,318.09375,3911.75,15
1766310714,319.234375,3916.5,15
1766310714,322.265625,1270.75,15
1766310714,327.609375,783,15
1766310714,328.71875,779.25,15
1766310714,329.921875,779.5,15
1766310714,333.015625,4192.5,15
1766310714,334.15625,4261.75,15
1766310714,335.3125,4355,15
1766310714,336.4375,4432.5,15
1766310714,337.609375,4465.25,15
1766310714,338.75,4471,15
1766310714,339.921875,4516.75,15
1766310714,344.328125,1193.5,15
1766310714,345.421875,1176.25,15
1766310714,347.96875,5461.5,6
1766310714,349.125,5432.25,15
1766310714,352.609375,5006.75,4
1766310714,358.546875,919.25,15
1766310714,359.75,906,15
1766310714,0.890625,892.5,15
1766310714,2,879.25,15
1766310714,3.1875,868.25,15
1766310714,4.4375,857,15
1766310714,5.53125,846.75,15
1766310714,6.796875,836.75,15
1766310714,7.9375,826.75,15
1766310714,9.09375,818.25,15
1766310714,10.28125,810.25,15
1766310714,11.40625,803,15
1766310714,12.703125,796.25,15
1766310714,13.8125,789.25,15
1766310714,14.90625,783.75,15
1766310714,17.375,1723,15
1766310714,18.5625,1722.5,15
1766310714,19.71875,1708.5,15
1766310714,20.875,1695.25,15
1766310714,22.03125,1689.25,15
1766310714,23.1875,1684,15
1766310714,24.34375,1678.5,15
1766310714,25.5,1652.5,15
1766310714,27.78125,1706.25,15
1766310714,28.921875,1703.75,15
1766310714,30.125,1699,15
1766310714,31.28125,1696,15
1766310714,32.40625,1695.5,15
1766310714,33.609375,1695.75,15
1766310714,34.828125,1694,15
1766310714,36,1693.5,15
1766310714,39.140625,907.25,15
1766310714,40.203125,894.75,15
1766310714,41.421875,888.5,15
1766310714,42.578125,893.25,15
1766310714,43.796875,901.75,15
1766310714,44.84375,897,15
1766310714,46.015625,895,15
1766310714,51.828125,937,9
1766310714,55.28125,927.75,12
1766310714,59.359375,1464.25,15
1766310714,60.546875,1471.25,15
1766310714,61.703125,1483,15
1766310714,62.828125,1496.25,15
1766310714,64,1508.25,15
1766310714,65.15625,1507.25,15
1766310714,66.3125,1486.25,15
1766310714,69.21875,945.25,15
1766310714,70.40625,950.25,15
1766310714,76.015625,1057.75,15
1766310714,80.78125,4310.75,9
1766310714,81.9375,4281,15
1766310714,83.015625,4232.25,15
1766310714,84.1875,4161.25,15
1766310714,85.359375,4073,15
1766310714,87.765625,3305.75,15
1766310714,88.90625,3363.25,15
1766310714,90.046875,3440.5,15
1766310714,92.328125,3820.25,10
1766310714,93.484375,3752,15
1766310714,95.84375,3463.5,15
1766310714,97,3394.25,15
1766310714,98.171875,3356.5,15
1766310714,99.328125,3312.5,15
1766310714,100.484375,3254.75,15
1766310714,101.65625,3220.5,15
1766310714,104.015625,2769.25,15
1766310714,109.875,2494.25,8
1766310714,113.34375,2513,15
1766310714,116.71875,2975,15
1766310714,119.03125,2955,15
1766310714,120.203125,2952.5,15
1766310714,121.359375,2956.25,15
1766310714,122.5,2940.25,15
1766310714,125.96875,2922.75,15
1766310714,127.15625,2904.25,15
1766310714,130.546875,2900.5,15
1766310714,131.6875,2912.5,15
1766310714,139.96875,2005.25,15
1766310714,151.34375,2709,15
1766310715,155.84375,3327,15
1766310715,157.015625,3402.25,15
1766310715,158.125,3458.25,15
1766310715,159.28125,3479,15
1766310715,162.734375,3719,15
1766310715,170.8125,3473,15
1766310715,173.109375,3557.5,10
1766310715,199.015625,1618,15
1766310715,216.484375,1512.25,14
1766310715,217.625,1502.75,15
1766310715,219.859375,1602,15
1766310715,221,1603,15
1766310715,222.15625,1606.5,15
1766310715,223.359375,1609.5,15
1766310715,224.46875,1614,15
1766310715,225.65625,1620,15
1766310715,226.796875,1626,15
1766310715,227.984375,1632.25,15
1766310715,229.140625,1638.5,15
1766310715,230.3125,1644,15
1766310715,231.40625,1649.25,15
1766310715,232.578125,1655.75,15
1766310715,233.765625,1668,15
1766310715,234.875,1682.25,15
1766310715,236,1696,15
1766310715,237.1875,1715,15
1766310715,238.34375,1728.75,15
1766310715,241.78125,1725.25,15
1766310715,242.921875,1732.25,15
1766310715,244.125,1750.75,15
1766310715,245.265625,1769,15
1766310715,246.375,1788,15
1766310715,247.5625,1809.75,15
1766310715,248.671875,1841,15
1766310715,249.8125,1871,15
1766310715,250.96875,1898.5,15
1766310715,252.09375,1929.5,15
1766310715,253.25,1960.5,15
1766310715,254.40625,1995.25,15
1766310715,255.5,2027,15
1766310715,270.171875,4487,15
1766310715,272.484375,4447.75,13
1766310715,274.71875,5233.5,15
1766310715,275.859375,5227.5,15
1766310715,279.359375,5047.75,15
1766310715,280.515625,4916.25,15
1766310715,281.671875,4842.75,15
1766310715,282.84375,4820.25,15
1766310715,285.1875,4171,15
1766310715,286.328125,4169,15
1766310715,287.484375,4169,15
1766310715,288.625,4167.75,15
1766310715,289.796875,4164.75,15
1766310715,290.953125,4129.25,15
1766310715,292.125,4058.75,15
1766310715,293.265625,3995.25,15
1766310715,294.4375,3954.25,15
1766310715,295.578125,3943,15
1766310715,296.71875,3967,15
1766310715,297.890625,3950.75,15
1766310715,299.046875,3929.5,15
1766310715,300.203125,3909.5,15
1766310715,301.359375,3874,15
1766310715,302.515625,3872,15
1766310715,303.671875,3858.25,15
1766310715,304.828125,3834.25,15
1766310715,305.984375,3839.25,15
1766310715,307.140625,3866.75,15
1766310715,308.296875,3861,15
1766310715,309.46875,3834.75,15
1766310715,310.59375,3845,15
1766310715,311.765625,3863,15
1766310715,312.90625,3871.75,15
1766310715,314.0625,3890.5,15
1766310715,315.21875,3898.5,15
1766310715,316.375,3906,15
1766310715,317.515625,3911.25,15
1766310715,318.6875,3910.5,15
1766310715,321.734375,1256.75,15
1766310715,322.890625,1276.5,15
1766310715,327.0625,785.25,15
1766310715,328.1875,781.25,15
1766310715,329.453125,778.25,15
1766310715,330.515625,786.75,15
1766310715,333.671875,4223.25,15
1766310715,334.8125,4311,15
1766310715,335.96875,4405.25,15
1766310715,337.109375,4459.25,15
1766310715,338.265625,4466.25,15
1766310715,339.421875,4492.25,15
1766310715,341.703125,5029,15
1766310715,347.453125,5450.25,4
1766310715,348.59375,5391,15
1766310715,352.09375,5034.75,15
1766310715,353.25,5034.75,6
1766310715,359.21875,913,15
1766310715,0.3125,898.5,15
1766310715,1.59375,886.5,15
1766310715,2.71875,875.5,15
1766310715,3.859375,864,15
1766310715,5.125,852.5,15
1766310715,6.25,841.75,15
1766310715,7.4375,832,15
1766310715,8.515625,823.25,15
1766310715,9.734375,815.5,15
1766310715,10.90625,806.75,15
1766310715,12.1875,798.5,15
1766310715,13.234375,792.75,15
1766310715,14.421875,785.5,15
1766310715,15.625,791,15
1766310715,18.078125,1724.75,15
1766310715,19.21875,1715.5,15
1766310715,20.34375,1704.5,15
1766310715,21.484375,1695.75,15
1766310715,22.6875,1687.5,15
1766310715,23.859375,1682,15
1766310715,24.96875,1676.75,15
1766310715,26.140625,1662,8
1766310715,28.453125,1704.25,15
1766310715,29.609375,1700,15
1766310715,30.765625,1696.5,15
1766310715,31.90625,1693.5,15
1766310715,33.09375,1694,15
1766310715,34.25,1696,15
1766310715,35.453125,1695.25,15
1766310715,39.71875,899.75,15
1766310715,40.953125,892,15
1766310715,41.984375,894.5,15
1766310715,43.140625,900.5,15
1766310715,44.34375,902.5,15
1766310715,45.5625,898.5,15
1766310715,46.59375,900.75,15
1766310715,58.796875,1459.5,15
1766310715,59.96875,1467.25,15
1766310715,61.078125,1476,15
1766310715,62.28125,1488.75,15
1766310715,63.40625,1500.5,15
1766310715,64.546875,1509.75,15
1766310715,65.71875,1501,15
1766310715,68.59375,950.75,15
1766310715,69.703125,945.25,15
1766310715,70.890625,956.25,15
1766310715,72.828125,1349.5,15
1766310715,74,1326,15
1766310715,76.53125,1067.75,15
1766310715,83.625,4176.75,15
1766310715,84.78125,4093,8
1766310715,85.9375,4038.5,9
1766310715,88.34375,3298.75,15
1766310715,92.921875,3828.25,15
1766310715,95.265625,3520.25,15
1766310715,96.4375,3434,15
1766310715,97.59375,3372.5,15
1766310715,98.734375,3343.5,15
1766310715,99.921875,3294.5,15
1766310715,101.078125,3239.5,15
1766310715,102.234375,3214,15
1766310715,111.546875,2478.75,7
1766310715,112.6875,2483,10
1766310715,119.53125,2926.75,15
1766310715,120.703125,2943.75,15
1766310715,121.875,2947.5,15
1766310715,123.015625,2935,6
1766310715,125.328125,2936.25,15
1766310715,126.484375,2924.75,15
1766310715,127.640625,2909.25,15
1766310715,129.921875,2909.75,15
1766310715,131.09375,2906.25,15
1766310715,150.75,2710,15
1766310715,151.921875,2690,15
1766310715,153.046875,2730.75,15
1766310715,156.375,3347.25,15
1766310715,157.5,3432.5,15
1766310715,158.6875,3471,15
1766310715,167.921875,3298.25,15
1766310715,201.6875,1937.5,12
1766310715,215.734375,1525.75,15
1766310715,216.921875,1505.5,9
1766310715,220.3125,1601.25,15
1766310715,221.5,1604.25,15
1766310715,222.625,1609.25,15
1766310715,223.75,1613,15
1766310715,224.953125,1613.5,15
1766310715,226.078125,1620.5,15
1766310715,227.28125,1630.25,15
1766310715,228.421875,1635,15
1766310715,229.515625,1638.75,15
1766310715,230.703125,1644.5,15
1766310715,231.859375,1651.75,15
1766310715,232.984375,1660,15
1766310715,234.15625,1672.5,15
1766310715,235.265625,1684.75,15
1766310715,236.4375,1698.5,15
1766310715,237.59375,1717.75,15
1766310715,238.734375,1752.25,15
1766310715,239.84375,1773,15
1766310715,242.1875,1720,15
1766310715,243.359375,1737.5,15
1766310715,244.453125,1759,15
1766310715,245.625,1780,15
1766310715,246.796875,1800.75,15
1766310715,247.953125,1828,15
1766310715,249.046875,1855.75,15
1766310715,250.203125,1879.25,15
1766310715,251.3125,1904.25,15
1766310715,252.390625,1936,15
1766310715,253.53125,1971.75,15
1766310715,254.6875,2005.25,15
1766310715,270.40625,4506,15
1766310715,274.875,5219.25,15
1766310715,276.015625,5219.25,15
1766310715,279.484375,5032,15
1766310715,280.640625,4910.5,15
1766310715,281.796875,4840.25,15
1766310715,282.9375,4818.25,15
1766310715,285.265625,4170.75,15
1766310715,286.40625,4169,15
1766310715,287.5625,4169,15
1766310715,288.6875,4167.25,15
1766310715,289.859375,4160.75,15
1766310715,291,4131.75,15
1766310715,292.140625,4066.25,15
1766310715,293.3125,3996.25,15
1766310715,294.453125,3955.25,15
1766310715,295.59375,3944.75,15
1766310715,296.734375,3957,15
1766310715,297.890625,3940,15
1766310715,299.03125,3928.25,15
1766310715,300.171875,3910,15
1766310715,301.328125,3875,15
1766310715,302.46875,3870.75,15
1766310715,303.625,3857.75,15
1766310715,304.765625,3836,15
1766310715,305.90625,3840.75,15
1766310715,307.0625,3867.75,15
1766310715,308.203125,3848.25,15
1766310715,309.34375,3822,15
1766310715,310.484375,3842.5,15
1766310715,311.625,3855.5,15
1766310715,312.78125,3868,15
1766310715,313.9375,3885.75,15
1766310715,315.078125,3889.25,15
1766310715,316.21875,3896.5,15
1766310715,317.375,3907.25,15
1766310715,318.515625,3920.75,15
1766310715,321.59375,1249.25,15
1766310715,322.6875,1268,15
1766310715,326.796875,786.25,15
1766310715,328.03125,781.75,15
1766310715,329.109375,778.5,15
1766310715,330.296875,784,15
1766310715,333.375,4220.5,15
1766310715,334.515625,4290.75,15
1766310715,335.65625,4373.5,15
1766310715,336.78125,4444.25,15
1766310715,337.921875,4465.5,15
1766310715,339.09375,4474.5,15
1766310715,341.34375,5039.5,15
1766310715,351.671875,5036.75,15
1766310715,352.828125,5036.75,9
1766310715,358.671875,918,15
1766310715,359.859375,903,15
1766310715,1.078125,891,15
1766310715,2.265625,879,15
1766310715,3.375,867.75,15
1766310715,4.5625,857,15
1766310715,5.71875,846.75,15
1766310715,6.9375,836.25,15
1766310715,8.0625,825.75,15
1766310715,9.140625,817.75,15
1766310715,10.390625,809.75,15
1766310715,11.515625,802,15
1766310715,12.640625,795.75,15
1766310715,13.734375,788,15
1766310715,14.890625,782.75,15
1766310715,17.359375,1723.25,15
1766310715,18.5625,1722.25,15
1766310715,19.671875,1712.75,15
1766310715,20.859375,1699.25,15
1766310715,21.96875,1688.75,15
1766310715,23.109375,1684.5,15
1766310715,24.28125,1681,15
1766310715,25.453125,1662.75,15
1766310715,27.6875,1702.25,15
1766310715,28.828125,1699.5,15
1766310715,29.96875,1697.75,15
1766310715,31.09375,1697.75,15
1766310715,32.265625,1700.75,15
1766310715,33.40625,1698,15
1766310715,34.546875,1692,15
1766310715,35.8125,1693,15
1766310715,38.84375,904,15
1766310715,39.984375,895.5,15
1766310715,41.1875,889,15
1766310715,42.28125,893,15
1766310715,43.484375,901.25,15
1766310715,44.53125,904.25,15
1766310715,45.796875,900,15
1766310715,46.8125,904.75,13
1766310715,52.609375,917,11
1766310715,53.734375,918.25,10
1766310715,58.90625,1460,15
1766310715,60,1468.25,15
1766310715,61.15625,1476,15
1766310715,62.28125,1490,15
1766310715,63.4375,1502.25,15
1766310715,64.578125,1510.25,15
1766310715,65.75,1501.25,15
1766310715,68.609375,950.75,15
1766310715,69.78125,945.25,15
1766310715,70.90625,955,15
1766310715,72.734375,1349.5,15
1766310715,75.359375,1049.25,15
1766310715,76.515625,1066.25,15
1766310715,81.1875,4260.25,15
1766310715,82.34375,4230.5,15
1766310715,83.484375,4170.25,15
1766310715,84.640625,4098,6
1766310715,85.78125,4052.5,10
1766310715,88.15625,3306.25,15
1766310715,89.28125,3375.75,15
1766310715,90.421875,3460.75,15
1766310715,95.046875,3476.25,15
1766310715,96.1875,3437.75,15
1766310715,97.3125,3376.25,15
1766310715,98.5,3342.25,15
1766310715,99.640625,3298.75,15
1766310715,100.78125,3244.5,15
1766310715,101.953125,3220,15
1766310715,104.296875,2778.75,15
1766310715,113.359375,2522.5,15
1766310715,116.734375,2974.25,15
1766310715,119,2950.25,15
1766310715,120.171875,2947.75,15
1766310715,121.28125,2955.5,15
1766310715,122.421875,2941,15
1766310715,125.890625,2917.25,15
1766310715,127,2911.5,15
1766310715,130.453125,2920.5,15
1766310715,131.5625,2917.25,15
1766310715,138.375,2937,15
1766310715,140.921875,2008.75,15
1766310715,150.96875,2703.75,15
1766310715,153.265625,2797.25,15
1766310715,156.609375,3379.5,15
1766310715,157.75,3450.25,15
1766310715,158.875,3476.25,15
1766310715,168.03125,3301.25,15
1766310715,174.8125,3733,9
1766310715,215.4375,1521.75,15
1766310715,216.625,1506.25,8
1766310715,217.78125,1505,15
1766310715,219.984375,1605,15
1766310715,221.15625,1606,15
1766310715,222.265625,1605.75,15
1766310715,223.421875,1608.25,15
1766310715,224.546875,1614.25,15
1766310715,225.71875,1620.75,15
1766310715,226.796875,1626,15
1766310715,228.015625,1632.75,15
1766310715,229.15625,1639,15
1766310715,230.28125,1644.25,15
1766310715,231.4375,1649.75,15
1766310715,232.578125,1656.5,15
1766310715,233.6875,1668.25,15
1766310715,234.828125,1682.25,15
1766310715,235.96875,1697.75,15
1766310715,237.09375,1716.5,15
1766310715,238.265625,1728.25,15
1766310715,241.671875,1730,15
1766310715,242.8125,1729.5,15
1766310715,243.953125,1748.5,15
1766310715,245.078125,1768.75,15
1766310715,246.203125,1787.75,15
1766310715,247.359375,1814,15
1766310715,248.46875,1842,15
1766310715,249.609375,1864.75,15
1766310715,250.765625,1897,15
1766310715,251.90625,1927,15
1766310715,253.03125,1953.75,15
1766310715,254.171875,1990.25,15
1766310715,255.296875,2021.25,15
1766310715,275.3125,5224.5,15
1766310715,276.453125,5223.75,15
1766310715,277.609375,5187,15
1766310715,278.734375,5099,15
1766310715,279.890625,5010.25,15
1766310715,282.1875,4813.25,15
1766310715,283.3125,4812,15
1766310715,285.640625,4169,15
1766310715,286.765625,4169,15
1766310715,287.90625,4169,15
1766310715,289.046875,4169,15
1766310715,290.171875,4149.25,15
1766310715,291.328125,4081.75,15
1766310715,292.453125,4017,15
1766310715,293.625,3978.75,15
1766310715,294.75,3946,15
1766310715,295.890625,3938,15
1766310715,297.03125,3929.75,15
1766310715,298.171875,3926,15
1766310715,299.3125,3930.25,15
1766310715,300.484375,3899.25,15
1766310715,301.59375,3875.5,15
1766310715,302.765625,3860.25,15
1766310715,303.875,3837.5,15
1766310715,305.046875,3827.25,15
1766310715,306.171875,3822.75,15
1766310715,307.3125,3846,15
1766310715,308.4375,3840,15
1766310715,309.578125,3814.25,15
1766310715,310.703125,3830.75,15
1766310715,311.84375,3856.25,15
1766310715,312.984375,3878.75,15
1766310715,314.125,3895.25,15
1766310715,315.25,3899,15
1766310715,316.40625,3905.25,15
1766310715,317.546875,3910.75,15
1766310715,318.6875,3910.5,15
1766310715,321.734375,1256.75,15
1766310715,322.84375,1276.5,15
1766310715,327.015625,785.75,15
1766310715,328.25,781.25,15
1766310715,329.40625,778.25,15
1766310715,330.4375,784.75,15
1766310715,333.484375,4231.25,15
1766310715,334.640625,4330.5,15
1766310715,335.75,4418.75,15
1766310715,336.890625,4462.25,15
1766310715,338.015625,4466.25,15
1766310715,339.171875,4486.25,15
1766310715,341.421875,5014,15
1766310715,351.6875,5037.5,15
1766310715,352.828125,5037.5,9
1766310715,358.6875,917.5,15
1766310715,359.875,903,15
1766310715,1.046875,891.25,15
1766310715,2.171875,879.25,15
1766310715,3.375,867.75,15
1766310715,4.546875,857,15
1766310715,5.71875,846.5,15
1766310715,6.78125,836.5,15
1766310715,7.9375,826.25,15
1766310715,9.078125,818,15
1766310715,10.234375,810.25,15
1766310715,11.453125,803,15
1766310715,12.578125,796,15
1766310715,13.796875,789.25,15
1766310715,14.921875,784,15
1766310715,18.484375,1722.75,15
1766310715,19.65625,1712.75,15
1766310715,20.734375,1699.75,15
1766310715,21.890625,1689.5,15
1766310715,23.0625,1684.5,15
1766310715,24.21875,1681,15
1766310715,25.328125,1663.5,15
1766310715,27.625,1706.75,15
1766310715,28.734375,1699.75,15
1766310715,29.921875,1702.25,15
1766310715,31.046875,1702,15
1766310715,32.1875,1697.5,15
1766310715,33.296875,1692.5,15
1766310715,34.421875,1690.75,15
1766310715,35.671875,1693.25,15
1766310715,36.84375,1697.75,15
1766310715,39.84375,894,15
1766310715,41.078125,890.25,15
1766310715,42.203125,893.75,15
1766310715,43.3125,901,15
1766310715,44.421875,904,15
1766310715,45.609375,900,15
1766310715,46.703125,903.75,15
1766310715,52.421875,921.75,15
1766310715,53.5,929.5,13
1766310715,57.546875,1444,15
1766310715,58.6875,1461,15
1766310715,59.90625,1466.5,15
1766310715,61.03125,1474.5,15
1766310715,62.109375,1487.75,15
1766310715,63.296875,1499.75,15
1766310715,64.46875,1508.75,15
1766310715,65.625,1501.25,15
1766310715,66.734375,1478.5,15
1766310715,69.5625,944.25,15
1766310715,70.6875,953.5,15
1766310715,72.609375,1353.5,15
1766310715,73.6875,1329,15
1766310715,76.265625,1060,15
1766310715,80.984375,4323.75,7
1766310715,82.125,4283.75,15
1766310715,83.171875,4224.25,15
1766310715,84.328125,4150.75,15
1766310715,85.46875,4071.75,9
1766310715,87.828125,3302.75,15
1766310715,88.953125,3361.25,15
1766310715,90.078125,3440.75,15
1766310715,92.328125,3827.5,9
1766310715,93.46875,3752.75,15
1766310715,95.8125,3444.5,15
1766310715,96.9375,3394.75,15
1766310715,98.09375,3358.25,15
1766310715,99.234375,3326,15
1766310715,100.375,3271.25,15
1766310715,101.53125,3223.25,15
1766310715,103.875,2767.75,15
1766310715,109.609375,2485.5,5
1766310715,113,2486.75,13
1766310715,116.359375,2961.5,15
1766310715,119.78125,2936.25,15
1766310715,120.90625,2943,15
1766310715,122.046875,2946.5,15
1766310715,125.46875,2927.5,15
1766310715,126.59375,2918.75,15
1766310715,127.75,2908.75,15
1766310715,130.015625,2901,15
1766310715,131.15625,2908.75,15
1766310715,150.53125,2715,15
1766310715,151.6875,2683.25,15
1766310715,157.328125,3419,15
1766310715,158.453125,3464.75,15
1766310715,159.59375,3521.75,15
1766310715,171,3502,15
1766310715,173.265625,3594.75,13
1766310715,198.890625,1617.25,15
1766310715,202.1875,1913.5,9
1766310715,216.203125,1524.25,15
1766310715,217.375,1504,15
1766310715,219.546875,1605.5,15
1766310715,220.6875,1606.5,15
1766310715,221.84375,1609.25,15
1766310715,222.984375,1611.5,15
1766310715,224.125,1613,15
1766310715,225.296875,1617.25,15
1766310715,226.390625,1626,15
1766310715,227.578125,1633.5,15
1766310715,228.734375,1638.5,15
1766310715,229.921875,1641.75,15
1766310715,231.015625,1649.25,15
1766310715,232.203125,1656.25,15
1766310715,233.296875,1661.25,15
1766310715,234.484375,1674,15
1766310715,235.625,1687.75,15
1766310715,236.75,1704.5,15
1766310715,237.890625,1723.5,15
1766310715,242.46875,1722.75,15
1766310715,243.5625,1743,15
1766310715,244.734375,1762.5,15
1766310715,245.84375,1781.25,15
1766310715,247.03125,1803.5,15
1766310715,248.140625,1836.5,15
1766310715,249.296875,1861.25,15
1766310715,250.421875,1882.25,15
1766310715,251.53125,1912.25,15
1766310715,252.671875,1948.5,15
1766310715,253.765625,1981.75,15
1766310715,254.90625,2007,15
1766310715,275,5219.25,15
1766310715,276.125,5214.5,15
1766310715,280.71875,4888.5,15
1766310715,281.875,4831,15
1766310715,283.015625,4817.5,15
1766310715,285.328125,4170.5,15
1766310715,286.46875,4169,15
1766310715,287.609375,4169,15
1766310715,288.75,4167.75,15
1766310715,289.890625,4148.75,15
1766310715,291.015625,4119.5,15
1766310715,292.1875,4066.5,15
1766310715,293.34375,4004,15
1766310715,294.484375,3962.75,15
1766310715,295.609375,3943.25,15
1766310715,296.734375,3956.5,15
1766310715,297.890625,3940.5,15
1766310715,299.046875,3929,15
1766310715,300.171875,3911,15
1766310715,301.34375,3875.5,15
1766310715,302.46875,3869.75,15
1766310715,303.609375,3857.25,15
1766310715,304.75,3837.75,15
1766310715,305.890625,3844,15
1766310715,307.03125,3870.75,15
1766310715,308.171875,3850.75,15
1766310715,309.3125,3829.25,15
1766310715,310.453125,3846.75,15
1766310715,311.59375,3854.75,15
1766310715,312.734375,3867.25,15
1766310715,313.890625,3884.5,15
1766310715,315.015625,3890,15
1766310715,316.15625,3898.75,15
1766310715,317.28125,3908.5,15
1766310715,318.421875,3920.5,15
1766310715,321.46875,1251,15
1766310715,322.671875,1267.75,15
1766310715,326.859375,786,15
1766310715,328.015625,781.75,15
1766310715,329.171875,778.5,15
1766310715,330.34375,783.75,15
1766310715,333.328125,4223.5,15
1766310715,334.484375,4281.25,15
1766310715,335.609375,4363.25,15
1766310715,336.75,4446,15
1766310715,337.90625,4465.75,15
1766310715,339.046875,4474.75,15
1766310715,341.28125,5034.25,15
1766310715,352.703125,5006.75,8
1766310715,358.5625,918.75,15
1766310715,359.6875,904.5,15
1766310715,0.9375,891.5,15
1766310715,2.09375,879.25,15
1766310715,3.171875,868,15
1766310715,4.34375,857.25,15
1766310715,5.515625,847,15
1766310715,6.765625,837,15
1766310715,7.8125,827,15
1766310715,9.015625,819.25,15
1766310715,10.28125,811.25,15
1766310715,11.453125,802.75,15
1766310715,12.59375,796,15
1766310715,13.625,789.5,15
1766310715,14.828125,783.5,15
1766310715,19.5625,1712.25,15
1766310715,20.734375,1702.5,15
1766310715,21.875,1692.75,15
1766310715,23.03125,1684,15
1766310715,24.125,1680,15
1766310715,25.328125,1666.25,15
1766310715,27.5625,1708.5,15
1766310715,28.6875,1702,15
1766310715,29.859375,1702.75,15
1766310715,31.015625,1701.75,15
1766310715,32.171875,1697.25,15
1766310715,33.265625,1692.5,15
1766310715,34.390625,1692.75,15
1766310715,35.6875,1695,15
1766310715,36.859375,1697.25,15
1766310715,39.90625,894.25,11
1766310715,41.09375,890.5,15
1766310715,42.171875,894.25,15
1766310715,43.375,901.5,15
1766310715,44.421875,904.25,15
1766310715,45.703125,900,15
1766310715,46.828125,904,15
1766310715,52.5,916.5,8
1766310715,53.703125,921.75,10
1766310715,58.8125,1459.5,15
1766310715,59.953125,1468,15
1766310715,61.125,1476,15
1766310715,62.234375,1489.75,15
1766310715,63.390625,1502.25,15
1766310715,64.59375,1509.5,15
1766310715,65.75,1500.75,15
1766310715,66.890625,1478.75,15
1766310715,69.78125,945.25,15
1766310715,70.90625,955.25,15
1766310715,72.71875,1349.75,15
1766310715,73.875,1327,15
1766310715,76.453125,1066.25,15
1766310715,83.390625,4176.5,15
1766310715,84.546875,4102,7
1766310715,85.6875,4051.5,9
1766310715,88.0625,3309,15
1766310715,89.21875,3375,15
1766310715,90.34375,3458,15
1766310715,93.75,3727.5,15
1766310715,96.0625,3442,15
1766310715,97.203125,3381,15
1766310715,98.375,3347,15
1766310715,99.546875,3314.25,15
1766310715,100.65625,3255.75,15
1766310715,101.828125,3219.75,15
1766310715,104.15625,2772,15
1766310715,113.3125,2509.5,15
1766310715,118.9375,2947,15
1766310715,334.578125,4331.25,15
1766310715,335.71875,4403.5,15
1766310715,336.84375,4447.75,15
1766310715,337.984375,4466,15
1766310715,339.140625,4473.5,15
1766310715,341.375,5017.75,15
1766310715,351.640625,5035.75,15
1766310715,352.78125,5035.75,12
1766310715,358.65625,917.5,15
1766310715,359.796875,903.5,15
1766310715,1.03125,891.5,15
1766310715,2.140625,879.25,15
1766310715,3.328125,868,15
1766310715,4.390625,857.25,15
1766310715,5.546875,846.5,15
1766310715,6.8125,836.5,15
1766310715,7.890625,827,15
1766310715,9.09375,818.5,15
1766310715,10.1875,810.25,15
1766310715,11.421875,802.75,15
1766310715,12.625,796.25,15
1766310715,13.6875,789.75,15
1766310715,14.96875,784.25,15
1766310715,19.640625,1711.75,15
1766310715,20.75,1699.25,15
1766310715,21.921875,1690,15
1766310715,23.078125,1684.75,15
1766310715,24.171875,1681,15
1766310715,25.328125,1666.5,15
1766310715,27.609375,1707,15
1766310715,28.75,1700.5,15
1766310715,29.890625,1703.25,15
1766310715,31.0625,1702.25,15
1766310715,32.171875,1697.25,15
1766310715,33.34375,1692,15
1766310715,34.4375,1691.25,15
1766310715,35.640625,1693,15
1766310715,36.8125,1696,15
1766310715,39.875,897.75,11
1766310715,41.015625,891.5,15
1766310715,42.09375,894.25,15
1766310715,43.28125,901.25,15
1766310715,44.421875,904.25,15
1766310715,45.53125,900,15
1766310715,46.6875,903.75,15
1766310715,52.359375,943.75,15
1766310715,53.5,929.5,15
1766310715,59.8125,1466.5,15
1766310715,60.9375,1473.5,15
1766310715,62.046875,1487,15
1766310715,63.265625,1499.75,15
1766310715,64.328125,1508.5,15
1766310715,65.53125,1501.25,15
1766310715,66.703125,1479,15
1766310715,69.484375,945.25,15
1766310715,70.6875,953.5,15
1766310715,72.453125,1356.25,15
1766310715,73.625,1332.25,15
1766310715,76.203125,1062,15
1766310715,80.90625,4322,7
1766310715,82.046875,4282.75,15
1766310715,83.09375,4219.5,4
1766310715,84.265625,4148.25,15
1766310715,85.390625,4073.75,15
1766310715,87.75,3306.25,15
1766310715,88.875,3367.5,15
1766310715,90,3444.75,15
1766310715,92.25,3839.25,15
1766310715,95.703125,3464.5,15
1766310715,96.859375,3397.75,15
1766310715,98,3366,15
1766310715,99.15625,3332,15
1766310715,100.3125,3271.25,15
1766310715,101.421875,3225.25,15
1766310715,109.5625,2496,5
1766310715,112.96875,2492.75,10
1766310715,119.734375,2942.5,15
1766310715,120.875,2947.75,15
1766310715,122.015625,2946,15
1766310715,123.15625,2934.25,15
1766310716,127.734375,2899.75,15
1766310716,128.875,2892.75,15
1766310716,130.03125,2898.25,15
1766310716,132.484375,2030,15
1766310716,140.421875,2146,15
1766310716,150.515625,2716.25,15
1766310716,151.671875,2680,15
1766310716,157.25,3418.25,15
1766310716,158.359375,3465.5,15
1766310716,159.515625,3500.25,15
1766310716,162.921875,3708,15
1766310716,170.890625,3479.75,15
1766310716,173.1875,3547,8
1766310716,198.78125,1618.25,15
1766310716,202.046875,1908,6
1766310716,216.046875,1525,15
1766310716,217.203125,1506.75,15
1766310716,220.5,1604.5,15
1766310716,221.65625,1606.25,15
1766310716,222.8125,1609.25,15
1766310716,223.96875,1611.5,15
1766310716,225.078125,1614.25,15
1766310716,226.21875,1622.5,15
1766310716,227.4375,1631.5,15
1766310716,228.53125,1636.25,15
1766310716,229.65625,1641.25,15
1766310716,230.8125,1647,15
1766310716,231.96875,1653,15
1766310716,233.125,1660.25,15
1766310716,234.25,1674.5,15
1766310716,235.40625,1684,15
1766310716,236.546875,1696,15
1766310716,237.65625,1717.25,15
1766310716,242.25,1719,15
1766310716,243.359375,1737.5,15
1766310716,244.515625,1758.5,15
1766310716,245.640625,1779.5,15
1766310716,246.796875,1800.25,15
1766310716,247.875,1827.75,15
1766310716,249.046875,1855.5,15
1766310716,250.15625,1878.5,15
1766310716,251.296875,1903.25,15
1766310716,252.4375,1935.5,15
1766310716,253.53125,1972,15
1766310716,254.671875,2005.75,15
1766310716,270.296875,4490.25,15
1766310716,271.421875,4548.25,15
1766310716,274.78125,5232,15
1766310716,275.921875,5230,15
1766310716,279.375,5044,15
1766310716,280.515625,4914.75,15
1766310716,281.65625,4841.75,15
1766310716,282.8125,4821.25,15
1766310716,285.140625,4170.25,15
1766310716,286.28125,4169,15
1766310716,287.421875,4169,15
1766310716,288.5625,4169,15
1766310716,289.6875,4165.75,15
1766310716,290.828125,4130,15
1766310716,291.984375,4065.75,15
1766310716,293.125,4003.75,15
1766310716,294.28125,3970.25,15
1766310716,295.421875,3953,15
1766310716,296.578125,3940.75,15
1766310716,297.703125,3929.5,15
1766310716,298.828125,3928,15
1766310716,299.96875,3908,15
1766310716,301.09375,3878.25,15
1766310716,302.265625,3870,15
1766310716,303.390625,3845.25,15
1766310716,304.53125,3816,15
1766310716,305.671875,3825.5,15
1766310716,306.828125,3839,15
1766310716,307.953125,3828.25,15
1766310716,309.09375,3818,15
1766310716,310.21875,3825,15
1766310716,311.375,3855.75,15
1766310716,312.5,3878.25,15
1766310716,313.640625,3889.75,15
1766310716,314.765625,3897,15
1766310716,315.9375,3901.5,15
1766310716,317.078125,3905.75,15
1766310716,318.21875,3911,15
1766310716,319.359375,3911.5,15
1766310716,322.34375,1267.75,15
1766310716,327.75,782.75,15
1766310716,328.8125,779,15
1766310716,329.96875,779.25,15
1766310716,333.015625,4194.25,15
1766310716,334.15625,4266.75,15
1766310716,335.296875,4359,15
1766310716,336.421875,4433.25,15
1766310716,337.546875,4465.25,15
1766310716,338.703125,4469.75,15
1766310716,339.828125,4516.5,15
1766310716,344.1875,1203.75,15
1766310716,345.296875,1182.75,15
1766310716,347.734375,5452.75,8
1766310716,348.890625,5372.25,15
1766310716,351.171875,5006.75,0
1766310716,352.296875,5050.5,15
1766310716,353.421875,5151,15
1766310716,354.578125,5223,15
1766310716,359.265625,910.75,15
1766310716,0.484375,896.25,15
1766310716,1.609375,883.25,15
1766310716,2.828125,874.5,15
1766310716,3.921875,862.75,15
1766310716,5.140625,850.75,15
1766310716,6.203125,841.75,15
1766310716,7.484375,831.75,15
1766310716,8.53125,822.75,15
1766310716,9.6875,815.25,15
1766310716,10.875,807,15
1766310716,12.0625,798.75,15
1766310716,13.265625,792.5,15
1766310716,14.296875,785.75,15
1766310716,15.46875,789.25,13
1766310716,17.890625,1717.75,15
1766310716,19.015625,1717.25,15
1766310716,20.125,1709,15
1766310716,21.3125,1697.5,15
1766310716,22.40625,1687.75,15
1766310716,23.609375,1681.75,15
1766310716,24.734375,1677.5,15
1766310716,25.90625,1655.25,15
1766310716,28.15625,1702.5,15
1766310716,29.25,1699.5,15
1766310716,30.375,1696.75,15
1766310716,31.5625,1695.75,15
1766310716,32.6875,1695.75,15
1766310716,33.8125,1694.5,15
1766310716,35,1694.25,15
1766310716,36.171875,1694.25,15
1766310716,40.40625,895,15
1766310716,41.46875,888.5,15
1766310716,42.625,893.5,15
1766310716,43.703125,901.75,15
1766310716,44.84375,897.25,15
1766310716,46,894.75,15
1766310716,59.109375,1462,15
1766310716,60.21875,1468.5,15
1766310716,61.375,1478.5,15
1766310716,62.53125,1492,15
1766310716,63.671875,1504.75,15
1766310716,64.765625,1512.25,15
1766310716,65.96875,1498,15
1766310716,68.78125,950,15
1766310716,69.953125,946.5,15
1766310716,74.125,1326,15
1766310716,76.640625,1067.25,15
1766310716,85.859375,4037.75,11
1766310716,88.21875,3310.25,15
1766310716,89.328125,3383.5,15
1766310716,93.859375,3701.25,4
1766310716,96.171875,3438.25,15
1766310716,97.34375,3377.5,15
1766310716,98.46875,3343.25,15
1766310716,99.625,3298,15
1766310716,100.765625,3244.25,15
1766310716,101.921875,3220.25,15
1766310716,104.265625,2772.5,15
1766310716,113.359375,2509.5,15
1766310716,116.6875,2971,15
1766310716,118.96875,2947.25,15
1766310716,120.078125,2941.25,15
1766310716,121.234375,2949.75,15
1766310716,122.375,2939.5,15
1766310716,123.515625,2929,15
1766310716,129.203125,2908.75,15
1766310716,130.328125,2903,15
1766310716,131.46875,2913.75,15
1766310716,140.75,2149,15
1766310716,141.859375,2157.5,15
1766310716,150.828125,2705.75,15
1766310716,153.046875,2796.5,15
1766310716,157.53125,3440,15
1766310716,158.6875,3471.25,15
1766310716,167.796875,3296.25,15
1766310716,199.046875,1617.5,15
1766310716,216.265625,1518.25,15
1766310716,217.390625,1505,15
1766310716,219.640625,1605.75,15
1766310716,220.765625,1606.25,15
1766310716,221.90625,1610.25,15
1766310716,223,1611.75,15
1766310716,224.15625,1613,15
1766310716,225.328125,1616.25,15
1766310716,226.421875,1624.75,15
1766310716,227.65625,1632.25,15
1766310716,228.796875,1638,15
1766310716,229.9375,1641.75,15
1766310716,231.0625,1649.25,15
1766310716,232.234375,1656.5,15
1766310716,233.328125,1661.5,15
1766310716,234.5,1674,15
1766310716,235.59375,1688.25,15
1766310716,236.734375,1704.75,15
1766310716,237.90625,1723.5,15
1766310716,241.34375,1737,15
1766310716,242.453125,1722.75,15
1766310716,243.578125,1743.5,15
1766310716,244.703125,1763,15
1766310716,245.8125,1781.25,15
1766310716,246.96875,1803.25,15
1766310716,248.09375,1835.75,15
1766310716,249.25,1861.25,15
1766310716,250.359375,1882.75,15
1766310716,251.515625,1912.25,15
1766310716,252.625,1945.25,15
1766310716,253.734375,1978.75,15
1766310716,254.875,2007,15
1766310716,270.5,4522.75,12
1766310716,274.953125,5220,15
1766310716,276.09375,5218.75,15
1766310716,280.671875,4879.25,15
1766310716,281.828125,4830.75,15
1766310716,282.96875,4816.5,15
1766310716,285.28125,4170,15
1766310716,286.421875,4169,15
1766310716,287.5625,4169,15
1766310716,288.703125,4168,15
1766310716,289.828125,4159.75,15
1766310716,290.984375,4130.75,15
1766310716,292.125,4069,15
1766310716,293.25,4001.25,15
1766310716,294.40625,3960.25,15
1766310716,295.546875,3946.5,15
1766310716,296.6875,3960.25,15
1766310716,297.84375,3946,15
1766310716,299,3929.75,15
1766310716,300.15625,3910.25,15
1766310716,301.28125,3876.75,15
1766310716,302.421875,3870.25,15
1766310716,303.5625,3852,15
1766310716,304.71875,3829,15
1766310716,305.84375,3839.25,15
1766310716,306.984375,3866.75,15
1766310716,308.140625,3848.25,15
1766310716,309.265625,3830.25,15
1766310716,310.40625,3843.5,15
1766310716,311.5625,3850.25,15
1766310716,312.6875,3866.75,15
1766310716,313.828125,3890,15
1766310716,314.96875,3895,15
1766310716,316.125,3897.5,15
1766310716,317.265625,3906.5,15
1766310716,318.390625,3916.5,15
1766310716,322.609375,1266.25,15
1766310716,327.9375,782.25,15
1766310716,329.046875,778.5,15
1766310716,330.125,782.75,15
1766310716,333.25,4198.5,15
1766310716,334.390625,4262.5,15
1766310716,336.640625,4454.75,15
1766310716,337.78125,4465,15
1766310716,338.953125,4473.5,15
1766310716,341.171875,5039.25,15
1766310716,344.421875,1194.25,15
1766310716,351.53125,5006.75,5
1766310716,352.65625,5039.75,12
1766310716,353.796875,5145.5,15
1766310716,358.46875,918.5,15
1766310716,359.703125,905.75,15
1766310716,0.9375,892.75,15
1766310716,1.984375,879.5,15
1766310716,3.234375,868.5,15
1766310716,4.4375,857.75,15
1766310716,5.5,847.25,15
1766310716,6.640625,837.25,15
1766310716,7.828125,827.25,15
1766310716,9,819.5,15
1766310716,10.203125,811.25,15
1766310716,11.390625,802.75,15
1766310716,12.53125,796.75,15
1766310716,13.640625,790.25,15
1766310716,14.765625,783.5,15
1766310716,19.515625,1711.75,15
1766310716,20.640625,1703,15
1766310716,21.78125,1695.75,15
1766310716,22.9375,1686.25,15
1766310716,24.109375,1680,15
1766310716,25.203125,1672.5,15
1766310716,26.375,1691.75,15
1766310716,27.515625,1710,15
1766310716,28.65625,1705.25,15
1766310716,29.8125,1701.5,15
1766310716,30.9375,1697.25,15
1766310716,32.0625,1696,15
1766310716,33.25,1692.25,15
1766310716,34.375,1693.5,15
1766310716,35.59375,1694.25,15
1766310716,36.796875,1684.75,15
1766310716,39.90625,898.25,15
1766310716,40.984375,891.5,15
1766310716,42.15625,894,15
1766310716,43.25,900.75,15
1766310716,44.40625,904,15
1766310716,45.5625,900.25,15
1766310716,46.75,904,15
1766310716,52.390625,920.5,8
1766310716,53.53125,928.75,14
1766310716,57.609375,1443.5,15
1766310716,58.734375,1460.5,15
1766310716,59.921875,1466.25,15
1766310716,61.03125,1474.5,15
1766310716,62.1875,1488.5,15
1766310716,63.328125,1500.25,15
1766310716,64.453125,1508.75,15
1766310716,65.640625,1501.25,15
1766310716,66.765625,1476.25,15
1766310716,69.625,944,15
1766310716,70.78125,954.75,15
1766310716,72.609375,1352.25,15
1766310716,73.828125,1327.5,15
1766310716,76.359375,1062,15
1766310716,83.34375,4180,15
1766310716,84.46875,4098.25,6
1766310716,85.625,4048.25,10
1766310716,88,3304.5,15
1766310716,89.125,3369.25,15
1766310716,90.265625,3450.5,15
1766310716,92.515625,3836.5,9
1766310716,93.6875,3739.25,5
1766310716,96.015625,3441.5,15
1766310716,97.15625,3387,15
1766310716,98.296875,3352.75,15
1766310716,99.484375,3310.75,15
1766310716,100.609375,3255.5,15
1766310716,101.765625,3221,15
1766310716,104.125,2776,15
1766310716,111,2481,7
1766310716,113.265625,2497.75,13
1766310716,116.59375,2968.25,15
1766310716,118.890625,2945,15
1766310716,120.03125,2941.25,15
1766310716,121.171875,2946.75,15
1766310716,122.3125,2936.75,15
1766310716,123.453125,2928.75,15
1766310716,128.0625,2912.25,15
1766310716,129.1875,2907.5,15
1766310716,130.328125,2904.75,15
1766310716,131.40625,2916.25,15
1766310716,133.921875,2100.5,15
1766310716,140.75,2152.25,15
1766310716,141.875,2160.5,15
1766310716,150.859375,2705.25,15
1766310716,153.125,2787.5,15
1766310716,156.5,3372.5,15
1766310716,157.609375,3442.75,15
1766310716,158.78125,3472.5,13
1766310716,167.9375,3296.5,15
1766310716,199.1875,1617.75,15
1766310716,216.546875,1515.5,8
1766310716,217.625,1510.25,15
1766310716,219.921875,1604,15
1766310716,221.0625,1605.5,15
1766310716,222.15625,1607.25,15
1766310716,223.3125,1609,15
1766310716,224.46875,1613.25,15
1766310716,225.625,1619.75,15
1766310716,226.734375,1626.25,15
1766310716,227.921875,1631.75,15
1766310716,229.015625,1637.5,15
1766310716,230.21875,1644,15
1766310716,231.296875,1648.5,15
1766310716,232.484375,1655.5,15
1766310716,233.609375,1666.25,15
1766310716,234.78125,1679.5,15
1766310716,235.890625,1697.25,15
1766310716,237.046875,1712.75,15
1766310716,238.1875,1724.25,15
1766310716,241.59375,1731.75,15
1766310716,242.75,1729,15
1766310716,243.859375,1747.5,15
1766310716,245,1768,15
1766310716,246.171875,1787.5,15
1766310716,247.28125,1811.5,15
1766310716,248.421875,1840,15
1766310716,249.578125,1862.25,15
1766310716,250.65625,1890.25,15
1766310716,251.828125,1922.75,15
1766310716,252.953125,1953.5,15
1766310716,254.09375,1989.75,15
1766310716,255.203125,2021.25,15
1766310716,275.28125,5223,15
1766310716,276.421875,5220.75,15
1766310716,277.5625,5177.5,15
1766310716,278.71875,5091.25,15
1766310716,279.875,5015,15
1766310716,281,4919.75,15
1766310716,282.171875,4831.75,15
1766310716,283.296875,4812,15
1766310716,285.625,4169,15
1766310716,286.765625,4169,15
1766310716,287.90625,4169,15
1766310716,289.046875,4169,15
1766310716,290.1875,4148.75,15
1766310716,291.34375,4087,15
1766310716,292.484375,4023.25,15
1766310716,293.625,3979.25,15
1766310716,294.765625,3958.5,15
1766310716,295.90625,3952.5,15
1766310716,297.046875,3935.25,15
1766310716,298.203125,3929.75,15
1766310716,299.359375,3931.75,15
1766310716,300.515625,3901.5,15
1766310716,301.625,3878,15
1766310716,302.796875,3862.75,15
1766310716,303.921875,3834.5,15
1766310716,305.078125,3825,15
1766310716,306.203125,3825.5,15
1766310716,307.359375,3848.5,15
1766310716,308.484375,3834.25,15
1766310716,309.65625,3806,15
1766310716,310.78125,3834.5,15
1766310716,311.90625,3867,15
1766310716,313.0625,3883.75,15
1766310716,314.1875,3892.25,15
1766310716,315.328125,3899.5,15
1766310716,316.484375,3907.5,15
1766310716,317.625,3910.5,15
1766310716,318.765625,3915.5,15
1766310716,321.78125,1250,15
1766310716,322.953125,1270.5,15
1766310716,327.15625,785.25,15
1766310716,328.34375,781,15
1766310716,329.5625,777.75,15
1766310716,330.5625,787.25,15
1766310716,333.671875,4225.5,15
1766310716,334.828125,4313.25,15
1766310716,335.953125,4406.25,15
1766310716,337.09375,4459.5,15
1766310716,338.234375,4466.25,15
1766310716,339.375,4493,15
1766310716,341.640625,5046.75,15
1766310716,347.359375,5450.25,7
1766310716,348.5,5389.75,15
1766310716,350.828125,5009,0
1766310716,351.953125,5032,15
1766310716,353.078125,5079,6
1766310716,354.234375,5162,15
1766310716,359.015625,914.5,15
1766310716,0.171875,899.75,15
1766310716,1.296875,887,15
1766310716,2.453125,876,15
1766310716,3.71875,864.75,15
1766310716,4.84375,852.75,15
1766310716,5.9375,842.5,15
1766310716,7.171875,833.25,15
1766310716,8.296875,825,15
1766310716,9.421875,816.25,15
1766310716,10.609375,808,15
1766310716,11.90625,801.75,15
1766310716,13.0625,795.25,15
1766310716,14.15625,787.25,15
1766310716,15.234375,787,11
1766310716,17.6875,1716,15
1766310716,18.84375,1716.75,15
1766310716,20.03125,1709.5,15
1766310716,21.21875,1698.75,15
1766310716,22.3125,1688.5,15
1766310716,23.453125,1680.75,15
1766310716,24.609375,1678.5,15
1766310716,25.78125,1656.25,15
1766310716,28.0625,1707,15
1766310716,29.21875,1704,15
1766310716,30.328125,1696.75,15
1766310716,31.484375,1695.5,15
1766310716,32.640625,1695.25,15
1766310716,33.78125,1694,15
1766310716,35.0625,1694.25,15
1766310716,36.171875,1694.25,15
1766310716,40.375,893.25,15
1766310716,41.578125,887.75,15
1766310716,42.640625,894.25,15
1766310716,43.859375,902.5,15
1766310716,44.984375,897.5,15
1766310716,46.109375,896,15
1766310716,51.8125,938.5,8
1766310716,59.375,1464.75,15
1766310716,60.578125,1471,15
1766310716,61.671875,1482,15
1766310716,62.8125,1496.25,15
1766310716,63.953125,1508.75,15
1766310716,65.140625,1511.25,15
1766310716,66.3125,1490,15
1766310716,69.1875,947,15
1766310716,70.296875,950.5,15
1766310716,75.90625,1058.25,15
1766310716,82.890625,4224.5,15
1766310716,84.03125,4150.75,15
1766310716,85.171875,4079,5
1766310716,86.328125,4046.75,10
1766310716,88.71875,3319.75,15
1766310716,92.078125,3880,15
1766310716,95.578125,3475.75,15
1766310716,96.75,3403.75,15
1766310716,97.875,3367.25,15
1766310716,99.0625,3327.75,15
1766310716,100.21875,3277,15
1766310716,101.34375,3232,15
1766310716,102.5,3210.25,15
1766310716,109.4375,2494,8
1766310716,111.71875,2475.5,8
1766310716,119.65625,2938.5,15
1766310716,120.78125,2947.5,15
1766310716,121.921875,2946.75,15
1766310716,123.078125,2932.75,15
1766310716,126.53125,2911.5,15
1766310716,128.796875,2898.25,15
1766310716,129.953125,2897.5,15
1766310716,131.078125,2909.75,15
1766310716,132.21875,2921.75,15
1766310716,134.71875,2123.5,15
1766310716,140.421875,2164.5,15
1766310716,150.5625,2720.5,15
1766310716,151.734375,2690,15
1766310716,157.28125,3419.5,15
1766310716,158.4375,3466.5,15
1766310716,161.796875,3721.75,15
1766310716,162.96875,3709.25,15
1766310716,170.984375,3506.25,13
1766310716,173.25,3575.25,9
1766310716,198.859375,1616.5,15
1766310716,202.15625,1913.5,7
1766310716,216.15625,1528.25,15
1766310716,217.28125,1508.75,15
1766310716,219.546875,1605.25,15
1766310716,220.640625,1607,15
1766310716,221.78125,1610.75,15
1766310716,222.953125,1611.75,15
1766310716,224.0625,1612.75,15
1766310716,225.265625,1614.25,15
1766310716,226.390625,1623,15
1766310716,227.625,1632.25,15
1766310716,228.71875,1637.75,15
1766310716,229.90625,1641.75,15
1766310716,231.046875,1648.75,15
1766310716,232.140625,1656,15
1766310716,233.328125,1661.5,15
1766310716,234.421875,1673.5,15
1766310716,235.59375,1688,15
1766310716,236.71875,1705.25,15
1766310716,237.84375,1724.25,15
1766310716,242.46875,1722.75,15
1766310716,243.59375,1743.25,15
1766310716,244.75,1762.25,15
1766310716,245.890625,1780.5,15
1766310716,247.015625,1802.25,15
1766310716,248.15625,1835,15
1766310716,249.3125,1860,15
1766310716,250.4375,1882.25,15
1766310716,251.46875,1913,15
1766310716,252.625,1945.5,15
1766310716,253.78125,1978.5,15
1766310716,254.859375,2006.75,15
1766310716,270.515625,4524,9
1766310716,274.953125,5220,15
1766310716,276.09375,5218.75,15
1766310716,280.6875,4883.5,15
1766310716,281.8125,4835,15
1766310716,282.96875,4818.75,15
1766310716,285.28125,4170.25,15
1766310716,286.421875,4169,15
1766310716,287.5625,4169,15
1766310716,288.6875,4167.5,15
1766310716,289.84375,4157,15
1766310716,290.96875,4129.25,15
1766310716,292.140625,4068.75,15
1766310716,293.265625,3999,15
1766310716,294.40625,3960,15
1766310716,295.5625,3948.5,15
1766310716,296.703125,3958.25,15
1766310716,297.828125,3944.25,15
1766310716,298.96875,3929,15
1766310716,300.109375,3909,15
1766310716,301.25,3877.5,15
1766310716,302.390625,3871.25,15
1766310716,303.53125,3853.25,15
1766310716,304.6875,3827.5,15
1766310716,305.8125,3835.75,15
1766310716,306.953125,3867.5,15
1766310716,308.09375,3852,15
1766310716,309.21875,3832.5,15
1766310716,310.375,3844.25,15
1766310716,311.5,3842.5,15
1766310716,312.65625,3858,15
1766310716,313.765625,3887.75,15
1766310716,314.921875,3897.25,15
1766310716,316.0625,3901.5,15
1766310716,317.203125,3907.25,15
1766310716,318.34375,3910.75,15
1766310716,319.484375,3913.25,15
1766310716,322.484375,1267,15
1766310716,327.765625,782.25,15
1766310716,329,778.5,15
1766310716,330.15625,782.25,15
1766310716,333.15625,4200.5,15
1766310716,334.296875,4271,15
1766310716,335.4375,4360.75,15
1766310716,336.5625,4433.75,15
1766310716,337.703125,4464.5,15
1766310716,338.84375,4475,15
1766310716,340,4524.5,15
1766310716,344.3125,1194.75,15
1766310716,345.453125,1176.25,15
1766310716,347.90625,5470.25,8
1766310716,351.34375,5006.75,3
1766310716,352.46875,5058,15
1766310716,353.59375,5161.75,15
1766310716,359.4375,907.75,15
1766310716,0.609375,894,15
1766310716,1.765625,882,15
1766310716,2.96875,872,15
1766310716,4.109375,860,15
1766310716,5.265625,848.5,15
1766310716,6.40625,840.25,15
1766310716,7.59375,830.25,15
1766310716,8.734375,821.5,15
1766310716,9.90625,814.5,15
1766310716,11.140625,805.5,15
1766310716,12.265625,798.75,15
1766310716,13.46875,793,15
1766310716,14.59375,785.75,15
1766310716,15.6875,793.5,15
1766310716,18.078125,1724.25,15
1766310716,19.25,1715.25,15
1766310716,20.328125,1705,15
1766310716,21.53125,1696.5,15
1766310716,22.625,1687.5,15
1766310716,23.765625,1683.25,15
1766310716,24.890625,1678,15
1766310716,26.046875,1656.75,11
1766310716,28.328125,1704.5,15
1766310716,29.453125,1698.75,15
1766310716,30.625,1697.75,15
1766310716,31.765625,1700.75,15
1766310716,32.859375,1699.75,15
1766310716,34.015625,1696.25,15
1766310716,35.28125,1694.5,15
1766310716,40.65625,893.75,15
1766310716,41.734375,890.5,15
1766310716,42.84375,895.25,15
1766310716,44.078125,902,15
1766310716,45.28125,898.25,15
1766310716,46.296875,899,15
1766310716,52.03125,935.75,9
1766310716,59.4375,1465,15
1766310716,60.609375,1470.75,15
1766310716,61.71875,1485,15
1766310716,62.859375,1499.25,15
1766310716,63.984375,1509,15
1766310716,65.1875,1510.75,15
1766310716,66.28125,1489.75,15
1766310716,69.125,947,15
1766310716,70.34375,950.5,15
1766310716,75.828125,1057.25,15
1766310716,82.75,4239.75,15
1766310716,85.03125,4060.75,8
1766310716,86.171875,4039.25,14
1766310716,88.515625,3322.25,15
1766310716,91.90625,3847,15
1766310716,93.046875,3832.5,15
1766310716,95.375,3487.75,15
1766310716,96.515625,3435,15
1766310716,97.640625,3377.5,15
1766310716,98.796875,3344.25,15
1766310716,99.9375,3292,15
1766310716,101.09375,3239.25,15
1766310716,102.234375,3213.75,15
1766310716,113.640625,2499,14
1766310716,119.25,2934,15
1766310716,120.375,2944,15
1766310716,121.546875,2949.75,15
1766310716,122.671875,2936.25,15
1766310716,123.8125,2929,15
1766310716,127.21875,2906.5,15
1766310716,129.5,2904.5,15
1766310716,130.609375,2913,15
1766310716,131.734375,2912.5,15
1766310716,132.890625,2921.75,15
1766310716,134.03125,2931.5,15
1766310716,141,2174,15
1766310716,142.109375,2178.75,15
1766310716,151.125,2708,15
1766310716,153.328125,2821.5,12
1766310716,156.59375,3376.25,15
1766310716,157.734375,3449.5,15
1766310716,158.859375,3474.5,15
1766310716,167.9375,3296.5,15
1766310716,198.9375,1617,15
1766310716,216.15625,1528.5,15
1766310716,217.34375,1508.75,15
1766310716,219.515625,1612.75,15
1766310716,220.671875,1608.25,15
1766310716,221.78125,1610,15
1766310716,222.890625,1609.75,15
1766310716,224.046875,1610.25,15
1766310716,225.15625,1613.75,15
1766310716,226.328125,1623.25,15
1766310716,227.453125,1633,15
1766310716,228.640625,1638,15
1766310716,229.734375,1641.75,15
1766310716,230.859375,1647.5,15
1766310716,232,1653,15
1766310716,233.140625,1660.75,15
1766310716,234.3125,1675.25,15
1766310716,235.421875,1684.25,15
1766310716,236.546875,1696.5,15
1766310716,237.71875,1717.5,15
1766310716,242.203125,1718.5,15
1766310716,243.390625,1737.25,15
1766310716,244.46875,1758.75,15
1766310716,245.59375,1780,15
1766310716,246.765625,1799.5,15
1766310716,247.890625,1826.75,15
1766310716,249.015625,1855.25,15
1766310716,250.125,1878.5,15
1766310716,251.265625,1903.25,15
1766310716,252.40625,1935.75,15
1766310716,253.515625,1969.25,15
1766310716,254.640625,2003,15
1766310716,255.78125,2040.5,7
1766310716,270.203125,4487.5,15
1766310716,272.484375,4447.75,13
1766310716,274.65625,5262.25,15
1766310716,275.796875,5257.75,15
1766310716,279.203125,5062.5,15
1766310716,280.375,4942.5,15
1766310716,281.5,4855.25,15
1766310716,282.640625,4811.75,15
1766310716,284.96875,4169.25,15
1766310716,286.09375,4169,15
1766310716,287.234375,4169,15
1766310716,288.359375,4169,15
1766310716,289.5,4166.75,15
1766310716,290.640625,4155.25,15
1766310716,291.78125,4100.75,15
1766310716,292.9375,4012.5,15
1766310716,294.078125,3963,15
1766310716,295.203125,3945.75,15
1766310716,296.34375,3923,15
1766310716,297.484375,3915,15
1766310716,298.703125,3914.75,15
1766310716,299.84375,3893.25,15
1766310716,300.984375,3874.75,15
1766310716,302.109375,3862.75,15
1766310716,303.265625,3842.5,15
1766310716,304.40625,3818.5,15
1766310716,305.546875,3841.25,15
1766310716,306.6875,3855.25,15
1766310716,307.8125,3844.75,15
1766310716,308.96875,3840,15
1766310716,310.109375,3832.5,15
1766310716,311.25,3850,15
1766310716,312.375,3861.5,15
1766310716,313.515625,3878.25,15
1766310716,314.65625,3885.75,15
1766310716,315.8125,3890.5,15
1766310716,316.9375,3905.25,15
1766310716,318.078125,3912.75,15
1766310716,319.21875,3917,15
1766310716,322.234375,1267.75,15
1766310716,327.53125,783.25,15
1766310716,328.71875,779.5,15
1766310716,329.859375,778,15
1766310716,332.84375,4209.5,15
1766310716,333.984375,4263.25,15
1766310716,335.109375,4354.75,15
1766310716,336.234375,4419.25,15
1766310716,337.375,4457.5,15
1766310716,338.515625,4472.5,15
1766310716,339.65625,4510.5,15
1766310716,343.984375,1200.75,15
1766310716,345.171875,1178.5,15
1766310716,347.609375,5451.75,7
1766310716,348.75,5385,15
1766310716,351.0625,5006.75,0
1766310716,352.1875,5038,15
1766310716,353.3125,5114.5,9
1766310716,354.453125,5199.75,15
1766310716,359.15625,912.75,15
1766310716,0.40625,898.5,15
1766310716,1.5625,886.5,15
1766310716,2.734375,875.25,15
1766310716,3.828125,863.5,15
1766310716,4.953125,852.25,15
1766310716,6.15625,842,15
1766310716,7.390625,831.75,15
1766310716,8.46875,823.25,15
1766310716,9.59375,815.5,15
1766310716,10.78125,807,15
1766310716,12.015625,798.75,15
1766310716,13.15625,792.5,15
1766310716,14.34375,785.75,15
1766310716,15.390625,789.25,12
1766310716,17.859375,1717.75,15
1766310716,19,1717.5,15
1766310716,20.140625,1709.5,15
1766310716,21.265625,1698,15
1766310716,22.40625,1687.5,15
1766310716,23.5625,1680.75,15
1766310716,24.703125,1676.25,15
1766310716,25.859375,1654.75,15
1766310716,28.125,1701.75,15
1766310716,29.296875,1699,15
1766310716,30.40625,1700,15
1766310716,31.5625,1698.5,15
1766310716,32.671875,1695.25,15
1766310716,33.828125,1694.25,15
1766310716,35.109375,1694.25,15
1766310716,36.28125,1695.25,15
1766310716,40.453125,891.25,15
1766310716,41.65625,887.75,15
1766310716,42.71875,894.25,15
1766310716,43.953125,902.5,15
1766310716,45.125,897.5,15
1766310716,46.203125,895.75,15
1766310716,51.859375,938.75,8
1766310716,55.359375,926.25,10
1766310716,59.359375,1464.25,15
1766310716,60.515625,1470.5,15
1766310716,61.625,1481.75,15
1766310716,62.796875,1493.75,15
1766310716,63.890625,1506.25,15
1766310716,65.0625,1510,15
1766310716,66.21875,1489.75,15
1766310716,69.09375,945.75,15
1766310716,70.25,949.25,15
1766310716,75.78125,1057,15
1766310716,76.953125,1078,15
1766310716,82.734375,4239.25,15
1766310716,83.890625,4161.5,15
1766310716,85.046875,4078,8
1766310716,86.1875,4039.5,13
1766310716,88.53125,3330.75,15
1766310716,89.671875,3430,15
1766310716,91.90625,3838,15
1766310716,93.078125,3824.5,15
1766310716,95.40625,3482,15
1766310716,96.546875,3427.25,15
1766310716,97.71875,3375.75,15
1766310716,98.859375,3334,15
1766310716,100.015625,3282.5,15
1766310716,101.140625,3239.25,15
1766310716,102.296875,3214.25,15
1766310716,111.609375,2484.75,8
1766310716,112.75,2488.5,11
1766310716,119.515625,2928,15
1766310716,120.640625,2944.25,15
1766310716,121.796875,2948.25,15
1766310716,122.9375,2932.75,15
1766310716,124.09375,2928.75,15
1766310716,127.546875,2925.75,15
1766310716,129.84375,2909.75,15
1766310716,130.90625,2908.75,15
1766310716,132.046875,2915.5,15
1766310716,133.203125,2921.25,15
1766310716,134.34375,2921.75,15
1766310716,135.484375,2927.5,15
1766310716,151.5,2693.75,15
1766310716,155.984375,3329.25,15
1766310716,157.109375,3404.25,15
1766310716,158.234375,3460.25,15
1766310716,159.390625,3511,15
1766310716,162.78125,3712.75,15
1766310716,170.796875,3474.75,15
1766310716,175.328125,3766.5,0
1766310716,196.1875,2157.25,15
1766310716,198.734375,1611.5,15
1766310716,202.015625,1918,6
1766310716,216.09375,1517.75,15
1766310716,217.21875,1503,13
1766310716,220.609375,1604.25,15
1766310716,221.765625,1606,15
1766310716,222.90625,1610,15
1766310716,224.03125,1610.5,15
1766310716,225.203125,1613.75,15
1766310716,226.28125,1623.25,15
1766310716,227.46875,1633.25,15
1766310716,228.609375,1638.25,15
1766310716,229.78125,1642.25,15
1766310716,230.875,1647.75,15
1766310716,232.046875,1653,15
1766310716,233.203125,1660.25,15
1766310716,234.34375,1674.75,15
1766310716,235.46875,1685,15
1766310716,236.640625,1702.5,15
1766310716,237.75,1723,15
1766310716,241.203125,1740.25,15
1766310716,242.3125,1725,15
1766310716,243.5,1740.75,15
1766310716,244.609375,1758.75,15
1766310716,245.75,1779.25,15
1766310716,246.859375,1800.75,15
1766310716,248.015625,1828.75,15
1766310716,249.171875,1856.75,15
1766310716,250.28125,1884.5,15
1766310716,251.4375,1913.75,15
1766310716,252.578125,1944.75,15
1766310716,253.671875,1976,15
1766310716,254.859375,2004,15
1766310716,270.46875,4528.25,9
1766310716,274.984375,5219.75,15
1766310716,276.140625,5215.25,15
1766310716,279.59375,5018,15
1766310716,280.734375,4894.25,15
1766310716,281.890625,4833.75,15
1766310716,283.03125,4818.25,15
1766310716,285.359375,4170,15
1766310716,286.5,4169,15
1766310716,287.65625,4169,15
1766310716,288.796875,4167.75,15
1766310716,289.9375,4147.5,15
1766310716,291.078125,4103.25,15
1766310716,292.25,4048.5,15
1766310716,293.375,4002.75,15
1766310716,294.53125,3969.25,15
1766310716,295.6875,3946.25,15
1766310716,296.8125,3934.25,15
1766310716,297.953125,3925,15
1766310716,299.140625,3917.75,15
1766310716,300.28125,3894.75,15
1766310716,301.453125,3864.5,15
1766310716,302.578125,3861.75,15
1766310716,303.734375,3859.25,15
1766310716,304.875,3852.25,15
1766310716,306.015625,3855.5,15
1766310716,307.171875,3864.75,15
1766310716,308.328125,3848.5,15
1766310716,309.453125,3823,15
1766310716,310.609375,3843,15
1766310716,311.75,3865.25,15
1766310716,312.890625,3879.25,15
1766310716,314.046875,3893.5,15
1766310716,315.171875,3896.25,15
1766310716,316.328125,3899.75,15
1766310716,317.484375,3906.75,15
1766310716,318.625,3910.75,15
1766310716,321.71875,1257.25,15
1766310716,322.859375,1276,15
1766310716,326.96875,785.75,15
1766310716,328.21875,781.25,15
1766310716,329.40625,778.25,15
1766310716,330.5,784.75,15
1766310716,333.546875,4234.25,15
1766310716,334.703125,4324.5,15
1766310716,335.828125,4410,15
1766310716,336.96875,4461.5,15
1766310716,338.140625,4466.75,15
1766310716,339.28125,4483.25,15
1766310716,341.546875,5047.75,15
1766310716,347.234375,5450.25,10
1766310716,348.375,5450.25,15
1766310716,349.515625,5443.75,15
1766310716,351.84375,5042.25,15
1766310716,352.984375,5042.25,8
1766310716,358.921875,915.75,15
1766310716,0.0625,901,15
1766310716,1.203125,887.25,15
1766310716,2.3125,876,15
1766310716,3.578125,866,15
1766310716,4.703125,854.5,15
1766310716,5.84375,843.75,15
1766310716,7.015625,835,15
1766310716,8.1875,825.75,15
1766310716,9.34375,817.75,15
1766310716,10.53125,809.75,15
1766310716,11.78125,801.25,15
1766310716,12.8125,794,15
1766310716,14.03125,786.75,15
1766310716,15.1875,785.25,11
1766310716,17.609375,1717.75,15
1766310716,18.765625,1718.5,15
1766310716,19.953125,1708.5,15
1766310716,21.046875,1696.5,15
1766310716,22.234375,1687,15
1766310716,23.375,1682.75,15
1766310716,24.5,1677.25,15
1766310716,25.6875,1652.75,15
1766310716,27.953125,1712.5,15
1766310716,29.0625,1708.25,15
1766310716,30.234375,1698.25,15
1766310716,31.359375,1696.75,15
1766310716,32.53125,1695.75,15
1766310716,33.703125,1695.25,15
1766310716,34.890625,1694.25,15
1766310716,36.03125,1693.5,15
1766310716,40.3125,894.25,15
1766310716,41.375,888.75,15
1766310716,42.578125,893.75,15
1766310716,43.609375,902,15
1766310716,44.859375,901.5,15
1766310716,45.96875,898.75,15
1766310716,59.140625,1464,15
1766310716,60.265625,1468.75,15
1766310716,61.453125,1478.5,15
1766310716,62.578125,1492,15
1766310716,63.703125,1504.25,15
1766310716,64.84375,1511.75,15
1766310716,66,1498.25,15
1766310716,68.90625,948,15
1766310716,70.03125,948,15
1766310716,75.59375,1052.25,15
1766310716,76.6875,1070.25,15
1766310716,82.515625,4276.75,15
1766310716,84.84375,4077.5,7
1766310716,85.96875,4041,9
1766310716,88.34375,3300.25,15
1766310716,92.859375,3831.5,15
1766310716,95.203125,3520.5,15
1766310716,96.34375,3430.25,15
1766310716,97.484375,3374.25,15
1766310716,98.640625,3344.5,15
1766310716,99.796875,3294.5,15
1766310716,100.9375,3243.25,15
1766310716,102.09375,3217.5,15
1766310716,111.28125,2482.5,7
1766310716,113.5625,2502.5,15
1766310716,119.1875,2936,15
1766310716,120.328125,2945.5,15
1766310716,121.46875,2950.5,15
1766310716,122.609375,2938.5,15
1766310716,123.78125,2928.5,15
1766310716,126.046875,2927,15
1766310716,127.1875,2907.5,15
1766310716,129.484375,2906.25,15
1766310716,130.59375,2914,15
1766310716,131.71875,2912.25,15
1766310716,132.875,2921.5,15
1766310716,135.15625,2926,15
1766310716,136.28125,2932.75,15
1766310716,141,2188.5,15
1766310716,142.15625,2193,15
1766310716,151.140625,2708,15
1766310717,155.59375,3308.5,15
1766310717,156.71875,3373.5,15
1766310717,157.859375,3447.5,15
1766310717,159.015625,3474.5,15
1766310717,163.546875,3479.75,15
1766310717,169.265625,3403.5,15
1766310717,170.390625,3449.75,15
1766310717,174.921875,3731.5,15
1766310717,201.5,1946.5,1
1766310717,215.484375,1524.25,15
1766310717,216.609375,1506.75,5
1766310717,217.71875,1506.25,14
1766310717,220,1604.25,15
1766310717,221.109375,1605.25,15
1766310717,222.265625,1606.25,15
1766310717,223.40625,1608,15
1766310717,224.5625,1613,15
1766310717,225.71875,1620.25,15
1766310717,226.84375,1626.75,15
1766310717,227.96875,1635.25,15
1766310717,229.09375,1641,15
1766310717,230.25,1644.5,15
1766310717,231.359375,1649.75,15
1766310717,232.515625,1656.25,15
1766310717,233.609375,1666.75,15
1766310717,234.78125,1681,15
1766310717,235.890625,1698,15
1766310717,237.046875,1712.5,15
1766310717,238.203125,1723.75,15
1766310717,241.578125,1731.25,15
1766310717,242.703125,1728.5,15
1766310717,243.890625,1747.5,15
1766310717,244.96875,1768.5,15
1766310717,246.125,1787.75,15
1766310717,247.25,1811,15
1766310717,248.359375,1839.75,15
1766310717,249.5,1862,15
1766310717,250.65625,1887,15
1766310717,251.765625,1915.75,15
1766310717,252.90625,1949,15
1766310717,254.03125,1984.75,15
1766310717,255.15625,2016,15
1766310717,275.140625,5277.5,15
1766310717,276.28125,5273.5,15
1766310717,278.578125,5015,15
1766310717,279.734375,4994.5,15
1766310717,280.84375,4899.75,15
1766310717,281.984375,4851.25,15
1766310717,283.140625,4828.5,15
1766310717,285.453125,4169,15
1766310717,286.59375,4169,15
1766310717,287.734375,4169,15
1766310717,288.859375,4169,15
1766310717,290.015625,4149,15
1766310717,291.140625,4105,15
1766310717,292.296875,4051,15
1766310717,293.40625,4003.75,15
1766310717,294.5625,3969.75,15
1766310717,295.6875,3945,15
1766310717,296.828125,3934.75,15
1766310717,297.984375,3926.25,15
1766310717,299.078125,3937.5,15
1766310717,300.21875,3915.25,15
1766310717,301.359375,3875.5,15
1766310717,302.5,3870.5,15
1766310717,303.640625,3857.25,15
1766310717,304.78125,3834,15
1766310717,305.890625,3839,15
1766310717,307.015625,3866.5,15
1766310717,308.171875,3846.75,15
1766310717,309.3125,3829.5,15
1766310717,310.4375,3849.5,15
1766310717,311.5625,3855.75,15
1766310717,312.703125,3866.25,15
1766310717,313.84375,3888.75,15
1766310717,314.96875,3893.5,15
1766310717,316.09375,3897.5,15
1766310717,317.25,3907.25,15
1766310717,318.375,3914.75,15
1766310717,322.515625,1266.25,15
1766310717,327.90625,782,15
1766310717,328.953125,778.5,15
1766310717,330.109375,782,15
1766310717,333.125,4201,15
1766310717,334.28125,4271.25,15
1766310717,335.40625,4358.25,15
1766310717,336.515625,4432.5,15
1766310717,337.65625,4464.75,15
1766310717,338.78125,4471.75,15
1766310717,339.9375,4518.5,15
1766310717,344.265625,1193.5,15
1766310717,345.40625,1176.25,15
1766310717,347.875,5468.5,10
1766310717,351.3125,5006.75,0
1766310717,352.453125,5049.25,15
1766310717,353.578125,5153.75,15
1766310717,359.484375,908,15
1766310717,0.578125,894,15
1766310717,1.78125,882,15
1766310717,2.90625,872,15
1766310717,4.140625,861,15
1766310717,5.234375,849.5,15
1766310717,6.453125,840.25,15
1766310717,7.546875,831,15
1766310717,8.765625,822.25,15
1766310717,9.921875,814.25,15
1766310717,10.96875,805.5,15
1766310717,12.25,798.75,15
1766310717,13.40625,793,15
1766310717,14.46875,785.5,15
1766310717,15.625,791.75,15
1766310717,18.046875,1722.25,15
1766310717,19.140625,1713.75,15
1766310717,20.28125,1705.25,15
1766310717,21.4375,1697.25,15
1766310717,22.578125,1688,15
1766310717,23.734375,1682.5,15
1766310717,24.828125,1677.5,15
1766310717,26.03125,1655.75,15
1766310717,28.265625,1704.5,15
1766310717,29.421875,1698.5,15
1766310717,30.515625,1698,15
1766310717,31.6875,1697,15
1766310717,32.8125,1696,15
1766310717,33.921875,1696.25,15
1766310717,35.125,1694.5,15
1766310717,36.28125,1694.75,15
1766310717,40.453125,894.5,15
1766310717,41.640625,888,15
1766310717,42.765625,894.25,15
1766310717,43.921875,902.5,15
1766310717,44.984375,897.5,15
1766310717,46.203125,895.5,15
1766310717,55.171875,933.75,10
1766310717,59.171875,1464,15
1766310717,60.328125,1468.75,15
1766310717,61.5,1478.75,15
1766310717,62.640625,1492,15
1766310717,63.734375,1504.25,15
1766310717,64.859375,1512,15
1766310717,66.015625,1498.25,15
1766310717,68.890625,948.25,15
1766310717,70.046875,946.5,15
1766310717,75.546875,1051.75,15
1766310717,76.65625,1067.75,15
1766310717,83.59375,4176.5,15
1766310717,84.71875,4092.25,7
1766310717,85.859375,4043,14
1766310717,88.21875,3308.75,15
1766310717,89.34375,3388,15
1766310717,90.4375,3470,15
1766310717,95,3481.75,15
1766310717,96.171875,3439.5,15
1766310717,97.296875,3379.5,15
1766310717,98.453125,3347,15
1766310717,99.578125,3301,15
1766310717,100.734375,3245.25,15
1766310717,101.875,3219.75,15
1766310717,104.203125,2771.5,15
1766310717,111.015625,2488.25,7
1766310717,113.296875,2504.75,15
1766310717,118.859375,2943,15
1766310717,120.015625,2941.75,15
1766310717,121.140625,2945.5,15
1766310717,122.28125,2936,15
1766310717,123.421875,2928.25,15
1766310717,126.828125,2911.5,15
1766310717,127.953125,2910.75,15
1766310717,130.203125,2913.25,15
1766310717,131.34375,2917,15
1766310717,132.5,2923.75,15
1766310717,133.625,2921.25,15
1766310717,149.53125,2728,15
1766310717,150.703125,2712.75,15
1766310717,151.84375,2704,6
1766310717,152.9375,2742,15
1766310717,156.328125,3346.75,15
1766310717,157.4375,3430,15
1766310717,158.609375,3468.75,15
1766310717,167.703125,3287,15
1766310717,198.96875,1617,15
1766310717,202.203125,1912.5,8
1766310717,216.140625,1530.25,15
1766310717,217.328125,1509.25,15
1766310717,219.5625,1610.5,15
1766310717,220.640625,1603.25,15
1766310717,221.828125,1606.5,15
1766310717,222.953125,1611.5,15
1766310717,224.046875,1611.75,15
1766310717,225.21875,1614,15
1766310717,226.390625,1623.5,15
1766310717,227.53125,1632.75,15
1766310717,228.640625,1638,15
1766310717,229.828125,1642.25,15
1766310717,230.953125,1647.75,15
1766310717,232.0625,1654.5,15
1766310717,233.234375,1665.25,15
1766310717,234.359375,1678,15
1766310717,235.5,1687.75,15
1766310717,236.625,1705.75,15
1766310717,237.734375,1723.75,15
1766310717,241.1875,1739.5,15
1766310717,242.34375,1724.25,15
1766310717,243.453125,1740.5,15
1766310717,244.59375,1758.5,15
1766310717,245.71875,1779,15
1766310717,246.859375,1801,15
1766310717,247.96875,1828.25,15
1766310717,249.09375,1856.25,15
1766310717,250.25,1884.25,15
1766310717,251.421875,1913.25,15
1766310717,252.515625,1944.25,15
1766310717,253.65625,1975.75,15
1766310717,254.828125,2003.75,15
1766310717,270.421875,4518.25,15
1766310717,274.84375,5228.75,15
1766310717,275.984375,5226.75,15
1766310717,279.40625,5070,15
1766310717,281.703125,4844,15
1766310717,282.84375,4820.25,15
1766310717,285.15625,4170.75,15
1766310717,286.296875,4169,15
1766310717,287.4375,4169,15
1766310717,288.578125,4169,15
1766310717,289.703125,4155.75,15
1766310717,290.859375,4120.25,15
1766310717,291.984375,4065.25,15
1766310717,293.125,4003.75,15
1766310717,294.28125,3971.5,15
1766310717,295.40625,3954.5,15
1766310717,296.5625,3951,15
1766310717,297.6875,3938.25,15
1766310717,298.859375,3929,15
1766310717,300.015625,3912.5,15
1766310717,301.140625,3882,15
1766310717,302.296875,3870.75,15
1766310717,303.453125,3849.25,15
1766310717,304.578125,3822.25,15
1766310717,305.71875,3824.5,15
1766310717,306.875,3860.25,15
1766310717,308,3852.5,15
1766310717,309.140625,3820.75,15
1766310717,310.265625,3831.75,15
1766310717,311.40625,3846.25,15
1766310717,312.5625,3863.5,15
1766310717,313.6875,3889.25,15
1766310717,314.84375,3896.5,15
1766310717,315.984375,3901.25,15
1766310717,317.09375,3906.5,15
1766310717,318.25,3912.5,15
1766310717,319.390625,3913.75,15
1766310717,322.46875,1267.25,15
1766310717,327.828125,782,15
1766310717,328.84375,778.5,15
1766310717,330.015625,781.25,15
1766310717,333.109375,4199.5,15
1766310717,334.234375,4268.5,15
1766310717,335.375,4355.5,15
1766310717,336.5,4432.5,15
1766310717,337.640625,4465,15
1766310717,338.78125,4473,15
1766310717,339.921875,4518.25,15
1766310717,344.28125,1193.75,15
1766310717,345.40625,1176.25,15
1766310717,347.90625,5468,10
1766310717,351.359375,5006.75,2
1766310717,352.46875,5055.25,15
1766310717,353.625,5159,15
1766310717,359.578125,907.75,15
1766310717,0.640625,894,15
1766310717,1.84375,882.25,15
1766310717,3.03125,871.75,15
1766310717,4.140625,859.75,15
1766310717,5.375,848.25,15
1766310717,6.546875,839,15
1766310717,7.625,829.25,15
1766310717,8.796875,821.5,15
1766310717,9.984375,813,15
1766310717,11.125,804,15
1766310717,12.328125,798.25,15
1766310717,13.453125,792.25,15
1766310717,14.6875,784.75,15
1766310717,18.171875,1721.5,15
1766310717,19.359375,1714.5,15
1766310717,20.46875,1704.75,15
1766310717,21.65625,1696.5,15
1766310717,22.78125,1688.5,15
1766310717,23.9375,1683.5,15
1766310717,25.078125,1673.75,15
1766310717,26.1875,1687.25,15
1766310717,27.359375,1705.5,15
1766310717,28.515625,1709.25,15
1766310717,29.671875,1705.75,15
1766310717,30.78125,1696.75,15
1766310717,31.90625,1694,15
1766310717,33.09375,1694,15
1766310717,34.203125,1695.5,15
1766310717,35.5,1694.75,15
1766310717,39.625,900.5,15
1766310717,40.90625,892.5,15
1766310717,42.03125,891,15
1766310717,43.109375,897.5,15
1766310717,44.25,902.75,15
1766310717,45.4375,898,15
1766310717,46.53125,900.5,15
1766310717,52.265625,929,12
1766310717,53.34375,929.25,15
1766310717,54.546875,934.25,13
1766310717,59.78125,1466.25,15
1766310717,60.921875,1473,15
1766310717,62.109375,1487,15
1766310717,63.25,1500,15
1766310717,64.390625,1508.25,15
1766310717,65.5625,1501.25,15
1766310717,66.703125,1478.75,15
1766310717,69.515625,944,15
1766310717,70.65625,953.75,15
1766310717,72.53125,1353.5,15
1766310717,73.75,1329,15
1766310717,76.328125,1060.5,15
1766310717,81.03125,4325.25,7
1766310717,82.1875,4289.25,15
1766310717,83.234375,4229.25,15
1766310717,84.390625,4147,15
1766310717,85.53125,4068.5,8
1766310717,87.90625,3304.5,15
1766310717,89.03125,3363.25,15
1766310717,90.15625,3443.5,15
1766310717,92.421875,3848,9
1766310717,93.578125,3745,15
1766310717,95.921875,3443.75,15
1766310717,97.046875,3390.75,15
1766310717,98.21875,3355,15
1766310717,99.359375,3312.75,15
1766310717,100.53125,3256,15
1766310717,101.671875,3220.5,15
1766310717,104.03125,2768.75,15
1766310717,116.546875,2957,15
1766310717,119.953125,2942,15
1766310717,121.109375,2945,15
1766310717,122.28125,2939.5,15
1766310717,123.390625,2931.5,15
1766310717,126.84375,2909,15
1766310717,127.984375,2908,15
1766310717,130.25,2910.75,15
1766310717,131.390625,2917.5,15
1766310717,132.546875,2929.75,15
1766310717,133.671875,2940,15
1766310717,134.828125,2930.25,15
1766310717,135.96875,2925.5,15
1766310717,149.71875,2703.25,15
1766310717,150.90625,2704.75,15
1766310717,153.15625,2792.5,15
1766310717,156.546875,3372,15
1766310717,157.671875,3445.75,15
1766310717,158.828125,3474.25,15
1766310717,167.984375,3298,15
1766310717,174.8125,3733.75,11
1766310717,201.53125,1932,9
1766310717,215.53125,1525,15
1766310717,216.75,1500.25,1
1766310717,220.09375,1602.5,15
1766310717,221.25,1604.5,15
1766310717,222.40625,1607.5,15
1766310717,223.5625,1611,15
1766310717,224.65625,1615.25,15
1766310717,225.8125,1619,15
1766310717,227.015625,1625.75,15
1766310717,228.15625,1634.25,15
1766310717,229.34375,1640.25,15
1766310717,230.453125,1645.25,15
1766310717,231.625,1652.5,15
1766310717,232.734375,1660,15
1766310717,233.890625,1669.25,15
1766310717,235.046875,1683.75,15
1766310717,236.1875,1702,15
1766310717,237.34375,1717.25,15
1766310717,238.484375,1727.5,15
1766310717,239.59375,1757.25,15
1766310717,241.953125,1723,15
1766310717,243.046875,1732.5,15
1766310717,244.25,1751.25,15
1766310717,245.34375,1771.75,15
1766310717,246.5,1796.5,15
1766310717,247.671875,1820.75,15
1766310717,248.75,1848,15
1766310717,249.9375,1877,15
1766310717,251.015625,1902,15
1766310717,252.171875,1932,15
1766310717,253.265625,1963.25,15
1766310717,254.453125,1997.5,15
1766310717,255.53125,2029.25,15
1766310717,272.40625,4449.25,11
1766310717,274.578125,5265,15
1766310717,275.71875,5256.25,15
1766310717,276.859375,5219.25,15
1766310717,278.03125,5178.75,15
1766310717,279.15625,5078.5,15
1766310717,280.296875,4958.5,15
1766310717,281.484375,4855.25,15
1766310717,282.625,4811.5,15
1766310717,284.953125,4172.5,15
1766310717,286.09375,4169,15
1766310717,287.234375,4169,15
1766310717,288.375,4169,15
1766310717,289.515625,4167.25,15
1766310717,290.671875,4156.5,15
1766310717,291.8125,4098.25,15
1766310717,292.96875,4016.25,15
1766310717,294.109375,3972,15
1766310717,295.265625,3946.25,15
1766310717,296.40625,3928.25,15
1766310717,297.546875,3922,15
1766310717,298.671875,3916.75,15
1766310717,299.828125,3896,15
1766310717,300.953125,3874.5,15
1766310717,302.078125,3865,15
1766310717,303.25,3846.25,15
1766310717,304.40625,3821.5,15
1766310717,305.53125,3842,15
1766310717,306.671875,3854.25,15
1766310717,307.796875,3863.25,15
1766310717,308.953125,3853.75,15
1766310717,310.078125,3828.5,15
1766310717,311.234375,3833.25,15
1766310717,312.359375,3847.25,15
1766310717,313.515625,3878.75,15
1766310717,314.65625,3885.75,15
1766310717,315.8125,3892.75,15
1766310717,316.953125,3906.25,15
1766310717,318.09375,3912,15
1766310717,319.234375,3915,15
1766310717,322.296875,1267.75,15
1766310717,327.5625,783.25,15
1766310717,328.65625,779.5,15
1766310717,329.953125,778,15
1766310717,332.921875,4217,15
1766310717,334.0625,4265.25,15
1766310717,335.1875,4351,15
1766310717,336.328125,4426.75,15
1766310717,337.46875,4465.25,15
1766310717,338.625,4471.75,15
1766310717,339.765625,4515.5,15
1766310717,342,5044.75,15
1766310717,345.28125,1181,15
1766310717,347.59375,5451.25,5
1766310717,348.734375,5387.25,15
1766310717,352.15625,5045.5,2
1766310717,359.15625,913,15
1766310717,0.28125,898.75,15
1766310717,1.484375,886.75,15
1766310717,2.6875,876,15
1766310717,3.734375,866.25,15
1766310717,4.921875,854.25,15
1766310717,6.140625,842.25,15
1766310717,7.3125,832.5,15
1766310717,8.453125,823.5,15
1766310717,9.546875,815.5,15
1766310717,10.703125,807,15
1766310717,11.953125,800.75,15
1766310717,13,794.75,15
1766310717,14.140625,787,15
1766310717,15.328125,787.25,9
1766310717,17.71875,1715.75,15
1766310717,18.84375,1716.75,15
1766310717,19.96875,1709.25,15
1766310717,21.09375,1698.75,15
1766310717,22.234375,1688.75,15
1766310717,23.375,1683.75,15
1766310717,24.515625,1682.5,15
1766310717,25.71875,1657.75,15
1766310717,27.890625,1711.5,15
1766310717,29.03125,1707,15
1766310717,30.203125,1704,15
1766310717,31.3125,1706,15
1766310717,32.46875,1698.75,15
1766310717,33.625,1694.75,15
1766310717,34.71875,1696.25,15
1766310717,37.765625,914.75,8
1766310717,38.984375,902.75,15
1766310717,40.125,892.5,15
1766310717,41.21875,887,15
1766310717,42.4375,893.25,15
1766310717,43.578125,901.25,15
1766310717,44.640625,896.5,15
1766310717,45.78125,895.25,15
1766310717,52.65625,929.75,13
1766310717,58.890625,1465.25,15
1766310717,59.984375,1469,15
1766310717,61.140625,1477.25,15
1766310717,62.203125,1492.5,15
1766310717,63.375,1505,15
1766310717,64.515625,1509.75,15
1766310717,65.6875,1496.25,15
1766310717,68.46875,949,15
1766310717,69.671875,951.5,15
1766310717,75.125,1064.25,15
1766310717,76.21875,1083.75,15
1766310717,83.046875,4314.5,10
1766310717,84.1875,4258.5,15
1766310717,85.296875,4160.25,12
1766310717,87.65625,3297,15
1766310717,89.875,3470.75,15
1766310717,91.015625,3522.25,15
1766310717,92.125,3545,15
1766310717,93.28125,3483.25,15
1766310717,94.4375,3431.75,15
1766310717,95.5625,3408,15
1766310717,96.671875,3382.5,15
1766310717,97.796875,3345.25,15
1766310717,98.953125,3306,15
1766310717,100.078125,3273.25,15
1766310717,101.21875,3231.25,15
1766310717,106.859375,2483.25,12
1766310717,107.96875,2445.5,15
1766310717,109.109375,2420.75,15
1766310717,110.234375,2407.75,7
1766310717,111.359375,2411.5,15
1766310717,112.5,2420.75,15
1766310717,113.578125,2453,10
1766310717,117.953125,2928.5,15
1766310717,119.09375,2934.75,15
1766310717,120.234375,2937.25,15
1766310717,121.328125,2942,15
1766310717,122.46875,2937.75,15
1766310717,124.703125,2920,15
1766310717,125.8125,2909.75,15
1766310717,128.078125,2911.75,14
1766310717,129.1875,2906,15
1766310717,130.328125,2905.5,15
1766310717,131.34375,2916.75,15
1766310717,134.6875,2919.75,15
1766310717,139.3125,2165.25,15
1766310717,140.4375,2175.25,15
1766310717,149.296875,2686.5,15
1766310717,150.375,2673.75,15
1766310717,151.5,2715.5,15
1766310717,154.703125,3296.5,15
1766310717,155.8125,3350.25,15
1766310717,156.90625,3440.75,15
1766310717,158.015625,3477,15
1766310717,162.5,3464.5,15
1766310717,165.828125,3293.25,15
1766310717,195.546875,1560,15
1766310717,196.65625,1545.75,15
1766310717,197.8125,1537.25,15
1766310717,198.90625,1531.5,15
1766310717,200.046875,1505.5,15
1766310717,201.1875,1481.5,8
1766310717,203.53125,1563.75,15
1766310717,212.578125,1529.75,15
1766310717,214.921875,1489.25,15
1766310717,216.03125,1496.75,15
1766310717,218.21875,1581.5,15
1766310717,219.359375,1586.25,15
1766310717,220.484375,1591.25,15
1766310717,221.625,1594,15
1766310717,222.703125,1598.25,15
1766310717,223.890625,1604,15
1766310717,224.953125,1609.25,15
1766310717,226.125,1619.5,15
1766310717,227.34375,1624,15
1766310717,228.453125,1629.75,15
1766310717,229.609375,1640,15
1766310717,230.78125,1645.5,15
1766310717,231.890625,1651.5,15
1766310717,233,1660.75,15
1766310717,234.140625,1673.75,15
1766310717,235.234375,1688.75,15
1766310717,236.40625,1708,15
1766310717,240.9375,1709,15
1766310717,242.015625,1730.25,15
1766310717,243.140625,1749.25,15
1766310717,244.265625,1771,15
1766310717,245.40625,1795,15
1766310717,246.5625,1822.75,15
1766310717,247.65625,1849.75,15
1766310717,248.796875,1873.5,15
1766310717,249.921875,1903.25,15
1766310717,251.09375,1937.25,15
1766310717,252.203125,1968.75,15
1766310717,253.3125,2001.75,15
1766310717,265.375,5755.5,15
1766310717,266.515625,5706,15
1766310717,270,4504.75,15
1766310717,273.34375,5219.25,15
1766310717,274.4375,5226,15
1766310717,277.875,5035,15
1766310717,279.015625,4920.25,15
1766310717,280.140625,4854.75,15
1766310717,281.28125,4832.25,15
1766310717,283.59375,4170,15
1766310717,284.734375,4169,15
1766310717,285.859375,4169,15
1766310717,287,4169,15
1766310717,288.140625,4166.75,15
1766310717,289.28125,4164,15
1766310717,290.40625,4116.25,15
1766310717,291.5625,4043.25,15
1766310717,292.6875,4016.75,15
1766310717,293.8125,3991.5,15
1766310717,294.953125,3957.75,15
1766310717,296.078125,3941.5,15
1766310717,297.203125,3927.75,15
1766310717,298.359375,3924.5,15
1766310717,299.453125,3917,15
1766310717,300.578125,3906.5,15
1766310717,301.703125,3897.5,15
1766310717,302.828125,3890,15
1766310717,303.984375,3881.5,15
1766310717,305.109375,3875.5,15
1766310717,306.234375,3883.5,15
1766310717,307.375,3888.5,15
1766310717,308.5,3890.5,15
1766310717,309.625,3893.25,15
1766310717,310.78125,3902.75,15
1766310717,311.921875,3909.75,15
1766310717,313.046875,3902,15
1766310717,314.1875,3898,15
1766310717,315.3125,3904.5,15
1766310717,316.453125,3911.5,15
1766310717,317.578125,3928.75,15
1766310717,318.703125,3942.75,15
1766310717,321.734375,1291,15
1766310717,326.78125,810.75,15
1766310717,327.9375,807.25,15
1766310717,329.078125,804.75,15
1766310717,332.09375,4337.5,15
1766310717,333.21875,4402.5,15
1766310717,334.34375,4453.5,15
1766310717,335.46875,4465.25,15
1766310717,336.609375,4466.5,15
1766310717,337.734375,4516,15
1766310717,339.9375,5044,15
1766310717,343.140625,1227,15
1766310717,344.25,1210.75,8
1766310717,347.796875,5262.75,15
1766310717,350.046875,5183.75,11
1766310717,352.296875,5185.5,15
1766310717,356.890625,953.75,15
1766310717,358.109375,940.75,15
1766310717,359.21875,927.5,15
1766310717,0.328125,913.5,15
1766310717,1.546875,900.25,15
1766310717,2.625,890.25,15
1766310717,3.78125,879,15
1766310717,4.90625,867.75,15
1766310717,6.15625,858,15
1766310717,7.25,850.25,15
1766310717,8.375,843.5,15
1766310717,9.453125,836,15
1766310717,10.734375,827.75,15
1766310717,11.796875,821.5,15
1766310717,12.875,822,12
1766310717,15.40625,1750.25,15
1766310717,16.515625,1752.5,15
1766310717,17.6875,1738.75,15
1766310717,18.78125,1729.25,15
1766310717,19.890625,1724.25,15
1766310717,21.046875,1717,15
1766310717,22.203125,1704,15
1766310717,23.3125,1685.5,15
1766310717,25.5,1748.25,15
1766310717,26.671875,1751,15
1766310717,27.8125,1743.5,15
1766310717,28.9375,1736.75,15
1766310717,30.0625,1735.75,15
1766310717,31.21875,1729.25,15
1766310717,32.296875,1722.25,15
1766310717,36.578125,928.25,15
1766310717,37.734375,920.75,13
1766310717,38.859375,921.5,15
1766310717,40.015625,928.25,15
1766310717,41.09375,932.75,15
1766310717,42.25,929,15
1766310717,43.328125,930.75,13
1766310717,47.859375,937.5,10
1766310717,48.984375,938.25,10
1766310717,50.078125,944.25,8
1766310717,55.28125,1471.25,15
1766310717,56.390625,1482.75,15
1766310717,57.46875,1495,15
1766310717,58.65625,1505.25,15
1766310717,59.828125,1514.5,15
1766310717,60.953125,1525.75,15
1766310717,62.03125,1529,15
1766310717,64.921875,966.25,15
1766310717,65.984375,963.25,15
1766310717,71.546875,1061.25,15
1766310717,72.703125,1078,15
1766310717,80.75,4085.5,7
1766310717,83.015625,4053.5,9
1766310717,85.375,3294.5,15
1766310717,88.703125,3796.25,6
1766310717,89.84375,3792.25,8
1766310717,90.984375,3749,15
1766310717,92.125,3713.25,15
1766310717,93.28125,3700.5,15
1766310717,94.390625,3681,15
1766310717,95.5625,3658.25,15
1766310717,101.328125,2763.5,15
1766310717,113.78125,2938.25,15
1766310717,117.1875,2923,15
1766310717,118.3125,2919.5,15
1766310717,119.453125,2914.5,15
1766310717,120.578125,2906,15
1766310717,123.984375,2901,15
1766310717,125.140625,2896,15
1766310717,127.40625,2901.5,15
1766310717,128.53125,2889.25,15
1766310717,129.671875,2893,15
1766310717,130.796875,2903.5,15
1766310717,133.078125,2909.25,15
1766310717,138.875,2142.75,15
1766310717,148.953125,2677.5,15
1766310717,151.25,2747.5,15
1766310717,153.40625,3256,15
1766310717,154.515625,3276,15
1766310717,155.65625,3327,15
1766310717,157.875,3473.25,15
1766310717,162.421875,3439,15
1766310717,165.859375,3254,13
1766310717,166.953125,3320.5,15
1766310717,168.078125,3395.25,15
1766310717,172.59375,3655.75,15
1766310717,174.828125,3750.25,10
1766310717,198.015625,1586,15
1766310717,212.828125,1516.5,15
1766310717,214,1484.25,15
1766310717,215.171875,1454,15
1766310717,216.25,1441.75,15
1766310717,219.609375,1561.25,15
1766310717,220.78125,1566,15
1766310717,221.84375,1567,15
1766310717,223.03125,1569,15
1766310717,224.15625,1577.75,15
1766310717,225.25,1585.5,15
1766310717,226.4375,1591.25,15
1766310717,227.625,1599.25,15
1766310717,228.75,1607.25,15
1766310717,229.90625,1612.5,15
1766310717,231.046875,1618,15
1766310717,232.125,1630,15
1766310717,233.28125,1642.75,15
1766310717,234.4375,1651.75,15
1766310717,235.53125,1659,15
1766310717,236.65625,1670.25,15
1766310717,237.765625,1686.75,15
1766310717,241.21875,1692.25,15
1766310717,242.34375,1694.5,15
1766310717,243.453125,1720.5,15
1766310717,244.609375,1741.75,15
1766310717,245.703125,1770.25,15
1766310717,246.84375,1792.5,15
1766310717,247.96875,1813.75,15
1766310717,249.09375,1848.25,15
1766310717,250.25,1874.25,15
1766310717,251.390625,1899,15
1766310717,252.484375,1933.75,15
1766310717,253.640625,1969.75,15
1766310717,254.75,2005,15
1766310717,265.6875,5849.5,15
1766310717,277.0625,5006.75,0
1766310717,278.203125,5029.25,15
1766310717,279.328125,4998.5,15
1766310717,280.484375,4897.75,15
1766310717,281.609375,4837.75,15
1766310717,283.9375,4190.25,15
1766310717,285.0625,4171.5,15
1766310717,286.203125,4169,15
1766310717,287.34375,4169,15
1766310717,288.484375,4169,15
1766310717,289.609375,4165.75,15
1766310717,290.75,4134.5,15
1766310717,291.890625,4069.75,15
1766310717,293.046875,4006.25,15
1766310717,294.171875,3972.75,15
1766310717,295.3125,3953.5,15
1766310717,296.453125,3935,15
1766310717,297.609375,3925.75,15
1766310717,298.734375,3934,15
1766310717,299.875,3915.75,15
1766310717,301.015625,3880.5,15
1766310717,302.171875,3870,15
1766310717,303.296875,3851.25,15
1766310717,304.4375,3847.25,15
1766310717,305.578125,3870.25,15
1766310717,306.703125,3889,15
1766310717,307.84375,3872.25,15
1766310717,308.96875,3858.75,15
1766310717,310.09375,3885.5,15
1766310717,311.234375,3895.75,15
1766310717,312.390625,3898.5,15
1766310717,313.515625,3901,15
1766310717,314.65625,3903.5,15
1766310717,315.8125,3910.5,15
1766310717,316.921875,3908.5,15
1766310717,318.0625,3913.25,15
1766310717,319.1875,3935.5,15
1766310717,322.203125,1307.25,15
1766310717,327.328125,822.75,15
1766310717,328.5625,819.5,15
1766310717,329.59375,816.5,15
1766310717,330.71875,823.5,15
1766310717,333.875,4417.25,15
1766310717,335,4466,15
1766310717,336.125,4459.75,15
1766310717,337.296875,4462,15
1766310717,340.640625,5139.5,15
1766310717,343.828125,1240,15
1766310717,350.796875,5054,3
1766310717,353.0625,5272.75,15
1766310717,357.65625,962.75,15
1766310717,358.84375,948.75,15
1766310717,0.046875,934.75,15
1766310717,1.125,921.75,15
1766310717,2.328125,909.5,15
1766310717,3.46875,899.25,15
1766310717,4.59375,889.25,15
1766310717,5.796875,879.5,15
1766310717,6.859375,870.25,15
1766310717,8.0625,860,15
1766310717,9.21875,851.5,15
1766310717,10.40625,844,15
1766310717,11.4375,836.25,15
1766310717,12.703125,830.25,15
1766310717,16.359375,1771.5,15
1766310717,17.46875,1758.5,15
1766310717,18.609375,1746.25,15
1766310717,19.734375,1737.5,15
1766310717,20.9375,1734,15
1766310717,22.046875,1723.5,15
1766310717,23.1875,1705.5,15
1766310717,25.421875,1757,15
1766310717,26.546875,1755.5,15
1766310717,27.671875,1754.75,15
1766310717,28.875,1752,15
1766310717,30,1749,15
1766310717,31.140625,1750,15
1766310717,32.265625,1745.25,15
1766310717,36.5,936,15
1766310717,37.578125,931.75,15
1766310717,38.796875,927.25,15
1766310717,39.8125,933.25,15
1766310717,40.984375,941.5,15
1766310717,42.15625,936.25,15
1766310717,43.21875,938.75,12
1766310717,54.078125,1465.5,15
1766310717,55.234375,1477,15
1766310717,56.359375,1493.25,15
1766310717,57.453125,1504.25,15
1766310717,58.578125,1512.75,15
1766310717,59.765625,1521.5,15
1766310717,60.953125,1529.75,15
1766310717,62.046875,1529.75,15
1766310717,64.859375,969.5,15
1766310717,66.03125,969.5,15
1766310717,71.640625,1074.25,15
1766310717,72.65625,1090.25,15
1766310717,79.703125,4319.5,6
1766310717,80.859375,4298.25,15
1766310717,85.453125,3298.75,15
1766310717,87.6875,3451,15
1766310717,88.8125,3528,15
1766310717,89.96875,3565.25,15
1766310717,91.109375,3533.75,15
1766310717,92.234375,3477.75,15
1766310717,93.390625,3419.25,15
1766310717,94.546875,3390.75,15
1766310717,95.65625,3359.25,15
1766310717,96.8125,3307.75,15
1766310717,97.953125,3250,15
1766310717,99.109375,3214.5,15
1766310717,101.4375,2765.75,15
1766310717,107.21875,2437.25,12
1766310717,108.34375,2420.5,8
1766310717,110.625,2428.25,11
1766310717,116.203125,2926.75,15
1766310717,117.34375,2908,15
1766310717,118.484375,2906.25,15
1766310717,119.625,2911.25,15
1766310717,120.78125,2908,15
1766310717,124.171875,2890.5,15
1766310717,125.296875,2901,15
1766310717,127.609375,2890.75,15
1766310717,128.75,2889,15
1766310717,129.875,2898.25,15
1766310717,130.984375,2906.5,8
1766310717,132.109375,2914.75,15
1766310717,133.265625,2914.5,15
1766310717,141.421875,2111.5,15
1766310717,148.0625,2688.5,15
1766310717,149.234375,2659.25,15
1766310717,150.328125,2698.75,15
1766310717,153.65625,3264.25,15
1766310717,154.8125,3293.5,15
1766310717,155.9375,3344,15
1766310717,157.09375,3433,15
1766310717,158.1875,3475,15
1766310717,159.34375,3492.25,15
1766310717,161.609375,3492.75,15
1766310717,163.9375,3327,15
1766310717,165.046875,3251.25,15
1766310717,166.171875,3262,15
1766310717,167.3125,3336.25,15
1766310717,168.453125,3395.75,15
1766310717,197.484375,1573.25,15
1766310717,213.5625,1499,15
1766310717,214.671875,1464.25,15
1766310717,215.8125,1447.5,15
1766310717,216.984375,1447,15
1766310717,219.171875,1558,15
1766310717,220.359375,1560,15
1766310717,221.46875,1565.25,15
1766310717,222.609375,1568.25,15
1766310717,223.734375,1571.25,15
1766310717,224.90625,1581,15
1766310717,226.046875,1592,15
1766310717,227.21875,1596,15
1766310717,228.359375,1602,15
1766310717,229.453125,1611.25,15
1766310717,230.59375,1616.25,15
1766310717,231.78125,1624.75,15
1766310717,232.859375,1638.25,15
1766310717,234.015625,1646.5,15
1766310717,235.171875,1653,15
1766310717,236.3125,1667.75,15
1766310717,237.4375,1688.5,15
1766310717,242,1685.75,15
1766310717,243.140625,1714.5,15
1766310717,244.296875,1739,15
1766310717,245.421875,1762.25,15
1766310717,246.53125,1783,15
1766310717,247.640625,1805,15
1766310717,248.796875,1837.75,15
1766310717,249.921875,1865.75,15
1766310717,251.078125,1894.75,15
1766310717,252.1875,1928,15
1766310717,253.296875,1960,15
1766310717,254.46875,1997.5,15
1766310717,274.53125,5225.75,15
1766310717,275.671875,5218.5,15
1766310717,276.828125,5182.5,15
1766310717,277.96875,5087.5,15
1766310717,279.109375,4964.25,15
1766310717,280.25,4865.25,15
1766310717,281.40625,4820.75,15
1766310717,283.734375,4179.25,15
1766310717,284.859375,4169,15
1766310717,286.015625,4169,15
1766310717,287.140625,4169,15
1766310717,288.28125,4169,15
1766310717,289.4375,4167.5,15
1766310717,290.5625,4119,15
1766310717,291.71875,4061.5,15
1766310717,292.84375,4013.5,15
1766310717,294,3970,15
1766310717,295.140625,3950.75,15
1766310717,296.296875,3928,15
1766310717,297.421875,3915,15
1766310717,298.59375,3931.75,15
1766310717,299.71875,3927.25,15
1766310717,300.859375,3893,15
1766310717,302,3868.5,15
1766310717,303.15625,3864.75,15
1766310717,304.296875,3882.5,15
1766310717,305.4375,3864,15
1766310717,306.578125,3874.25,15
1766310717,307.71875,3887.25,15
1766310717,308.859375,3866,15
1766310717,310,3876.5,15
1766310717,311.140625,3875,15
1766310717,312.28125,3886.75,15
1766310717,313.40625,3954.25,15
1766310717,314.5625,3959.5,15
1766310717,315.6875,3914.5,15
1766310717,316.84375,3909.75,15
1766310717,317.96875,3912.75,15
1766310717,319.109375,3934.75,15
1766310717,322.09375,1307,15
1766310717,327.453125,822.5,15
1766310717,328.578125,818.5,15
1766310717,329.78125,815.5,15
1766310717,330.84375,826.5,15
1766310717,332.828125,4342.5,15
1766310717,333.953125,4416.25,15
1766310717,335.09375,4462.75,15
1766310717,336.265625,4462.5,15
1766310717,337.390625,4496.5,15
1766310717,338.53125,4582.5,15
1766310717,340.78125,5103.75,15
1766310717,346.46875,5427.75,15
1766310717,347.609375,5355.25,15
1766310717,351.046875,5050.5,1
1766310717,357.96875,958.5,15
1766310717,359.15625,945.25,15
1766310717,0.296875,930.5,15
1766310717,1.5,917.25,15
1766310717,2.609375,906.5,15
1766310717,3.796875,895.25,15
1766310717,4.921875,884,15
1766310717,6.109375,875,15
1766310717,7.3125,866,15
1766310717,8.375,856.5,15
1766310717,9.65625,848.75,15
1766310717,10.765625,842.75,15
1766310717,11.875,835.25,15
1766310717,13.125,834.25,15
1766310717,15.5625,1766.5,15
1766310717,16.6875,1767.25,15
1766310717,17.84375,1752.75,15
1766310717,18.96875,1743.5,15
1766310717,20.15625,1734.75,15
1766310717,21.328125,1730.25,15
1766310717,22.421875,1726.25,15
1766310717,23.59375,1700.25,15
1766310717,25.84375,1752,15
1766310717,26.96875,1749.5,15
1766310717,28.125,1747.25,15
1766310717,29.28125,1744,15
1766310717,30.453125,1745.5,15
1766310717,31.546875,1748.5,15
1766310717,32.734375,1739,15
1766310717,36.9375,931.5,15
1766310717,38.125,926.25,15
1766310717,39.1875,931,15
1766310717,40.359375,939.25,15
1766310717,41.484375,934,15
1766310717,42.671875,930.25,15
1766310717,48.328125,948,15
1766310717,49.453125,962.75,10
1766310717,55.796875,1483.5,15
1766310717,56.953125,1497,15
1766310717,58.109375,1506.25,15
1766310717,59.21875,1516,15
1766310717,60.359375,1526,15
1766310717,61.5,1534.25,15
1766310717,62.625,1524.75,15
1766310717,65.453125,964.5,15
1766310717,66.546875,972.5,15
1766310717,68.421875,1381.75,15
1766310717,69.578125,1359.75,15
1766310717,72.21875,1073.5,14
1766310717,79.171875,4284.25,15
1766310717,82.546875,4094.75,8
1766310717,83.671875,4051,11
1766310717,86.046875,3325.5,15
1766310717,87.171875,3417.75,15
1766310717,88.3125,3493,15
1766310717,89.4375,3546.25,15
1766310717,90.59375,3551,15
1766310717,91.734375,3488.25,15
1766310717,92.859375,3424.25,15
1766310717,94.015625,3392.5,15
1766310717,95.171875,3372.75,15
1766310717,96.296875,3339.75,15
1766310717,97.453125,3288.5,15
1766310717,98.609375,3237,15
1766310717,99.71875,3215.75,15
1766310717,102.078125,2801.25,15
1766310717,106.65625,2447,10
1766310717,107.8125,2417.75,9
1766310717,111.21875,2416.5,15
1766310717,116.796875,2919.5,15
1766310717,117.9375,2917,15
1766310717,119.078125,2911.25,15
1766310717,120.21875,2910,15
1766310717,121.359375,2897.25,15
1766310717,124.75,2895,15
1766310717,128.15625,2899.5,15
1766310717,129.328125,2894,15
1766310717,130.4375,2894.75,15
1766310717,132.6875,2901.5,15
1766310717,138.53125,2119,15
1766310717,148.640625,2666,15
1766310717,149.765625,2652.25,15
1766310717,150.90625,2696,15
1766310717,154.203125,3276.5,15
1766310717,155.296875,3312,15
1766310717,156.4375,3373.75,15
1766310717,157.5625,3446,15
1766310717,166.65625,3300.5,15
1766310717,167.765625,3367,15
1766310717,168.890625,3433.75,15
1766310717,174.515625,3777.25,9
1766310717,197.921875,1542.25,15
1766310717,199.0625,1510.25,15
1766310717,200.25,1482.25,15
1766310717,201.34375,1468,7
1766310717,203.625,1540.5,15
1766310717,204.796875,1519.5,11
1766310717,212.78125,1499,15
1766310717,213.953125,1484.5,15
1766310717,215.078125,1449.75,15
1766310717,216.171875,1438,15
1766310717,217.34375,1458.25,15
1766310717,219.515625,1559.75,15
1766310717,220.6875,1562.5,15
1766310717,221.828125,1565.5,15
1766310717,222.953125,1570.5,15
1766310717,224.09375,1576.75,15
1766310717,225.25,1584.25,15
1766310717,226.328125,1590.75,15
1766310717,227.421875,1598.25,15
1766310717,228.5625,1603.5,15
1766310717,229.703125,1609.5,15
1766310717,230.828125,1620.25,15
1766310717,231.9375,1631.5,15
1766310717,233.046875,1639.25,15
1766310717,234.203125,1647,15
1766310717,235.34375,1660.75,15
1766310717,236.46875,1674.5,15
1766310717,237.625,1685,15
1766310717,240.984375,1700.25,15
1766310717,242.15625,1688.25,15
1766310717,243.25,1714.25,15
1766310717,244.375,1737.5,15
1766310717,245.53125,1761,15
1766310717,246.640625,1783.5,15
1766310717,247.71875,1805.75,15
1766310717,248.859375,1837,15
1766310717,249.96875,1864.25,15
1766310717,251.09375,1889.25,15
1766310717,252.21875,1923.75,15
1766310717,253.3125,1960.5,15
1766310717,254.4375,1998,15
1766310717,258.515625,6548.5,15
1766310717,264.1875,5921.75,15
1766310717,265.328125,5797.75,15
1766310717,266.46875,5707.25,15
1766310717,267.609375,5696.75,15
1766310717,274.34375,5226.25,15
1766310717,275.46875,5224.25,15
1766310717,276.625,5177.5,15
1766310717,277.75,5080.75,15
1766310717,278.875,4976.5,15
1766310717,280.015625,4884.5,15
1766310717,281.15625,4828.25,15
1766310717,283.453125,4190.75,15
1766310717,284.59375,4169,15
1766310717,285.71875,4169,15
1766310717,286.84375,4169,15
1766310717,287.984375,4169,15
1766310717,289.109375,4169,15
1766310717,290.265625,4114.25,15
1766310717,291.390625,4045.5,15
1766310717,292.5,4015.5,15
1766310717,293.640625,3982.25,15
1766310717,294.78125,3961,15
1766310717,295.90625,3950,15
1766310717,297.03125,3936.75,15
1766310717,298.171875,3932.5,15
1766310717,299.34375,3928.75,15
1766310717,300.484375,3900.5,15
1766310717,301.609375,3866,15
1766310717,302.75,3853.5,15
1766310717,303.859375,3876,15
1766310717,305,3898,15
1766310717,306.125,3867.25,15
1766310717,307.265625,3851.75,15
1766310717,308.40625,3860.25,15
1766310717,309.53125,3877.5,15
1766310717,310.65625,3904.5,15
1766310717,311.796875,3909.75,15
1766310718,312.921875,3900.5,15
1766310718,314.046875,3898.25,15
1766310718,315.171875,3904,15
1766310718,316.3125,3904.5,15
1766310718,317.453125,3922.75,15
1766310718,318.5625,3940,15
1766310718,321.5625,1307.25,15
1766310718,324.171875,4148,15
1766310718,327.828125,822.25,15
1766310718,328.96875,818.75,15
1766310718,330.09375,825,15
1766310718,333.1875,4405.75,15
1766310718,334.3125,4455.75,15
1766310718,335.453125,4466.75,15
1766310718,336.59375,4496.75,15
1766310718,337.703125,4548.25,15
1766310718,339.921875,5149.75,15
1766310718,350.046875,5082,3
1766310718,356.90625,970.25,15
1766310718,358.09375,956.5,15
1766310718,359.234375,941.75,15
1766310718,0.375,928.5,15
1766310718,1.546875,917.25,15
1766310718,2.578125,906.25,15
1766310718,3.84375,895,15
1766310718,4.96875,884.25,15
1766310718,6,875.5,15
1766310718,7.25,866.5,15
1766310718,8.40625,859.5,15
1766310718,9.4375,853,15
1766310718,10.59375,844.5,15
1766310718,11.765625,842.25,15
1766310718,14.15625,1779.25,15
1766310718,15.328125,1781.5,15
1766310718,16.421875,1768.5,15
1766310718,17.546875,1755,15
1766310718,18.703125,1746,15
1766310718,19.84375,1737.25,15
1766310718,20.984375,1733.75,15
1766310718,22.0625,1710.75,15
1766310718,24.34375,1767.25,15
1766310718,25.421875,1760,15
1766310718,26.578125,1755,15
1766310718,27.71875,1755,15
1766310718,28.828125,1751.75,15
1766310718,29.96875,1748.75,15
1766310718,31.09375,1743.5,15
1766310718,34,950.25,15
1766310718,35.125,943.75,15
1766310718,36.375,938,15
1766310718,37.53125,941.75,15
1766310718,38.65625,949,15
1766310718,39.796875,942.25,15
1766310718,40.890625,943.5,15
1766310718,46.65625,946.5,9
1766310718,51.703125,1471.25,15
1766310718,52.796875,1489.75,15
1766310718,53.96875,1501.25,15
1766310718,55.078125,1509.5,15
1766310718,56.21875,1520.25,15
1766310718,57.375,1527.5,15
1766310718,58.4375,1538,15
1766310718,59.6875,1540.75,15
1766310718,62.453125,975.75,15
1766310718,63.640625,980.5,15
1766310718,67.765625,1354.75,15
1766310718,70.203125,1120.25,15
1766310718,78.375,4312.25,8
1766310718,79.5,4312.25,9
1766310718,82.984375,3308.25,15
1766310718,84.109375,3357.75,15
1766310718,85.234375,3436.25,15
1766310718,86.359375,3528.75,15
1766310718,87.515625,3568.75,15
1766310718,88.640625,3542.75,15
1766310718,89.78125,3484.25,15
1766310718,90.921875,3417.5,15
1766310718,92.046875,3380,15
1766310718,93.203125,3353,15
1766310718,94.359375,3305,15
1766310718,95.46875,3253,15
1766310718,96.609375,3223.5,15
1766310718,98.96875,2769.75,15
1766310718,100.109375,2783.75,8
1766310718,103.5625,2432.5,11
1766310718,104.6875,2412.25,15
1766310718,105.84375,2397,5
1766310718,106.890625,2393.5,13
1766310718,108.015625,2413.25,15
1766310718,109.09375,2453,8
1766310718,112.4375,2927,15
1766310718,113.546875,2915.25,15
1766310718,114.65625,2906.75,15
1766310718,115.828125,2902.75,15
1766310718,116.921875,2903,15
1766310718,118.078125,2897,15
1766310718,121.453125,2882.25,15
1766310718,123.71875,2874.75,15
1766310718,124.84375,2885.5,15
1766310718,125.96875,2880.75,15
1766310718,127.109375,2875,15
1766310718,145.125,2651,15
1766310718,146.265625,2637,15
1766310718,147.375,2666.75,15
1766310718,152.921875,3302.5,15
1766310718,154.046875,3344.25,15
1766310718,157.40625,3542.25,15
1766310718,158.546875,3523.25,15
1766310718,160.828125,3278.75,15
1766310718,161.953125,3199.75,15
1766310718,164.203125,3301,15
1766310718,165.3125,3371.25,15
1766310718,168.671875,3582,15
1766310718,172.03125,3768,8
1766310718,193.921875,1527.75,15
1766310718,196.15625,1471.25,15
1766310718,197.28125,1462.75,15
1766310718,198.4375,1453.25,15
1766310718,199.625,1435.5,15
1766310718,200.71875,1405.75,15
1766310718,201.828125,1409,15
1766310718,204.125,1481.25,12
1766310718,205.28125,1463.75,10
1766310718,213.1875,1449.75,15
1766310718,215.359375,1530.75,15
1766310718,216.453125,1530.75,15
1766310718,217.609375,1531.25,15
1766310718,218.71875,1533.25,15
1766310718,219.875,1536.5,15
1766310718,220.953125,1543.5,15
1766310718,222.125,1551.25,15
1766310718,223.1875,1556.25,15
1766310718,224.359375,1563.25,15
1766310718,225.484375,1572.25,15
1766310718,226.609375,1583.5,15
1766310718,227.828125,1595,15
1766310718,228.90625,1604.5,15
1766310718,230.03125,1614.5,15
1766310718,232.265625,1698.5,15
1766310718,239.078125,1679.75,15
1766310718,240.21875,1702.75,15
1766310718,250.265625,2003.25,11
1766310718,252.15625,6623.75,0
1766310718,257.84375,6042,6
1766310718,259,6021.5,5
1766310718,260.140625,5926.5,15
1766310718,261.28125,5808.75,15
1766310718,264.71875,5496.25,6
1766310718,266.984375,5428.75,15
1766310718,273.828125,5006.75,6
1766310718,274.9375,4978.5,15
1766310718,276.078125,4954,15
1766310718,277.21875,4937.75,15
1766310718,280.640625,4623.75,15
1766310718,281.78125,4632.5,2
1766310718,282.921875,4641.75,9
1766310718,284.0625,4631,9
1766310718,286.359375,4168,15
1766310718,289.75,4601,13
1766310718,290.875,4588.5,7
1766310718,293.1875,3998.25,15
1766310718,294.34375,3941.75,15
1766310718,295.46875,3908.25,15
1766310718,296.609375,3893.25,15
1766310718,297.765625,3875.5,15
1766310718,298.984375,3888.5,15
1766310718,300.125,3897.5,15
1766310718,301.265625,3878.5,15
1766310718,302.40625,3885,15
1766310718,303.546875,3904.5,15
1766310718,304.671875,3911.75,15
1766310718,305.828125,3913,15
1766310718,306.96875,3909.75,15
1766310718,308.109375,3912.5,15
1766310718,309.25,3915,15
1766310718,310.375,3924.5,15
1766310718,311.53125,3939.5,15
1766310718,312.671875,3955.25,15
1766310718,313.796875,3980.75,15
1766310718,314.953125,4009.5,15
1766310718,317.953125,1332.25,15
1766310718,319.0625,1354.25,15
1766310718,324.28125,870.75,15
1766310718,325.484375,866.75,15
1766310718,326.5625,865.75,15
1766310718,329.765625,4466.5,15
1766310718,330.921875,4499.25,15
1766310718,332.0625,4595.25,15
1766310718,335.4375,5193.5,15
1766310718,338.53125,1309.5,15
1766310718,339.765625,1289,15
1766310718,342.296875,5386,15
1766310718,352.578125,1027.5,15
1766310718,353.75,1014.25,15
1766310718,354.984375,1000,15
1766310718,356.125,986,15
1766310718,357.3125,973.75,15
1766310718,358.421875,963.25,15
1766310718,359.515625,954.25,15
1766310718,0.6875,945.75,15
1766310718,1.953125,936,15
1766310718,3,926,15
1766310718,4.21875,917.5,15
1766310718,5.296875,908.5,15
1766310718,6.53125,910.5,15
1766310718,9.140625,1839,15
1766310718,10.265625,1841.25,15
1766310718,11.28125,1830.25,15
1766310718,12.390625,1823.75,15
1766310718,13.578125,1815,15
1766310718,14.671875,1808.25,15
1766310718,15.828125,1801.25,15
1766310718,16.921875,1814.25,15
1766310718,18.078125,1834.5,15
1766310718,19.203125,1830.75,15
1766310718,20.34375,1827,15
1766310718,21.5,1823.25,15
1766310718,22.640625,1817.25,15
1766310718,23.8125,1814.25,15
1766310718,28.90625,998.5,15
1766310718,30.046875,1005.5,15
1766310718,31.25,1011,15
1766310718,32.390625,1005.5,15
1766310718,33.53125,1007,15
1766310718,41.4375,1055.5,11
1766310718,54.03125,1019.5,15
1766310718,55.203125,1027.25,15
1766310718,61.96875,1163.75,15
1766310718,64.515625,3846.75,15
1766310718,67.9375,4152.25,15
1766310718,69.0625,4171.75,15
1766310718,70.21875,4171.75,15
1766310718,71.359375,4161,15
1766310718,72.5,4100.75,15
1766310718,74.828125,3909.75,15
1766310718,77.171875,3337.5,15
1766310718,79.421875,3500.75,15
1766310718,80.5625,3570.25,15
1766310718,81.71875,3576.5,15
1766310718,82.828125,3490.5,15
1766310718,83.953125,3435.25,15
1766310718,85.109375,3404.25,15
1766310718,86.265625,3370.25,15
1766310718,87.40625,3332.75,15
1766310718,88.546875,3273.75,15
1766310718,89.703125,3224.25,15
1766310718,92.0625,2751.75,15
1766310718,95.59375,2417.5,15
1766310718,96.703125,2390.75,15
1766310718,97.828125,2381,15
1766310718,98.96875,2379.75,15
1766310718,100.125,2379.75,15
1766310718,101.265625,2383.5,15
1766310718,102.4375,2395.75,11
1766310718,103.53125,2430.5,11
1766310718,106.84375,2893,15
1766310718,107.953125,2886,15
1766310718,109.125,2885.75,15
1766310718,110.25,2880.5,15
1766310718,111.40625,2864.75,15
1766310718,114.8125,2851.25,15
1766310718,121.8125,2111.25,15
1766310718,128.703125,2023,15
1766310718,134.453125,1667.25,15
1766310718,138.703125,2591,15
1766310718,139.859375,2562.5,15
1766310718,140.984375,2599,15
1766310718,145.40625,3199,15
1766310718,146.5625,3236.25,15
1766310718,147.65625,3282.5,15
1766310718,148.796875,3333.25,15
1766310718,149.9375,3384.5,15
1766310721,151.0625,3416.75,15
1766310721,323.453125,5916.75,8
1766310721,330.171875,5619.5,15
1766310721,333.734375,3015.5,15
1766310721,334.859375,3033.5,14
1766310721,338.84375,1336,15
1766310721,340,1322,15
1766310721,341.140625,1305.5,15
1766310721,342.28125,1293,15
1766310721,343.390625,1279.5,15
1766310721,344.515625,1264.5,15
1766310721,345.65625,1254.25,15
1766310721,346.765625,1246.25,15
1766310721,348,1237,15
1766310721,349.078125,1230,15
1766310721,353.0625,2155.25,15
1766310721,354.21875,2134,15
1766310721,355.3125,2114.75,15
1766310721,356.453125,2112,15
1766310721,357.59375,2092.75,13
1766310721,359.796875,2141.25,15
1766310721,0.9375,2136,15
1766310721,2.0625,2130.25,15
1766310721,3.1875,2125.75,15
1766310721,5.859375,1313.25,15
1766310721,7,1314.25,15
1766310721,8.0625,1319.5,15
1766310721,9.1875,1312.75,15
1766310721,10.34375,1311.75,10
1766310721,13.734375,1318,14
1766310721,23.5,1825.75,15
1766310721,26.046875,1275.25,15
1766310721,27.15625,1281.5,14
1766310721,32.703125,1379.75,15
1766310721,38.828125,4197,15
1766310721,39.953125,4268.5,5
1766310721,42.234375,4010,15
1766310721,44.453125,4197.25,15
1766310721,46.671875,4402.25,15
1766310721,47.8125,4446.75,15
1766310721,50.078125,4216,15
1766310721,51.203125,4169,15
1766310721,53.53125,3485.5,15
1766310721,54.625,3545.5,15
1766310721,55.75,3635.5,15
1766310721,56.875,3681,15
1766310721,58,3684.75,15
1766310721,59.203125,3656.5,15
1766310721,60.328125,3590.5,15
1766310721,61.484375,3522.5,15
1766310721,62.609375,3466.25,15
1766310721,63.75,3410.5,15
1766310721,64.875,3374,15
1766310721,69.546875,2506.25,15
1766310721,70.671875,2452.75,15
1766310721,71.8125,2418.75,12
1766310721,72.921875,2403.5,15
1766310721,74.0625,2402.5,15
1766310721,75.203125,2403,13
1766310721,76.34375,2417,15
1766310721,77.421875,2450.5,11
1766310721,78.53125,2502.25,13
1766310721,399.671875,43.75,15