timestamp,co2_ppm,pm1_ugm3,pm25_ugm3,pm10_ugm3,temp_c,rh_pct,pressure_hpa,altitude_m,accel_x,accel_y,accel_z,gyro_x,gyro_y,gyro_z,mag_x,mag_y,mag_z,room_label,run_id,quality_flag,co2_ppm_raw_logger,co2_ppm_clamped_flag,co2_ppm_invalid,rh_pct_invalid,temp_c_invalid,co2_ppm_flatline_flag,pm25_ugm3_flatline_flag,pm10_ugm3_flatline_flag,pm1_ugm3_flatline_flag,temp_c_flatline_flag,rh_pct_flatline_flag,co2_ppm_corr,pm25_ugm3_corr,pm10_ugm3_corr,pm1_ugm3_corr,accel_x_cal,accel_y_cal,accel_z_cal,gyro_x_cal,gyro_y_cal,gyro_z_cal,mag_x_cal,mag_y_cal,mag_z_cal,co2_ppm_roll_mean,co2_ppm_roll_std,pm25_ugm3_roll_mean,pm25_ugm3_roll_std,pm10_ugm3_roll_mean,pm10_ugm3_roll_std,co2_ppm_d_dt,pm25_ugm3_d_dt,dew_point_c,abs_humidity,co2_category,hour,weekday,hour_ts,iaq_standard_class
2025-10-13 14:38:44+00:00,350.0,41,72,76,0.6,0,1010.97,19.0,-0.1176798,-0.0392266,8.8652116,0.1925,0.42,0.20125,-74.12109375,-34.912109375,263.720703125,bedroom_window_open,run_3,0,350,1,False,False,False,0,0,0,0,0,0,350.0,72.0,76.0,41.0,0.0459667829392398,-0.0450994851479334,-0.0043364889565327,0.165375,0.327775,0.18095,-2.1591796875,-0.9560546875,-6.3271484375,350.0,,72.0,,76.0,,,,-95.85836407738744,0.0,Good,14,0,2025-10-13 14:00:00+00:00,Abnormal
2025-10-13 14:38:49+00:00,405.21990226565975,41,73,76,26.0,58,1010.88,19.75,-0.196133,0.0392266,8.825985,2.10875,-0.07,-0.11375,-71.435546875,-33.30078125,259.423828125,bedroom_window_open,run_3,0,2027,0,False,False,False,0,0,0,0,0,0,405.21990226565975,73.0,76.0,41.0,-0.0407629961914013,0.0416302939827077,-0.0477013785218544,2.0816250000000003,-0.162225,-0.13405,0.5263671875,0.6552734375,-10.6240234375,377.6099511328299,39.046367348506394,72.5,0.7071067811865476,76.0,0.0,276.0995113282988,5.0,17.095062871384616,14.125655252415358,Good,14,0,2025-10-13 14:00:00+00:00,Abnormal
2025-10-13 14:38:54+00:00,405.21990226565975,41,71,74,26.8,58,1010.98,18.92,-0.2353596,0.0784532,8.9044382,0.09625,-0.07,-0.14875,-72.509765625,-34.375,258.88671875,bedroom_window_open,run_3,0,2027,0,False,False,False,0,0,0,0,0,0,405.21990226565975,71.0,74.0,41.0,-0.0841278857567219,0.0849951835480284,0.039028400608787,0.0691249999999999,-0.162225,-0.16905,-0.5478515625,-0.4189453125,-11.1611328125,386.8132681771065,31.881225437703463,72.0,1.0,75.33333333333333,1.1547005383792497,0.0,-10.0,17.842922669380798,14.76964475891695,Good,14,0,2025-10-13 14:00:00+00:00,Abnormal
2025-10-13 14:39:00+00:00,406.4193691692581,41,70,73,26.6,58,1010.92,19.42,-0.1569064,-0.0392266,8.9436648,-2.0475000000000003,-0.1225,-0.105,-72.509765625,-34.375,258.88671875,bedroom_window_open,run_3,0,2033,0,False,False,False,0,0,0,0,0,0,406.4193691692581,70.0,73.0,41.0,0.0026018933739192,-0.0450994851479334,0.0823932901741087,-2.074625,-0.214725,-0.1253,-0.5478515625,-0.4189453125,-11.1611328125,391.7147934251444,27.815609933423936,71.5,1.2909944487358056,74.75,1.499999999999998,5.997334517991817,-5.0,17.655971511598167,14.606319433359255,Good,14,0,2025-10-13 14:00:00+00:00,Abnormal
2025-10-13 14:39:05+00:00,407.61883607285654,41,70,72,26.8,58,1010.97,19.0,-0.0784532,0.0,8.8652116,0.23625,0.2275,0.5950000000000001,-71.97265625,-34.912109375,256.73828125,bedroom_window_open,run_3,0,2039,0,False,False,False,0,0,0,0,0,0,407.61883607285654,70.0,72.0,41.0,0.0893316725045604,-0.0017345955826128,-0.0043364889565327,0.2091249999999999,0.135275,0.5747000000000001,-0.0107421875,-0.9560546875,-13.3095703125,394.89560195468687,25.117102370383876,71.2,1.3038404810405302,74.2,1.788854381999831,5.997334517992101,0.0,17.842922669380798,14.76964475891695,Good,14,0,2025-10-13 14:00:00+00:00,Abnormal
2025-10-13 14:39:10+00:00,407.61883607285654,41,70,73,26.5,58,1010.89,19.67,-0.1569064,0.0392266,8.9044382,-0.035,0.25375,-0.13125,-72.509765625,-33.837890625,268.017578125,bedroom_window_open,run_3,0,2039,0,False,False,False,0,0,0,0,0,0,407.61883607285654,70.0,73.0,41.0,0.0026018933739192,0.0416302939827077,0.039028400608787,-0.062125,0.1615249999999999,-0.15155,-0.5478515625,0.1181640625,-2.0302734375,397.0161409743818,23.058082738852494,71.0,1.2649110640673522,74.0,1.673320053068151,0.0,0.0,17.562492484989708,14.525242613871098,Good,14,0,2025-10-13 14:00:00+00:00,Abnormal
2025-10-13 14:39:16+00:00,408.8183029764549,40,69,72,26.6,58,1010.94,19.25,-0.2353596,-0.0392266,8.825985,-0.175,-0.0525,-0.46375,-71.435546875,-32.763671875,264.794921875,bedroom_window_open,run_3,0,2045,0,False,False,False,0,0,0,0,0,0,408.8183029764549,69.0,72.0,40.0,-0.0841278857567219,-0.0450994851479334,-0.0477013785218544,-0.202125,-0.144725,-0.48405,0.5263671875,1.1923828125,-5.2529296875,398.7021641175351,21.516537080453865,70.71428571428571,1.380131118684708,73.71428571428571,1.7043362064926924,5.997334517991817,-5.0,17.655971511598167,14.606319433359255,Good,14,0,2025-10-13 14:00:00+00:00,Abnormal
2025-10-13 14:39:21+00:00,408.8183029764549,40,69,72,26.9,57,1010.93,19.33,-0.196133,0.0,8.9436648,0.18375,0.18375,0.42875,-73.046875,-31.15234375,305.078125,bedroom_window_open,run_3,0,2045,0,False,False,False,0,0,0,0,0,0,408.8183029764549,69.0,72.0,40.0,-0.0407629961914013,-0.0017345955826128,0.0823932901741087,0.156625,0.091525,0.40845,-1.0849609375,2.8037109375,35.0302734375,399.9666814749,20.23897385824688,70.5,1.4142135623730945,73.5,1.690308509457032,0.0,0.0,17.660003014283546,14.59582919213778,Good,14,0,2025-10-13 14:00:00+00:00,Abnormal
2025-10-13 14:39:26+00:00,408.8183029764549,40,68,71,26.4,57,1010.93,19.33,-0.1176798,0.0,8.7867584,0.09625,0.0,0.035,-73.046875,-31.15234375,305.078125,bedroom_window_open,run_3,0,2045,0,False,False,False,0,0,0,0,0,0,408.8183029764549,68.0,71.0,40.0,0.0459667829392398,-0.0017345955826128,-0.0910662680871742,0.0691249999999999,-0.0922249999999999,0.0146999999999999,-1.0849609375,2.8037109375,35.0302734375,400.9501949750728,19.16036910462972,70.22222222222223,1.563471919941143,73.22222222222223,1.787300882460601,0.0,-5.0,17.193607644250392,14.19551025422052,Good,14,0,2025-10-13 14:00:00+00:00,Abnormal
2025-10-13 14:39:32+00:00,408.8183029764549,41,69,73,26.9,57,1010.89,19.67,-0.1176798,0.0392266,8.8652116,-0.13125,0.315,0.09625,-71.97265625,-33.30078125,263.18359375,bedroom_window_open,run_3,0,2045,0,False,False,False,0,0,0,0,0,0,408.8183029764549,69.0,73.0,41.0,0.0459667829392398,0.0416302939827077,-0.0043364889565327,-0.158375,0.222775,0.0759499999999999,-0.0107421875,0.6552734375,-6.8642578125,401.73700577521106,18.235113761258837,70.1,1.5238839267549955,73.2,1.6865480854231354,0.0,5.0,17.660003014283546,14.59582919213778,Good,14,0,2025-10-13 14:00:00+00:00,Abnormal
2025-10-13 14:39:37+00:00,410.0177698800533,41,72,74,26.7,57,1011.01,18.67,-0.1569064,0.0,8.9828914,0.245,0.1925,-0.1925,-71.435546875,-33.837890625,260.498046875,bedroom_window_open,run_3,0,2051,0,False,False,False,0,0,0,0,0,0,410.0177698800533,72.0,74.0,41.0,0.0026018933739192,-0.0017345955826128,0.1257581797394285,0.2178749999999999,0.100275,-0.2128,0.5263671875,0.1181640625,-9.5498046875,402.4898025120149,17.47859172513089,70.27272727272727,1.5550504230351558,73.27272727272727,1.6180796699117803,5.997334517992101,15.0,17.473451959212927,14.434548603369224,Good,14,0,2025-10-13 14:00:00+00:00,Abnormal
2025-10-13 14:39:42+00:00,410.0177698800533,39,72,74,26.8,57,1010.92,19.42,-0.0784532,0.0392266,8.7083052,0.3325,-0.105,0.2625,-73.583984375,-34.912109375,258.349609375,bedroom_window_open,run_3,0,2051,0,False,False,False,0,0,0,0,0,0,410.0177698800533,72.0,74.0,39.0,0.0893316725045604,0.0416302939827077,-0.1777960472178157,0.305375,-0.1972249999999999,0.2422,-1.6220703125,-0.9560546875,-11.6982421875,403.11713312601813,16.806274410689067,70.41666666666667,1.5642792899510285,73.33333333333333,1.556997888323045,0.0,0.0,17.566728668845418,14.514995711349416,Good,14,0,2025-10-13 14:00:00+00:00,Abnormal
2025-10-13 14:39:48+00:00,410.0177698800533,40,73,75,26.6,57,1010.93,19.33,-0.2353596,-0.0392266,8.9044382,0.7087500000000001,0.245,-0.2625,-73.046875,-32.763671875,289.501953125,bedroom_window_open,run_3,0,2051,0,False,False,False,0,0,0,0,0,0,410.0177698800533,73.0,75.0,40.0,-0.0841278857567219,-0.0450994851479334,0.039028400608787,0.6816250000000001,0.152775,-0.2828,-1.0849609375,1.1923828125,19.4541015625,403.6479513378669,16.204205367717435,70.61538461538461,1.6602440351979142,73.46153846153847,1.560736183952122,0.0,5.0,17.380172885296187,14.354486339680648,Good,14,0,2025-10-13 14:00:00+00:00,Abnormal
2025-10-13 14:39:53+00:00,411.2172367836517,40,70,76,26.3,57,1010.96,19.08,-0.1569064,0.0392266,8.9436648,-0.16625,-0.1225,-0.315,-73.046875,-32.763671875,289.501953125,bedroom_window_open,run_3,0,2057,0,False,False,False,0,0,0,0,0,0,411.2172367836517,70.0,76.0,40.0,0.0026018933739192,0.0416302939827077,0.0823932901741087,-0.193375,-0.214725,-0.3353,-1.0849609375,1.1923828125,19.4541015625,404.1886145839944,15.699379965487458,70.57142857142857,1.6035674514745455,73.64285714285714,1.6458405781822254,5.997334517991817,-15.0,17.100321476941534,14.116593398498136,Good,14,0,2025-10-13 14:00:00+00:00,Abnormal
2025-10-13 14:39:58+00:00,411.2172367836517,39,71,75,26.3,57,1011.03,18.5,-0.2353596,0.0,8.9044382,-0.04375,0.21,0.25375,-72.509765625,-34.375,268.5546875,bedroom_window_open,run_3,0,2057,0,False,False,False,0,0,0,0,0,0,411.2172367836517,71.0,75.0,39.0,-0.0841278857567219,-0.0017345955826128,0.039028400608787,-0.070875,0.117775,0.2334499999999999,-0.5478515625,-0.4189453125,-1.4931640625,404.65718939730493,15.23676240825884,70.6,1.549193338482966,73.73333333333333,1.6242214252050824,0.0,5.0,17.100321476941534,14.116593398498136,Good,14,0,2025-10-13 14:00:00+00:00,Abnormal
2025-10-13 14:40:04+00:00,411.2172367836517,40,71,74,26.8,57,1010.95,19.17,-0.1569064,0.0392266,8.8652116,0.06125,-0.0175,0.2625,-71.435546875,-33.837890625,269.62890625,bedroom_window_open,run_3,0,2057,0,False,False,False,0,0,0,0,0,0,411.2172367836517,71.0,74.0,40.0,0.0026018933739192,0.0416302939827077,-0.0043364889565327,0.0341249999999999,-0.1097249999999999,0.2422,0.5263671875,0.1181640625,-0.4189453125,405.0671923589515,14.811188528618914,70.625,1.4999999999999991,73.75,1.5705625319186298,0.0,0.0,17.566728668845418,14.514995711349416,Good,14,0,2025-10-13 14:00:00+00:00,Abnormal
2025-10-13 14:40:09+00:00,411.2172367836517,40,71,72,0.0,0,1010.97,19.0,-0.1569064,0.0,8.8652116,-0.35875,0.035,0.1225,-71.97265625,-35.44921875,270.703125,bedroom_window_open,run_3,0,2057,0,False,False,False,0,0,0,0,0,0,411.2172367836517,71.0,72.0,40.0,0.0026018933739192,-0.0017345955826128,-0.0043364889565327,-0.385875,-0.0572249999999999,0.1021999999999999,-0.0107421875,-1.4931640625,0.6552734375,405.4289596780516,14.418234431173218,70.6470588235294,1.4552137502179971,73.6470588235294,1.5788119136944474,0.0,0.0,-96.07763018544566,0.0,Good,14,0,2025-10-13 14:00:00+00:00,Abnormal
2025-10-13 14:40:14+00:00,412.61661483784985,42,73,74,26.3,56,1010.94,19.25,-0.0784532,-0.0392266,8.9044382,-0.06125,0.07875,0.18375,-72.509765625,-34.912109375,258.88671875,bedroom_window_open,run_3,0,2064,0,False,False,False,0,0,0,0,0,0,412.61661483784985,73.0,74.0,42.0,0.0893316725045604,-0.0450994851479334,0.039028400608787,-0.088375,-0.0134749999999999,0.1634499999999999,-0.5478515625,-0.9560546875,-11.1611328125,405.82827385359593,14.089963052383911,70.77777777777777,1.516790557318723,73.66666666666667,1.5339299776947388,6.996890270990832,10.0,16.820840645367333,13.868933865191153,Good,14,0,2025-10-13 14:00:00+00:00,Abnormal
2025-10-13 14:40:20+00:00,412.61661483784985,42,73,74,26.2,56,1010.98,18.92,-0.2353596,0.0392266,8.7867584,-0.23625,0.105,0.5337500000000001,-72.509765625,-34.912109375,258.88671875,bedroom_window_open,run_3,0,2064,0,False,False,False,0,0,0,0,0,0,412.61661483784985,73.0,74.0,42.0,-0.0841278857567219,0.0416302939827077,-0.0910662680871742,-0.2633749999999999,0.012775,0.5134500000000001,-0.5478515625,-0.9560546875,-11.1611328125,406.1855549580303,13.78125987478127,70.89473684210526,1.5597270716416052,73.6842105263158,1.4926721593968952,0.0,0.0,16.727752356745796,13.79177364688261,Good,14,0,2025-10-13 14:00:00+00:00,Abnormal
2025-10-13 14:40:25+00:00,412.61661483784985,41,72,72,26.6,56,1010.99,18.83,-0.2353596,0.0,8.9044382,-0.385,0.0875,0.13125,-71.97265625,-34.375,263.18359375,bedroom_window_open,run_3,0,2064,0,False,False,False,0,0,0,0,0,0,412.61661483784985,72.0,72.0,41.0,-0.0841278857567219,-0.0017345955826128,0.039028400608787,-0.412125,-0.0047249999999999,0.11095,-0.0107421875,-0.4189453125,-6.8642578125,406.5071079520214,13.49055582303012,70.95,1.5381123085406383,73.6,1.500876936643163,0.0,-5.0,17.10009092411587,14.10265324600204,Good,14,0,2025-10-13 14:00:00+00:00,Abnormal
2025-10-13 14:40:30+00:00,412.61661483784985,40,71,71,26.8,56,1011.01,18.67,-0.1569064,0.0392266,8.8652116,-0.245,0.13125,0.385,-71.435546875,-34.375,268.5546875,bedroom_window_open,run_3,0,2064,0,False,False,False,0,0,0,0,0,0,412.61661483784985,71.0,71.0,40.0,0.0026018933739192,0.0416302939827077,-0.0043364889565327,-0.272125,0.039025,0.3647,0.5263671875,-0.4189453125,-1.4931640625,406.7980368513465,13.216382776966276,70.95238095238095,1.4992061391346585,73.47619047619048,1.56904581255767,0.0,-5.0,17.28624562163725,14.26034666378188,Good,14,0,2025-10-13 14:00:00+00:00,Abnormal
2025-10-13 14:40:36+00:00,412.61661483784985,41,70,70,26.1,56,1010.91,19.5,-0.1176798,0.0392266,8.8652116,-0.04375,0.07,0.1575,-72.509765625,-34.912109375,266.943359375,bedroom_window_open,run_3,0,2064,0,False,False,False,0,0,0,0,0,0,412.61661483784985,70.0,70.0,41.0,0.0459667829392398,0.0416302939827077,-0.0043364889565327,-0.070875,-0.0222249999999999,0.1372,-0.5478515625,-0.9560546875,-3.1044921875,407.0625176689148,12.957388812616829,70.9090909090909,1.477097891751993,73.31818181818181,1.7011582507043237,0.0,-5.0,16.634661636779494,13.714984080672863,Good,14,0,2025-10-13 14:00:00+00:00,Abnormal
2025-10-13 14:40:41+00:00,412.61661483784985,40,69,69,26.6,56,1010.96,19.08,-0.1569064,0.0392266,8.8652116,-0.04375,-0.035,-2.1875,-72.509765625,-35.44921875,304.00390625,bedroom_window_open,run_3,0,2064,0,False,False,False,0,0,0,0,0,0,412.61661483784985,69.0,69.0,40.0,0.0026018933739192,0.0416302939827077,-0.0043364889565327,-0.070875,-0.1272249999999999,-2.2078,-0.5478515625,-1.4931640625,33.9560546875,407.3040001545207,12.712340460856788,70.82608695652173,1.497032638043536,73.1304347826087,1.8902704911319628,0.0,-5.0,17.10009092411587,14.10265324600204,Good,14,0,2025-10-13 14:00:00+00:00,Abnormal
2025-10-13 14:40:46+00:00,413.8160817414482,41,70,73,0.0,0,1011.01,18.67,-0.2745862,-0.0392266,8.9436648,-0.2975,-0.1925,0.0875,-72.509765625,-35.44921875,304.00390625,bedroom_window_open,run_3,0,2070,0,False,False,False,0,0,0,0,0,0,413.8160817414482,70.0,73.0,41.0,-0.1274927753220426,-0.0450994851479334,0.0823932901741087,-0.324625,-0.284725,0.0671999999999999,-0.5478515625,-1.4931640625,33.9560546875,407.57533688730933,12.50377236901894,70.79166666666667,1.4738050920238277,73.125,1.848912723973084,5.997334517991817,5.0,-96.07763018544566,0.0,Good,14,0,2025-10-13 14:00:00+00:00,Abnormal
2025-10-13 14:40:52+00:00,413.8160817414482,41,72,75,27.8,55,1011.05,18.33,-0.1176798,0.0,8.7475318,0.14875,0.37625,0.18375,-71.97265625,-33.837890625,264.794921875,bedroom_window_open,run_3,0,2070,0,False,False,False,0,0,0,0,0,0,413.8160817414482,72.0,75.0,41.0,0.0459667829392398,-0.0017345955826128,-0.134431157652494,0.1216249999999999,0.2840249999999999,0.1634499999999999,-0.0107421875,0.1181640625,-5.2529296875,407.8249666814749,12.303977100878528,70.84,1.4628738838327795,73.2,1.848422751068237,0.0,10.0,17.929916541262234,14.802692088276151,Good,14,0,2025-10-13 14:00:00+00:00,Abnormal
2025-10-13 14:40:57+00:00,413.8160817414482,40,71,74,27.3,55,1010.9,19.58,-0.1176798,0.0392266,8.825985,0.14875,0.07875,0.455,-73.046875,-34.375,269.62890625,bedroom_window_open,run_3,0,2070,0,False,False,False,0,0,0,0,0,0,413.8160817414482,71.0,74.0,40.0,0.0459667829392398,0.0416302939827077,-0.0477013785218544,0.1216249999999999,-0.0134749999999999,0.4347,-1.0849609375,-0.4189453125,-0.4189453125,408.0553941837816,12.112508248842886,70.84615384615384,1.433661262427292,73.23076923076923,1.8178601113989457,0.0,-5.0,17.46565341713853,14.399441520709706,Good,14,0,2025-10-13 14:00:00+00:00,Abnormal
2025-10-13 14:41:02+00:00,413.8160817414482,41,72,75,27.0,55,1010.92,19.42,-0.1176798,0.0392266,8.825985,-0.1225,0.0,0.21875,-71.97265625,-31.15234375,292.724609375,bedroom_window_open,run_3,0,2070,0,False,False,False,0,0,0,0,0,0,413.8160817414482,72.0,75.0,41.0,0.0459667829392398,0.0416302939827077,-0.0477013785218544,-0.149625,-0.0922249999999999,0.19845,-0.0107421875,2.8037109375,22.6767578125,408.2687529822137,11.928920625810042,70.88888888888889,1.423250162705428,73.29629629629629,1.8147857431243215,0.0,5.0,17.187065572381464,14.162066348044908,Good,14,0,2025-10-13 14:00:00+00:00,Abnormal
2025-10-13 14:41:08+00:00,415.0155486450467,40,70,74,27.8,55,1010.95,19.17,-0.2353596,-0.0392266,8.9828914,-0.3325,0.20125,-0.41125,-71.97265625,-31.15234375,292.724609375,bedroom_window_open,run_3,0,2076,0,False,False,False,0,0,0,0,0,0,415.0155486450467,70.0,74.0,40.0,-0.0841278857567219,-0.0450994851479334,0.1257581797394285,-0.359625,0.109025,-0.43155,-0.0107421875,2.8037109375,22.6767578125,408.509709970172,11.775164375472198,70.85714285714286,1.4067110502288591,73.32142857142857,1.785820102684882,5.997334517992385,-10.0,17.929916541262234,14.802692088276151,Good,14,0,2025-10-13 14:00:00+00:00,Abnormal
2025-10-13 14:41:13+00:00,415.0155486450467,39,69,72,27.4,54,1010.97,19.0,-0.196133,-0.0392266,8.9436648,-0.16625,0.07875,0.00875,-69.82421875,-33.30078125,259.9609375,bedroom_window_open,run_3,0,2076,0,False,False,False,0,0,0,0,0,0,415.0155486450467,69.0,72.0,39.0,-0.0407629961914013,-0.0450994851479334,0.0823932901741087,-0.193375,-0.0134749999999999,-0.01155,2.1376953125,0.6552734375,-10.0869140625,408.73404923482286,11.625922107319296,70.79310344827586,1.42376037171257,73.27586206896552,1.770725269570514,0.0,-5.0,17.26776426857283,14.21606464201104,Good,14,0,2025-10-13 14:00:00+00:00,Abnormal
2025-10-13 14:41:18+00:00,415.0155486450467,40,70,70,27.7,54,1010.92,19.42,-0.1176798,-0.0392266,8.9436648,0.315,0.23625,0.455,-73.046875,-34.912109375,263.18359375,bedroom_window_open,run_3,0,2076,0,False,False,False,0,0,0,0,0,0,415.0155486450467,70.0,70.0,40.0,0.0459667829392398,-0.0450994851479334,0.0823932901741087,0.287875,0.144025,0.4347,-1.0849609375,-0.9560546875,-6.8642578125,408.94343254849696,11.481138669577614,70.76666666666667,1.4064710873459976,73.16666666666667,1.8398525678065536,0.0,5.0,17.545700781219903,14.453612918635775,Good,14,0,2025-10-13 14:00:00+00:00,Abnormal
2025-10-13 14:41:24+00:00,415.0155486450467,39,68,69,27.2,54,1010.91,19.5,-0.0392266,0.0392266,8.825985,0.1575,-0.035,0.315,-73.046875,-35.986328125,265.869140625,bedroom_window_open,run_3,0,2076,0,False,False,False,0,0,0,0,0,0,415.0155486450467,68.0,69.0,39.0,0.1326965620698811,0.0416302939827077,-0.0477013785218544,0.130375,-0.1272249999999999,0.2947,-1.0849609375,-2.0302734375,-4.1787109375,409.1393072612889,11.340724593613304,70.6774193548387,1.469401165422922,73.03225806451613,1.9576154026049464,0.0,-10.0,17.082460432615456,14.059575687837125,Good,14,0,2025-10-13 14:00:00+00:00,Abnormal
2025-10-13 14:41:29+00:00,416.21501554864506,40,69,72,27.1,54,1010.98,18.92,-0.1569064,0.0,8.825985,0.02625,-0.0175,-0.06125,-71.97265625,-32.2265625,249.21875,bedroom_window_open,run_3,0,2082,0,False,False,False,0,0,0,0,0,0,416.21501554864506,69.0,72.0,40.0,0.0026018933739192,-0.0017345955826128,-0.0477013785218544,-0.000875,-0.1097249999999999,-0.08155,-0.0107421875,1.7294921875,-20.8291015625,409.3604231452688,11.22621087013174,70.625,1.4756081305138962,73.0,1.9344083032987025,5.997334517991817,5.0,16.98980466605927,13.981889756249192,Good,14,0,2025-10-13 14:00:00+00:00,Abnormal
2025-10-13 14:41:34+00:00,415.0155486450467,40,69,72,27.2,54,1011.05,18.33,-0.196133,-0.0784532,8.9044382,-0.49875,-0.09625,0.04375,-71.97265625,-32.2265625,249.21875,bedroom_window_open,run_3,0,2076,0,False,False,False,0,0,0,0,0,0,415.0155486450467,69.0,72.0,40.0,-0.0407629961914013,-0.088464374713254,0.039028400608787,-0.525875,-0.188475,0.0234499999999999,-0.0107421875,1.7294921875,-20.8291015625,409.53179058465594,11.09317564085364,70.57575757575758,1.479660075623434,72.96969696969697,1.9118846801789655,-5.997334517991817,0.0,17.082460432615456,14.059575687837125,Good,14,0,2025-10-13 14:00:00+00:00,Abnormal
2025-10-13 14:41:40+00:00,416.21501554864506,39,68,69,27.6,54,1010.92,19.42,-0.2353596,-0.0784532,8.825985,-0.06125,0.035,-0.00875,-71.435546875,-34.375,257.8125,bedroom_window_open,run_3,0,2082,0,False,False,False,0,0,0,0,0,0,416.21501554864506,68.0,69.0,39.0,-0.0841278857567219,-0.088464374713254,-0.0477013785218544,-0.088375,-0.0572249999999999,-0.02905,0.5263671875,-0.4189453125,-12.2353515625,409.7283560247733,10.983769390008575,70.5,1.52255765676766,72.8529411764706,2.0020043432456194,5.997334517991817,-5.0,17.453057842367333,14.37405287361688,Good,14,0,2025-10-13 14:00:00+00:00,Abnormal
2025-10-13 14:41:45+00:00,416.21501554864506,39,68,69,27.7,54,1010.94,19.25,-0.1569064,0.0392266,8.8652116,0.39375,0.1575,0.14875,-73.046875,-34.912109375,267.48046875,bedroom_window_open,run_3,0,2082,0,False,False,False,0,0,0,0,0,0,416.21501554864506,68.0,69.0,39.0,0.0026018933739192,0.0416302939827077,-0.0043364889565327,0.366625,0.065275,0.1284499999999999,-1.0849609375,-0.9560546875,-2.5673828125,409.9136891540268,10.876444906439984,70.42857142857143,1.5583874449479629,72.74285714285715,2.077085870705808,0.0,0.0,17.545700781219903,14.453612918635775,Good,14,0,2025-10-13 14:00:00+00:00,Abnormal
2025-10-13 14:41:50+00:00,416.21501554864506,41,69,70,27.5,53,1010.87,19.83,-0.196133,0.0392266,8.8652116,2.1525000000000003,0.23625,0.2625,-71.97265625,-33.30078125,265.33203125,bedroom_window_open,run_3,0,2082,0,False,False,False,0,0,0,0,0,0,416.21501554864506,69.0,70.0,41.0,-0.0407629961914013,0.0416302939827077,-0.0043364889565327,2.1253750000000005,0.144025,0.2422,-0.0107421875,0.6552734375,-4.7158203125,410.0887259983217,10.771262798152913,70.38888888888889,1.5543078896644087,72.66666666666667,2.0976176963403006,0.0,5.0,17.064686634029375,14.030150783113736,Good,14,0,2025-10-13 14:00:00+00:00,Abnormal
2025-10-13 14:41:56+00:00,416.21501554864506,40,68,69,27.0,53,1010.98,18.92,-0.1176798,-0.0392266,8.8652116,0.06125,0.16625,0.0875,-71.435546875,-34.375,273.388671875,bedroom_window_open,run_3,0,2082,0,False,False,False,0,0,0,0,0,0,416.21501554864506,68.0,69.0,40.0,0.0459667829392398,-0.0450994851479334,-0.0043364889565327,0.0341249999999999,0.074025,0.0671999999999999,0.5263671875,-0.4189453125,3.3408203125,410.25430139157373,10.668255923524656,70.32432432432432,1.5820881780112688,72.56756756756756,2.1543307873075412,0.0,-5.0,16.60247099902756,13.64708211720691,Good,14,0,2025-10-13 14:00:00+00:00,Abnormal
2025-10-13 14:42:01+00:00,417.6143936028432,41,70,72,27.1,53,1010.97,19.0,-0.1176798,-0.0784532,8.8652116,-0.175,0.3675,-0.1925,-71.435546875,-34.375,273.388671875,bedroom_window_open,run_3,0,2089,0,False,False,False,0,0,0,0,0,0,417.6143936028432,70.0,72.0,41.0,0.0459667829392398,-0.088464374713254,-0.0043364889565327,-0.202125,0.275275,-0.2128,0.5263671875,-0.4189453125,3.3408203125,410.4479880287124,10.590620590297505,70.3157894736842,1.5614487929033047,72.55263157894737,2.127012476882457,6.996890270990548,10.0,16.694919395232844,13.722965871874209,Good,14,0,2025-10-13 14:00:00+00:00,Abnormal
2025-10-13 14:42:06+00:00,417.6143936028432,40,68,72,27.3,53,1010.94,19.25,-0.196133,0.0,8.9044382,-0.13125,0.245,-0.18375,-71.97265625,-34.912109375,265.869140625,bedroom_window_open,run_3,0,2089,0,False,False,False,0,0,0,0,0,0,417.6143936028432,68.0,72.0,40.0,-0.0407629961914013,-0.0017345955826128,0.039028400608787,-0.158375,0.152775,-0.20405,-0.0107421875,-0.9560546875,-4.1787109375,410.63174201779265,10.513157870126566,70.25641025641026,1.5847621225771422,72.53846153846153,2.100703564424794,0.0,-10.0,16.879808283610775,13.87582546541117,Good,14,0,2025-10-13 14:00:00+00:00,Abnormal
2025-10-13 14:42:12+00:00,417.6143936028432,40,71,74,27.1,53,1011.01,18.67,-0.1176798,0.0784532,8.7867584,0.23625,0.04375,0.21,-70.8984375,-33.30078125,268.017578125,bedroom_window_open,run_3,0,2089,0,False,False,False,0,0,0,0,0,0,417.6143936028432,71.0,74.0,40.0,0.0459667829392398,0.0849951835480284,-0.0910662680871742,0.2091249999999999,-0.0484749999999999,0.1896999999999999,1.0634765625,0.6552734375,-2.0302734375,410.806308307419,10.436063024820514,70.275,1.5687247801629989,72.575,2.0864335906529874,0.0,15.0,16.694919395232844,13.722965871874209,Good,14,0,2025-10-13 14:00:00+00:00,Abnormal
2025-10-13 14:42:17+00:00,417.6143936028432,39,69,73,27.3,53,1010.88,19.75,-0.1176798,0.0,8.9044382,-0.1575,-0.07,0.0,-71.435546875,-34.912109375,270.166015625,bedroom_window_open,run_3,0,2089,0,False,False,False,0,0,0,0,0,0,417.6143936028432,69.0,73.0,39.0,0.0459667829392398,-0.0017345955826128,0.039028400608787,-0.184625,-0.162225,-0.0203,0.5263671875,-0.9560546875,0.1181640625,410.97235916828294,10.35949393530958,70.2439024390244,1.5617376188860643,72.58536585365853,2.06125701643557,0.0,-10.0,16.879808283610775,13.87582546541117,Good,14,0,2025-10-13 14:00:00+00:00,Abnormal
2025-10-13 14:42:23+00:00,417.6143936028432,39,68,72,27.3,53,1010.92,19.42,-0.0784532,0.0,8.825985,0.21875,0.1575,0.1925,-70.8984375,-33.837890625,281.982421875,bedroom_window_open,run_3,0,2089,0,False,False,False,0,0,0,0,0,0,417.6143936028432,68.0,72.0,39.0,0.0893316725045604,-0.0017345955826128,-0.0477013785218544,0.191625,0.065275,0.1722,1.0634765625,0.1181640625,11.9345703125,411.1305028452963,10.283577731687704,70.19047619047619,1.580955179600958,72.57142857142857,2.037967150012386,0.0,-5.0,16.879808283610775,13.87582546541117,Good,14,0,2025-10-13 14:00:00+00:00,Abnormal
2025-10-13 14:42:28+00:00,417.6143936028432,40,69,72,27.9,53,1011.01,18.67,-0.2353596,0.0,8.9044382,-0.14875,-0.00875,-0.32375,-70.8984375,-33.837890625,281.982421875,bedroom_window_open,run_3,0,2089,0,False,False,False,0,0,0,0,0,0,417.6143936028432,69.0,72.0,40.0,-0.0841278857567219,-0.0017345955826128,0.039028400608787,-0.175875,-0.1009749999999999,-0.3440499999999999,1.0634765625,0.1181640625,11.9345703125,411.28129100244854,10.208416176450038,70.16279069767442,1.5725356012040796,72.55813953488372,2.0154442447946708,0.0,5.0,17.434411724592096,14.343245041474209,Good,14,0,2025-10-13 14:00:00+00:00,Abnormal
2025-10-13 14:42:33+00:00,417.6143936028432,40,69,72,27.1,53,1010.99,18.83,-0.1569064,0.0392266,8.825985,-0.2625,-0.105,-0.39375,-70.8984375,-32.763671875,268.5546875,bedroom_window_open,run_3,0,2089,0,False,False,False,0,0,0,0,0,0,417.6143936028432,69.0,72.0,40.0,0.0026018933739192,0.0416302939827077,-0.0477013785218544,-0.289625,-0.1972249999999999,-0.41405,1.0634765625,1.1923828125,-1.4931640625,411.4252251524575,10.134090055335452,70.13636363636364,1.563997696585905,72.54545454545455,1.9936474164559892,0.0,0.0,16.694919395232844,13.722965871874209,Good,14,0,2025-10-13 14:00:00+00:00,Abnormal
2025-10-13 14:42:39+00:00,417.6143936028432,39,69,72,27.5,53,1010.91,19.5,-0.1176798,-0.0392266,8.8652116,-0.035,0.37625,0.245,-70.361328125,-34.912109375,258.88671875,bedroom_window_open,run_3,0,2089,0,False,False,False,0,0,0,0,0,0,417.6143936028432,69.0,72.0,39.0,0.0459667829392398,-0.0450994851479334,-0.0043364889565327,-0.062125,0.2840249999999999,0.2246999999999999,1.6005859375,-0.9560546875,-11.1611328125,411.5627622291328,10.060662773787495,70.11111111111111,1.5553751699162268,72.53333333333333,1.972538742562255,0.0,0.0,17.064686634029375,14.030150783113736,Good,14,0,2025-10-13 14:00:00+00:00,Abnormal
2025-10-13 14:42:44+00:00,418.8138605064416,40,70,72,27.8,53,1010.97,19.0,-0.1569064,0.0,8.7867584,-0.39375,0.2625,0.0875,-70.8984375,-35.44921875,266.943359375,bedroom_window_open,run_3,0,2095,0,False,False,False,0,0,0,0,0,0,418.8138605064416,70.0,72.0,40.0,0.0026018933739192,-0.0017345955826128,-0.0910662680871742,-0.420875,0.170275,0.0671999999999999,1.0634765625,-1.4931640625,-3.1044921875,411.7203948003786,10.0055324436787,70.1086956521739,1.5380833797593028,72.52173913043478,1.9520829949886,5.997334517992101,5.0,17.341984402954225,14.264412375975205,Good,14,0,2025-10-13 14:00:00+00:00,Abnormal
2025-10-13 14:42:49+00:00,418.8138605064416,39,69,71,27.1,53,1010.95,19.17,-0.1569064,0.0392266,8.9044382,-0.14875,0.20125,-0.455,-70.8984375,-35.44921875,266.943359375,bedroom_window_open,run_3,0,2095,0,False,False,False,0,0,0,0,0,0,418.8138605064416,69.0,71.0,39.0,0.0026018933739192,0.0416302939827077,0.039028400608787,-0.175875,0.109025,-0.4753,1.0634765625,-1.4931640625,-3.1044921875,411.87131960263525,9.950122625945156,70.08510638297872,1.529844937212561,72.48936170212765,1.9434655333632609,0.0,-5.0,16.694919395232844,13.722965871874209,Good,14,0,2025-10-13 14:00:00+00:00,Abnormal
2025-10-13 14:42:55+00:00,418.8138605064416,40,69,70,27.6,53,1010.96,19.08,-0.196133,0.0,8.825985,0.105,-0.035,-0.35875,-72.509765625,-34.375,265.33203125,bedroom_window_open,run_3,0,2095,0,False,False,False,0,0,0,0,0,0,418.8138605064416,69.0,70.0,40.0,-0.0407629961914013,-0.0017345955826128,-0.0477013785218544,0.077875,-0.1272249999999999,-0.37905,-0.5478515625,-0.4189453125,-4.7158203125,412.01595587146454,9.894574037975932,70.0625,1.5215648439905864,72.4375,1.9559646909748696,0.0,0.0,17.157121857785462,14.107866709290644,Good,14,0,2025-10-13 14:00:00+00:00,Abnormal
2025-10-13 14:43:00+00:00,418.8138605064416,40,69,70,27.8,52,1010.98,18.92,-0.1176798,-0.0392266,8.9436648,-0.105,0.1575,0.0,-70.361328125,-33.837890625,262.646484375,bedroom_window_open,run_3,0,2095,0,False,False,False,0,0,0,0,0,0,418.8138605064416,69.0,70.0,40.0,0.0459667829392398,-0.0450994851479334,0.0823932901741087,-0.132125,0.065275,-0.0203,1.6005859375,0.1181640625,-7.4013671875,412.1546886191172,9.839006554386344,70.04081632653062,1.5132633565888558,72.38775510204081,1.9665571282765983,0.0,0.0,17.04067462065665,13.995272519824727,Good,14,0,2025-10-13 14:00:00+00:00,Abnormal
2025-10-13 14:43:05+00:00,418.8138605064416,40,69,72,27.6,52,1010.99,18.83,-0.1569064,-0.0392266,8.825985,0.14,-0.16625,0.6737500000000001,-70.361328125,-33.30078125,265.33203125,bedroom_window_open,run_3,0,2095,0,False,False,False,0,0,0,0,0,0,418.8138605064416,69.0,72.0,40.0,0.0026018933739192,-0.0450994851479334,-0.0477013785218544,0.112875,-0.258475,0.6534500000000001,1.6005859375,0.6552734375,-4.7158203125,412.2878720568637,9.783522254727629,70.02,1.5049577931569005,72.38,1.9471591027516375,0.0,0.0,16.856239385093602,13.841680544964404,Good,14,0,2025-10-13 14:00:00+00:00,Abnormal
2025-10-13 14:43:11+00:00,418.8138605064416,40,67,70,27.6,52,1010.96,19.08,-0.1176798,0.0784532,8.825985,-0.00875,-0.02625,0.3325,-71.435546875,-33.30078125,276.07421875,bedroom_window_open,run_3,0,2095,0,False,False,False,0,0,0,0,0,0,418.8138605064416,67.0,70.0,40.0,0.0459667829392398,0.0849951835480284,-0.0477013785218544,-0.035875,-0.1184749999999999,0.3122,0.5263671875,0.6552734375,6.0263671875,412.4158326146985,9.72820798898788,69.96078431372548,1.548686983398852,72.33333333333333,1.956186766816159,0.0,-10.0,16.856239385093602,13.841680544964404,Good,14,0,2025-10-13 14:00:00+00:00,Abnormal
2025-10-13 14:43:16+00:00,420.0133274100399,40,66,70,27.3,52,1011.0,18.75,-0.196133,0.0,8.8652116,-0.5075000000000001,0.16625,-0.5337500000000001,-71.435546875,-33.30078125,276.07421875,bedroom_window_open,run_3,0,2101,0,False,False,False,0,0,0,0,0,0,420.0133274100399,66.0,70.0,40.0,-0.0407629961914013,-0.0017345955826128,-0.0043364889565327,-0.534625,0.074025,-0.55405,0.5263671875,0.6552734375,6.0263671875,412.5619382838397,9.689810115659858,69.88461538461539,1.6288314848483256,72.28846153846153,1.963755290668608,5.997334517991817,-5.0,16.57956625305893,13.614017437761904,Good,14,0,2025-10-13 14:00:00+00:00,Abnormal
2025-10-13 14:43:21+00:00,420.0133274100399,41,66,70,27.0,52,1010.97,19.0,-0.1569064,0.0,8.8652116,0.02625,0.0875,0.28,-71.97265625,-33.30078125,259.423828125,bedroom_window_open,run_3,0,2101,0,False,False,False,0,0,0,0,0,0,420.0133274100399,66.0,70.0,41.0,0.0026018933739192,-0.0017345955826128,-0.0043364889565327,-0.000875,-0.0047249999999999,0.2597,-0.0107421875,0.6552734375,-10.6240234375,412.7025305315038,9.650616776143748,69.81132075471699,1.6990563418645686,72.24528301886792,1.9700220652547784,0.0,0.0,16.30286878374206,13.389590001787912,Good,14,0,2025-10-13 14:00:00+00:00,Abnormal
2025-10-13 14:43:27+00:00,420.0133274100399,40,65,68,27.7,52,1011.0,18.75,-0.2353596,0.0392266,8.825985,0.0,0.2625,0.6212500000000001,-72.509765625,-34.912109375,270.166015625,bedroom_window_open,run_3,0,2101,0,False,False,False,0,0,0,0,0,0,420.0133274100399,65.0,68.0,40.0,-0.0841278857567219,0.0416302939827077,-0.0477013785218544,-0.027125,0.170275,0.6009500000000001,-0.5478515625,-0.9560546875,0.1181640625,412.8379156588841,9.610771270712888,69.72222222222223,1.805825653076232,72.16666666666667,2.0350698842944572,0.0,-5.0,16.948458354708524,13.918293921649264,Good,14,0,2025-10-13 14:00:00+00:00,Abnormal
2025-10-13 14:43:32+00:00,420.0133274100399,40,66,69,27.3,52,1010.98,18.92,-0.1569064,0.0784532,8.8652116,0.0525,-0.0875,-0.37625,-72.509765625,-33.30078125,270.703125,bedroom_window_open,run_3,0,2101,0,False,False,False,0,0,0,0,0,0,420.0133274100399,66.0,69.0,40.0,0.0026018933739192,0.0849951835480284,-0.0043364889565327,0.0253749999999999,-0.1797249999999999,-0.3965499999999999,-0.5478515625,0.6552734375,0.6552734375,412.96837769072334,9.57039939678414,69.65454545454546,1.8580972128834592,72.10909090909091,2.060858570387119,0.0,5.0,16.57956625305893,13.614017437761904,Good,14,0,2025-10-13 14:00:00+00:00,Abnormal
2025-10-13 14:43:37+00:00,420.0133274100399,40,66,69,27.1,52,1011.06,18.25,-0.1569064,0.0,8.8652116,-0.00875,-0.035,-0.5075000000000001,-70.8984375,-34.375,243.310546875,bedroom_window_open,run_3,0,2101,0,False,False,False,0,0,0,0,0,0,420.0133274100399,66.0,69.0,40.0,0.0026018933739192,-0.0017345955826128,-0.0043364889565327,-0.035875,-0.1272249999999999,-0.5278,1.0634765625,-0.4189453125,-26.7373046875,413.0941803642826,9.529611698845098,69.58928571428571,1.904795724807986,72.05357142857143,2.08387438861666,0.0,0.0,16.39510397785504,13.464041987499222,Good,14,0,2025-10-13 14:00:00+00:00,Abnormal
2025-10-13 14:43:43+00:00,420.0133274100399,39,65,67,27.8,52,1011.0,18.75,-0.0784532,0.0392266,8.825985,0.02625,0.07,0.7087500000000001,-70.8984375,-34.375,243.310546875,bedroom_window_open,run_3,0,2101,0,False,False,False,0,0,0,0,0,0,420.0133274100399,65.0,67.0,39.0,0.0893316725045604,0.0416302939827077,-0.0477013785218544,-0.000875,-0.0222249999999999,0.6884500000000001,1.0634765625,-0.4189453125,-26.7373046875,413.215568908945,9.488505398302724,69.50877192982456,1.9831685237225152,71.96491228070175,2.1709519988828925,0.0,-5.0,17.04067462065665,13.995272519824727,Good,14,0,2025-10-13 14:00:00+00:00,Abnormal
2025-10-13 14:43:48+00:00,421.2127943136384,39,66,67,27.4,52,1011.02,18.58,-0.196133,0.0,8.9436648,-0.21,0.1925,-0.0875,-71.435546875,-35.44921875,269.62890625,bedroom_window_open,run_3,0,2107,0,False,False,False,0,0,0,0,0,0,421.2127943136384,66.0,67.0,39.0,-0.0407629961914013,-0.0017345955826128,0.0823932901741087,-0.237125,0.100275,-0.1078,0.5263671875,-1.4931640625,-0.4189453125,413.3534521055776,9.463345792011353,69.44827586206897,2.0189663309159185,71.87931034482759,2.248411417422613,5.997334517992101,5.0,16.671793334387722,13.689543729343963,Good,14,0,2025-10-13 14:00:00+00:00,Abnormal
2025-10-13 14:43:53+00:00,421.2127943136384,40,67,68,27.0,52,1010.95,19.17,-0.1569064,0.0392266,8.9044382,0.0,-0.21875,-0.83125,-73.583984375,-34.912109375,265.869140625,bedroom_window_open,run_3,0,2107,0,False,False,False,0,0,0,0,0,0,421.2127943136384,67.0,68.0,40.0,0.0026018933739192,0.0416302939827077,0.039028400608787,-0.027125,-0.310975,-0.85155,-1.6220703125,-0.9560546875,-4.1787109375,413.4866612955447,9.437044026296867,69.40677966101696,2.026706552664621,71.8135593220339,2.285445525653709,0.0,5.0,16.30286878374206,13.389590001787912,Good,14,0,2025-10-13 14:00:00+00:00,Abnormal
2025-10-13 14:43:59+00:00,421.2127943136384,39,65,67,27.8,52,1011.01,18.67,-0.1176798,0.0392266,8.8652116,-0.32375,-0.13125,0.20125,-71.435546875,-34.375,264.794921875,bedroom_window_open,run_3,0,2107,0,False,False,False,0,0,0,0,0,0,421.2127943136384,65.0,67.0,39.0,0.0459667829392398,0.0416302939827077,-0.0043364889565327,-0.350875,-0.2234749999999999,0.18095,0.5263671875,-0.4189453125,-5.2529296875,413.6154301791796,9.409741295131711,69.33333333333333,2.0884400687843536,71.73333333333333,2.34966039137622,0.0,-10.0,17.04067462065665,13.995272519824727,Good,14,0,2025-10-13 14:00:00+00:00,Abnormal
2025-10-13 14:44:04+00:00,421.2127943136384,41,66,68,27.8,52,1010.95,19.17,-0.1569064,0.0392266,8.9044382,-0.0175,0.1225,0.5950000000000001,-71.435546875,-34.375,264.794921875,bedroom_window_open,run_3,0,2107,0,False,False,False,0,0,0,0,0,0,421.2127943136384,66.0,68.0,41.0,0.0026018933739192,0.0416302939827077,0.039028400608787,-0.044625,0.030275,0.5747000000000001,0.5263671875,-0.4189453125,-5.2529296875,413.73997713220353,9.381563796861297,69.27868852459017,2.1144829749530176,71.67213114754098,2.3785241325621063,0.0,5.0,17.04067462065665,13.995272519824727,Good,14,0,2025-10-13 14:00:00+00:00,Abnormal
2025-10-13 14:44:09+00:00,421.2127943136384,41,67,69,27.5,52,1011.03,18.5,-0.1569064,-0.0784532,8.9044382,-0.13125,0.09625,0.2275,-71.435546875,-34.375,264.794921875,bedroom_window_open,run_3,0,2107,0,False,False,False,0,0,0,0,0,0,421.2127943136384,67.0,69.0,41.0,0.0026018933739192,-0.088464374713254,0.039028400608787,-0.158375,0.004025,0.2072,0.5263671875,-0.4189453125,-5.2529296875,413.8605064415815,9.35262447571459,69.24193548387096,2.1169533000182135,71.62903225806451,2.383232898422367,0.0,5.0,16.764017711692965,13.765430957017252,Good,14,0,2025-10-13 14:00:00+00:00,Abnormal
2025-10-13 14:44:15+00:00,421.2127943136384,40,67,69,27.4,52,1010.97,19.0,-0.2745862,0.0,8.9044382,-0.23625,-0.2625,-0.44625,-71.435546875,-34.375,263.18359375,bedroom_window_open,run_3,0,2107,0,False,False,False,0,0,0,0,0,0,421.2127943136384,67.0,69.0,40.0,-0.1274927753220426,-0.0017345955826128,0.039028400608787,-0.2633749999999999,-0.354725,-0.4665499999999999,0.5263671875,-0.4189453125,-6.8642578125,413.9772094236776,9.323024535751196,69.2063492063492,2.118723978115827,71.58730158730158,2.3870275795730955,0.0,0.0,16.671793334387722,13.689543729343963,Good,14,0,2025-10-13 14:00:00+00:00,Abnormal
2025-10-13 14:44:20+00:00,421.2127943136384,39,66,68,27.3,52,1011.07,18.17,-0.196133,0.0,8.5906254,0.1225,0.42875,0.3675,-70.8984375,-33.30078125,268.5546875,bedroom_window_open,run_3,0,2107,0,False,False,False,0,0,0,0,0,0,421.2127943136384,66.0,68.0,39.0,-0.0407629961914013,-0.0017345955826128,-0.307890715913777,0.0953749999999999,0.336525,0.3472,1.0634765625,0.6552734375,-1.4931640625,414.0902654375833,9.292854760646357,69.15625,2.1397133022610917,71.53125,2.4100895722009454,0.0,-5.0,16.57956625305893,13.614017437761904,Good,14,0,2025-10-13 14:00:00+00:00,Abnormal
2025-10-13 14:44:25+00:00,421.2127943136384,40,67,68,27.9,52,1011.06,18.25,-0.1569064,0.0,8.825985,0.25375,0.1925,0.21,-73.046875,-33.837890625,261.572265625,bedroom_window_open,run_3,0,2107,0,False,False,False,0,0,0,0,0,0,421.2127943136384,67.0,68.0,40.0,0.0026018933739192,-0.0017345955826128,-0.0477013785218544,0.2266249999999999,0.100275,0.1896999999999999,-1.0849609375,0.1181640625,-8.4755859375,414.1998428049072,9.262196667252091,69.12307692307692,2.139711519017327,71.47692307692307,2.4309700501271867,0.0,5.0,17.132888183056867,14.072617776540737,Good,14,0,2025-10-13 14:00:00+00:00,Abnormal
2025-10-13 14:44:31+00:00,421.2127943136384,40,68,69,27.4,52,1011.0,18.75,-0.1569064,0.0392266,8.8652116,0.07875,0.3325,-0.23625,-73.046875,-33.837890625,261.572265625,bedroom_window_open,run_3,0,2107,0,False,False,False,0,0,0,0,0,0,421.2127943136384,68.0,69.0,40.0,0.0026018933739192,0.0416302939827077,-0.0043364889565327,0.051625,0.240275,-0.25655,-1.0849609375,0.1181640625,-8.4755859375,414.3060996459486,9.23112351639645,69.10606060606061,2.1276840994470207,71.43939393939394,2.4313895228150924,0.0,5.0,16.671793334387722,13.689543729343963,Good,14,0,2025-10-13 14:00:00+00:00,Abnormal
2025-10-13 14:44:36+00:00,422.61217236783654,40,68,70,27.1,52,1010.99,18.83,-0.196133,0.0,8.825985,-0.1225,0.00875,0.14875,-73.046875,-33.837890625,261.572265625,bedroom_window_open,run_3,0,2114,0,False,False,False,0,0,0,0,0,0,422.61217236783654,68.0,70.0,40.0,-0.0407629961914013,-0.0017345955826128,-0.0477013785218544,-0.149625,-0.083475,0.1284499999999999,-1.0849609375,0.1181640625,-8.4755859375,414.4300708806037,9.21695392670626,69.08955223880596,2.1158230956839974,71.41791044776119,2.419299007735211,6.996890270990832,0.0,16.39510397785504,13.464041987499222,Good,14,0,2025-10-13 14:00:00+00:00,Abnormal
2025-10-13 14:44:41+00:00,422.61217236783654,39,68,69,27.8,52,1011.04,18.42,-0.0784532,0.0,8.8652116,-0.21875,0.04375,-0.18375,-71.97265625,-33.837890625,265.869140625,bedroom_window_open,run_3,0,2114,0,False,False,False,0,0,0,0,0,0,422.61217236783654,68.0,69.0,39.0,0.0893316725045604,-0.0017345955826128,-0.0043364889565327,-0.245875,-0.0484749999999999,-0.20405,-0.0107421875,0.1181640625,-4.1787109375,414.55039590247475,9.201565483737149,69.07352941176471,2.104126553076335,71.38235294117646,2.419013069783265,0.0,0.0,17.04067462065665,13.995272519824727,Good,14,0,2025-10-13 14:00:00+00:00,Abnormal
2025-10-13 14:44:47+00:00,422.61217236783654,40,70,70,27.7,52,1011.03,18.5,-0.196133,0.0,8.825985,-0.00875,0.28875,0.6125,-70.8984375,-34.375,269.62890625,bedroom_window_open,run_3,0,2114,0,False,False,False,0,0,0,0,0,0,422.61217236783654,70.0,70.0,40.0,-0.0407629961914013,-0.0017345955826128,-0.0477013785218544,-0.035875,0.196525,0.5922000000000001,1.0634765625,-0.4189453125,-0.4189453125,414.66723324255247,9.185074542437947,69.08695652173913,2.091573643672492,71.3623188405797,2.406920258782954,0.0,10.0,16.948458354708524,13.918293921649264,Good,14,0,2025-10-13 14:00:00+00:00,Abnormal
2025-10-13 14:44:52+00:00,422.61217236783654,40,69,70,27.0,52,1011.02,18.58,-0.1569064,0.0392266,8.8652116,-0.315,0.035,0.20125,-72.509765625,-34.375,244.921875,bedroom_window_open,run_3,0,2114,0,False,False,False,0,0,0,0,0,0,422.61217236783654,69.0,70.0,40.0,0.0026018933739192,0.0416302939827077,-0.0043364889565327,-0.342125,-0.0572249999999999,0.18095,-0.5478515625,-0.4189453125,-25.1259765625,414.7807323729136,9.16758682851947,69.08571428571429,2.0763880089138276,71.34285714285714,2.3949567439482102,0.0,-5.0,16.30286878374206,13.389590001787912,Good,14,0,2025-10-13 14:00:00+00:00,Abnormal
2025-10-13 14:44:57+00:00,422.61217236783654,39,68,69,27.0,51,1010.98,18.92,-0.196133,0.0,8.825985,-0.105,0.0525,-0.20125,-72.509765625,-34.375,244.921875,bedroom_window_open,run_3,0,2114,0,False,False,False,0,0,0,0,0,0,422.61217236783654,68.0,69.0,39.0,-0.0407629961914013,-0.0017345955826128,-0.0477013785218544,-0.132125,-0.0397249999999999,-0.22155,-0.5478515625,-0.4189453125,-25.1259765625,414.8910343446731,9.149198527703737,69.07042253521126,2.0655261775978793,71.30985915492958,2.393989791694277,0.0,-5.0,15.998159326640508,13.132097886368916,Good,14,0,2025-10-13 14:00:00+00:00,Abnormal
2025-10-13 14:45:03+00:00,422.61217236783654,41,70,70,0.0,0,1011.04,18.42,-0.1176798,0.0,8.825985,-0.00875,0.07875,0.07875,-70.361328125,-32.763671875,266.943359375,bedroom_window_open,run_3,0,2114,0,False,False,False,0,0,0,0,0,0,422.61217236783654,70.0,70.0,41.0,0.0459667829392398,-0.0017345955826128,-0.0477013785218544,-0.035875,-0.0134749999999999,0.0584499999999999,1.6005859375,1.1923828125,-3.1044921875,414.9982723727726,9.129997247666296,69.08333333333333,2.053852443374397,71.29166666666667,2.3820780370608934,0.0,10.0,-96.07763018544566,0.0,Good,14,0,2025-10-13 14:00:00+00:00,Abnormal
2025-10-13 14:45:08+00:00,423.81163927143496,41,69,69,27.7,51,1011.01,18.67,-0.1569064,0.0,8.825985,-0.14,-0.0875,0.07,-70.8984375,-33.837890625,266.943359375,bedroom_window_open,run_3,0,2120,0,False,False,False,0,0,0,0,0,0,423.81163927143496,69.0,69.0,41.0,0.0026018933739192,-0.0017345955826128,-0.0477013785218544,-0.167125,-0.1797249999999999,0.0497,1.0634765625,0.1181640625,-3.1044921875,415.11900342617895,9.12486508327253,69.08219178082192,2.0395630295723213,71.26027397260275,2.380635986805683,5.997334517992101,-5.0,16.64223132966183,13.65063442315601,Good,14,0,2025-10-13 14:00:00+00:00,Abnormal
2025-10-13 14:45:13+00:00,422.61217236783654,41,68,69,27.2,51,1010.97,19.0,-0.1176798,0.0,8.7475318,0.09625,0.00875,-0.21,-71.435546875,-34.375,268.5546875,bedroom_window_open,run_3,0,2114,0,False,False,False,0,0,0,0,0,0,422.61217236783654,68.0,69.0,41.0,0.0459667829392398,-0.0017345955826128,-0.134431157652494,0.0691249999999999,-0.083475,-0.2303,0.5263671875,-0.4189453125,-1.4931640625,415.22026246593106,9.103917981209598,69.06756756756756,2.0294481406643796,71.22972972972973,2.378829557353709,-5.997334517992101,-5.0,16.182193772084613,13.278488149623954,Good,14,0,2025-10-13 14:00:00+00:00,Abnormal
2025-10-13 14:45:19+00:00,422.61217236783654,41,68,69,27.8,51,1010.99,18.83,-0.1569064,0.0,8.9044382,0.0175,-0.20125,-0.30625,-71.435546875,-34.375,268.5546875,bedroom_window_open,run_3,0,2114,0,False,False,False,0,0,0,0,0,0,422.61217236783654,68.0,69.0,41.0,0.0026018933739192,-0.0017345955826128,0.039028400608787,-0.009625,-0.293475,-0.32655,0.5263671875,-0.4189453125,-1.4931640625,415.3188212646231,9.082391892859182,69.05333333333333,2.0194549260130197,71.2,2.3766885889086606,0.0,0.0,16.734230518289852,13.726132663674248,Good,14,0,2025-10-13 14:00:00+00:00,Abnormal
2025-10-13 14:45:24+00:00,423.81163927143496,40,66,67,27.0,51,1010.98,18.92,-0.0784532,0.0,8.825985,0.21,0.245,-0.23625,-70.361328125,-33.837890625,261.03515625,bedroom_window_open,run_3,0,2120,0,False,False,False,0,0,0,0,0,0,423.81163927143496,66.0,67.0,40.0,0.0893316725045604,-0.0017345955826128,-0.0477013785218544,0.1828749999999999,0.152775,-0.25655,1.6005859375,0.1181640625,-9.0126953125,415.4305688699759,9.07408562907724,69.01315789473684,2.0362935024377573,71.14473684210526,2.4094477783283086,5.997334517992101,-10.0,15.998159326640508,13.132097886368916,Good,14,0,2025-10-13 14:00:00+00:00,Abnormal
2025-10-13 14:45:30+00:00,423.81163927143496,39,65,66,27.9,51,1011.06,18.25,-0.1569064,0.0,8.9044382,-0.30625,0.25375,0.0,-70.8984375,-32.2265625,268.017578125,bedroom_window_open,run_3,0,2120,0,False,False,False,0,0,0,0,0,0,423.81163927143496,65.0,66.0,39.0,0.0026018933739192,-0.0017345955826128,0.039028400608787,-0.333375,0.1615249999999999,-0.0203,1.0634765625,1.7294921875,-2.0302734375,415.53941394012475,9.064648912675604,68.96103896103897,2.0739078193591354,71.07792207792208,2.4643042883189565,0.0,-5.0,16.826226932914853,13.801990511607258,Good,14,0,2025-10-13 14:00:00+00:00,Abnormal
2025-10-13 14:45:35+00:00,423.81163927143496,39,65,66,27.7,51,1011.03,18.5,-0.196133,0.0,8.825985,-0.13125,0.2275,0.09625,-71.97265625,-34.912109375,267.48046875,bedroom_window_open,run_3,0,2120,0,False,False,False,0,0,0,0,0,0,423.81163927143496,65.0,66.0,39.0,-0.0407629961914013,-0.0017345955826128,-0.0477013785218544,-0.158375,0.135275,0.0759499999999999,-0.0107421875,-0.9560546875,-2.5673828125,415.64546811103895,9.054173007261992,68.91025641025641,2.108645761238005,71.01282051282051,2.514857615156138,0.0,0.0,16.64223132966183,13.65063442315601,Good,14,0,2025-10-13 14:00:00+00:00,Abnormal
2025-10-13 14:45:40+00:00,423.81163927143496,41,68,70,28.8,51,1011.04,18.42,-0.1176798,-0.0392266,8.8652116,0.02625,0.20125,-0.21,-71.97265625,-31.689453125,302.9296875,bedroom_window_open,run_3,0,2120,0,False,False,False,0,0,0,0,0,0,423.81163927143496,68.0,70.0,41.0,0.0459667829392398,-0.0450994851479334,-0.0043364889565327,-0.000875,0.109025,-0.2303,-0.0107421875,2.2666015625,32.8818359375,415.7488373662339,9.042741799357772,68.89873417721519,2.0975867495820357,71.0,2.5012817227194244,0.0,15.0,17.654069855102584,14.50112812614618,Good,14,0,2025-10-13 14:00:00+00:00,Abnormal
2025-10-13 14:45:46+00:00,423.81163927143496,41,67,69,28.3,51,1011.02,18.58,-0.1176798,0.0,8.7867584,-0.14,0.2625,0.00875,-71.97265625,-31.689453125,302.9296875,bedroom_window_open,run_3,0,2120,0,False,False,False,0,0,0,0,0,0,423.81163927143496,67.0,69.0,41.0,0.0459667829392398,-0.0017345955826128,-0.0910662680871742,-0.167125,0.170275,-0.01155,-0.0107421875,2.2666015625,32.8818359375,415.8496223900489,9.030432476550118,68.875,2.0950514328601035,70.975,2.495438877206455,0.0,-5.0,17.194184853893745,14.10904631371185,Good,14,0,2025-10-13 14:00:00+00:00,Abnormal
2025-10-13 14:45:51+00:00,423.81163927143496,39,66,67,28.0,51,1011.03,18.5,-0.1569064,0.0,8.8652116,-0.32375,-0.2275,0.30625,-70.361328125,-34.375,261.572265625,bedroom_window_open,run_3,0,2120,0,False,False,False,0,0,0,0,0,0,423.81163927143496,66.0,67.0,39.0,0.0026018933739192,-0.0017345955826128,-0.0043364889565327,-0.350875,-0.319725,0.28595,1.6005859375,-0.4189453125,-8.4755859375,415.9479188947573,9.017316133943735,68.8395061728395,2.1062810242430805,70.92592592592592,2.518818064975007,0.0,-5.0,16.918220573662293,13.878209380591503,Good,14,0,2025-10-13 14:00:00+00:00,Abnormal
2025-10-13 14:45:56+00:00,423.81163927143496,40,67,68,28.6,51,1010.98,18.92,-0.1569064,0.0,8.825985,-0.16625,0.2275,0.035,-70.8984375,-34.375,262.109375,bedroom_window_open,run_3,0,2120,0,False,False,False,0,0,0,0,0,0,423.81163927143496,67.0,68.0,40.0,0.0026018933739192,-0.0017345955826128,-0.0477013785218544,-0.193375,0.135275,0.0146999999999999,1.0634765625,-0.4189453125,-7.9384765625,416.0438179237412,9.003458317569287,68.8170731707317,2.1030727007651127,70.89024390243902,2.523989090196606,0.0,5.0,17.47012417374307,14.343183734163418,Good,14,0,2025-10-13 14:00:00+00:00,Abnormal
2025-10-13 14:46:02+00:00,425.0111061750333,40,67,69,28.5,50,1010.99,18.83,-0.1569064,-0.0392266,8.8652116,-0.14,0.13125,0.48125,-71.97265625,-33.837890625,259.423828125,bedroom_window_open,run_3,0,2126,0,False,False,False,0,0,0,0,0,0,425.0111061750333,67.0,69.0,40.0,0.0026018933739192,-0.0450994851479334,-0.0043364889565327,-0.167125,0.039025,0.46095,-0.0107421875,0.1181640625,-10.6240234375,416.15185754122666,9.002361906853993,68.79518072289157,2.0997040217935763,70.86746987951807,2.517117419944688,5.997334517991817,0.0,17.064830985311048,13.985067465771577,Good,14,0,2025-10-13 14:00:00+00:00,Abnormal
2025-10-13 14:46:07+00:00,425.0111061750333,39,67,69,28.9,50,1011.04,18.42,0.0,-0.0392266,8.7867584,-0.21875,-0.07875,0.1575,-70.361328125,-32.2265625,233.642578125,bedroom_window_open,run_3,0,2126,0,False,False,False,0,0,0,0,0,0,425.0111061750333,67.0,69.0,39.0,0.1760614516352017,-0.0450994851479334,-0.0910662680871742,-0.245875,-0.170975,0.1372,1.6005859375,1.7294921875,-36.4052734375,416.2573247868672,9.00002580837382,68.77380952380952,2.0961881093517785,70.8452380952381,2.510191504330054,0.0,0.0,17.43183728864167,14.2947651948342,Good,14,0,2025-10-13 14:00:00+00:00,Abnormal
2025-10-13 14:46:13+00:00,425.0111061750333,40,66,68,28.4,50,1011.05,18.33,-0.1569064,0.0392266,8.9044382,-0.06125,-0.1225,0.42875,-70.361328125,-32.2265625,233.642578125,bedroom_window_open,run_3,0,2126,0,False,False,False,0,0,0,0,0,0,425.0111061750333,66.0,68.0,40.0,0.0026018933739192,0.0416302939827077,0.039028400608787,-0.088375,-0.214725,0.40845,1.6005859375,1.7294921875,-36.4052734375,416.3603104502574,8.996537516743222,68.74117647058823,2.105282139085905,70.81176470588235,2.5142172768888047,0.0,-5.0,16.97307229882735,13.908552439196692,Good,14,0,2025-10-13 14:00:00+00:00,Abnormal
2025-10-13 14:46:18+00:00,425.0111061750333,39,64,67,28.2,50,1011.1,17.92,-0.1569064,0.0,8.8652116,0.0175,0.28875,-0.20125,-70.361328125,-33.837890625,260.498046875,bedroom_window_open,run_3,0,2126,0,False,False,False,0,0,0,0,0,0,425.0111061750333,64.0,67.0,39.0,0.0026018933739192,-0.0017345955826128,-0.0043364889565327,-0.009625,0.196525,-0.22155,1.6005859375,0.1181640625,-9.5498046875,416.4609010982199,8.991977999959081,68.68604651162791,2.154402485237964,70.76744186046511,2.5329565083219663,0.0,-10.0,16.789546392152875,13.75660378178139,Good,14,0,2025-10-13 14:00:00+00:00,Abnormal
2025-10-13 14:46:23+00:00,425.0111061750333,39,64,67,28.8,50,1011.01,18.67,-0.1569064,0.0392266,8.9436648,0.06125,0.2625,0.525,-70.361328125,-34.375,258.349609375,bedroom_window_open,run_3,0,2126,0,False,False,False,0,0,0,0,0,0,425.0111061750333,64.0,67.0,39.0,0.0026018933739192,0.0416302939827077,0.0823932901741087,0.0341249999999999,0.170275,0.5047,1.6005859375,-0.4189453125,-11.6982421875,416.55917931749366,8.986422263113715,68.63218390804597,2.1999732690169824,70.72413793103448,2.5503745970749008,0.0,0.0,17.34008997893514,14.21679228053547,Good,14,0,2025-10-13 14:00:00+00:00,Abnormal
2025-10-13 14:46:29+00:00,425.0111061750333,40,65,68,28.5,50,1011.0,18.75,-0.1569064,0.0392266,8.8652116,-0.0175,0.30625,-0.09625,-71.97265625,-33.837890625,268.017578125,bedroom_window_open,run_3,0,2126,0,False,False,False,0,0,0,0,0,0,425.0111061750333,65.0,68.0,40.0,0.0026018933739192,0.0416302939827077,-0.0043364889565327,-0.044625,0.214025,-0.11655,-0.0107421875,0.1181640625,-2.0302734375,416.65522394087475,8.97993985547922,68.5909090909091,2.2212990071120395,70.69318181818181,2.5522491975828228,0.0,5.0,17.064830985311048,13.985067465771577,Good,14,0,2025-10-13 14:00:00+00:00,Abnormal
2025-10-13 14:46:34+00:00,425.0111061750333,39,66,67,28.6,50,1011.05,18.33,-0.196133,0.0,8.9044382,0.07875,0.02625,-0.02625,-71.435546875,-34.912109375,283.056640625,bedroom_window_open,run_3,0,2126,0,False,False,False,0,0,0,0,0,0,425.0111061750333,66.0,67.0,39.0,-0.0407629961914013,-0.0017345955826128,0.039028400608787,0.051625,-0.0659749999999999,-0.04655,0.5263671875,-0.9560546875,13.0087890625,416.7491102581125,8.972595327515453,68.56179775280899,2.225651366248962,70.65168539325843,2.567724158558177,0.0,5.0,17.156586827402073,14.061944837415114,Good,14,0,2025-10-13 14:00:00+00:00,Abnormal
2025-10-13 14:46:39+00:00,425.0111061750333,40,67,68,28.4,50,1011.05,18.33,-0.196133,-0.0392266,8.9436648,-0.39375,0.25375,0.2625,-71.435546875,-34.912109375,283.056640625,bedroom_window_open,run_3,0,2126,0,False,False,False,0,0,0,0,0,0,425.0111061750333,67.0,68.0,40.0,-0.0407629961914013,-0.0450994851479334,0.0823932901741087,-0.420875,0.1615249999999999,0.2422,0.5263671875,-0.9560546875,13.0087890625,416.840910212745,8.964448643491473,68.54444444444445,2.2192270701786696,70.62222222222222,2.568511910271875,0.0,5.0,16.97307229882735,13.908552439196692,Good,14,0,2025-10-13 14:00:00+00:00,Abnormal
2025-10-13 14:46:45+00:00,426.41048422923143,39,68,69,28.8,50,1011.07,18.17,-0.196133,0.0392266,8.7083052,-0.09625,0.07,0.035,-71.97265625,-35.986328125,263.18359375,bedroom_window_open,run_3,0,2133,0,False,False,False,0,0,0,0,0,0,426.41048422923143,68.0,69.0,39.0,-0.0407629961914013,0.0416302939827077,-0.1777960472178157,-0.123375,-0.0222249999999999,0.0146999999999999,-0.0107421875,-2.0302734375,-6.8642578125,416.9460703667723,8.970773299293976,68.53846153846153,2.2076014752451,70.6043956043956,2.5598572915046143,6.996890270990548,5.0,17.34008997893514,14.21679228053547,Good,14,0,2025-10-13 14:00:00+00:00,Abnormal
2025-10-13 14:46:50+00:00,426.41048422923143,39,67,69,28.1,50,1011.03,18.5,-0.0784532,0.0,8.825985,0.00875,0.1575,-0.14,-71.435546875,-35.44921875,263.720703125,bedroom_window_open,run_3,0,2133,0,False,False,False,0,0,0,0,0,0,426.41048422923143,67.0,69.0,39.0,0.0893316725045604,-0.0017345955826128,-0.0477013785218544,-0.018375,0.065275,-0.1603,0.5263671875,-1.4931640625,-6.3271484375,417.04894443049466,8.97574944674917,68.52173913043478,2.2012896363421683,70.58695652173913,2.5512426358737117,0.0,-5.0,16.69777917169755,13.681167341660196,Good,14,0,2025-10-13 14:00:00+00:00,Abnormal
2025-10-13 14:46:55+00:00,426.41048422923143,39,66,68,28.6,50,1011.04,18.42,-0.196133,0.0392266,8.8652116,0.035,0.4025,0.11375,-70.361328125,-32.2265625,265.33203125,bedroom_window_open,run_3,0,2133,0,False,False,False,0,0,0,0,0,0,426.41048422923143,66.0,68.0,39.0,-0.0407629961914013,0.0416302939827077,-0.0043364889565327,0.007875,0.310275,0.09345,1.6005859375,1.7294921875,-4.7158203125,417.1496061487607,8.979461582475441,68.49462365591398,2.2048546038723265,70.55913978494624,2.551480242114357,0.0,-5.0,17.156586827402073,14.061944837415114,Good,14,0,2025-10-13 14:00:00+00:00,Abnormal
2025-10-13 14:47:01+00:00,426.41048422923143,39,65,67,28.9,50,1011.05,18.33,-0.196133,0.0,8.8652116,0.44625,0.1575,0.5162500000000001,-70.361328125,-32.2265625,265.33203125,bedroom_window_open,run_3,0,2133,0,False,False,False,0,0,0,0,0,0,426.41048422923143,65.0,67.0,39.0,-0.0407629961914013,-0.0017345955826128,-0.0043364889565327,0.4191249999999999,0.065275,0.4959500000000001,1.6005859375,1.7294921875,-4.7158203125,417.2481261283401,8.98198835060525,68.45744680851064,2.2223928478688446,70.52127659574468,2.564139476706654,0.0,-5.0,17.43183728864167,14.2947651948342,Good,14,0,2025-10-13 14:00:00+00:00,Abnormal
2025-10-13 14:47:06+00:00,426.41048422923143,38,64,66,28.8,50,1011.04,18.42,-0.1176798,0.0,8.8652116,-0.2975,0.07875,-0.175,-70.361328125,-33.837890625,264.2578125,bedroom_window_open,run_3,0,2133,0,False,False,False,0,0,0,0,0,0,426.41048422923143,64.0,66.0,38.0,0.0459667829392398,-0.0017345955826128,-0.0043364889565327,-0.324625,-0.0134749999999999,-0.1953,1.6005859375,0.1181640625,-5.7900390625,417.34457200308634,8.983403020710014,68.41052631578947,2.2573508142883485,70.47368421052632,2.592304918954005,0.0,-5.0,17.34008997893514,14.21679228053547,Good,14,0,2025-10-13 14:00:00+00:00,Abnormal
2025-10-13 14:47:11+00:00,426.41048422923143,39,65,67,28.2,50,1011.07,18.17,-0.2353596,0.0,8.9044382,-0.06125,0.18375,0.34125,-72.509765625,-35.44921875,270.166015625,bedroom_window_open,run_3,0,2133,0,False,False,False,0,0,0,0,0,0,426.41048422923143,65.0,67.0,39.0,-0.0841278857567219,-0.0017345955826128,0.039028400608787,-0.088375,0.091525,0.32095,-0.5478515625,-1.4931640625,0.1181640625,417.4390085887753,8.983773919772505,68.375,2.272258324825088,70.4375,2.6028830169640704,0.0,5.0,16.789546392152875,13.75660378178139,Good,14,0,2025-10-13 14:00:00+00:00,Abnormal
2025-10-13 14:47:17+00:00,427.60995113282985,39,65,67,28.0,50,1011.08,18.08,-0.196133,0.0392266,8.9044382,-0.1225,-0.0875,0.0,-70.361328125,-34.912109375,265.33203125,bedroom_window_open,run_3,0,2139,0,False,False,False,0,0,0,0,0,0,427.60995113282985,65.0,67.0,39.0,-0.0407629961914013,0.0416302939827077,0.039028400608787,-0.149625,-0.1797249999999999,-0.0203,1.6005859375,-0.9560546875,-4.7158203125,417.5438636665491,8.996330277427422,68.34020618556701,2.286220488866158,70.4020618556701,2.6127084997120007,5.997334517992101,0.0,16.60600910632045,13.60608762803089,Good,14,0,2025-10-13 14:00:00+00:00,Abnormal
2025-10-13 14:47:22+00:00,427.60995113282985,40,65,66,28.6,50,1011.08,18.08,-0.1569064,0.0,8.825985,-0.0875,0.49,-0.1575,-71.97265625,-34.375,283.056640625,bedroom_window_open,run_3,0,2139,0,False,False,False,0,0,0,0,0,0,427.60995113282985,65.0,66.0,40.0,0.0026018933739192,-0.0017345955826128,-0.0477013785218544,-0.114625,0.397775,-0.1778,-0.0107421875,-0.4189453125,13.0087890625,417.64657884477646,9.00741515213602,68.3061224489796,2.2992969040324014,70.35714285714286,2.6369695196233605,0.0,0.0,17.156586827402073,14.061944837415114,Good,14,0,2025-10-13 14:00:00+00:00,Abnormal
2025-10-13 14:47:27+00:00,427.60995113282985,38,63,64,28.9,50,1011.06,18.25,-0.1176798,0.0,8.9044382,-0.28875,0.06125,-0.27125,-71.97265625,-34.375,283.056640625,bedroom_window_open,run_3,0,2139,0,False,False,False,0,0,0,0,0,0,427.60995113282985,63.0,64.0,38.0,0.0459667829392398,-0.0017345955826128,0.039028400608787,-0.315875,-0.0309749999999999,-0.29155,-0.0107421875,-0.4189453125,13.0087890625,417.7472189688982,9.017114261593925,68.25252525252525,2.348874825482289,70.29292929292929,2.7001607104571397,0.0,-10.0,17.43183728864167,14.2947651948342,Good,14,0,2025-10-13 14:00:00+00:00,Abnormal
2025-10-13 14:47:33+00:00,427.60995113282985,38,64,65,28.6,50,1011.11,17.83,-0.2353596,-0.0392266,8.7867584,-0.39375,0.105,0.13125,-70.361328125,-35.986328125,266.40625,bedroom_window_open,run_3,0,2139,0,False,False,False,0,0,0,0,0,0,427.60995113282985,64.0,65.0,38.0,-0.0841278857567219,-0.0450994851479334,-0.0910662680871742,-0.420875,0.012775,0.11095,1.6005859375,-2.0302734375,-3.6416015625,417.8458462905375,9.02550763133808,68.21,2.375357495688452,70.24,2.738133257782335,0.0,5.0,17.156586827402073,14.061944837415114,Good,14,0,2025-10-13 14:00:00+00:00,Abnormal
2025-10-13 14:47:38+00:00,427.60995113282985,37,63,65,28.3,50,1011.04,18.42,-0.1569064,0.0,8.8652116,-0.07,0.06125,0.2275,-71.97265625,-36.5234375,264.2578125,bedroom_window_open,run_3,0,2139,0,False,False,False,0,0,0,0,0,0,427.60995113282985,63.0,65.0,37.0,0.0026018933739192,-0.0017345955826128,-0.0043364889565327,-0.097125,-0.0309749999999999,0.2072,-0.0107421875,-2.5673828125,-5.7900390625,417.94252059590673,9.032670046917987,68.15841584158416,2.419639118824669,70.18811881188118,2.773852452049773,0.0,-5.0,16.881310767818714,13.832398346776325,Good,14,0,2025-10-13 14:00:00+00:00,Abnormal
2025-10-13 14:47:43+00:00,427.60995113282985,38,64,66,28.0,50,1011.14,17.58,-0.196133,0.0,8.825985,-0.13125,0.21875,-0.04375,-71.435546875,-34.912109375,270.703125,bedroom_window_open,run_3,0,2139,0,False,False,False,0,0,0,0,0,0,427.60995113282985,64.0,66.0,38.0,-0.0407629961914013,-0.0017345955826128,-0.0477013785218544,-0.158375,0.126525,-0.06405,0.5263671875,-0.9560546875,0.6552734375,418.03729932666096,9.038671463338549,68.11764705882354,2.44258472758408,70.1470588235294,2.791064450847154,0.0,5.0,16.60600910632045,13.60608762803089,Good,14,0,2025-10-13 14:00:00+00:00,Abnormal
2025-10-13 14:47:49+00:00,427.60995113282985,38,64,66,28.7,50,1010.99,18.83,-0.2353596,0.0,8.9044382,0.18375,-0.0175,-0.06125,-70.8984375,-33.837890625,236.328125,bedroom_window_open,run_3,0,2139,0,False,False,False,0,0,0,0,0,0,427.60995113282985,64.0,66.0,38.0,-0.0841278857567219,-0.0017345955826128,0.039028400608787,0.156625,-0.1097249999999999,-0.08155,1.0634765625,0.1181640625,-33.7197265625,418.13023769371114,9.04357737650565,68.07766990291262,2.464211763517479,70.10679611650485,2.8072476973887666,0.0,0.0,17.24833982523269,14.139185969234072,Good,14,0,2025-10-13 14:00:00+00:00,Abnormal
2025-10-13 14:47:54+00:00,429.009329187028,38,66,68,28.5,50,1011.11,17.83,-0.1176798,0.0,8.825985,-0.0875,0.16625,-0.00875,-70.8984375,-33.837890625,236.328125,bedroom_window_open,run_3,0,2146,0,False,False,False,0,0,0,0,0,0,429.009329187028,66.0,68.0,38.0,0.0459667829392398,-0.0017345955826128,-0.0477013785218544,-0.114625,0.074025,-0.02905,1.0634765625,0.1181640625,-33.7197265625,418.23484434268534,9.062575539118258,68.0576923076923,2.4606689558393686,70.08653846153847,2.801215328905412,6.996890270990832,10.0,17.064830985311048,13.985067465771577,Good,14,0,2025-10-13 14:00:00+00:00,Abnormal
2025-10-13 14:47:59+00:00,429.009329187028,39,67,70,28.1,50,1011.01,18.67,-0.1569064,0.0,8.825985,-0.2275,0.16625,0.27125,-71.435546875,-35.44921875,259.423828125,bedroom_window_open,run_3,0,2146,0,False,False,False,0,0,0,0,0,0,429.009329187028,67.0,70.0,39.0,0.0026018933739192,-0.0017345955826128,-0.0477013785218544,-0.254625,0.074025,0.25095,0.5263671875,-1.4931640625,-10.6240234375,418.3374584840601,9.079987650141469,68.04761904761905,2.4509847015691673,70.08571428571429,2.787728209748671,0.0,5.0,16.69777917169755,13.681167341660196,Good,14,0,2025-10-13 14:00:00+00:00,Abnormal
2025-10-13 14:48:05+00:00,429.009329187028,38,67,69,28.9,50,1011.07,18.17,-0.196133,-0.0392266,8.9044382,-0.1225,0.09625,-0.105,-71.435546875,-33.837890625,269.091796875,bedroom_window_open,run_3,0,2146,0,False,False,False,0,0,0,0,0,0,429.009329187028,67.0,69.0,38.0,-0.0407629961914013,-0.0450994851479334,0.039028400608787,-0.149625,0.004025,-0.1253,0.5263671875,0.1181640625,-0.9560546875,418.4381365095597,9.095900006260877,68.0377358490566,2.441406808737601,70.0754716981132,2.776424947602136,0.0,0.0,17.43183728864167,14.2947651948342,Good,14,0,2025-10-13 14:00:00+00:00,Abnormal
2025-10-13 14:48:10+00:00,429.009329187028,37,66,67,28.8,50,1011.06,18.25,-0.0392266,0.0392266,8.9436648,-0.105,0.13125,-0.25375,-71.97265625,-34.375,264.2578125,bedroom_window_open,run_3,0,2146,0,False,False,False,0,0,0,0,0,0,429.009329187028,66.0,67.0,37.0,0.1326965620698811,0.0416302939827077,0.0823932901741087,-0.132125,0.039025,-0.2740499999999999,-0.0107421875,-0.4189453125,-5.7900390625,418.53693270280706,9.110393400179014,68.01869158878505,2.4378358342859507,70.04672897196262,2.779246462181591,0.0,-5.0,17.34008997893514,14.21679228053547,Good,14,0,2025-10-13 14:00:00+00:00,Abnormal
2025-10-13 14:48:15+00:00,429.009329187028,38,66,67,28.5,50,1011.15,17.5,-0.196133,0.0,8.9436648,-0.105,-0.07875,0.04375,-71.97265625,-34.375,264.2578125,bedroom_window_open,run_3,0,2146,0,False,False,False,0,0,0,0,0,0,429.009329187028,66.0,67.0,38.0,-0.0407629961914013,-0.0017345955826128,0.0823932901741087,-0.132125,-0.170975,0.0234499999999999,-0.0107421875,-0.4189453125,-5.7900390625,418.6338993369202,9.123543546869222,68.0,2.434180281914203,70.01851851851852,2.7817209810612287,0.0,0.0,17.064830985311048,13.985067465771577,Good,14,0,2025-10-13 14:00:00+00:00,Abnormal
2025-10-13 14:48:21+00:00,429.009329187028,38,64,65,28.4,50,1011.13,17.67,-0.1569064,0.0,8.7475318,-0.23625,0.0175,-0.04375,-71.97265625,-34.375,264.2578125,bedroom_window_open,run_3,0,2146,0,False,False,False,0,0,0,0,0,0,429.009329187028,64.0,65.0,38.0,0.0026018933739192,-0.0017345955826128,-0.134431157652494,-0.2633749999999999,-0.0747249999999999,-0.06405,-0.0107421875,-0.4189453125,-5.7900390625,418.72908676673774,9.135421470135343,67.96330275229357,2.4529898820003635,69.97247706422019,2.8102283932367875,0.0,-10.0,16.97307229882735,13.908552439196692,Good,14,0,2025-10-13 14:00:00+00:00,Abnormal
2025-10-13 14:48:26+00:00,430.2087960906264,39,64,65,28.3,50,1011.05,18.33,-0.1176798,-0.0392266,8.9436648,0.02625,0.18375,-0.1575,-71.435546875,-33.30078125,269.091796875,bedroom_window_open,run_3,0,2152,0,False,False,False,0,0,0,0,0,0,430.2087960906264,64.0,65.0,39.0,0.0459667829392398,-0.0450994851479334,0.0823932901741087,-0.000875,0.091525,-0.1778,0.5263671875,0.6552734375,-0.9560546875,418.8334477605912,9.159056098699134,67.92727272727272,2.4707800310093972,69.92727272727272,2.837200748990986,5.997334517991817,0.0,16.881310767818714,13.832398346776325,Good,14,0,2025-10-13 14:00:00+00:00,Abnormal
2025-10-13 14:48:31+00:00,430.2087960906264,39,64,66,28.5,50,1011.09,18.0,-0.196133,0.0,8.9436648,-0.0875,0.07,0.30625,-71.435546875,-33.837890625,266.943359375,bedroom_window_open,run_3,0,2152,0,False,False,False,0,0,0,0,0,0,430.2087960906264,64.0,66.0,39.0,-0.0407629961914013,-0.0017345955826128,0.0823932901741087,-0.114625,-0.0222249999999999,0.28595,0.5263671875,0.1181640625,-3.1044921875,418.9359283761772,9.181036996496491,67.89189189189189,2.487610578086227,69.89189189189189,2.84876799958843,0.0,0.0,17.064830985311048,13.985067465771577,Good,14,0,2025-10-13 14:00:00+00:00,Abnormal
2025-10-13 14:48:37+00:00,430.2087960906264,39,65,67,28.5,50,1011.14,17.58,-0.1569064,-0.0392266,8.8652116,-0.28875,-0.04375,-0.09625,-70.361328125,-32.763671875,249.755859375,bedroom_window_open,run_3,0,2152,0,False,False,False,0,0,0,0,0,0,430.2087960906264,65.0,67.0,39.0,0.0026018933739192,-0.0450994851479334,-0.0043364889565327,-0.315875,-0.1359749999999999,-0.11655,1.6005859375,1.1923828125,-20.2919921875,419.03657898077046,9.201449827971254,67.86607142857143,2.491410598361273,69.86607142857143,2.8490413614997983,0.0,5.0,17.064830985311048,13.985067465771577,Good,14,0,2025-10-13 14:00:00+00:00,Abnormal
2025-10-13 14:48:42+00:00,430.2087960906264,40,67,68,28.2,50,1011.07,18.17,-0.196133,0.0,8.7867584,-0.07875,0.25375,0.02625,-70.361328125,-32.763671875,249.755859375,bedroom_window_open,run_3,0,2152,0,False,False,False,0,0,0,0,0,0,430.2087960906264,67.0,68.0,40.0,-0.0407629961914013,-0.0017345955826128,-0.0910662680871742,-0.105875,0.1615249999999999,0.0059499999999999,1.6005859375,1.1923828125,-20.2919921875,419.13544815873377,9.220374958093922,67.85840707964601,2.4816010695760444,69.84955752212389,2.8417211803325984,0.0,10.0,16.789546392152875,13.75660378178139,Good,14,0,2025-10-13 14:00:00+00:00,Abnormal
2025-10-13 14:48:47+00:00,430.2087960906264,39,67,68,28.3,50,1011.12,17.75,-0.1569064,0.0,8.7867584,-0.00875,0.07875,-0.13125,-71.97265625,-33.837890625,257.275390625,bedroom_window_open,run_3,0,2152,0,False,False,False,0,0,0,0,0,0,430.2087960906264,67.0,68.0,39.0,0.0026018933739192,-0.0017345955826128,-0.0910662680871742,-0.035875,-0.0134749999999999,-0.15155,-0.0107421875,0.1181640625,-12.7724609375,419.2325827897153,9.237887854817254,67.85087719298245,2.471903913633458,69.83333333333333,2.8344176304551087,0.0,0.0,16.881310767818714,13.832398346776325,Good,14,0,2025-10-13 14:00:00+00:00,Abnormal
2025-10-13 14:48:53+00:00,430.2087960906264,39,67,68,28.5,50,1011.13,17.67,-0.1569064,0.0392266,8.9436648,0.16625,0.3325,0.21,-71.97265625,-34.375,268.017578125,bedroom_window_open,run_3,0,2152,0,False,False,False,0,0,0,0,0,0,430.2087960906264,67.0,68.0,39.0,0.0026018933739192,0.0416302939827077,0.0823932901741087,0.139125,0.240275,0.1896999999999999,-0.0107421875,-0.4189453125,-2.0302734375,419.32802812276674,9.25405945449115,67.84347826086956,2.462317067202283,69.81739130434782,2.8271323537354425,0.0,0.0,17.064830985311048,13.985067465771577,Good,14,0,2025-10-13 14:00:00+00:00,Abnormal
2025-10-13 14:48:58+00:00,431.60817414482455,40,67,69,28.0,50,1011.08,18.08,-0.196133,0.0,8.825985,0.00875,0.16625,-0.1925,-72.509765625,-33.837890625,249.21875,bedroom_window_open,run_3,0,2159,0,False,False,False,0,0,0,0,0,0,431.60817414482455,67.0,69.0,40.0,-0.0407629961914013,-0.0017345955826128,-0.0477013785218544,-0.018375,0.074025,-0.2128,-0.5478515625,0.1181640625,-20.8291015625,419.43389145054306,9.284016296066328,67.83620689655173,2.452838517229438,69.8103448275862,2.8158365599291857,6.996890270990832,0.0,16.60600910632045,13.60608762803089,Good,14,0,2025-10-13 14:00:00+00:00,Abnormal
2025-10-13 14:49:03+00:00,431.60817414482455,40,68,69,28.8,50,1011.06,18.25,-0.1569064,0.0,8.825985,0.07875,0.11375,-0.06125,-72.509765625,-33.837890625,249.21875,bedroom_window_open,run_3,0,2159,0,False,False,False,0,0,0,0,0,0,431.60817414482455,68.0,69.0,40.0,0.0026018933739192,-0.0017345955826128,-0.0477013785218544,0.051625,0.021525,-0.08155,-0.5478515625,0.1181640625,-20.8291015625,419.53794514878473,9.312179926149277,67.83760683760684,2.4422899971743277,69.80341880341881,2.804673796999281,0.0,5.0,17.34008997893514,14.21679228053547,Good,14,0,2025-10-13 14:00:00+00:00,Abnormal
2025-10-13 14:49:09+00:00,431.60817414482455,40,67,69,28.3,49,1011.08,18.08,-0.196133,0.0,8.9044382,-0.20125,0.04375,-0.245,-72.509765625,-34.912109375,284.130859375,bedroom_window_open,run_3,0,2159,0,False,False,False,0,0,0,0,0,0,431.60817414482455,67.0,69.0,40.0,-0.0407629961914013,-0.0017345955826128,0.039028400608787,-0.228375,-0.0484749999999999,-0.2653,-0.5478515625,-0.9560546875,14.0830078125,419.6402352250224,9.338639691521005,67.83050847457628,2.4330526172668794,69.79661016949153,2.793641504431136,0.0,-5.0,16.562889656612697,13.555750379840797,Good,14,0,2025-10-13 14:00:00+00:00,Abnormal
2025-10-13 14:49:14+00:00,431.60817414482455,40,66,68,28.2,49,1011.12,17.75,-0.196133,0.0,8.8652116,-0.2275,0.25375,0.14,-71.97265625,-34.375,256.201171875,bedroom_window_open,run_3,0,2159,0,False,False,False,0,0,0,0,0,0,431.60817414482455,66.0,68.0,40.0,-0.0407629961914013,-0.0017345955826128,-0.0043364889565327,-0.254625,0.1615249999999999,0.1197,-0.0107421875,-0.4189453125,-13.8466796875,419.7408061403149,9.36347950506033,67.81512605042016,2.4285253478876188,69.78151260504201,2.786649965750879,0.0,-5.0,16.47134986964662,13.48147170614576,Good,14,0,2025-10-13 14:00:00+00:00,Abnormal
2025-10-13 14:49:19+00:00,431.60817414482455,40,66,68,28.2,49,1011.11,17.83,-0.1569064,0.0,8.8652116,-0.0175,-0.07,0.30625,-72.509765625,-33.837890625,256.73828125,bedroom_window_open,run_3,0,2159,0,False,False,False,0,0,0,0,0,0,431.60817414482455,66.0,68.0,40.0,0.0026018933739192,-0.0017345955826128,-0.0043364889565327,-0.044625,-0.162225,0.28595,-0.5478515625,0.1181640625,-13.3095703125,419.8397008736858,9.386778256907874,67.8,2.4239699363030365,69.76666666666667,2.779678154797359,0.0,0.0,16.47134986964662,13.48147170614576,Good,14,0,2025-10-13 14:00:00+00:00,Abnormal
2025-10-13 14:49:25+00:00,431.60817414482455,38,64,66,28.4,49,1011.12,17.75,-0.196133,0.0,8.7867584,-0.1225,-0.13125,-0.175,-71.435546875,-33.837890625,247.607421875,bedroom_window_open,run_3,0,2159,0,False,False,False,0,0,0,0,0,0,431.60817414482455,64.0,66.0,38.0,-0.0407629961914013,-0.0017345955826128,-0.0910662680871742,-0.149625,-0.2234749999999999,-0.1953,0.5263671875,0.1181640625,-22.4404296875,419.9369609833646,9.408610187575997,67.76859504132231,2.43844325536642,69.73553719008264,2.789171307758272,0.0,-10.0,16.654426526753134,13.630381390412762,Good,14,0,2025-10-13 14:00:00+00:00,Abnormal
2025-10-13 14:49:30+00:00,431.60817414482455,38,66,67,28.3,49,1011.07,18.17,-0.196133,0.0392266,8.825985,-0.11375,0.105,0.18375,-71.435546875,-33.837890625,247.607421875,bedroom_window_open,run_3,0,2159,0,False,False,False,0,0,0,0,0,0,431.60817414482455,66.0,67.0,38.0,-0.0407629961914013,0.0416302939827077,-0.0477013785218544,-0.140875,0.012775,0.1634499999999999,0.5263671875,0.1181640625,-22.4404296875,420.0326266650158,9.42904522720962,67.75409836065573,2.4336194702094502,69.71311475409836,2.788641389035164,0.0,10.0,16.562889656612697,13.555750379840797,Good,14,0,2025-10-13 14:00:00+00:00,Abnormal
2025-10-13 14:49:35+00:00,432.8076410484229,37,65,66,28.2,49,1011.19,17.17,-0.196133,0.0,8.9044382,0.02625,-0.2975,-0.1575,-70.8984375,-35.44921875,254.052734375,bedroom_window_open,run_3,0,2165,0,False,False,False,0,0,0,0,0,0,432.8076410484229,65.0,66.0,37.0,-0.0407629961914013,-0.0017345955826128,0.039028400608787,-0.000875,-0.389725,-0.1778,1.0634765625,-1.4931640625,-15.9951171875,420.1364885705721,9.460707489516404,67.73170731707317,2.4363139678005856,69.6829268292683,2.7972969188091485,5.997334517991817,-5.0,16.47134986964662,13.48147170614576,Good,14,0,2025-10-13 14:00:00+00:00,Abnormal
2025-10-13 14:49:41+00:00,432.8076410484229,38,65,66,28.3,49,1011.1,17.92,-0.196133,0.0,8.9044382,0.35,0.13125,0.23625,-71.97265625,-34.375,257.275390625,bedroom_window_open,run_3,0,2165,0,False,False,False,0,0,0,0,0,0,432.8076410484229,65.0,66.0,38.0,-0.0407629961914013,-0.0017345955826128,0.039028400608787,0.3228749999999999,0.039025,0.2159499999999999,-0.0107421875,-0.4189453125,-12.7724609375,420.2386752841031,9.49063363616478,67.70967741935483,2.438759492564922,69.65322580645162,2.8054660782259564,0.0,0.0,16.562889656612697,13.555750379840797,Good,14,0,2025-10-13 14:00:00+00:00,Abnormal
2025-10-13 14:49:46+00:00,432.8076410484229,39,67,68,28.3,49,1011.12,17.75,-0.1176798,0.0784532,8.8652116,0.09625,-0.14,-0.035,-73.046875,-34.912109375,257.275390625,bedroom_window_open,run_3,0,2165,0,False,False,False,0,0,0,0,0,0,432.8076410484229,67.0,68.0,39.0,0.0459667829392398,0.0849951835480284,-0.0043364889565327,0.0691249999999999,-0.232225,-0.0553,-1.0849609375,-0.9560546875,-12.7724609375,420.33922701021766,9.518905919248091,67.704,2.4297351508396794,69.64,2.798040789206702,0.0,10.0,16.562889656612697,13.555750379840797,Good,14,0,2025-10-13 14:00:00+00:00,Abnormal
2025-10-13 14:49:51+00:00,432.8076410484229,39,68,69,28.5,49,1011.14,17.58,-0.1569064,0.0,8.825985,0.14875,0.21,0.2975,-70.361328125,-32.2265625,277.685546875,bedroom_window_open,run_3,0,2165,0,False,False,False,0,0,0,0,0,0,432.8076410484229,68.0,69.0,39.0,0.0026018933739192,-0.0017345955826128,-0.0477013785218544,0.1216249999999999,0.117775,0.2772,1.6005859375,1.7294921875,7.6376953125,420.4381826771876,9.545601791794358,67.7063492063492,2.420140360615367,69.63492063492063,2.7874093337094825,0.0,5.0,16.745960480207337,13.705366116456146,Good,14,0,2025-10-13 14:00:00+00:00,Abnormal
2025-10-13 14:49:57+00:00,434.207019102621,39,67,68,28.0,49,1011.16,17.42,-0.1176798,0.0392266,8.8652116,-0.04375,0.25375,0.0525,-70.361328125,-32.2265625,277.685546875,bedroom_window_open,run_3,0,2172,0,False,False,False,0,0,0,0,0,0,434.207019102621,67.0,68.0,39.0,0.0459667829392398,0.0416302939827077,-0.0043364889565327,-0.070875,0.1615249999999999,0.0321999999999999,1.6005859375,1.7294921875,7.6376953125,420.5465987120335,9.58582878060651,67.7007874015748,2.4113322426828776,69.62204724409449,2.780114003195931,6.996890270990548,-5.0,16.288261544679866,13.33396587547027,Good,14,0,2025-10-13 14:00:00+00:00,Abnormal
2025-10-13 14:50:02+00:00,434.207019102621,40,67,68,28.0,49,1011.02,18.58,-0.196133,0.0,8.7867584,-0.1925,0.07875,-0.0875,-71.97265625,-35.44921875,254.58984375,bedroom_window_open,run_3,0,2172,0,False,False,False,0,0,0,0,0,0,434.207019102621,67.0,68.0,40.0,-0.0407629961914013,-0.0017345955826128,-0.0910662680871742,-0.219625,-0.0134749999999999,-0.1078,-0.0107421875,-1.4931640625,-15.4580078125,420.65332074633494,9.624055943963796,67.6953125,2.4026186296471757,69.609375,2.772855985254297,0.0,0.0,16.288261544679866,13.33396587547027,Good,14,0,2025-10-13 14:00:00+00:00,Abnormal
2025-10-13 14:50:08+00:00,434.207019102621,40,67,68,28.0,49,1011.15,17.5,-0.1569064,0.0392266,8.9044382,0.04375,-0.0175,0.27125,-72.509765625,-35.986328125,262.646484375,bedroom_window_open,run_3,0,2172,0,False,False,False,0,0,0,0,0,0,434.207019102621,67.0,68.0,40.0,0.0026018933739192,0.0416302939827077,0.039028400608787,0.0166249999999999,-0.1097249999999999,0.25095,-0.5478515625,-2.0302734375,-7.4013671875,420.75838817545343,9.660377432651863,67.68992248062015,2.3939978644923454,69.59689922480621,2.765635606886321,0.0,0.0,16.288261544679866,13.33396587547027,Good,14,0,2025-10-13 14:00:00+00:00,Abnormal
2025-10-13 14:50:13+00:00,435.40648600621944,39,66,67,28.0,49,1011.14,17.58,-0.196133,0.0,8.9044382,-0.18375,-0.14,-0.245,-71.97265625,-33.30078125,251.904296875,bedroom_window_open,run_3,0,2178,0,False,False,False,0,0,0,0,0,0,435.40648600621944,66.0,67.0,39.0,-0.0407629961914013,-0.0017345955826128,0.039028400608787,-0.210875,-0.232225,-0.2653,-0.0107421875,0.6552734375,-18.1435546875,420.8710658510747,9.708242502364689,67.67692307692307,2.389302336028618,69.57692307692308,2.7642944475013027,5.997334517992101,-5.0,16.288261544679866,13.33396587547027,Good,14,0,2025-10-13 14:00:00+00:00,Abnormal
2025-10-13 14:50:18+00:00,435.40648600621944,38,65,66,28.9,49,1011.08,18.08,-0.1569064,0.0,8.9828914,0.0875,-0.1575,0.25375,-71.435546875,-34.375,250.29296875,bedroom_window_open,run_3,0,2178,0,False,False,False,0,0,0,0,0,0,435.40648600621944,65.0,66.0,38.0,0.0026018933739192,-0.0017345955826128,0.1257581797394285,0.0603749999999999,-0.2497249999999999,0.2334499999999999,0.5263671875,-0.4189453125,-19.7548828125,420.9820232568392,9.753860015834116,67.65648854961832,2.391558849101177,69.54961832061069,2.7713194315455087,0.0,-5.0,17.112067129949754,14.008869890937516,Good,14,0,2025-10-13 14:00:00+00:00,Abnormal
2025-10-13 14:50:24+00:00,435.40648600621944,39,67,68,28.0,49,1011.09,18.0,-0.1569064,0.0392266,8.825985,0.14875,0.0,0.42875,-71.435546875,-34.375,250.29296875,bedroom_window_open,run_3,0,2178,0,False,False,False,0,0,0,0,0,0,435.40648600621944,67.0,68.0,39.0,0.0026018933739192,0.0416302939827077,-0.0477013785218544,0.1216249999999999,-0.0922249999999999,0.40845,0.5263671875,-0.4189453125,-19.7548828125,421.09129948978904,9.797336042255871,67.65151515151516,2.3830984016895327,69.53787878787878,2.764014402781433,0.0,10.0,16.288261544679866,13.33396587547027,Good,14,0,2025-10-13 14:00:00+00:00,Abnormal
2025-10-13 14:50:29+00:00,436.8058640604176,39,67,67,28.8,49,1011.11,17.83,-0.1569064,0.0392266,8.8652116,0.07,0.175,0.13125,-71.97265625,-35.44921875,258.349609375,bedroom_window_open,run_3,0,2185,0,False,False,False,0,0,0,0,0,0,436.8058640604176,67.0,67.0,39.0,0.0026018933739192,0.0416302939827077,-0.0043364889565327,0.042875,0.082775,0.11095,-0.0107421875,-1.4931640625,-11.6982421875,421.2094541106208,9.854814137734357,67.64661654135338,2.374726423547378,69.5187969924812,2.7623044391479175,6.996890270990832,0.0,17.02054484184654,13.93245643492476,Good,14,0,2025-10-13 14:00:00+00:00,Abnormal
2025-10-13 14:50:34+00:00,436.8058640604176,40,68,69,28.2,49,1011.09,18.0,-0.2353596,0.0,8.8652116,0.2975,0.02625,-0.27125,-72.509765625,-33.837890625,260.498046875,bedroom_window_open,run_3,0,2185,0,False,False,False,0,0,0,0,0,0,436.8058640604176,68.0,69.0,40.0,-0.0841278857567219,-0.0017345955826128,-0.0043364889565327,0.270375,-0.0659749999999999,-0.29155,-0.5478515625,0.1181640625,-9.5498046875,421.3258452296492,9.909714404017064,67.64925373134328,2.3659789901334713,69.51492537313433,2.752265163138082,0.0,5.0,16.47134986964662,13.48147170614576,Good,14,0,2025-10-13 14:00:00+00:00,Abnormal
2025-10-13 14:50:40+00:00,436.8058640604176,39,68,69,28.0,49,1011.15,17.5,-0.0784532,0.0,8.825985,-0.3675,0.2975,0.315,-71.97265625,-34.912109375,256.201171875,bedroom_window_open,run_3,0,2185,0,False,False,False,0,0,0,0,0,0,436.8058640604176,68.0,69.0,39.0,0.0893316725045604,-0.0017345955826128,-0.0477013785218544,-0.394625,0.2052749999999999,0.2947,-0.0107421875,-0.9560546875,-13.8466796875,421.440512035803,9.96215989939296,67.65185185185184,2.35732747273461,69.5111111111111,2.7423344088477246,0.0,0.0,16.288261544679866,13.33396587547027,Good,14,0,2025-10-13 14:00:00+00:00,Abnormal
2025-10-13 14:50:45+00:00,438.005330964016,39,68,69,28.0,49,1011.04,18.42,-0.1569064,0.0,8.825985,0.2625,0.0,-0.35,-71.97265625,-34.912109375,256.201171875,bedroom_window_open,run_3,0,2191,0,False,False,False,0,0,0,0,0,0,438.005330964016,68.0,69.0,39.0,0.0026018933739192,-0.0017345955826128,-0.0477013785218544,0.235375,-0.0922249999999999,-0.3702999999999999,-0.0107421875,-0.9560546875,-13.8466796875,421.56231217498106,10.026319449609124,67.65441176470588,2.348770131983484,69.50735294117646,2.732510237937944,5.997334517992101,0.0,16.288261544679866,13.33396587547027,Good,14,0,2025-10-13 14:00:00+00:00,Abnormal
2025-10-13 14:50:50+00:00,438.005330964016,39,67,68,28.1,49,1011.11,17.83,-0.196133,0.0,8.7867584,-0.2625,0.0875,0.035,-74.12109375,-34.912109375,253.515625,bedroom_window_open,run_3,0,2191,0,False,False,False,0,0,0,0,0,0,438.005330964016,67.0,68.0,39.0,-0.0407629961914013,-0.0017345955826128,-0.0910662680871742,-0.289625,-0.0047249999999999,0.0146999999999999,-2.1591796875,-0.9560546875,-16.5322265625,421.6823342099375,10.08768737437248,67.64963503649635,2.3407868237107037,69.4963503649635,2.725489938663046,0.0,-5.0,16.379807165715487,13.407543994826996,Good,14,0,2025-10-13 14:00:00+00:00,Abnormal
2025-10-13 14:50:56+00:00,438.005330964016,38,65,66,28.5,49,1011.04,18.42,-0.196133,0.0392266,8.825985,0.11375,-0.0525,-0.44625,-71.97265625,-34.375,265.33203125,bedroom_window_open,run_3,0,2191,0,False,False,False,0,0,0,0,0,0,438.005330964016,65.0,66.0,38.0,-0.0407629961914013,0.0416302939827077,-0.0477013785218544,0.086625,-0.144725,-0.4665499999999999,-0.0107421875,-0.4189453125,-4.7158203125,421.800616795112,10.146397321633495,67.6304347826087,2.343109441187071,69.47101449275362,2.7317864772805014,0.0,-10.0,16.745960480207337,13.705366116456146,Good,14,0,2025-10-13 14:00:00+00:00,Abnormal
2025-10-13 14:51:01+00:00,439.40470901821413,39,65,66,28.1,49,1011.09,18.0,-0.1176798,-0.0784532,8.8652116,-0.00875,0.105,0.2625,-71.435546875,-33.30078125,255.126953125,bedroom_window_open,run_3,0,2198,0,False,False,False,0,0,0,0,0,0,439.40470901821413,65.0,66.0,39.0,0.0459667829392398,-0.088464374713254,-0.0043364889565327,-0.035875,0.012775,0.2422,0.5263671875,0.6552734375,-14.9208984375,421.9272649406019,10.21924137358664,67.61151079136691,2.345241223546512,69.44604316546763,2.737746512944119,6.996890270990548,0.0,16.379807165715487,13.407543994826996,Good,14,0,2025-10-13 14:00:00+00:00,Abnormal
2025-10-13 14:51:06+00:00,439.40470901821413,40,66,69,28.8,49,1011.12,17.75,-0.196133,0.0,8.9044382,0.07,0.14,0.00875,-70.361328125,-34.912109375,290.576171875,bedroom_window_open,run_3,0,2198,0,False,False,False,0,0,0,0,0,0,439.40470901821413,66.0,69.0,40.0,-0.0407629961914013,-0.0017345955826128,0.039028400608787,0.042875,0.047775,-0.01155,1.6005859375,-0.9560546875,20.5283203125,422.05210382687056,10.28899621533189,67.6,2.340755581142036,69.44285714285714,2.728141192815023,0.0,5.0,17.02054484184654,13.93245643492476,Good,14,0,2025-10-13 14:00:00+00:00,Abnormal
2025-10-13 14:51:12+00:00,439.40470901821413,39,66,69,28.4,49,1011.11,17.83,-0.1176798,0.0784532,8.8652116,0.0175,0.37625,-0.00875,-70.361328125,-34.912109375,290.576171875,bedroom_window_open,run_3,0,2198,0,False,False,False,0,0,0,0,0,0,439.40470901821413,66.0,69.0,39.0,0.0459667829392398,0.0849951835480284,-0.0043364889565327,-0.009625,0.2840249999999999,-0.02905,1.6005859375,-0.9560546875,20.5283203125,422.175171948795,10.355811325031844,67.58865248226951,2.3362696822860376,69.43971631205673,2.718636197818515,0.0,0.0,16.654426526753134,13.630381390412762,Good,14,0,2025-10-13 14:00:00+00:00,Abnormal
2025-10-13 14:51:17+00:00,440.6041759218125,39,66,69,28.7,49,1011.11,17.83,-0.1569064,0.1176798,8.8652116,0.07875,0.14,0.35,-72.509765625,-33.30078125,255.126953125,bedroom_window_open,run_3,0,2204,0,False,False,False,0,0,0,0,0,0,440.6041759218125,66.0,69.0,39.0,0.0026018933739192,0.128360073113349,-0.0043364889565327,0.051625,0.047775,0.3297,-0.5478515625,0.6552734375,-14.9208984375,422.30495366691486,10.434269910466822,67.5774647887324,2.331784522428084,69.43661971830986,2.709229794851391,5.997334517991817,0.0,16.92901963761465,13.85640224984939,Good,14,0,2025-10-13 14:00:00+00:00,Abnormal
2025-10-13 14:51:22+00:00,442.00355397601066,40,67,70,28.8,49,1011.11,17.83,-0.1569064,0.0392266,8.9436648,0.42,0.16625,-0.1575,-71.97265625,-34.375,261.572265625,bedroom_window_open,run_3,0,2211,0,False,False,False,0,0,0,0,0,0,442.00355397601066,67.0,70.0,40.0,0.0026018933739192,0.0416302939827077,0.0823932901741087,0.392875,0.074025,-0.1778,-0.0107421875,-0.4189453125,-8.4755859375,422.4427061166288,10.527145899229293,67.57342657342657,2.3240612537366507,69.44055944055944,2.700084447355368,6.996890270990832,5.0,17.02054484184654,13.93245643492476,Good,14,0,2025-10-13 14:00:00+00:00,Abnormal
2025-10-13 14:51:28+00:00,442.00355397601066,40,67,70,28.5,49,1011.18,17.25,-0.2353596,0.0784532,8.8652116,-0.09625,0.13125,-0.16625,-73.046875,-34.375,259.9609375,bedroom_window_open,run_3,0,2211,0,False,False,False,0,0,0,0,0,0,442.00355397601066,67.0,70.0,40.0,-0.0841278857567219,0.0849951835480284,-0.0043364889565327,-0.123375,0.039025,-0.18655,-1.0849609375,-0.4189453125,-10.0869140625,422.5785453378745,10.616165055656095,67.56944444444444,2.3164138481223997,69.44444444444444,2.691030888274453,0.0,0.0,16.745960480207337,13.705366116456146,Good,14,0,2025-10-13 14:00:00+00:00,Abnormal
2025-10-13 14:51:33+00:00,443.4029320302088,39,64,67,28.2,49,1011.1,17.92,-0.1176798,0.0,8.9436648,-0.07875,-0.07875,-0.0875,-73.046875,-34.375,266.943359375,bedroom_window_open,run_3,0,2218,0,False,False,False,0,0,0,0,0,0,443.4029320302088,64.0,67.0,39.0,0.0459667829392398,-0.0017345955826128,0.0823932901741087,-0.105875,-0.170975,-0.1078,-1.0849609375,-0.4189453125,-3.1044921875,422.7221617978217,10.719656045714204,67.54482758620689,2.327311605768539,69.42758620689655,2.6893432376341218,6.996890270990548,-15.0,16.47134986964662,13.48147170614576,Good,14,0,2025-10-13 14:00:00+00:00,Abnormal
2025-10-13 14:51:38+00:00,443.4029320302088,39,63,66,28.3,49,1011.13,17.67,-0.1569064,0.1176798,8.9436648,-0.105,0.0525,-0.00875,-73.046875,-34.375,266.943359375,bedroom_window_open,run_3,0,2218,0,False,False,False,0,0,0,0,0,0,443.4029320302088,63.0,66.0,39.0,0.0026018933739192,0.128360073113349,0.0823932901741087,-0.132125,-0.0397249999999999,-0.02905,-1.0849609375,-0.4189453125,-3.1044921875,422.8638109090024,10.818870025455016,67.51369863013699,2.349574580333627,69.4041095890411,2.695024194436299,0.0,-5.0,16.562889656612697,13.555750379840797,Good,14,0,2025-10-13 14:00:00+00:00,Abnormal
2025-10-13 14:51:44+00:00,443.4029320302088,40,63,66,28.3,49,1011.08,18.08,-0.1176798,0.0392266,8.8652116,-0.0875,-0.035,0.21875,-71.435546875,-33.837890625,256.73828125,bedroom_window_open,run_3,0,2218,0,False,False,False,0,0,0,0,0,0,443.4029320302088,63.0,66.0,40.0,0.0459667829392398,0.0416302939827077,-0.0043364889565327,-0.114625,-0.1272249999999999,0.19845,0.5263671875,0.1181640625,-13.3095703125,423.0035328213915,10.914028386955238,67.48299319727892,2.370924741549276,69.38095238095238,2.7004143094944393,0.0,0.0,16.562889656612697,13.555750379840797,Good,14,0,2025-10-13 14:00:00+00:00,Abnormal
2025-10-13 14:51:49+00:00,444.6023989338072,40,63,66,0.0,0,1011.08,18.08,-0.196133,0.0,8.9044382,-0.09625,0.32375,0.4025,-73.046875,-35.44921875,262.109375,bedroom_window_open,run_3,0,2224,0,False,False,False,0,0,0,0,0,0,444.6023989338072,63.0,66.0,40.0,-0.0407629961914013,-0.0017345955826128,0.039028400608787,-0.123375,0.2315249999999999,0.3822,-1.0849609375,-1.4931640625,-7.9384765625,423.1494711059349,11.020789629980555,67.45270270270271,2.391408828101545,69.35810810810811,2.7055250477775017,5.997334517992101,0.0,-96.07763018544566,0.0,Good,14,0,2025-10-13 14:00:00+00:00,Abnormal
2025-10-13 14:51:54+00:00,444.6023989338072,40,64,66,28.4,49,1011.12,17.75,-0.196133,0.0,8.629852,-0.21,-0.16625,0.035,-71.435546875,-33.837890625,262.646484375,bedroom_window_open,run_3,0,2224,0,False,False,False,0,0,0,0,0,0,444.6023989338072,64.0,66.0,40.0,-0.0407629961914013,-0.0017345955826128,-0.2645258263484572,-0.237125,-0.258475,0.0146999999999999,0.5263671875,0.1181640625,-7.4013671875,423.29345048733,11.123215475201356,67.42953020134229,2.4000423238302315,69.33557046979865,2.710367328887435,0.0,5.0,16.654426526753134,13.630381390412762,Good,14,0,2025-10-13 14:00:00+00:00,Abnormal
2025-10-13 14:52:00+00:00,444.6023989338072,39,63,65,28.0,49,1011.17,17.33,-0.196133,0.0,8.9436648,-0.58625,0.11375,-0.1925,-71.435546875,-33.837890625,262.646484375,bedroom_window_open,run_3,0,2224,0,False,False,False,0,0,0,0,0,0,444.6023989338072,63.0,65.0,39.0,-0.0407629961914013,-0.0017345955826128,0.0823932901741087,-0.613375,0.021525,-0.2128,0.5263671875,0.1181640625,-7.4013671875,423.4355101436399,11.221527929900889,67.4,2.419162870351787,69.30666666666667,2.724353667987576,0.0,-5.0,16.288261544679866,13.33396587547027,Good,14,0,2025-10-13 14:00:00+00:00,Abnormal
2025-10-13 14:52:05+00:00,446.0017769880053,40,66,68,28.1,49,1011.12,17.75,-0.1569064,0.0392266,8.8652116,-0.20125,0.035,0.07875,-70.361328125,-32.763671875,255.126953125,bedroom_window_open,run_3,0,2231,0,False,False,False,0,0,0,0,0,0,446.0017769880053,66.0,68.0,40.0,0.0026018933739192,0.0416302939827077,-0.0043364889565327,-0.228375,-0.0572249999999999,0.0584499999999999,1.6005859375,1.1923828125,-14.9208984375,424.07552199022655,9.62989634817729,67.36,2.3920449817323632,69.25333333333333,2.6702101736313963,6.996890270990548,15.0,16.379807165715487,13.407543994826996,Good,14,0,2025-10-13 14:00:00+00:00,Abnormal
2025-10-13 14:52:10+00:00,446.0017769880053,39,65,67,28.4,49,1011.13,17.67,-0.196133,0.0392266,8.825985,-0.23625,0.245,0.14,-72.509765625,-33.837890625,258.88671875,bedroom_window_open,run_3,0,2231,0,False,False,False,0,0,0,0,0,0,446.0017769880053,65.0,67.0,39.0,-0.0407629961914013,0.0416302939827077,-0.0477013785218544,-0.2633749999999999,0.152775,0.1197,-0.5478515625,0.1181640625,-11.1611328125,424.34740115504223,9.669588099751714,67.30666666666667,2.3543381824633935,69.19333333333333,2.6182033561810343,0.0,-5.0,16.654426526753134,13.630381390412762,Good,14,0,2025-10-13 14:00:00+00:00,Abnormal
2025-10-13 14:52:16+00:00,447.4011550422034,38,67,67,28.5,49,1011.15,17.5,-0.1569064,0.0392266,8.9044382,-0.28,0.30625,0.7175,-70.361328125,-34.912109375,255.6640625,bedroom_window_open,run_3,0,2238,0,False,False,False,0,0,0,0,0,0,447.4011550422034,67.0,67.0,38.0,0.0026018933739192,0.0416302939827077,0.039028400608787,-0.307125,0.214025,0.6972,1.6005859375,-0.9560546875,-14.3837890625,424.6286095068858,9.722799539794991,67.28,2.3347966009452192,69.14666666666666,2.5942286659746503,6.996890270990832,10.0,16.745960480207337,13.705366116456146,Good,14,0,2025-10-13 14:00:00+00:00,Abnormal
2025-10-13 14:52:21+00:00,447.4011550422034,38,65,65,28.3,49,1011.15,17.5,-0.196133,0.0392266,8.9436648,0.21,-0.0175,0.09625,-70.361328125,-34.912109375,255.6640625,bedroom_window_open,run_3,0,2238,0,False,False,False,0,0,0,0,0,0,447.4011550422034,65.0,65.0,38.0,-0.0407629961914013,0.0416302939827077,0.0823932901741087,0.1828749999999999,-0.1097249999999999,0.0759499999999999,1.6005859375,-0.9560546875,-14.3837890625,424.9018214127055,9.783291978114544,67.24666666666667,2.3313926093392228,69.09333333333333,2.5967110500409714,0.0,-10.0,16.562889656612697,13.555750379840797,Good,14,0,2025-10-13 14:00:00+00:00,Abnormal
2025-10-13 14:52:26+00:00,448.8005330964016,38,62,63,28.4,49,1011.05,18.33,-0.2745862,0.0,8.7475318,-0.3675,-0.035,-0.09625,-73.046875,-34.912109375,259.9609375,bedroom_window_open,run_3,0,2245,0,False,False,False,0,0,0,0,0,0,448.8005330964016,62.0,63.0,38.0,-0.1274927753220426,-0.0017345955826128,-0.134431157652494,-0.394625,-0.1272249999999999,-0.11655,-1.0849609375,-0.9560546875,-10.0869140625,425.1763660595291,9.872457827852129,67.19333333333333,2.3593215572047295,69.03333333333333,2.6328249728775304,6.996890270990548,-15.0,16.654426526753134,13.630381390412762,Good,14,0,2025-10-13 14:00:00+00:00,Abnormal
2025-10-13 14:52:32+00:00,448.8005330964016,39,64,65,28.4,49,1011.04,18.42,-0.1176798,-0.0392266,8.825985,-0.18375,0.11375,-0.23625,-71.97265625,-35.44921875,264.2578125,bedroom_window_open,run_3,0,2245,0,False,False,False,0,0,0,0,0,0,448.8005330964016,64.0,65.0,39.0,0.0459667829392398,-0.0450994851479334,-0.0477013785218544,-0.210875,0.021525,-0.25655,-0.0107421875,-1.4931640625,-5.7900390625,425.4509107063527,9.95320470644564,67.15333333333334,2.3622781254193117,68.98,2.6329609228920337,0.0,10.0,16.654426526753134,13.630381390412762,Good,14,0,2025-10-13 14:00:00+00:00,Abnormal
2025-10-13 14:52:37+00:00,450.0,38,63,64,28.8,49,1011.12,17.75,-0.2745862,0.0,8.825985,0.1575,0.0525,-0.09625,-70.361328125,-34.912109375,266.943359375,bedroom_window_open,run_3,0,2251,0,False,False,False,0,0,0,0,0,0,450.0,63.0,64.0,38.0,-0.1274927753220426,-0.0017345955826128,-0.0477013785218544,0.130375,-0.0397249999999999,-0.11655,1.6005859375,-0.9560546875,-3.1044921875,425.7254553531763,10.05874831636995,67.11333333333333,2.38151907605625,68.92666666666666,2.652330029639923,5.997334517992101,-5.0,17.02054484184654,13.93245643492476,Good,14,0,2025-10-13 14:00:00+00:00,Abnormal
2025-10-13 14:52:42+00:00,448.8005330964016,39,65,66,28.7,49,1011.08,18.08,-0.1176798,-0.0392266,8.9044382,-0.07875,0.16625,0.14,-72.509765625,-33.837890625,268.017578125,bedroom_window_open,run_3,0,2245,0,False,False,False,0,0,0,0,0,0,448.8005330964016,65.0,66.0,39.0,0.0459667829392398,-0.0450994851479334,0.039028400608787,-0.105875,0.074025,0.1197,-0.5478515625,0.1181640625,-2.0302734375,425.992003553976,10.137158192247524,67.08666666666667,2.382646057881152,68.88666666666667,2.6509126367359266,-5.997334517992101,10.0,16.92901963761465,13.85640224984939,Good,14,0,2025-10-13 14:00:00+00:00,Abnormal
2025-10-13 14:52:48+00:00,450.0,39,65,66,28.0,49,1011.18,17.25,-0.2353596,0.0,8.9436648,-0.175,-0.18375,0.13125,-72.509765625,-33.837890625,268.017578125,bedroom_window_open,run_3,0,2251,0,False,False,False,0,0,0,0,0,0,450.0,65.0,66.0,39.0,-0.0841278857567219,-0.0017345955826128,0.0823932901741087,-0.202125,-0.2759749999999999,0.11095,-0.5478515625,0.1181640625,-2.0302734375,426.26654820079966,10.226192237262604,67.06666666666666,2.387514128470586,68.85333333333334,2.655592216883331,5.997334517992101,0.0,16.288261544679866,13.33396587547027,Good,14,0,2025-10-13 14:00:00+00:00,Abnormal
2025-10-13 14:52:53+00:00,451.3993780541981,40,66,66,28.2,49,1011.09,18.0,-0.1569064,0.0,8.8652116,-0.04375,0.0175,-0.21,-73.583984375,-33.837890625,260.498046875,bedroom_window_open,run_3,0,2258,0,False,False,False,0,0,0,0,0,0,451.3993780541981,66.0,66.0,40.0,0.0026018933739192,-0.0017345955826128,-0.0043364889565327,-0.070875,-0.0747249999999999,-0.2303,-1.6220703125,0.1181640625,-9.5498046875,426.55042203465126,10.329083967435366,67.04666666666667,2.3837725069002236,68.80666666666667,2.643712730656849,6.996890270990548,5.0,16.47134986964662,13.48147170614576,Good,14,0,2025-10-13 14:00:00+00:00,Abnormal
2025-10-13 14:52:58+00:00,451.3993780541981,39,66,66,28.0,49,1011.08,18.08,-0.1569064,0.0,8.7867584,0.6475000000000001,0.09625,0.06125,-72.509765625,-33.837890625,256.201171875,bedroom_window_open,run_3,0,2258,0,False,False,False,0,0,0,0,0,0,451.3993780541981,66.0,66.0,39.0,0.0026018933739192,-0.0017345955826128,-0.0910662680871742,0.6203750000000001,0.004025,0.0409499999999999,-0.5478515625,0.1181640625,-13.8466796875,426.82629942247894,10.436619879984056,67.00666666666666,2.3502010956845236,68.75333333333333,2.6188184913864685,0.0,0.0,16.288261544679866,13.33396587547027,Good,14,0,2025-10-13 14:00:00+00:00,Abnormal
2025-10-13 14:53:04+00:00,451.3993780541981,40,68,68,28.8,49,1011.1,17.92,-0.2353596,-0.0392266,8.7475318,-0.0525,0.11375,0.105,-71.97265625,-33.30078125,262.109375,bedroom_window_open,run_3,0,2258,0,False,False,False,0,0,0,0,0,0,451.3993780541981,68.0,68.0,40.0,-0.0841278857567219,-0.0450994851479334,-0.134431157652494,-0.079625,0.021525,0.0847,-0.0107421875,0.6552734375,-7.9384765625,427.1021768103065,10.5357892527154,66.98,2.315602172830845,68.71333333333334,2.583729853381972,0.0,10.0,17.02054484184654,13.93245643492476,Good,14,0,2025-10-13 14:00:00+00:00,Abnormal
2025-10-13 14:53:09+00:00,452.7987561083962,39,67,67,28.5,49,1011.15,17.5,-0.196133,0.0392266,8.8652116,0.0875,-0.0175,0.175,-72.509765625,-33.30078125,279.833984375,bedroom_window_open,run_3,0,2265,0,False,False,False,0,0,0,0,0,0,452.7987561083962,67.0,67.0,39.0,-0.0407629961914013,0.0416302939827077,-0.0043364889565327,0.0603749999999999,-0.1097249999999999,0.1546999999999999,-0.5478515625,0.6552734375,9.7861328125,427.38738338516214,10.64864777954257,66.94,2.2621187431374667,68.66,2.535201830653253,6.996890270990548,-5.0,16.745960480207337,13.705366116456146,Good,14,0,2025-10-13 14:00:00+00:00,Abnormal
2025-10-13 14:53:14+00:00,452.7987561083962,40,66,67,28.4,49,1011.11,17.83,-0.2353596,0.0,8.7475318,0.105,-0.0525,-0.07875,-72.509765625,-33.30078125,279.833984375,bedroom_window_open,run_3,0,2265,0,False,False,False,0,0,0,0,0,0,452.7987561083962,66.0,67.0,40.0,-0.0841278857567219,-0.0017345955826128,-0.134431157652494,0.077875,-0.144725,-0.09905,-0.5478515625,0.6552734375,9.7861328125,427.66459351399374,10.765467609434133,66.91333333333333,2.2493449207951812,68.6,2.4658744722210892,0.0,-5.0,16.654426526753134,13.630381390412762,Good,14,0,2025-10-13 14:00:00+00:00,Abnormal
2025-10-13 14:53:20+00:00,452.7987561083962,40,66,66,28.8,49,1011.15,17.5,-0.196133,-0.0392266,8.7475318,-0.0875,0.09625,-0.14,-69.287109375,-34.912109375,264.794921875,bedroom_window_open,run_3,0,2265,0,False,False,False,0,0,0,0,0,0,452.7987561083962,66.0,66.0,40.0,-0.0407629961914013,-0.0450994851479334,-0.134431157652494,-0.114625,0.004025,-0.1603,2.6748046875,-0.9560546875,-5.2529296875,427.9418036428254,10.87392126940028,66.88,2.225296903499616,68.54,2.4181361728272304,0.0,0.0,17.02054484184654,13.93245643492476,Good,14,0,2025-10-13 14:00:00+00:00,Abnormal
2025-10-13 14:53:25+00:00,452.7987561083962,40,64,65,28.5,49,1011.14,17.58,-0.1569064,0.0,8.9044382,-0.09625,0.1575,-0.06125,-70.361328125,-34.912109375,261.572265625,bedroom_window_open,run_3,0,2265,0,False,False,False,0,0,0,0,0,0,452.7987561083962,64.0,65.0,40.0,0.0026018933739192,-0.0017345955826128,0.039028400608787,-0.123375,0.065275,-0.08155,1.6005859375,-0.9560546875,-8.4755859375,428.21901377165705,10.974256799564056,66.83333333333333,2.211673321589768,68.48,2.393279180308742,0.0,-10.0,16.745960480207337,13.705366116456146,Good,14,0,2025-10-13 14:00:00+00:00,Abnormal
2025-10-13 14:53:30+00:00,454.1981341625944,40,64,64,28.8,49,1011.09,18.0,-0.3138128,-0.0392266,8.9044382,-0.3325,0.0875,0.39375,-71.435546875,-33.837890625,261.572265625,bedroom_window_open,run_3,0,2272,0,False,False,False,0,0,0,0,0,0,454.1981341625944,64.0,64.0,40.0,-0.1708576648873632,-0.0450994851479334,0.039028400608787,-0.359625,-0.0047249999999999,0.37345,0.5263671875,0.1181640625,-8.4755859375,428.50555308751666,11.087889000831984,66.78666666666666,2.196967607104579,68.42666666666666,2.403427827995827,6.996890270990832,0.0,17.02054484184654,13.93245643492476,Good,14,0,2025-10-13 14:00:00+00:00,Abnormal
2025-10-13 14:53:36+00:00,454.1981341625944,39,63,65,28.6,49,1011.09,18.0,-0.1176798,0.0392266,8.9044382,0.14875,-0.0875,-0.175,-71.435546875,-36.5234375,251.904296875,bedroom_window_open,run_3,0,2272,0,False,False,False,0,0,0,0,0,0,454.1981341625944,63.0,65.0,39.0,0.0459667829392398,0.0416302939827077,0.039028400608787,0.1216249999999999,-0.1797249999999999,-0.1953,0.5263671875,-2.5673828125,-18.1435546875,428.7827632163483,11.20713298656054,66.72,2.158547858876555,68.36666666666666,2.3755371463693664,0.0,-5.0,16.837491517114714,13.780705940666811,Good,14,0,2025-10-13 14:00:00+00:00,Abnormal
2025-10-13 14:53:41+00:00,454.1981341625944,40,64,66,28.6,49,1011.07,18.17,-0.2745862,-0.0392266,8.825985,-0.18375,0.28,0.21,-71.435546875,-36.5234375,251.904296875,bedroom_window_open,run_3,0,2272,0,False,False,False,0,0,0,0,0,0,454.1981341625944,64.0,66.0,40.0,-0.1274927753220426,-0.0450994851479334,-0.0477013785218544,-0.210875,0.187775,0.1896999999999999,0.5263671875,-2.5673828125,-18.1435546875,429.05997334518,11.318288504383414,66.66,2.107289999250165,68.31333333333333,2.3377171985130416,0.0,5.0,16.837491517114714,13.780705940666811,Good,14,0,2025-10-13 14:00:00+00:00,Abnormal
2025-10-13 14:53:46+00:00,454.1981341625944,39,63,65,28.9,49,1011.07,18.17,-0.1569064,0.0392266,8.9044382,-0.00875,0.07875,0.0525,-71.97265625,-34.912109375,259.423828125,bedroom_window_open,run_3,0,2272,0,False,False,False,0,0,0,0,0,0,454.1981341625944,63.0,65.0,39.0,0.0026018933739192,0.0416302939827077,0.039028400608787,-0.035875,-0.0134749999999999,0.0321999999999999,-0.0107421875,-0.9560546875,-10.6240234375,429.3371834740116,11.421591708898717,66.6,2.082203272929621,68.26666666666667,2.3334931233238088,0.0,-5.0,17.112067129949754,14.008869890937516,Good,14,0,2025-10-13 14:00:00+00:00,Abnormal
2025-10-13 14:53:52+00:00,454.1981341625944,40,65,66,28.0,49,1011.11,17.83,-0.0784532,0.0,8.9436648,0.00875,0.0525,-0.09625,-68.75,-32.763671875,266.40625,bedroom_window_open,run_3,0,2272,0,False,False,False,0,0,0,0,0,0,454.1981341625944,65.0,66.0,40.0,0.0893316725045604,-0.0017345955826128,0.0823932901741087,-0.018375,-0.0397249999999999,-0.11655,3.2119140625,1.1923828125,-3.6416015625,429.6143936028432,11.517253894372208,66.56,2.054557873045061,68.23333333333333,2.329895197881134,0.0,10.0,16.288261544679866,13.33396587547027,Good,14,0,2025-10-13 14:00:00+00:00,Abnormal
2025-10-13 14:53:57+00:00,455.3976010661928,39,65,66,28.9,49,1011.21,17.0,-0.1176798,0.0784532,8.9044382,-0.32375,0.0525,0.49875,-71.435546875,-33.837890625,265.869140625,bedroom_window_open,run_3,0,2278,0,False,False,False,0,0,0,0,0,0,455.3976010661928,65.0,66.0,39.0,0.0459667829392398,0.0849951835480284,0.039028400608787,-0.350875,-0.0397249999999999,0.47845,0.5263671875,0.1181640625,-4.1787109375,429.8996001776988,11.622724598978325,66.52666666666667,2.038872785913,68.20666666666666,2.3324287156623855,5.997334517992101,0.0,17.112067129949754,14.008869890937516,Good,14,0,2025-10-13 14:00:00+00:00,Abnormal
2025-10-13 14:54:02+00:00,455.3976010661928,40,65,66,0.0,0,1011.19,17.17,-0.1569064,0.0392266,8.9828914,-0.11375,0.25375,0.0525,-71.435546875,-33.837890625,265.869140625,bedroom_window_open,run_3,0,2278,0,False,False,False,0,0,0,0,0,0,455.3976010661928,65.0,66.0,40.0,0.0026018933739192,0.0416302939827077,0.1257581797394285,-0.140875,0.1615249999999999,0.0321999999999999,0.5263671875,0.1181640625,-4.1787109375,430.1848067525544,11.720261921550364,66.5,2.032454792417694,68.18666666666667,2.3384348194725577,0.0,0.0,-96.07763018544566,0.0,Good,14,0,2025-10-13 14:00:00+00:00,Abnormal
2025-10-13 14:54:08+00:00,455.3976010661928,39,64,65,28.0,49,1011.12,17.75,-0.1569064,0.0,8.8652116,0.035,-0.00875,0.02625,-72.509765625,-33.837890625,290.576171875,bedroom_window_open,run_3,0,2278,0,False,False,False,0,0,0,0,0,0,455.3976010661928,64.0,65.0,39.0,0.0026018933739192,-0.0017345955826128,-0.0043364889565327,0.007875,-0.1009749999999999,0.0059499999999999,-0.5478515625,0.1181640625,20.5283203125,430.4620168813861,11.82181449842353,66.46,2.0221259329207917,68.13333333333334,2.3190679297165437,0.0,-5.0,16.288261544679866,13.33396587547027,Good,14,0,2025-10-13 14:00:00+00:00,Abnormal
2025-10-13 14:54:13+00:00,456.7969791203909,40,65,66,28.4,49,1011.18,17.25,-0.1176798,0.0392266,8.825985,-0.0875,0.34125,0.16625,-70.361328125,-34.912109375,262.646484375,bedroom_window_open,run_3,0,2285,0,False,False,False,0,0,0,0,0,0,456.7969791203909,65.0,66.0,40.0,0.0459667829392398,0.0416302939827077,-0.0477013785218544,-0.114625,0.249025,0.14595,1.6005859375,-0.9560546875,-7.4013671875,430.7485561972457,11.935977639602967,66.41333333333333,1.9736066078390024,68.07333333333334,2.255780543691584,6.996890270990548,5.0,16.654426526753134,13.630381390412762,Good,14,0,2025-10-13 14:00:00+00:00,Abnormal
2025-10-13 14:54:18+00:00,456.7969791203909,40,64,65,28.1,49,1011.16,17.42,-0.1569064,0.0,8.9044382,-0.16625,0.105,0.28875,-73.046875,-33.837890625,262.109375,bedroom_window_open,run_3,0,2285,0,False,False,False,0,0,0,0,0,0,456.7969791203909,64.0,65.0,40.0,0.0026018933739192,-0.0017345955826128,0.039028400608787,-0.193375,0.012775,0.26845,-1.0849609375,0.1181640625,-7.9384765625,431.03509551310526,12.042197256083416,66.36666666666666,1.947004812652592,68.01333333333334,2.216432427784588,0.0,-5.0,16.379807165715487,13.407543994826996,Good,14,0,2025-10-13 14:00:00+00:00,Abnormal
2025-10-13 14:54:24+00:00,456.7969791203909,40,63,63,28.1,49,1011.11,17.83,-0.2353596,0.0,8.9044382,-0.1575,0.21,0.02625,-71.97265625,-32.763671875,255.6640625,bedroom_window_open,run_3,0,2285,0,False,False,False,0,0,0,0,0,0,456.7969791203909,63.0,63.0,40.0,-0.0841278857567219,-0.0017345955826128,0.039028400608787,-0.184625,0.117775,0.0059499999999999,-0.0107421875,1.1923828125,-14.3837890625,431.3216348289649,12.14068184490063,66.30666666666667,1.9105734290366023,67.93333333333334,2.178807834440272,0.0,-5.0,16.379807165715487,13.407543994826996,Good,14,0,2025-10-13 14:00:00+00:00,Abnormal
2025-10-13 14:54:29+00:00,456.7969791203909,39,62,62,28.7,49,1011.16,17.42,-0.1569064,0.0,8.9044382,0.0175,0.0525,-0.13125,-71.97265625,-32.763671875,255.6640625,bedroom_window_open,run_3,0,2285,0,False,False,False,0,0,0,0,0,0,456.7969791203909,62.0,62.0,39.0,0.0026018933739192,-0.0017345955826128,0.039028400608787,-0.009625,-0.0397249999999999,-0.15155,-0.0107421875,1.1923828125,-14.3837890625,431.60017769880056,12.242925362624618,66.25333333333333,1.9184259020964671,67.85333333333334,2.174861460269278,0.0,-5.0,16.92901963761465,13.85640224984939,Good,14,0,2025-10-13 14:00:00+00:00,Abnormal
2025-10-13 14:54:35+00:00,456.7969791203909,40,63,63,28.6,49,1011.19,17.17,-0.1569064,-0.0392266,8.825985,0.035,0.02625,0.105,-71.435546875,-34.375,263.720703125,bedroom_window_open,run_3,0,2285,0,False,False,False,0,0,0,0,0,0,456.7969791203909,63.0,63.0,40.0,0.0026018933739192,-0.0450994851479334,-0.0477013785218544,0.007875,-0.0659749999999999,0.0847,0.5263671875,-0.4189453125,-6.3271484375,431.87872056863614,12.337993091473734,66.21333333333334,1.9233174174179808,67.79333333333334,2.1838229722322233,0.0,5.0,16.837491517114714,13.780705940666811,Good,14,0,2025-10-13 14:00:00+00:00,Abnormal
2025-10-13 14:54:40+00:00,458.196357174589,39,63,63,28.9,49,1011.16,17.42,-0.196133,0.0,8.8652116,0.07,-0.14875,0.175,-71.435546875,-34.375,266.943359375,bedroom_window_open,run_3,0,2292,0,False,False,False,0,0,0,0,0,0,458.196357174589,63.0,63.0,39.0,-0.0407629961914013,-0.0017345955826128,-0.0043364889565327,0.042875,-0.240975,0.1546999999999999,0.5263671875,-0.4189453125,-3.1044921875,432.1665926254998,12.445183385764992,66.16666666666667,1.915730244936601,67.74666666666667,2.210975267412457,6.996890270990548,0.0,17.112067129949754,14.008869890937516,Good,14,0,2025-10-13 14:00:00+00:00,Abnormal
2025-10-13 14:54:45+00:00,458.196357174589,40,65,66,28.3,49,1011.12,17.75,-0.1569064,0.0392266,8.9044382,0.27125,-0.0875,-0.04375,-72.509765625,-33.837890625,261.03515625,bedroom_window_open,run_3,0,2292,0,False,False,False,0,0,0,0,0,0,458.196357174589,65.0,66.0,40.0,0.0026018933739192,0.0416302939827077,0.039028400608787,0.2441249999999999,-0.1797249999999999,-0.06405,-0.5478515625,0.1181640625,-9.0126953125,432.45446468236344,12.544809782927716,66.14666666666666,1.9121184241592215,67.72666666666667,2.2131294210804455,0.0,10.0,16.562889656612697,13.555750379840797,Good,14,0,2025-10-13 14:00:00+00:00,Abnormal
2025-10-13 14:54:51+00:00,458.196357174589,40,66,67,28.5,49,1011.13,17.67,-0.1569064,-0.1569064,8.7867584,0.06125,0.00875,-0.1575,-70.8984375,-33.837890625,268.017578125,bedroom_window_open,run_3,0,2292,0,False,False,False,0,0,0,0,0,0,458.196357174589,66.0,67.0,40.0,0.0026018933739192,-0.1751941538438953,-0.0910662680871742,0.0341249999999999,-0.083475,-0.1778,1.0634765625,0.1181640625,-2.0302734375,432.73434029320305,12.647954284083928,66.12666666666667,1.8977084968851476,67.69333333333333,2.185819664625595,0.0,5.0,16.745960480207337,13.705366116456146,Good,14,0,2025-10-13 14:00:00+00:00,Abnormal
2025-10-13 14:54:56+00:00,458.196357174589,40,66,68,28.1,49,1011.13,17.67,-0.2353596,0.0392266,8.9044382,0.04375,0.35875,0.175,-70.8984375,-33.837890625,268.017578125,bedroom_window_open,run_3,0,2292,0,False,False,False,0,0,0,0,0,0,458.196357174589,66.0,68.0,40.0,-0.0841278857567219,0.0416302939827077,0.039028400608787,0.0166249999999999,0.266525,0.1546999999999999,1.0634765625,0.1181640625,-2.0302734375,433.0222123500666,12.73308051380843,66.10666666666667,1.88297446641305,67.66666666666667,2.1571378833710853,0.0,0.0,16.379807165715487,13.407543994826996,Good,14,0,2025-10-13 14:00:00+00:00,Abnormal
2025-10-13 14:55:01+00:00,458.196357174589,39,64,67,28.7,49,1011.11,17.83,-0.1569064,0.0784532,8.8652116,0.07875,0.2625,0.04375,-70.361328125,-33.837890625,258.349609375,bedroom_window_open,run_3,0,2292,0,False,False,False,0,0,0,0,0,0,458.196357174589,64.0,67.0,39.0,0.0026018933739192,0.0849951835480284,-0.0043364889565327,0.051625,0.170275,0.0234499999999999,1.6005859375,0.1181640625,-11.6982421875,433.30208796090625,12.822242554801695,66.08,1.8843046534055576,67.65333333333334,2.1550211904053667,0.0,-10.0,16.92901963761465,13.85640224984939,Good,14,0,2025-10-13 14:00:00+00:00,Abnormal
2025-10-13 14:55:07+00:00,458.196357174589,40,64,67,28.2,49,1011.14,17.58,-0.196133,0.0,8.825985,-0.105,0.0175,0.4725,-70.8984375,-35.44921875,265.869140625,bedroom_window_open,run_3,0,2292,0,False,False,False,0,0,0,0,0,0,458.196357174589,64.0,67.0,40.0,-0.0407629961914013,-0.0017345955826128,-0.0477013785218544,-0.132125,-0.0747249999999999,0.4522,1.0634765625,-1.4931640625,-4.1787109375,433.58196357174586,12.90467964607902,66.05333333333333,1.8852542123518403,67.64,2.1528192846783933,0.0,0.0,16.47134986964662,13.48147170614576,Good,14,0,2025-10-13 14:00:00+00:00,Abnormal
2025-10-13 14:55:12+00:00,459.59573522878713,38,63,65,28.7,49,1011.18,17.25,-0.196133,0.0,8.7475318,-0.1925,0.14,0.0875,-70.361328125,-33.837890625,263.720703125,bedroom_window_open,run_3,0,2299,0,False,False,False,0,0,0,0,0,0,459.59573522878713,63.0,65.0,38.0,-0.0407629961914013,-0.0017345955826128,-0.134431157652494,-0.219625,0.047775,0.0671999999999999,1.6005859375,0.1181640625,-6.3271484375,433.8711683696135,12.998616931678717,66.01333333333334,1.8859660678147816,67.60666666666667,2.1547408840519293,6.996890270990548,-5.0,16.92901963761465,13.85640224984939,Good,14,0,2025-10-13 14:00:00+00:00,Abnormal
2025-10-13 14:55:17+00:00,459.59573522878713,38,62,65,28.8,49,1011.16,17.42,-0.196133,0.0,8.8652116,0.2275,0.1575,0.49875,-70.361328125,-33.837890625,263.720703125,bedroom_window_open,run_3,0,2299,0,False,False,False,0,0,0,0,0,0,459.59573522878713,62.0,65.0,38.0,-0.0407629961914013,-0.0017345955826128,-0.0043364889565327,0.200375,0.065275,0.47845,1.6005859375,0.1181640625,-6.3271484375,434.1603731674811,13.085447107309358,65.97333333333333,1.9070574215132463,67.58,2.1621205102100833,0.0,-5.0,17.02054484184654,13.93245643492476,Good,14,0,2025-10-13 14:00:00+00:00,Abnormal
2025-10-13 14:55:23+00:00,459.59573522878713,38,63,65,28.3,48,1011.17,17.33,-0.1569064,0.0,8.9044382,0.0875,0.105,0.0525,-70.361328125,-33.837890625,263.720703125,bedroom_window_open,run_3,0,2299,0,False,False,False,0,0,0,0,0,0,459.59573522878713,63.0,65.0,38.0,0.0026018933739192,-0.0017345955826128,0.039028400608787,0.0603749999999999,0.012775,0.0321999999999999,1.6005859375,0.1181640625,-6.3271484375,434.4402487783208,13.177810468684063,65.92666666666666,1.893459837598823,67.53333333333333,2.141525099996486,0.0,5.0,16.238705920911716,13.279102412905267,Good,14,0,2025-10-13 14:00:00+00:00,Abnormal
2025-10-13 14:55:28+00:00,459.59573522878713,38,64,66,28.7,48,1011.11,17.83,-0.1569064,0.0,8.7867584,-0.30625,0.00875,0.06125,-70.8984375,-33.837890625,257.8125,bedroom_window_open,run_3,0,2299,0,False,False,False,0,0,0,0,0,0,459.59573522878713,64.0,66.0,38.0,0.0026018933739192,-0.0017345955826128,-0.0910662680871742,-0.333375,-0.083475,0.0409499999999999,1.0634765625,0.1181640625,-12.2353515625,434.72012438916033,13.263586972220102,65.9,1.892230671126511,67.49333333333334,2.1133854854926013,0.0,5.0,16.603921688717605,13.57361853046471,Good,14,0,2025-10-13 14:00:00+00:00,Abnormal
2025-10-13 14:55:33+00:00,459.59573522878713,39,66,67,28.6,48,1011.17,17.33,-0.1569064,0.0784532,8.825985,-0.04375,0.06125,0.1225,-71.97265625,-32.763671875,265.869140625,bedroom_window_open,run_3,0,2299,0,False,False,False,0,0,0,0,0,0,459.59573522878713,66.0,67.0,39.0,0.0026018933739192,0.0849951835480284,-0.0477013785218544,-0.070875,-0.0309749999999999,0.1021999999999999,-0.0107421875,1.1923828125,-4.1787109375,434.99999999999994,13.34290365180883,65.86666666666666,1.8452429921893552,67.44666666666667,2.044920591053261,0.0,10.0,16.512622231117838,13.49946704391851,Good,14,0,2025-10-13 14:00:00+00:00,Abnormal
2025-10-13 14:55:39+00:00,459.59573522878713,38,66,67,28.8,48,1011.22,16.91,-0.0784532,0.0392266,8.8652116,-0.2625,0.1225,0.105,-70.361328125,-35.44921875,249.755859375,bedroom_window_open,run_3,0,2299,0,False,False,False,0,0,0,0,0,0,459.59573522878713,66.0,67.0,38.0,0.0893316725045604,0.0416302939827077,-0.0043364889565327,-0.289625,0.030275,0.0847,1.6005859375,-1.4931640625,-20.2919921875,435.2798756108396,13.415875082303767,65.84666666666666,1.8272239062522224,67.40666666666667,1.9936027441709565,0.0,0.0,16.695218156994283,13.64812058931405,Good,14,0,2025-10-13 14:00:00+00:00,Abnormal
2025-10-13 14:55:44+00:00,459.59573522878713,40,68,68,28.5,48,1011.15,17.5,-0.2353596,0.0392266,8.8652116,-0.04375,0.18375,-0.0875,-70.361328125,-35.44921875,249.755859375,bedroom_window_open,run_3,0,2299,0,False,False,False,0,0,0,0,0,0,459.59573522878713,68.0,68.0,40.0,-0.0841278857567219,0.0416302939827077,-0.0043364889565327,-0.070875,0.091525,-0.1078,1.6005859375,-1.4931640625,-20.2919921875,435.5597512216792,13.482604290611809,65.84666666666666,1.8272239062522224,67.38,1.9581870810255275,0.0,10.0,16.42131978404815,13.425664767140711,Good,14,0,2025-10-13 14:00:00+00:00,Abnormal
2025-10-13 14:55:49+00:00,460.99511328298536,39,67,68,28.3,48,1011.1,17.92,-0.1176798,0.0,8.8652116,0.035,-0.0525,0.11375,-71.435546875,-35.986328125,251.3671875,bedroom_window_open,run_3,0,2306,0,False,False,False,0,0,0,0,0,0,460.99511328298536,67.0,68.0,39.0,0.0459667829392398,-0.0017345955826128,-0.0043364889565327,0.007875,-0.144725,0.09345,0.5263671875,-2.0302734375,-18.6806640625,435.8489560195469,13.560129085372235,65.83333333333333,1.8112870082895265,67.35333333333334,1.9217465024520728,6.996890270991116,-5.0,16.238705920911716,13.279102412905267,Good,14,0,2025-10-13 14:00:00+00:00,Abnormal
2025-10-13 14:55:55+00:00,460.99511328298536,39,65,66,28.6,48,1011.13,17.67,-0.1569064,0.0392266,8.825985,0.2975,0.23625,0.14875,-69.82421875,-34.375,270.703125,bedroom_window_open,run_3,0,2306,0,False,False,False,0,0,0,0,0,0,460.99511328298536,65.0,66.0,39.0,0.0026018933739192,0.0416302939827077,-0.0477013785218544,0.270375,0.144025,0.1284499999999999,2.1376953125,-0.4189453125,0.6552734375,436.1381608174145,13.63103743886576,65.80666666666667,1.7937126084466366,67.31333333333333,1.8864997831347112,0.0,-10.0,16.512622231117838,13.49946704391851,Good,14,0,2025-10-13 14:00:00+00:00,Abnormal
2025-10-13 14:56:00+00:00,460.99511328298536,39,65,66,28.9,48,1011.16,17.42,-0.3138128,0.0,8.8652116,-0.1575,0.07,0.1225,-71.97265625,-34.912109375,261.03515625,bedroom_window_open,run_3,0,2306,0,False,False,False,0,0,0,0,0,0,460.99511328298536,65.0,66.0,39.0,-0.1708576648873632,-0.0017345955826128,-0.0043364889565327,-0.184625,-0.0222249999999999,0.1021999999999999,-0.0107421875,-0.9560546875,-9.0126953125,436.4273656152821,13.69543212171963,65.78,1.775561164720789,67.27333333333333,1.8497112659379529,0.0,0.0,16.786511636094684,13.722974587040834,Good,14,0,2025-10-13 14:00:00+00:00,Abnormal
2025-10-13 14:56:05+00:00,460.99511328298536,38,64,65,28.0,48,1011.14,17.58,-0.196133,0.0392266,8.9436648,-0.00875,-0.18375,0.21875,-71.97265625,-30.615234375,256.73828125,bedroom_window_open,run_3,0,2306,0,False,False,False,0,0,0,0,0,0,460.99511328298536,64.0,65.0,38.0,-0.0407629961914013,0.0416302939827077,0.0823932901741087,-0.035875,-0.2759749999999999,0.19845,-0.0107421875,3.3408203125,-13.3095703125,436.70857396712574,13.764227838801348,65.74,1.7472125451279723,67.22666666666667,1.8176859197639883,0.0,-5.0,15.964762701511631,13.061844122909651,Good,14,0,2025-10-13 14:00:00+00:00,Abnormal
2025-10-13 14:56:11+00:00,460.99511328298536,40,64,67,28.7,48,1011.15,17.5,-0.1569064,0.0392266,8.825985,-0.2275,-0.02625,0.105,-71.97265625,-30.615234375,256.73828125,bedroom_window_open,run_3,0,2306,0,False,False,False,0,0,0,0,0,0,460.99511328298536,64.0,67.0,40.0,0.0026018933739192,0.0416302939827077,-0.0477013785218544,-0.254625,-0.1184749999999999,0.0847,-0.0107421875,3.3408203125,-13.3095703125,436.9897823189694,13.826925083706774,65.70666666666666,1.732231623718523,67.2,1.7911040425601044,0.0,0.0,16.603921688717605,13.57361853046471,Good,14,0,2025-10-13 14:00:00+00:00,Abnormal
2025-10-13 14:56:16+00:00,460.99511328298536,39,63,65,28.9,48,1011.16,17.42,-0.1176798,0.0392266,8.9436648,-0.13125,0.21875,-0.0875,-70.361328125,-34.375,263.18359375,bedroom_window_open,run_3,0,2306,0,False,False,False,0,0,0,0,0,0,460.99511328298536,63.0,65.0,39.0,0.0459667829392398,0.0416302939827077,0.0823932901741087,-0.158375,0.126525,-0.1078,1.6005859375,-0.4189453125,-6.8642578125,437.270990670813,13.883606477304326,65.66666666666667,1.724932317188606,67.16666666666667,1.7851613077967403,0.0,-5.0,16.786511636094684,13.722974587040834,Good,14,0,2025-10-13 14:00:00+00:00,Abnormal
2025-10-13 14:56:21+00:00,460.99511328298536,39,60,62,28.8,48,1011.13,17.67,-0.196133,-0.0392266,8.9436648,-0.09625,0.035,-0.21875,-72.509765625,-35.44921875,264.794921875,bedroom_window_open,run_3,0,2306,0,False,False,False,0,0,0,0,0,0,460.99511328298536,60.0,62.0,39.0,-0.0407629961914013,-0.0450994851479334,0.0823932901741087,-0.123375,-0.0572249999999999,-0.23905,-0.5478515625,-1.4931640625,-5.2529296875,437.5521990226566,13.93434543267301,65.60666666666667,1.7642865229670797,67.11333333333333,1.819125339891983,0.0,-15.0,16.695218156994283,13.64812058931405,Good,14,0,2025-10-13 14:00:00+00:00,Abnormal
2025-10-13 14:56:27+00:00,460.99511328298536,39,60,62,28.0,48,1011.19,17.17,-0.1569064,0.0392266,8.825985,0.11375,0.035,0.07875,-71.435546875,-36.5234375,259.423828125,bedroom_window_open,run_3,0,2306,0,False,False,False,0,0,0,0,0,0,460.99511328298536,60.0,62.0,39.0,0.0026018933739192,0.0416302939827077,-0.0477013785218544,0.086625,-0.0572249999999999,0.0584499999999999,0.5263671875,-2.5673828125,-10.6240234375,437.8334073745002,13.97920665601826,65.54666666666667,1.8007704043595427,67.04666666666667,1.82207443790606,0.0,0.0,15.964762701511631,13.061844122909651,Good,14,0,2025-10-13 14:00:00+00:00,Abnormal
2025-10-13 14:56:32+00:00,462.3944913371835,40,61,61,28.1,48,1011.15,17.5,-0.1569064,0.0,8.8652116,0.105,0.105,0.035,-70.8984375,-33.837890625,261.03515625,bedroom_window_open,run_3,0,2313,0,False,False,False,0,0,0,0,0,0,462.3944913371835,61.0,61.0,40.0,0.0026018933739192,-0.0017345955826128,-0.0043364889565327,0.077875,0.012775,0.0146999999999999,1.0634765625,0.1181640625,-9.0126953125,438.1239449133718,14.03403257190154,65.50666666666666,1.8345917991072187,66.98666666666666,1.871677518639564,6.996890270990832,5.0,16.05608009813354,13.13392064799379,Good,14,0,2025-10-13 14:00:00+00:00,Abnormal
2025-10-13 14:56:37+00:00,462.3944913371835,38,59,60,28.3,48,1011.17,17.33,-0.2353596,0.0392266,8.9044382,-0.14875,0.20125,0.4025,-70.8984375,-33.837890625,261.03515625,bedroom_window_open,run_3,0,2313,0,False,False,False,0,0,0,0,0,0,462.3944913371835,59.0,60.0,38.0,-0.0841278857567219,0.0416302939827077,0.039028400608787,-0.175875,0.109025,0.3822,1.0634765625,0.1181640625,-9.0126953125,438.40648600621944,14.093467238389962,65.46,1.909460727131252,66.92,1.9404559071302745,0.0,-10.0,16.238705920911716,13.279102412905267,Good,14,0,2025-10-13 14:00:00+00:00,Abnormal
2025-10-13 14:56:43+00:00,462.3944913371835,39,63,64,28.2,48,1011.22,16.91,-0.1569064,0.0,8.7083052,-0.14,0.0875,0.23625,-71.97265625,-33.837890625,259.423828125,bedroom_window_open,run_3,0,2313,0,False,False,False,0,0,0,0,0,0,462.3944913371835,63.0,64.0,39.0,0.0026018933739192,-0.0017345955826128,-0.1777960472178157,-0.167125,-0.0047249999999999,0.2159499999999999,-0.0107421875,0.1181640625,-10.6240234375,438.68902709906706,14.146972711331404,65.44,1.9194518233114517,66.88,1.938379590338696,0.0,20.0,16.14739450455128,13.206339630510133,Good,14,0,2025-10-13 14:00:00+00:00,Abnormal
2025-10-13 14:56:48+00:00,462.3944913371835,39,64,64,28.7,48,1011.14,17.58,-0.196133,0.0,8.8652116,-0.27125,0.02625,-0.5775,-70.361328125,-33.837890625,263.720703125,bedroom_window_open,run_3,0,2313,0,False,False,False,0,0,0,0,0,0,462.3944913371835,64.0,64.0,39.0,-0.0407629961914013,-0.0017345955826128,-0.0043364889565327,-0.298375,-0.0659749999999999,-0.5978,1.6005859375,0.1181640625,-6.3271484375,438.9715681919147,14.194616039750631,65.43333333333334,1.9227241115013824,66.85333333333334,1.950345578281028,0.0,5.0,16.603921688717605,13.57361853046471,Good,14,0,2025-10-13 14:00:00+00:00,Abnormal
2025-10-13 14:56:53+00:00,462.3944913371835,39,64,66,28.7,48,1011.14,17.58,-0.1176798,0.0,8.7083052,0.21875,-0.11375,-0.3675,-70.8984375,-34.912109375,262.109375,bedroom_window_open,run_3,0,2313,0,False,False,False,0,0,0,0,0,0,462.3944913371835,64.0,66.0,39.0,0.0459667829392398,-0.0017345955826128,-0.1777960472178157,0.191625,-0.205975,-0.3878,1.0634765625,-0.9560546875,-7.9384765625,439.2541092847623,14.23645607803932,65.42,1.925700430402206,66.83333333333333,1.9435547128136696,0.0,0.0,16.603921688717605,13.57361853046471,Good,14,0,2025-10-13 14:00:00+00:00,Abnormal
2025-10-13 14:56:59+00:00,462.3944913371835,40,64,66,28.9,48,1011.16,17.42,-0.196133,0.0,8.9044382,0.0875,-0.2275,0.21875,-73.046875,-33.837890625,238.4765625,bedroom_window_open,run_3,0,2313,0,False,False,False,0,0,0,0,0,0,462.3944913371835,64.0,66.0,40.0,-0.0407629961914013,-0.0017345955826128,0.039028400608787,0.0603749999999999,-0.319725,0.19845,-1.0849609375,0.1181640625,-31.5712890625,439.53665037761,14.272543863416423,65.40666666666667,1.9285793591447695,66.81333333333333,1.9365321065121992,0.0,0.0,16.786511636094684,13.722974587040834,Good,14,0,2025-10-13 14:00:00+00:00,Abnormal
2025-10-13 14:57:04+00:00,463.7938693913816,39,61,64,28.7,48,1011.14,17.58,-0.1569064,-0.0392266,8.8652116,-0.14,0.11375,-0.41125,-73.046875,-33.837890625,238.4765625,bedroom_window_open,run_3,0,2320,0,False,False,False,0,0,0,0,0,0,463.7938693913816,61.0,64.0,39.0,0.0026018933739192,-0.0450994851479334,-0.0043364889565327,-0.167125,0.021525,-0.43155,-1.0849609375,0.1181640625,-31.5712890625,439.8285206574856,14.31819489138002,65.38,1.9616114454925788,66.79333333333334,1.9500358512163531,6.996890270990548,-15.0,16.603921688717605,13.57361853046471,Good,14,0,2025-10-13 14:00:00+00:00,Abnormal
2025-10-13 14:57:09+00:00,462.3944913371835,39,60,63,28.5,48,1011.18,17.25,-0.2353596,0.0784532,8.9436648,-0.105,-0.02625,-0.455,-71.97265625,-33.837890625,264.2578125,bedroom_window_open,run_3,0,2313,0,False,False,False,0,0,0,0,0,0,462.3944913371835,60.0,63.0,39.0,-0.0841278857567219,0.0849951835480284,0.0823932901741087,-0.132125,-0.1184749999999999,-0.4753,-0.0107421875,0.1181640625,-5.7900390625,440.1030653043091,14.353627464749923,65.34,2.0094742041592486,66.76666666666667,1.9743885865826272,-6.996890270990548,-5.0,16.42131978404815,13.425664767140711,Good,14,0,2025-10-13 14:00:00+00:00,Abnormal
2025-10-13 14:57:15+00:00,462.3944913371835,38,59,60,28.4,48,1011.15,17.5,-0.1569064,0.0392266,8.9044382,0.07875,0.20125,0.11375,-71.435546875,-32.763671875,268.017578125,bedroom_window_open,run_3,0,2313,0,False,False,False,0,0,0,0,0,0,462.3944913371835,59.0,60.0,38.0,0.0026018933739192,0.0416302939827077,0.039028400608787,0.051625,0.109025,0.09345,0.5263671875,1.1923828125,-2.0302734375,440.3776099511329,14.383698292793827,65.28666666666666,2.070361854915963,66.71333333333334,2.0475444998209955,0.0,-5.0,16.330014347361733,13.352210341628826,Good,14,0,2025-10-13 14:00:00+00:00,Abnormal
2025-10-13 14:57:20+00:00,463.7938693913816,38,60,62,28.4,48,1011.17,17.33,-0.0784532,-0.0392266,8.825985,-0.035,0.11375,-0.0175,-71.435546875,-33.30078125,265.869140625,bedroom_window_open,run_3,0,2320,0,False,False,False,0,0,0,0,0,0,463.7938693913816,60.0,62.0,38.0,0.0893316725045604,-0.0450994851479334,-0.0477013785218544,-0.062125,0.021525,-0.0378,0.5263671875,0.6552734375,-4.1787109375,440.66148378498445,14.423058790175038,65.25333333333333,2.1147823175351936,66.68,2.0832344495548476,6.996890270990548,5.0,16.330014347361733,13.352210341628826,Good,14,0,2025-10-13 14:00:00+00:00,Abnormal
2025-10-13 14:57:25+00:00,462.3944913371835,39,65,66,28.6,48,1011.1,17.92,-0.1176798,0.0392266,8.9044382,0.14,-0.175,-0.23625,-70.8984375,-33.837890625,278.22265625,bedroom_window_open,run_3,0,2313,0,False,False,False,0,0,0,0,0,0,462.3944913371835,65.0,66.0,39.0,0.0459667829392398,0.0416302939827077,0.039028400608787,0.112875,-0.267225,-0.25655,1.0634765625,0.1181640625,8.1748046875,440.936028431808,14.442302467885106,65.24666666666667,2.113988776191004,66.66666666666667,2.0811285872977714,-6.996890270990548,25.0,16.512622231117838,13.49946704391851,Good,14,0,2025-10-13 14:00:00+00:00,Abnormal
2025-10-13 14:57:31+00:00,462.3944913371835,40,66,68,28.6,48,1011.16,17.42,-0.1569064,0.0,8.9436648,-0.035,0.455,0.0175,-70.8984375,-33.837890625,278.22265625,bedroom_window_open,run_3,0,2313,0,False,False,False,0,0,0,0,0,0,462.3944913371835,66.0,68.0,40.0,0.0026018933739192,-0.0017345955826128,0.0823932901741087,-0.062125,0.362775,-0.0028,1.0634765625,0.1181640625,8.1748046875,441.21057307863174,14.45627251454985,65.24,2.109995387889034,66.66,2.0751970877533883,0.0,5.0,16.512622231117838,13.49946704391851,Good,14,0,2025-10-13 14:00:00+00:00,Abnormal
2025-10-13 14:57:36+00:00,463.7938693913816,39,65,67,28.2,48,1011.18,17.25,-0.1569064,0.0,8.9828914,-0.0175,0.0525,-0.00875,-70.8984375,-34.375,263.18359375,bedroom_window_open,run_3,0,2320,0,False,False,False,0,0,0,0,0,0,463.7938693913816,65.0,67.0,39.0,0.0026018933739192,-0.0017345955826128,0.1257581797394285,-0.044625,-0.0397249999999999,-0.02905,1.0634765625,-0.4189453125,-6.8642578125,441.49444691248334,14.479004679771178,65.22666666666667,2.105112557900886,66.64666666666666,2.0664682014830285,6.996890270990548,-5.0,16.14739450455128,13.206339630510133,Good,14,0,2025-10-13 14:00:00+00:00,Abnormal
2025-10-13 14:57:41+00:00,463.7938693913816,40,66,70,28.1,48,1011.12,17.75,-0.1176798,0.0392266,8.9828914,-0.13125,-0.0525,0.27125,-71.97265625,-33.837890625,265.33203125,bedroom_window_open,run_3,0,2320,0,False,False,False,0,0,0,0,0,0,463.7938693913816,66.0,70.0,40.0,0.0459667829392398,0.0416302939827077,0.1257581797394285,-0.158375,-0.144725,0.25095,-0.0107421875,0.1181640625,-4.7158203125,441.778320746335,14.496105947545896,65.22666666666667,2.105112557900886,66.66,2.0816552525824337,0.0,5.0,16.05608009813354,13.13392064799379,Good,14,0,2025-10-13 14:00:00+00:00,Abnormal
2025-10-13 14:57:47+00:00,463.7938693913816,39,66,68,29.1,48,1011.21,17.0,-0.1176798,0.0392266,8.8652116,-0.23625,0.27125,0.04375,-69.82421875,-32.2265625,266.40625,bedroom_window_open,run_3,0,2320,0,False,False,False,0,0,0,0,0,0,463.7938693913816,66.0,68.0,39.0,0.0459667829392398,0.0416302939827077,-0.0043364889565327,-0.2633749999999999,0.179025,0.0234499999999999,2.1376953125,1.7294921875,-3.6416015625,442.0621945801866,14.507596230659612,65.22,2.1010384137629723,66.66,2.0816552525824337,0.0,0.0,16.969089627353853,13.87374388566549,Good,14,0,2025-10-13 14:00:00+00:00,Abnormal
2025-10-13 14:57:52+00:00,463.7938693913816,39,66,68,29.8,48,1011.16,17.42,-0.1176798,0.0,8.9828914,-0.07875,0.13125,-0.21875,-69.82421875,-32.2265625,266.40625,bedroom_window_open,run_3,0,2320,0,False,False,False,0,0,0,0,0,0,463.7938693913816,66.0,68.0,39.0,0.0459667829392398,-0.0017345955826128,0.1257581797394285,-0.105875,0.039025,-0.23905,2.1376953125,1.7294921875,-3.6416015625,442.34606841403814,14.513488855714746,65.20666666666666,2.08959283361402,66.65333333333334,2.075703702674722,0.0,0.0,17.608018459284978,14.41272530980504,Good,14,0,2025-10-13 14:00:00+00:00,Abnormal
2025-10-13 14:57:57+00:00,463.7938693913816,39,64,67,29.5,48,1011.19,17.17,-0.1176798,0.0,8.8652116,-0.32375,-0.0525,0.0875,-72.509765625,-28.466796875,293.798828125,bedroom_window_open,run_3,0,2320,0,False,False,False,0,0,0,0,0,0,463.7938693913816,64.0,67.0,39.0,0.0459667829392398,-0.0017345955826128,-0.0043364889565327,-0.350875,-0.144725,0.0671999999999999,-0.5478515625,5.4892578125,23.7509765625,442.62061306086184,14.527187599963392,65.18,2.079203512964133,66.63333333333334,2.057615309193243,0.0,-10.0,17.334209746215507,14.179566328812722,Good,14,0,2025-10-13 14:00:00+00:00,Abnormal
2025-10-13 14:58:03+00:00,463.7938693913816,38,63,66,0.0,0,1011.16,17.42,-0.1569064,0.0392266,8.8652116,0.105,0.28875,0.6825000000000001,-74.658203125,-33.30078125,263.720703125,bedroom_window_open,run_3,0,2320,0,False,False,False,0,0,0,0,0,0,463.7938693913816,63.0,66.0,38.0,0.0026018933739192,0.0416302939827077,-0.0043364889565327,0.077875,0.196525,0.6622000000000001,-2.6962890625,0.6552734375,-6.3271484375,442.8951577076854,14.535654064957606,65.14666666666666,2.073762804667548,66.61333333333333,2.049018971899379,0.0,-5.0,-96.07763018544566,0.0,Good,14,0,2025-10-13 14:00:00+00:00,Abnormal
2025-10-13 14:58:08+00:00,465.19324744557974,39,65,68,29.0,47,1011.14,17.58,-0.196133,0.1176798,8.9044382,-0.0175,0.14,0.035,-71.435546875,-33.837890625,264.2578125,bedroom_window_open,run_3,0,2327,0,False,False,False,0,0,0,0,0,0,465.19324744557974,65.0,68.0,39.0,-0.0407629961914013,0.128360073113349,0.039028400608787,-0.044625,0.047775,0.0146999999999999,0.5263671875,0.1181640625,-5.7900390625,443.1790315415371,14.55266259084236,65.11333333333333,2.0350508021516447,66.6,2.0332801548039248,6.996890270990548,10.0,16.545998900896365,13.510719771469,Good,14,0,2025-10-13 14:00:00+00:00,Abnormal
2025-10-13 14:58:13+00:00,463.7938693913816,38,65,68,29.1,47,1011.2,17.08,-0.1569064,0.0,8.825985,-0.14,0.25375,0.175,-70.8984375,-34.912109375,276.07421875,bedroom_window_open,run_3,0,2320,0,False,False,False,0,0,0,0,0,0,463.7938693913816,65.0,68.0,38.0,0.0026018933739192,-0.0017345955826128,-0.0477013785218544,-0.167125,0.1615249999999999,0.1546999999999999,1.0634765625,-0.9560546875,6.0263671875,443.4535761883606,14.550510937497322,65.08666666666667,2.0098304268070133,66.58666666666667,2.0173298408542184,-6.996890270990548,0.0,16.63705351193257,13.584707554714129,Good,14,0,2025-10-13 14:00:00+00:00,Abnormal
2025-10-13 14:58:19+00:00,463.7938693913816,38,64,67,29.5,47,1011.16,17.42,-0.196133,0.0392266,8.9436648,0.06125,0.27125,-0.13125,-70.8984375,-34.912109375,276.07421875,bedroom_window_open,run_3,0,2320,0,False,False,False,0,0,0,0,0,0,463.7938693913816,64.0,67.0,38.0,-0.0407629961914013,0.0416302939827077,0.0823932901741087,0.0341249999999999,0.179025,-0.15155,1.0634765625,-0.9560546875,6.0263671875,443.7281208351843,14.543142278530112,65.06,1.9974144360974384,66.57333333333334,2.0078592782941187,0.0,-5.0,17.00124133056279,13.884158696962457,Good,14,0,2025-10-13 14:00:00+00:00,Abnormal
2025-10-13 14:58:24+00:00,463.7938693913816,38,63,66,29.8,48,1011.16,17.42,-0.2745862,-0.0392266,8.8652116,-0.32375,0.175,-0.16625,-71.435546875,-33.837890625,256.201171875,bedroom_window_open,run_3,0,2320,0,False,False,False,0,0,0,0,0,0,463.7938693913816,63.0,66.0,38.0,-0.1274927753220426,-0.0450994851479334,-0.0043364889565327,-0.350875,0.082775,-0.18655,0.5263671875,0.1181640625,-13.8466796875,444.0026654820079,14.530548677077729,65.01333333333334,1.962694582040622,66.54666666666667,1.988512872774569,0.0,-5.0,17.608018459284978,14.41272530980504,Good,14,0,2025-10-13 14:00:00+00:00,Abnormal
2025-10-13 14:58:29+00:00,463.7938693913816,38,60,64,29.5,48,1011.13,17.67,-0.2353596,-0.0392266,8.7867584,-0.07875,0.28,0.14875,-72.509765625,-34.375,271.240234375,bedroom_window_open,run_3,0,2320,0,False,False,False,0,0,0,0,0,0,463.7938693913816,60.0,64.0,38.0,-0.0841278857567219,-0.0450994851479334,-0.0910662680871742,-0.105875,0.187775,0.1284499999999999,-0.5478515625,-0.4189453125,1.1923828125,444.2692136828077,14.524394407993926,64.95333333333333,1.9775134093392592,66.51333333333334,1.9890190718062415,0.0,-15.0,17.334209746215507,14.179566328812722,Good,14,0,2025-10-13 14:00:00+00:00,Abnormal
2025-10-13 14:58:35+00:00,463.7938693913816,38,59,63,29.0,48,1011.1,17.92,-0.1569064,0.0,8.9044382,-0.00875,-0.09625,0.455,-72.509765625,-32.763671875,269.62890625,bedroom_window_open,run_3,0,2320,0,False,False,False,0,0,0,0,0,0,463.7938693913816,59.0,63.0,38.0,0.0026018933739192,-0.0017345955826128,0.039028400608787,-0.035875,-0.188475,0.4347,-0.5478515625,1.1923828125,-0.4189453125,444.54375832963126,14.501475377955709,64.89333333333333,2.02052111912779,66.47333333333333,1.998981843747743,0.0,-5.0,16.87780212616561,13.798181894266213,Good,14,0,2025-10-13 14:00:00+00:00,Abnormal
2025-10-13 14:58:40+00:00,465.19324744557974,39,61,64,29.8,48,1011.18,17.25,-0.1569064,0.0392266,8.8652116,0.44625,-0.0875,0.11375,-70.361328125,-33.30078125,272.8515625,bedroom_window_open,run_3,0,2327,0,False,False,False,0,0,0,0,0,0,465.19324744557974,61.0,64.0,39.0,0.0026018933739192,0.0416302939827077,-0.0043364889565327,0.4191249999999999,-0.1797249999999999,0.09345,1.6005859375,0.6552734375,2.8037109375,444.82763216348286,14.486036951482824,64.84666666666666,2.02910588523925,66.44,1.9982542716651963,6.996890270990548,10.0,17.608018459284978,14.41272530980504,Good,14,0,2025-10-13 14:00:00+00:00,Abnormal
2025-10-13 14:58:45+00:00,465.19324744557974,38,61,64,29.3,47,1011.23,16.83,-0.1569064,0.0,8.9436648,-0.21,-0.1225,-0.455,-70.361328125,-33.30078125,272.8515625,bedroom_window_open,run_3,0,2327,0,False,False,False,0,0,0,0,0,0,465.19324744557974,61.0,64.0,38.0,0.0026018933739192,-0.0017345955826128,0.0823932901741087,-0.237125,-0.214725,-0.4753,1.6005859375,0.6552734375,2.8037109375,445.10350955131054,14.477155064624387,64.81333333333333,2.050983285762954,66.42,2.0076029982687653,0.0,0.0,16.819153546041566,13.733730410001636,Good,14,0,2025-10-13 14:00:00+00:00,Abnormal
2025-10-13 14:58:51+00:00,465.19324744557974,38,63,64,29.3,47,1011.15,17.5,-0.196133,-0.0392266,8.9436648,-0.30625,0.09625,-0.315,-70.361328125,-33.837890625,263.720703125,bedroom_window_open,run_3,0,2327,0,False,False,False,0,0,0,0,0,0,465.19324744557974,63.0,64.0,38.0,-0.0407629961914013,-0.0450994851479334,0.0823932901741087,-0.333375,0.004025,-0.3353,1.6005859375,0.1181640625,-6.3271484375,445.37938693913816,14.462971088819891,64.8,2.056255801077129,66.40666666666667,2.0170303996493555,0.0,10.0,16.819153546041566,13.733730410001636,Good,14,0,2025-10-13 14:00:00+00:00,Abnormal
2025-10-13 14:58:56+00:00,465.19324744557974,37,63,64,29.3,47,1011.22,16.91,-0.1569064,0.0784532,8.9436648,-0.1225,0.18375,0.2975,-71.97265625,-34.375,267.48046875,bedroom_window_open,run_3,0,2327,0,False,False,False,0,0,0,0,0,0,465.19324744557974,63.0,64.0,37.0,0.0026018933739192,0.0849951835480284,0.0823932901741087,-0.149625,0.091525,0.2772,-0.0107421875,-0.4189453125,-2.5673828125,445.65526432696583,14.443469403585391,64.78666666666666,2.0614280144145787,66.39333333333333,2.02632562184045,0.0,0.0,16.819153546041566,13.733730410001636,Good,14,0,2025-10-13 14:00:00+00:00,Abnormal
2025-10-13 14:59:02+00:00,465.19324744557974,38,64,66,29.6,47,1011.23,16.83,-0.196133,0.0784532,8.8652116,-0.07,0.27125,0.3325,-71.435546875,-34.375,262.646484375,bedroom_window_open,run_3,0,2327,0,False,False,False,0,0,0,0,0,0,465.19324744557974,64.0,66.0,38.0,-0.0407629961914013,0.0849951835480284,-0.0043364889565327,-0.097125,0.179025,0.3122,0.5263671875,-0.4189453125,-7.4013671875,445.93114171479345,14.418628431788568,64.76,2.045390955556928,66.36666666666666,2.004748278451755,0.0,5.0,17.092280629614223,13.959903284792873,Good,14,0,2025-10-13 14:00:00+00:00,Abnormal
2025-10-13 14:59:07+00:00,465.19324744557974,40,65,67,29.3,47,1011.16,17.42,-0.1569064,0.0392266,8.7867584,0.1225,0.13125,0.02625,-71.435546875,-34.375,262.646484375,bedroom_window_open,run_3,0,2327,0,False,False,False,0,0,0,0,0,0,465.19324744557974,65.0,67.0,40.0,0.0026018933739192,0.0416302939827077,-0.0910662680871742,0.0953749999999999,0.039025,0.0059499999999999,0.5263671875,-0.4189453125,-7.4013671875,446.207019102621,14.388420519329518,64.74666666666667,2.037193314232312,66.35333333333334,1.993737398535146,0.0,5.0,16.819153546041566,13.733730410001636,Good,14,0,2025-10-13 14:00:00+00:00,Abnormal
2025-10-13 14:59:12+00:00,465.19324744557974,38,64,65,29.5,47,1011.14,17.58,-0.1569064,0.0,8.9436648,-0.28875,0.0875,0.14875,-69.82421875,-31.689453125,254.58984375,bedroom_window_open,run_3,0,2327,0,False,False,False,0,0,0,0,0,0,465.19324744557974,64.0,65.0,38.0,0.0026018933739192,-0.0017345955826128,0.0823932901741087,-0.315875,-0.0047249999999999,0.1284499999999999,2.1376953125,2.2666015625,-15.4580078125,446.4828964904487,14.352811779353573,64.73333333333333,2.035479484981615,66.34,1.9960699642080288,0.0,-5.0,17.00124133056279,13.884158696962457,Good,14,0,2025-10-13 14:00:00+00:00,Abnormal
2025-10-13 14:59:18+00:00,465.19324744557974,38,63,64,29.1,47,1011.2,17.08,-0.1176798,0.0,8.9436648,0.07875,-0.04375,0.27125,-69.82421875,-32.763671875,259.9609375,bedroom_window_open,run_3,0,2327,0,False,False,False,0,0,0,0,0,0,465.19324744557974,63.0,64.0,38.0,0.0459667829392398,-0.0017345955826128,0.0823932901741087,0.051625,-0.1359749999999999,0.25095,2.1376953125,1.1923828125,-10.0869140625,446.7587738782763,14.31176189892235,64.70666666666666,2.031783250431512,66.31333333333333,2.000458560405985,0.0,-5.0,16.63705351193257,13.584707554714129,Good,14,0,2025-10-13 14:00:00+00:00,Abnormal
2025-10-13 14:59:23+00:00,465.19324744557974,39,64,65,29.8,47,1011.17,17.33,-0.1569064,0.0392266,8.9044382,-0.21875,0.21,-0.25375,-70.8984375,-33.837890625,261.03515625,bedroom_window_open,run_3,0,2327,0,False,False,False,0,0,0,0,0,0,465.19324744557974,64.0,65.0,39.0,0.0026018933739192,0.0416302939827077,0.039028400608787,-0.245875,0.117775,-0.2740499999999999,1.0634765625,0.1181640625,-9.0126953125,447.02665482008007,14.277982652324326,64.68666666666667,2.023806854283642,66.28666666666666,1.9910425809821688,0.0,5.0,17.27435004207118,14.1124601991841,Good,14,0,2025-10-13 14:00:00+00:00,Abnormal
2025-10-13 14:59:28+00:00,465.19324744557974,38,63,65,29.4,47,1011.21,17.0,-0.196133,0.0392266,8.9436648,0.02625,0.2275,0.2975,-69.82421875,-33.837890625,258.349609375,bedroom_window_open,run_3,0,2327,0,False,False,False,0,0,0,0,0,0,465.19324744557974,63.0,65.0,38.0,-0.0407629961914013,0.0416302939827077,0.0823932901741087,-0.000875,0.135275,0.2772,2.1376953125,0.1181640625,-11.6982421875,447.2945357618836,14.239050704544624,64.66,2.019468997919331,66.26,1.981220557971494,0.0,-5.0,16.9101989694234,13.808768194029389,Good,14,0,2025-10-13 14:00:00+00:00,Abnormal
2025-10-13 14:59:34+00:00,465.19324744557974,37,62,64,29.5,47,1011.12,17.75,-0.196133,0.0,8.8652116,0.105,-0.02625,0.20125,-69.82421875,-33.837890625,258.349609375,bedroom_window_open,run_3,0,2327,0,False,False,False,0,0,0,0,0,0,465.19324744557974,62.0,64.0,37.0,-0.0407629961914013,-0.0017345955826128,-0.0043364889565327,0.077875,-0.1184749999999999,0.18095,2.1376953125,0.1181640625,-11.6982421875,447.5624167036872,14.194923659217068,64.63333333333334,2.02804718670428,66.23333333333333,1.9845600890886623,0.0,-5.0,17.00124133056279,13.884158696962457,Good,14,0,2025-10-13 14:00:00+00:00,Abnormal
2025-10-13 14:59:39+00:00,465.19324744557974,38,63,65,29.2,47,1011.2,17.08,-0.1569064,-0.0392266,8.9828914,-0.1925,0.0175,-2.0125,-71.97265625,-33.837890625,262.109375,bedroom_window_open,run_3,0,2327,0,False,False,False,0,0,0,0,0,0,465.19324744557974,63.0,65.0,38.0,0.0026018933739192,-0.0450994851479334,0.1257581797394285,-0.219625,-0.0747249999999999,-2.0328000000000004,-0.0107421875,0.1181640625,-7.9384765625,447.8302976454909,14.14555289811245,64.62666666666667,2.0317832504315128,66.22,1.9860925855531713,0.0,5.0,16.72810506026279,13.659043982892642,Good,14,0,2025-10-13 14:00:00+00:00,Abnormal
2025-10-13 14:59:44+00:00,465.19324744557974,38,64,65,29.9,47,1011.16,17.42,-0.196133,0.0,8.8652116,-0.35875,-0.16625,-0.27125,-72.509765625,-32.763671875,259.423828125,bedroom_window_open,run_3,0,2327,0,False,False,False,0,0,0,0,0,0,465.19324744557974,64.0,65.0,38.0,-0.0407629961914013,-0.0017345955826128,-0.0043364889565327,-0.385875,-0.258475,-0.29155,-0.5478515625,1.1923828125,-10.6240234375,448.0981785872945,14.090883303522318,64.62666666666667,2.0317832504315128,66.20666666666666,1.9875338557469937,0.0,5.0,17.36538015578562,14.18927527782061,Good,14,0,2025-10-13 14:00:00+00:00,Abnormal
2025-10-13 14:59:50+00:00,465.19324744557974,40,65,66,29.0,47,1011.2,17.08,-0.2353596,0.0,8.7475318,0.105,0.245,0.23625,-70.361328125,-33.30078125,258.349609375,bedroom_window_open,run_3,0,2327,0,False,False,False,0,0,0,0,0,0,465.19324744557974,65.0,66.0,40.0,-0.0841278857567219,-0.0017345955826128,-0.134431157652494,0.077875,0.152775,0.2159499999999999,1.6005859375,0.6552734375,-11.6982421875,448.36605952909815,14.030852936709154,64.62666666666667,2.0317832504315128,66.19333333333333,1.9821236887927547,0.0,5.0,16.545998900896365,13.510719771469,Good,14,0,2025-10-13 14:00:00+00:00,Abnormal
2025-10-13 14:59:55+00:00,465.19324744557974,38,62,63,29.9,47,1011.17,17.33,-0.196133,0.0392266,8.5906254,-0.0175,0.42,0.27125,-70.361328125,-31.15234375,287.890625,bedroom_window_open,run_3,0,2327,0,False,False,False,0,0,0,0,0,0,465.19324744557974,62.0,63.0,38.0,-0.0407629961914013,0.0416302939827077,-0.307890715913777,-0.044625,0.327775,0.25095,1.6005859375,2.8037109375,17.8427734375,448.63394047090185,13.96539266786026,64.6,2.0398710315859727,66.16666666666667,1.9980415467080217,0.0,-15.0,17.36538015578562,14.18927527782061,Good,14,0,2025-10-13 14:00:00+00:00,Abnormal
2025-10-13 15:00:00+00:00,465.19324744557974,38,60,62,29.9,47,1011.19,17.17,-0.1176798,0.0,8.8652116,-0.3325,0.1575,-0.00875,-70.361328125,-31.15234375,287.890625,bedroom_window_open,run_3,0,2327,0,False,False,False,0,0,0,0,0,0,465.19324744557974,60.0,62.0,38.0,0.0459667829392398,-0.0017345955826128,-0.0043364889565327,-0.359625,0.065275,-0.02905,1.6005859375,2.8037109375,17.8427734375,448.9018214127055,13.894425752127354,64.55333333333333,2.0645186210023856,66.12666666666667,2.0210193011596833,0.0,-10.0,17.36538015578562,14.18927527782061,Good,15,0,2025-10-13 15:00:00+00:00,Abnormal
2025-10-13 15:00:06+00:00,466.59262549977785,39,61,63,29.6,47,1011.15,17.5,-0.1176798,0.0392266,8.9828914,-0.39375,0.06125,-0.25375,-70.361328125,-33.30078125,258.349609375,bedroom_window_open,run_3,0,2334,0,False,False,False,0,0,0,0,0,0,466.59262549977785,61.0,63.0,39.0,0.0459667829392398,0.0416302939827077,0.1257581797394285,-0.420875,-0.0309749999999999,-0.2740499999999999,1.6005859375,0.6552734375,-11.6982421875,449.1697023545091,13.84515161214401,64.50666666666666,2.0652011835198776,66.08666666666667,2.0231434995290916,6.996890270990548,5.0,17.092280629614223,13.959903284792873,Good,15,0,2025-10-13 15:00:00+00:00,Abnormal
2025-10-13 15:00:11+00:00,466.59262549977785,38,60,62,29.9,47,1011.17,17.33,-0.1176798,0.0,8.7475318,-0.02625,-0.18375,0.00875,-70.8984375,-33.837890625,263.720703125,bedroom_window_open,run_3,0,2334,0,False,False,False,0,0,0,0,0,0,466.59262549977785,60.0,62.0,38.0,0.0459667829392398,-0.0017345955826128,-0.134431157652494,-0.053375,-0.2759749999999999,-0.01155,1.0634765625,0.1181640625,-6.3271484375,449.43758329631265,13.790463941543711,64.46,2.0874505178398364,66.04,2.036182768922376,0.0,-5.0,17.36538015578562,14.18927527782061,Good,15,0,2025-10-13 15:00:00+00:00,Abnormal
2025-10-13 15:00:16+00:00,466.59262549977785,38,62,63,29.7,47,1011.22,16.91,-0.1569064,0.0784532,8.7475318,-0.2625,0.11375,-0.0875,-70.361328125,-32.763671875,264.794921875,bedroom_window_open,run_3,0,2334,0,False,False,False,0,0,0,0,0,0,466.59262549977785,62.0,63.0,38.0,0.0026018933739192,0.0849951835480284,-0.134431157652494,-0.289625,0.021525,-0.1078,1.6005859375,1.1923828125,-5.2529296875,449.7054642381164,13.730298054327523,64.43333333333334,2.093186988144652,66.00666666666666,2.044789307229962,0.0,10.0,17.183316866732202,14.036003327525297,Good,15,0,2025-10-13 15:00:00+00:00,Abnormal
2025-10-13 15:00:22+00:00,466.59262549977785,38,60,62,29.8,47,1011.14,17.58,-0.1569064,0.0,9.0613446,0.04375,0.11375,0.14875,-70.8984375,-34.375,270.703125,bedroom_window_open,run_3,0,2334,0,False,False,False,0,0,0,0,0,0,466.59262549977785,60.0,62.0,38.0,0.0026018933739192,-0.0017345955826128,0.2124879588700699,0.0166249999999999,0.021525,0.1284499999999999,1.0634765625,-0.4189453125,0.6552734375,449.9733451799201,13.664581588040392,64.4,2.123691859497096,65.97333333333333,2.0690972212445673,0.0,-10.0,17.27435004207118,14.1124601991841,Good,15,0,2025-10-13 15:00:00+00:00,Abnormal
2025-10-13 15:00:27+00:00,466.59262549977785,39,60,61,29.0,47,1011.2,17.08,-0.1176798,0.0392266,8.9044382,-0.14875,0.09625,-0.11375,-70.8984375,-34.375,270.703125,bedroom_window_open,run_3,0,2334,0,False,False,False,0,0,0,0,0,0,466.59262549977785,60.0,61.0,39.0,0.0459667829392398,0.0416302939827077,0.039028400608787,-0.175875,0.004025,-0.13405,1.0634765625,-0.4189453125,0.6552734375,450.2412261217237,13.59323404012614,64.37333333333333,2.1536504569748587,65.94,2.1085635557071547,0.0,0.0,16.545998900896365,13.510719771469,Good,15,0,2025-10-13 15:00:00+00:00,Abnormal
2025-10-13 15:00:32+00:00,466.59262549977785,38,60,60,29.1,47,1011.18,17.25,-0.2745862,0.0392266,8.8652116,-0.28,-0.0525,-0.23625,-69.82421875,-32.763671875,265.33203125,bedroom_window_open,run_3,0,2334,0,False,False,False,0,0,0,0,0,0,466.59262549977785,60.0,60.0,38.0,-0.1274927753220426,0.0416302939827077,-0.0043364889565327,-0.307125,-0.144725,-0.25655,2.1376953125,1.1923828125,-4.7158203125,450.5091070635273,13.516166236805653,64.34,2.1823883229037375,65.89333333333333,2.161737638957796,0.0,0.0,16.63705351193257,13.584707554714129,Good,15,0,2025-10-13 15:00:00+00:00,Abnormal
2025-10-13 15:00:38+00:00,466.59262549977785,40,63,63,29.1,47,1011.19,17.17,-0.196133,0.0,8.9044382,-0.06125,0.02625,-0.385,-69.82421875,-32.763671875,268.5546875,bedroom_window_open,run_3,0,2334,0,False,False,False,0,0,0,0,0,0,466.59262549977785,63.0,63.0,40.0,-0.0407629961914013,-0.0017345955826128,0.039028400608787,-0.088375,-0.0659749999999999,-0.4053,2.1376953125,1.1923828125,-1.4931640625,450.7689915593069,13.44751241727016,64.32666666666667,2.184437533510145,65.86666666666666,2.172638474720191,0.0,15.0,16.63705351193257,13.584707554714129,Good,15,0,2025-10-13 15:00:00+00:00,Abnormal
2025-10-13 15:00:43+00:00,466.59262549977785,38,62,62,29.8,47,1011.24,16.75,-0.1569064,0.0392266,8.7475318,-0.06125,0.11375,0.13125,-72.509765625,-32.763671875,262.646484375,bedroom_window_open,run_3,0,2334,0,False,False,False,0,0,0,0,0,0,466.59262549977785,62.0,62.0,38.0,0.0026018933739192,0.0416302939827077,-0.134431157652494,-0.088375,0.021525,0.11095,-0.5478515625,1.1923828125,-7.4013671875,451.02887605508664,13.37342305490582,64.30666666666667,2.1919519255330755,65.84,2.1954192701650648,0.0,-5.0,17.27435004207118,14.1124601991841,Good,15,0,2025-10-13 15:00:00+00:00,Abnormal
2025-10-13 15:00:48+00:00,466.59262549977785,39,64,64,29.2,47,1011.25,16.66,-0.1176798,0.0,8.8652116,0.0,0.07,-0.07,-72.509765625,-32.763671875,262.646484375,bedroom_window_open,run_3,0,2334,0,False,False,False,0,0,0,0,0,0,466.59262549977785,64.0,64.0,39.0,0.0459667829392398,-0.0017345955826128,-0.0043364889565327,-0.027125,-0.0222249999999999,-0.0903,-0.5478515625,1.1923828125,-7.4013671875,451.2887605508664,13.293807269534152,64.31333333333333,2.1894704292651865,65.84,2.1954192701650648,0.0,10.0,16.72810506026279,13.659043982892642,Good,15,0,2025-10-13 15:00:00+00:00,Abnormal
2025-10-13 15:00:54+00:00,466.59262549977785,37,64,64,29.5,47,1011.18,17.25,-0.1569064,-0.0392266,8.8652116,-0.1225,0.07875,-0.1575,-72.509765625,-32.2265625,258.88671875,bedroom_window_open,run_3,0,2334,0,False,False,False,0,0,0,0,0,0,466.59262549977785,64.0,64.0,37.0,0.0026018933739192,-0.0450994851479334,-0.0043364889565327,-0.149625,-0.0134749999999999,-0.1778,-0.5478515625,1.7294921875,-11.1611328125,451.5486450466459,13.208565128534325,64.31333333333333,2.1894704292651865,65.83333333333333,2.1995016722576066,0.0,0.0,17.00124133056279,13.884158696962457,Good,15,0,2025-10-13 15:00:00+00:00,Abnormal
2025-10-13 15:00:59+00:00,467.992003553976,38,65,65,29.9,47,1011.23,16.83,-0.1569064,0.0,8.9436648,-0.28,0.21,0.2975,-69.82421875,-33.30078125,267.48046875,bedroom_window_open,run_3,0,2341,0,False,False,False,0,0,0,0,0,0,467.992003553976,65.0,65.0,38.0,0.0026018933739192,-0.0017345955826128,0.0823932901741087,-0.307125,0.117775,0.2772,2.1376953125,0.6552734375,-2.5673828125,451.8178587294536,13.128664855445487,64.32666666666667,2.1875077500662328,65.83333333333333,2.1995016722576066,6.996890270990548,5.0,17.36538015578562,14.18927527782061,Good,15,0,2025-10-13 15:00:00+00:00,Abnormal
2025-10-13 15:01:04+00:00,466.59262549977785,38,65,66,29.5,47,1011.25,16.66,-0.1176798,0.0,8.9436648,-0.245,0.00875,0.105,-69.82421875,-34.375,268.5546875,bedroom_window_open,run_3,0,2334,0,False,False,False,0,0,0,0,0,0,466.59262549977785,65.0,66.0,38.0,0.0459667829392398,-0.0017345955826128,0.0823932901741087,-0.272125,-0.083475,0.0847,2.1376953125,-0.4189453125,-1.4931640625,452.0777432252332,13.031725419079375,64.33333333333333,2.188029258441135,65.83333333333333,2.1995016722576066,-6.996890270990548,0.0,17.00124133056279,13.884158696962457,Good,15,0,2025-10-13 15:00:00+00:00,Abnormal
2025-10-13 15:01:10+00:00,466.59262549977785,39,67,68,29.9,47,1011.18,17.25,-0.1569064,0.0,8.8652116,-0.2625,0.0175,0.04375,-71.97265625,-30.615234375,303.466796875,bedroom_window_open,run_3,0,2334,0,False,False,False,0,0,0,0,0,0,466.59262549977785,67.0,68.0,39.0,0.0026018933739192,-0.0017345955826128,-0.0043364889565327,-0.289625,-0.0747249999999999,0.0234499999999999,-0.0107421875,3.3408203125,33.4189453125,452.3376277210129,12.928801469244192,64.35333333333334,2.1986471333532616,65.84666666666666,2.2065694065361554,0.0,10.0,17.36538015578562,14.18927527782061,Good,15,0,2025-10-13 15:00:00+00:00,Abnormal
2025-10-13 15:01:15+00:00,466.59262549977785,38,64,66,29.7,47,1011.16,17.42,-0.0784532,0.0,8.8652116,-0.0175,0.245,0.11375,-71.97265625,-30.615234375,303.466796875,bedroom_window_open,run_3,0,2334,0,False,False,False,0,0,0,0,0,0,466.59262549977785,64.0,66.0,38.0,0.0893316725045604,-0.0017345955826128,-0.0043364889565327,-0.044625,0.152775,0.09345,-0.0107421875,3.3408203125,33.4189453125,452.58818302976465,12.83752651383232,64.34,2.194654885651585,65.83333333333333,2.1995016722576066,0.0,-15.0,17.183316866732202,14.036003327525297,Good,15,0,2025-10-13 15:00:00+00:00,Abnormal
2025-10-13 15:01:20+00:00,466.59262549977785,38,63,65,29.6,47,1011.27,16.5,-0.1176798,0.0392266,8.9436648,-0.2275,0.00875,-0.00875,-70.8984375,-32.763671875,261.03515625,bedroom_window_open,run_3,0,2334,0,False,False,False,0,0,0,0,0,0,466.59262549977785,63.0,65.0,38.0,0.0459667829392398,0.0416302939827077,0.0823932901741087,-0.254625,-0.083475,-0.02905,1.0634765625,1.1923828125,-9.0126953125,452.8387383385163,12.74063844447599,64.31333333333333,2.1864029687673616,65.8,2.173667917315137,0.0,-5.0,17.092280629614223,13.959903284792873,Good,15,0,2025-10-13 15:00:00+00:00,Abnormal
2025-10-13 15:01:26+00:00,466.59262549977785,37,62,64,29.2,47,1011.23,16.83,-0.196133,-0.0392266,8.8652116,0.09625,-0.30625,-0.07,-71.97265625,-32.763671875,266.943359375,bedroom_window_open,run_3,0,2334,0,False,False,False,0,0,0,0,0,0,466.59262549977785,62.0,64.0,37.0,-0.0407629961914013,-0.0450994851479334,-0.0043364889565327,0.0691249999999999,-0.398475,-0.0903,-0.0107421875,1.1923828125,-3.1044921875,453.08929364726794,12.63800816464628,64.28,2.1832799658761712,65.76666666666667,2.162575728329682,0.0,-5.0,16.72810506026279,13.659043982892642,Good,15,0,2025-10-13 15:00:00+00:00,Abnormal
2025-10-13 15:01:31+00:00,467.992003553976,38,64,65,29.5,47,1011.22,16.91,-0.196133,-0.0392266,8.8652116,-0.02625,0.105,0.09625,-70.361328125,-31.689453125,266.943359375,bedroom_window_open,run_3,0,2341,0,False,False,False,0,0,0,0,0,0,467.992003553976,64.0,65.0,38.0,-0.0407629961914013,-0.0450994851479334,-0.0043364889565327,-0.053375,0.012775,0.0759499999999999,1.6005859375,2.2666015625,-3.1044921875,453.34917814304754,12.539945138273469,64.26666666666667,2.1788078344403456,65.75333333333333,2.161085566964094,6.996890270990548,10.0,17.00124133056279,13.884158696962457,Good,15,0,2025-10-13 15:00:00+00:00,Abnormal
2025-10-13 15:01:36+00:00,466.59262549977785,37,64,66,29.0,47,1011.16,17.42,-0.1569064,0.0392266,8.8652116,-0.09625,0.175,0.07,-70.8984375,-32.2265625,276.07421875,bedroom_window_open,run_3,0,2334,0,False,False,False,0,0,0,0,0,0,466.59262549977785,64.0,66.0,37.0,0.0026018933739192,0.0416302939827077,-0.0043364889565327,-0.123375,0.082775,0.0497,1.0634765625,1.7294921875,6.0263671875,453.5997334517992,12.42530092078647,64.25333333333333,2.174244192266947,65.74666666666667,2.1587551305431933,-6.996890270990548,0.0,16.545998900896365,13.510719771469,Good,15,0,2025-10-13 15:00:00+00:00,Abnormal
2025-10-13 15:01:42+00:00,466.59262549977785,38,66,69,29.8,47,1011.2,17.08,-0.196133,0.0392266,8.8652116,-0.105,-0.09625,0.25375,-70.8984375,-32.2265625,276.07421875,bedroom_window_open,run_3,0,2334,0,False,False,False,0,0,0,0,0,0,466.59262549977785,66.0,69.0,38.0,-0.0407629961914013,0.0416302939827077,-0.0043364889565327,-0.132125,-0.188475,0.2334499999999999,1.0634765625,1.7294921875,6.0263671875,453.8502887605509,12.30445379895347,64.26666666666667,2.1788078344403456,65.77333333333333,2.1741207176361237,0.0,10.0,17.27435004207118,14.1124601991841,Good,15,0,2025-10-13 15:00:00+00:00,Abnormal
2025-10-13 15:01:47+00:00,466.59262549977785,38,66,68,0.0,0,1011.19,17.17,-0.1569064,0.0392266,8.825985,0.21,0.16625,-0.34125,-71.97265625,-33.30078125,262.646484375,bedroom_window_open,run_3,0,2334,0,False,False,False,0,0,0,0,0,0,466.59262549977785,66.0,68.0,38.0,0.0026018933739192,0.0416302939827077,-0.0477013785218544,0.1828749999999999,0.074025,-0.36155,-0.0107421875,0.6552734375,-7.4013671875,454.0928476232786,12.193396733155542,64.28,2.1832799658761712,65.79333333333334,2.1807475679815163,0.0,0.0,-96.07763018544566,0.0,Good,15,0,2025-10-13 15:00:00+00:00,Abnormal
2025-10-13 15:01:52+00:00,466.59262549977785,38,63,66,29.9,47,1011.25,16.66,-0.1569064,0.0392266,8.7867584,-0.28,0.14,0.0875,-71.435546875,-32.763671875,262.646484375,bedroom_window_open,run_3,0,2334,0,False,False,False,0,0,0,0,0,0,466.59262549977785,63.0,66.0,38.0,0.0026018933739192,0.0416302939827077,-0.0910662680871742,-0.307125,0.047775,0.0671999999999999,0.5263671875,1.1923828125,-7.4013671875,454.3354064860062,12.076415244641767,64.27333333333333,2.185666137662536,65.79333333333334,2.1807475679815163,0.0,-15.0,17.36538015578562,14.18927527782061,Good,15,0,2025-10-13 15:00:00+00:00,Abnormal
2025-10-13 15:01:58+00:00,466.59262549977785,40,65,66,29.6,47,1011.18,17.25,-0.1569064,0.0784532,8.9044382,-0.00875,0.20125,0.175,-70.8984375,-33.837890625,267.48046875,bedroom_window_open,run_3,0,2334,0,False,False,False,0,0,0,0,0,0,466.59262549977785,65.0,66.0,40.0,0.0026018933739192,0.0849951835480284,0.039028400608787,-0.035875,0.109025,0.1546999999999999,1.0634765625,0.1181640625,-2.5673828125,454.5779653487339,11.953335396333696,64.27333333333333,2.185666137662536,65.78666666666666,2.1785613954890084,0.0,10.0,17.092280629614223,13.959903284792873,Good,15,0,2025-10-13 15:00:00+00:00,Abnormal
2025-10-13 15:02:03+00:00,469.3913816081741,40,63,64,29.1,47,1011.17,17.33,-0.196133,0.0,8.9436648,-0.1575,0.0175,0.21,-70.361328125,-31.689453125,298.6328125,bedroom_window_open,run_3,0,2348,0,False,False,False,0,0,0,0,0,0,469.3913816081741,63.0,64.0,40.0,-0.0407629961914013,-0.0017345955826128,0.0823932901741087,-0.184625,-0.0747249999999999,0.1896999999999999,1.6005859375,2.2666015625,28.5849609375,454.8391825855175,11.844857735600494,64.24666666666667,2.1765580446430803,65.76,2.1757664699005845,13.993780541981096,-10.0,16.63705351193257,13.584707554714129,Good,15,0,2025-10-13 15:00:00+00:00,Abnormal
2025-10-13 15:02:08+00:00,467.992003553976,39,62,63,0.0,0,1011.25,16.66,-0.196133,0.0784532,8.9436648,0.07,0.09625,0.175,-70.361328125,-31.689453125,298.6328125,bedroom_window_open,run_3,0,2341,0,False,False,False,0,0,0,0,0,0,467.992003553976,62.0,63.0,39.0,-0.0407629961914013,0.0849951835480284,0.0823932901741087,0.042875,0.004025,0.1546999999999999,1.6005859375,2.2666015625,28.5849609375,455.0910706352732,11.718631177313238,64.21333333333334,2.1723913359087454,65.72666666666667,2.1795161912086174,-6.996890270990548,-5.0,-96.07763018544566,0.0,Good,15,0,2025-10-13 15:00:00+00:00,Abnormal
2025-10-13 15:02:14+00:00,467.992003553976,39,60,62,29.1,47,1011.23,16.83,-0.1569064,0.0,8.8652116,-0.1225,0.2625,0.2625,-70.361328125,-33.30078125,265.33203125,bedroom_window_open,run_3,0,2341,0,False,False,False,0,0,0,0,0,0,467.992003553976,60.0,62.0,39.0,0.0026018933739192,-0.0017345955826128,-0.0043364889565327,-0.149625,0.170275,0.2422,1.6005859375,0.6552734375,-4.7158203125,455.3429586850289,11.585518190329823,64.16666666666667,2.1872622913351036,65.68666666666667,2.192533598241625,0.0,-10.0,16.63705351193257,13.584707554714129,Good,15,0,2025-10-13 15:00:00+00:00,Abnormal
2025-10-13 15:02:19+00:00,467.992003553976,40,61,63,29.8,47,1011.19,17.17,-0.1569064,0.0,8.9436648,-0.32375,0.14875,0.0875,-69.287109375,-33.30078125,265.33203125,bedroom_window_open,run_3,0,2341,0,False,False,False,0,0,0,0,0,0,467.992003553976,61.0,63.0,40.0,0.0026018933739192,-0.0017345955826128,0.0823932901741087,-0.350875,0.056525,0.0671999999999999,2.6748046875,0.6552734375,-4.7158203125,455.5855175477565,11.465513990145352,64.12666666666667,2.1899608242234385,65.64666666666666,2.1864029687673026,0.0,5.0,17.27435004207118,14.1124601991841,Good,15,0,2025-10-13 15:00:00+00:00,Abnormal
2025-10-13 15:02:24+00:00,467.992003553976,39,60,62,29.2,47,1011.23,16.83,-0.0784532,0.0,8.7475318,-0.14875,0.1575,-0.00875,-72.509765625,-33.837890625,265.869140625,bedroom_window_open,run_3,0,2341,0,False,False,False,0,0,0,0,0,0,467.992003553976,60.0,62.0,39.0,0.0893316725045604,-0.0017345955826128,-0.134431157652494,-0.175875,0.065275,-0.02905,-0.5478515625,0.1181640625,-4.1787109375,455.8280764104842,11.339018081179448,64.07333333333334,2.1924111536541138,65.6,2.1890514632426656,0.0,-5.0,16.72810506026279,13.659043982892642,Good,15,0,2025-10-13 15:00:00+00:00,Abnormal
2025-10-13 15:02:30+00:00,467.992003553976,39,62,63,29.7,47,1011.19,17.17,-0.2353596,0.0,8.8652116,0.1225,-0.1225,-0.41125,-68.75,-33.30078125,285.7421875,bedroom_window_open,run_3,0,2341,0,False,False,False,0,0,0,0,0,0,467.992003553976,62.0,63.0,39.0,-0.0841278857567219,-0.0017345955826128,-0.0043364889565327,0.0953749999999999,-0.214725,-0.43155,3.2119140625,0.6552734375,15.6943359375,456.0706352732119,11.20581062216162,64.04,2.1856149596116308,65.56,2.181311716690017,0.0,10.0,17.183316866732202,14.036003327525297,Good,15,0,2025-10-13 15:00:00+00:00,Abnormal
2025-10-13 15:02:35+00:00,469.3913816081741,39,60,62,29.7,47,1011.12,17.75,-0.1569064,0.0392266,8.9044382,-0.32375,-0.06125,-0.28,-68.75,-33.30078125,285.7421875,bedroom_window_open,run_3,0,2348,0,False,False,False,0,0,0,0,0,0,469.3913816081741,60.0,62.0,39.0,0.0026018933739192,0.0416302939827077,0.039028400608787,-0.350875,-0.1534749999999999,-0.3003,3.2119140625,0.6552734375,15.6943359375,456.3225233229676,11.076146357955228,64.0,2.204327653205137,65.52,2.191257798218881,6.996890270990548,-10.0,17.183316866732202,14.036003327525297,Good,15,0,2025-10-13 15:00:00+00:00,Abnormal
2025-10-13 15:02:40+00:00,467.992003553976,40,60,64,29.0,47,1011.19,17.17,-0.196133,0.0392266,8.9044382,-0.21875,-0.0175,-0.25375,-70.361328125,-32.763671875,265.869140625,bedroom_window_open,run_3,0,2341,0,False,False,False,0,0,0,0,0,0,467.992003553976,60.0,64.0,40.0,-0.0407629961914013,0.0416302939827077,0.039028400608787,-0.245875,-0.1097249999999999,-0.2740499999999999,1.6005859375,1.1923828125,-4.1787109375,456.5650821856953,10.928696354267586,63.96,2.222158090051541,65.49333333333334,2.1852054920546067,-6.996890270990548,0.0,16.545998900896365,13.510719771469,Good,15,0,2025-10-13 15:00:00+00:00,Abnormal
2025-10-13 15:02:46+00:00,467.992003553976,40,60,64,29.4,47,1011.22,16.91,-0.1176798,0.0,8.7867584,-0.1925,-0.04375,-0.30625,-69.82421875,-33.837890625,264.794921875,bedroom_window_open,run_3,0,2341,0,False,False,False,0,0,0,0,0,0,467.992003553976,60.0,64.0,40.0,0.0459667829392398,-0.0017345955826128,-0.0910662680871742,-0.219625,-0.1359749999999999,-0.32655,2.1376953125,0.1181640625,-5.2529296875,456.80764104842285,10.773733360913408,63.93333333333333,2.245552402604195,65.48,2.1881928432985767,0.0,0.0,16.9101989694234,13.808768194029389,Good,15,0,2025-10-13 15:00:00+00:00,Abnormal
2025-10-13 15:02:51+00:00,467.992003553976,40,61,65,29.5,47,1011.24,16.75,-0.1176798,-0.0392266,8.8652116,-0.105,0.1225,0.23625,-72.509765625,-33.837890625,265.33203125,bedroom_window_open,run_3,0,2341,0,False,False,False,0,0,0,0,0,0,467.992003553976,61.0,65.0,40.0,0.0459667829392398,-0.0450994851479334,-0.0043364889565327,-0.132125,0.030275,0.2159499999999999,-0.5478515625,0.1181640625,-4.7158203125,457.0501999111506,10.610928221775676,63.9,2.25177036987745,65.46666666666667,2.184959774687456,0.0,5.0,17.00124133056279,13.884158696962457,Good,15,0,2025-10-13 15:00:00+00:00,Abnormal
2025-10-13 15:02:56+00:00,467.992003553976,39,62,64,29.1,47,1011.18,17.25,-0.196133,0.0392266,8.825985,-0.0175,0.14875,-0.35875,-72.509765625,-33.837890625,265.33203125,bedroom_window_open,run_3,0,2341,0,False,False,False,0,0,0,0,0,0,467.992003553976,62.0,64.0,39.0,-0.0407629961914013,0.0416302939827077,-0.0477013785218544,-0.044625,0.056525,-0.37905,-0.5478515625,0.1181640625,-4.7158203125,457.2847623278543,10.459235775805489,63.88,2.25525486290233,65.45333333333333,2.1877838582206537,0.0,5.0,16.63705351193257,13.584707554714129,Good,15,0,2025-10-13 15:00:00+00:00,Abnormal
2025-10-13 15:03:02+00:00,467.992003553976,40,64,66,29.8,47,1011.26,16.58,-0.196133,-0.0392266,8.8652116,-0.27125,0.00875,0.11375,-70.8984375,-30.078125,268.017578125,bedroom_window_open,run_3,0,2341,0,False,False,False,0,0,0,0,0,0,467.992003553976,64.0,66.0,40.0,-0.0407629961914013,-0.0450994851479334,-0.0043364889565327,-0.298375,-0.083475,0.09345,1.0634765625,3.8779296875,-2.0302734375,457.51932474455793,10.299934501165442,63.873333333333335,2.253399122717566,65.45333333333333,2.1877838582206537,0.0,10.0,17.27435004207118,14.1124601991841,Good,15,0,2025-10-13 15:00:00+00:00,Abnormal
2025-10-13 15:03:07+00:00,467.992003553976,40,64,65,29.4,46,1011.24,16.75,-0.1569064,0.0392266,8.8652116,0.07,0.105,0.30625,-71.97265625,-33.837890625,261.03515625,bedroom_window_open,run_3,0,2341,0,False,False,False,0,0,0,0,0,0,467.992003553976,64.0,65.0,40.0,0.0026018933739192,0.0416302939827077,-0.0043364889565327,0.042875,0.012775,0.28595,-0.0107421875,0.1181640625,-9.0126953125,457.7538871612616,10.132665536318756,63.85333333333333,2.238727666777681,65.43333333333334,2.1780376201343215,0.0,0.0,16.571184534710795,13.514964615433016,Good,15,0,2025-10-13 15:00:00+00:00,Abnormal
2025-10-13 15:03:12+00:00,467.992003553976,40,63,64,29.3,46,1011.16,17.42,-0.1176798,-0.0392266,8.9436648,0.0525,0.28875,-0.0875,-70.8984375,-33.837890625,265.869140625,bedroom_window_open,run_3,0,2341,0,False,False,False,0,0,0,0,0,0,467.992003553976,63.0,64.0,40.0,0.0459667829392398,-0.0450994851479334,0.0823932901741087,0.0253749999999999,0.196525,-0.1078,1.0634765625,0.1181640625,-4.1787109375,457.9884495779653,9.957027339607963,63.82,2.213654999401703,65.4,2.1612822443164,0.0,-5.0,16.480376316105815,13.441523380001604,Good,15,0,2025-10-13 15:00:00+00:00,Abnormal
2025-10-13 15:03:18+00:00,467.992003553976,39,62,63,29.5,46,1011.22,16.91,-0.196133,0.0,8.9044382,-0.105,-0.02625,-0.25375,-72.509765625,-33.30078125,251.3671875,bedroom_window_open,run_3,0,2341,0,False,False,False,0,0,0,0,0,0,467.992003553976,62.0,63.0,39.0,-0.0407629961914013,-0.0017345955826128,0.039028400608787,-0.132125,-0.1184749999999999,-0.2740499999999999,-0.5478515625,0.6552734375,-18.6806640625,458.2136828076411,9.796288085666449,63.78666666666667,2.2030688378375465,65.36666666666666,2.1594700650781657,0.0,-5.0,16.661989616150148,13.588751065112191,Good,15,0,2025-10-13 15:00:00+00:00,Abnormal
2025-10-13 15:03:23+00:00,467.992003553976,39,62,63,29.1,46,1011.22,16.91,-0.196133,0.0,8.8652116,-0.18375,0.20125,0.06125,-72.509765625,-33.30078125,251.3671875,bedroom_window_open,run_3,0,2341,0,False,False,False,0,0,0,0,0,0,467.992003553976,62.0,63.0,39.0,-0.0407629961914013,-0.0017345955826128,-0.0043364889565327,-0.210875,0.109025,0.0409499999999999,-0.5478515625,0.6552734375,-18.6806640625,458.4389160373167,9.627563872436198,63.75333333333333,2.1919213069041223,65.33333333333333,2.1571378833710964,0.0,0.0,16.298750466748654,13.295671223762763,Good,15,0,2025-10-13 15:00:00+00:00,Abnormal
2025-10-13 15:03:29+00:00,467.992003553976,39,62,63,29.0,46,1011.18,17.25,-0.1569064,0.0,8.9828914,-0.02625,-0.02625,-0.04375,-69.82421875,-33.837890625,262.109375,bedroom_window_open,run_3,0,2341,0,False,False,False,0,0,0,0,0,0,467.992003553976,62.0,63.0,39.0,0.0026018933739192,-0.0017345955826128,0.1257581797394285,-0.053375,-0.1184749999999999,-0.06405,2.1376953125,0.1181640625,-7.9384765625,458.66414926699247,9.450427028611216,63.72,2.180203795658642,65.3,2.1542840103652643,0.0,0.0,16.20793283567129,13.223257648671789,Good,15,0,2025-10-13 15:00:00+00:00,Abnormal
2025-10-13 15:03:34+00:00,467.992003553976,40,60,63,29.9,46,1011.24,16.75,-0.1569064,0.0,8.8652116,0.245,-0.0875,-0.02625,-69.82421875,-34.375,264.2578125,bedroom_window_open,run_3,0,2341,0,False,False,False,0,0,0,0,0,0,467.992003553976,60.0,63.0,40.0,0.0026018933739192,-0.0017345955826128,-0.0043364889565327,0.2178749999999999,-0.1797249999999999,-0.04655,2.1376953125,-0.4189453125,-5.7900390625,458.8813860506441,9.285294093734766,63.68,2.1930947151298614,65.27333333333333,2.157853353728393,0.0,-10.0,17.025178573502505,13.887375803824426,Good,15,0,2025-10-13 15:00:00+00:00,Abnormal
2025-10-13 15:03:39+00:00,467.992003553976,39,60,61,29.8,46,1011.21,17.0,-0.1176798,0.0,8.9044382,-0.3325,0.13125,-0.1575,-71.97265625,-34.375,265.33203125,bedroom_window_open,run_3,0,2341,0,False,False,False,0,0,0,0,0,0,467.992003553976,60.0,61.0,39.0,0.0459667829392398,-0.0017345955826128,0.039028400608787,-0.359625,0.039025,-0.1778,-0.0107421875,-0.4189453125,-4.7158203125,459.0986228342959,9.11195833526431,63.64666666666667,2.21082348733913,65.24,2.1850007295009,0.0,0.0,16.934386039100083,13.81219508856316,Good,15,0,2025-10-13 15:00:00+00:00,Abnormal
2025-10-13 15:03:45+00:00,467.992003553976,39,60,63,29.6,46,1011.21,17.0,-0.196133,0.0,8.825985,-0.07875,-0.175,-0.09625,-70.361328125,-30.615234375,288.427734375,bedroom_window_open,run_3,0,2341,0,False,False,False,0,0,0,0,0,0,467.992003553976,60.0,63.0,39.0,-0.0407629961914013,-0.0017345955826128,-0.0477013785218544,-0.105875,-0.267225,-0.11655,1.6005859375,3.3408203125,18.3798828125,459.3158596179475,8.929942100173239,63.6,2.213442761640955,65.20666666666666,2.1807475679815096,0.0,0.0,16.752791560586438,13.662884065967493,Good,15,0,2025-10-13 15:00:00+00:00,Abnormal
2025-10-13 15:03:50+00:00,467.992003553976,38,60,63,29.8,46,1011.19,17.17,-0.1569064,0.0392266,8.825985,0.04375,-0.105,-0.0875,-70.361328125,-30.615234375,288.427734375,bedroom_window_open,run_3,0,2341,0,False,False,False,0,0,0,0,0,0,467.992003553976,60.0,63.0,38.0,0.0026018933739192,0.0416302939827077,-0.0477013785218544,0.0166249999999999,-0.1972249999999999,-0.1078,1.6005859375,3.3408203125,18.3798828125,459.5237672145713,8.763839586061712,63.553333333333335,2.2150693981180556,65.18,2.183126260310285,0.0,0.0,16.934386039100083,13.81219508856316,Good,15,0,2025-10-13 15:00:00+00:00,Abnormal
2025-10-13 15:03:55+00:00,467.992003553976,39,64,65,29.7,46,1011.24,16.75,-0.1569064,0.0784532,8.9044382,0.32375,0.0525,-0.20125,-70.8984375,-33.837890625,256.73828125,bedroom_window_open,run_3,0,2341,0,False,False,False,0,0,0,0,0,0,467.992003553976,64.0,65.0,39.0,0.0026018933739192,0.0849951835480284,0.039028400608787,0.2966249999999999,-0.0397249999999999,-0.22155,1.0634765625,0.1181640625,-13.3095703125,459.73167481119503,8.589462807507475,63.526666666666664,2.1850519219383178,65.15333333333334,2.160464363043763,0.0,20.0,16.843590368182237,13.737364958854544,Good,15,0,2025-10-13 15:00:00+00:00,Abnormal
2025-10-13 15:04:01+00:00,467.992003553976,39,66,66,29.8,46,1011.27,16.5,-0.1569064,0.0,8.825985,-0.16625,-0.175,0.13125,-71.435546875,-33.30078125,268.017578125,bedroom_window_open,run_3,0,2341,0,False,False,False,0,0,0,0,0,0,467.992003553976,66.0,66.0,39.0,0.0026018933739192,-0.0017345955826128,-0.0477013785218544,-0.193375,-0.267225,0.11095,0.5263671875,0.6552734375,-2.0302734375,459.9395824078187,8.406296866423531,63.513333333333335,2.163568599045196,65.13333333333334,2.1383888643375952,0.0,10.0,16.934386039100083,13.81219508856316,Good,15,0,2025-10-13 15:00:00+00:00,Abnormal
2025-10-13 15:04:06+00:00,469.3913816081741,38,66,67,29.5,46,1011.15,17.5,0.0,0.0,8.7867584,-0.14,-0.1575,-0.35875,-69.287109375,-32.2265625,265.33203125,bedroom_window_open,run_3,0,2348,0,False,False,False,0,0,0,0,0,0,469.3913816081741,66.0,67.0,38.0,0.1760614516352017,-0.0017345955826128,-0.0910662680871742,-0.167125,-0.2497249999999999,-0.37905,2.6748046875,1.7294921875,-4.7158203125,460.1488227454465,8.245749817492998,63.5,2.1417862456715873,65.12,2.1202760362270388,6.996890270990548,0.0,16.661989616150148,13.588751065112191,Good,15,0,2025-10-13 15:00:00+00:00,Abnormal
2025-10-13 15:04:11+00:00,467.992003553976,40,68,69,29.1,46,1011.24,16.75,-0.196133,0.0,8.9044382,-0.42,0.04375,-0.035,-72.509765625,-33.837890625,263.720703125,bedroom_window_open,run_3,0,2341,0,False,False,False,0,0,0,0,0,0,467.992003553976,68.0,69.0,40.0,-0.0407629961914013,-0.0017345955826128,0.039028400608787,-0.447125,-0.0484749999999999,-0.0553,-0.5478515625,0.1181640625,-6.3271484375,460.34873389604616,8.066856836784394,63.50666666666667,2.154273625746384,65.12666666666667,2.130937552953187,-6.996890270990548,10.0,16.298750466748654,13.295671223762763,Good,15,0,2025-10-13 15:00:00+00:00,Abnormal
2025-10-13 15:04:17+00:00,467.992003553976,39,67,68,0.0,0,1011.27,16.5,-0.196133,0.0,8.825985,0.14,-0.035,0.16625,-72.509765625,-33.837890625,263.720703125,bedroom_window_open,run_3,0,2341,0,False,False,False,0,0,0,0,0,0,467.992003553976,67.0,68.0,39.0,-0.0407629961914013,-0.0017345955826128,-0.0477013785218544,0.112875,-0.1272249999999999,0.14595,-0.5478515625,0.1181640625,-6.3271484375,460.5486450466459,7.878800862160584,63.52,2.16971219444233,65.14,2.142663462004564,0.0,-5.0,-96.07763018544566,0.0,Good,15,0,2025-10-13 15:00:00+00:00,Abnormal
2025-10-13 15:04:22+00:00,467.992003553976,38,65,65,29.7,46,1011.2,17.08,-0.196133,0.0,8.9044382,0.0175,0.35,-0.035,-72.509765625,-33.837890625,265.869140625,bedroom_window_open,run_3,0,2341,0,False,False,False,0,0,0,0,0,0,467.992003553976,65.0,65.0,38.0,-0.0407629961914013,-0.0017345955826128,0.039028400608787,-0.009625,0.257775,-0.0553,-0.5478515625,0.1181640625,-4.1787109375,460.7392270102176,7.707809725181246,63.52,2.16971219444233,65.13333333333334,2.1415250999964903,0.0,-10.0,16.843590368182237,13.737364958854544,Good,15,0,2025-10-13 15:00:00+00:00,Abnormal
2025-10-13 15:04:27+00:00,467.992003553976,39,65,65,29.1,46,1011.24,16.75,-0.1569064,0.0,8.825985,-0.07875,0.0875,-0.2975,-70.8984375,-34.375,265.33203125,bedroom_window_open,run_3,0,2341,0,False,False,False,0,0,0,0,0,0,467.992003553976,65.0,65.0,39.0,0.0026018933739192,-0.0017345955826128,-0.0477013785218544,-0.105875,-0.0047249999999999,-0.3177999999999999,1.0634765625,-0.4189453125,-4.7158203125,460.9298089737894,7.528082623565434,63.513333333333335,2.163568599045196,65.10666666666667,2.117826753207055,0.0,0.0,16.298750466748654,13.295671223762763,Good,15,0,2025-10-13 15:00:00+00:00,Abnormal
2025-10-13 15:04:33+00:00,469.3913816081741,38,64,64,29.0,46,1011.27,16.5,-0.2745862,0.0,8.7475318,-0.13125,0.2975,-0.1575,-71.97265625,-32.2265625,265.869140625,bedroom_window_open,run_3,0,2348,0,False,False,False,0,0,0,0,0,0,469.3913816081741,64.0,64.0,38.0,-0.1274927753220426,-0.0017345955826128,-0.134431157652494,-0.158375,0.2052749999999999,-0.1778,-0.0107421875,1.7294921875,-4.1787109375,461.1297201243891,7.348654528371694,63.5,2.1542840103653416,65.07333333333334,2.095366145597544,6.996890270990548,-5.0,16.20793283567129,13.223257648671789,Good,15,0,2025-10-13 15:00:00+00:00,Abnormal
2025-10-13 15:04:38+00:00,467.992003553976,39,65,65,29.7,46,1011.22,16.91,-0.1569064,0.0392266,8.9044382,0.35,0.07875,0.175,-71.97265625,-32.2265625,265.869140625,bedroom_window_open,run_3,0,2341,0,False,False,False,0,0,0,0,0,0,467.992003553976,65.0,65.0,39.0,0.0026018933739192,0.0416302939827077,0.039028400608787,0.3228749999999999,-0.0134749999999999,0.1546999999999999,-0.0107421875,1.7294921875,-4.1787109375,461.3123056419369,7.1734026501518615,63.49333333333333,2.14803380257448,65.04666666666667,2.070361854915898,-6.996890270990548,5.0,16.843590368182237,13.737364958854544,Good,15,0,2025-10-13 15:00:00+00:00,Abnormal
2025-10-13 15:04:43+00:00,469.3913816081741,39,64,64,29.2,46,1011.28,16.41,-0.196133,0.0,8.9044382,0.04375,-0.09625,-0.49,-71.97265625,-32.2265625,265.869140625,bedroom_window_open,run_3,0,2348,0,False,False,False,0,0,0,0,0,0,469.3913816081741,64.0,64.0,39.0,-0.0407629961914013,-0.0017345955826128,0.039028400608787,0.0166249999999999,-0.188475,-0.5103,-0.0107421875,1.7294921875,-4.1787109375,461.49489115948467,7.025667748000452,63.473333333333336,2.1290470082436665,65.00666666666666,2.0316180831529698,6.996890270990548,-5.0,16.38956496017263,13.36842602580982,Good,15,0,2025-10-13 15:00:00+00:00,Abnormal
2025-10-13 15:04:49+00:00,469.3913816081741,39,64,65,29.2,46,1011.26,16.58,-0.1176798,0.0392266,8.825985,-0.35,-0.07,-0.25375,-70.8984375,-33.837890625,261.572265625,bedroom_window_open,run_3,0,2348,0,False,False,False,0,0,0,0,0,0,469.3913816081741,64.0,65.0,39.0,0.0459667829392398,0.0416302939827077,-0.0477013785218544,-0.377125,-0.162225,-0.2740499999999999,1.0634765625,0.1181640625,-8.4755859375,461.6774766770323,6.869875297566197,63.45333333333333,2.109698495162879,64.97333333333333,1.9897275340998863,0.0,0.0,16.38956496017263,13.36842602580982,Good,15,0,2025-10-13 15:00:00+00:00,Abnormal
2025-10-13 15:04:54+00:00,469.3913816081741,38,64,65,29.3,46,1011.24,16.75,-0.1569064,-0.0392266,8.825985,-0.30625,-0.1575,0.06125,-70.8984375,-32.763671875,270.166015625,bedroom_window_open,run_3,0,2348,0,False,False,False,0,0,0,0,0,0,469.3913816081741,64.0,65.0,38.0,0.0026018933739192,-0.0450994851479334,-0.0477013785218544,-0.333375,-0.2497249999999999,0.0409499999999999,1.0634765625,1.1923828125,0.1181640625,461.85073300755215,6.7322351304213415,63.45333333333333,2.109698495162879,64.96,1.9827443526045383,0.0,0.0,16.480376316105815,13.441523380001604,Good,15,0,2025-10-13 15:00:00+00:00,Abnormal
2025-10-13 15:04:59+00:00,469.3913816081741,38,63,65,29.6,46,1011.15,17.5,-0.196133,0.0,8.5906254,-0.11375,0.06125,-0.28875,-69.82421875,-33.837890625,254.052734375,bedroom_window_open,run_3,0,2348,0,False,False,False,0,0,0,0,0,0,469.3913816081741,63.0,65.0,38.0,-0.0407629961914013,-0.0017345955826128,-0.307890715913777,-0.140875,-0.0309749999999999,-0.30905,2.1376953125,0.1181640625,-15.9951171875,462.02398933807194,6.587135543118701,63.45333333333333,2.109698495162879,64.95333333333333,1.980904364907158,0.0,-5.0,16.752791560586438,13.662884065967493,Good,15,0,2025-10-13 15:00:00+00:00,Abnormal
2025-10-13 15:05:05+00:00,467.992003553976,36,59,60,29.9,46,1011.27,16.5,-0.196133,0.0,8.9044382,-0.27125,0.0,0.09625,-69.82421875,-33.837890625,254.052734375,bedroom_window_open,run_3,0,2341,0,False,False,False,0,0,0,0,0,0,467.992003553976,59.0,60.0,36.0,-0.0407629961914013,-0.0017345955826128,0.039028400608787,-0.298375,-0.0922249999999999,0.0759499999999999,2.1376953125,0.1181640625,-15.9951171875,462.1879164815638,6.424578145089433,63.42666666666667,2.1405220045357893,64.91333333333333,2.019823457853384,-6.996890270990548,-20.0,17.025178573502505,13.887375803824426,Good,15,0,2025-10-13 15:00:00+00:00,Abnormal
2025-10-13 15:05:10+00:00,470.7907596623723,36,59,59,29.7,46,1011.24,16.75,-0.1569064,0.0392266,8.9044382,-0.07875,0.02625,-0.18375,-71.97265625,-32.2265625,263.18359375,bedroom_window_open,run_3,0,2355,0,False,False,False,0,0,0,0,0,0,470.7907596623723,59.0,59.0,36.0,0.0026018933739192,0.0416302939827077,0.039028400608787,-0.105875,-0.0659749999999999,-0.20405,-0.0107421875,1.7294921875,-6.8642578125,462.3625055530875,6.298072427390908,63.4,2.170578124826081,64.86666666666666,2.074668783031175,13.993780541981664,0.0,16.843590368182237,13.737364958854544,Good,15,0,2025-10-13 15:00:00+00:00,Abnormal
2025-10-13 15:05:15+00:00,469.3913816081741,37,60,60,29.2,46,1011.28,16.41,-0.2353596,0.0392266,8.8652116,0.455,0.07,-0.245,-69.82421875,-32.763671875,264.2578125,bedroom_window_open,run_3,0,2348,0,False,False,False,0,0,0,0,0,0,469.3913816081741,60.0,60.0,37.0,-0.0841278857567219,0.0416302939827077,-0.0043364889565327,0.427875,-0.0222249999999999,-0.2653,2.1376953125,1.1923828125,-5.7900390625,462.52776543758335,6.152469257034602,63.373333333333335,2.1876611477876327,64.82666666666667,2.110207428547918,-6.996890270991116,5.0,16.38956496017263,13.36842602580982,Good,15,0,2025-10-13 15:00:00+00:00,Abnormal
2025-10-13 15:05:21+00:00,469.3913816081741,36,59,60,29.5,46,1011.32,16.08,-0.1569064,0.0,8.8652116,-0.00875,0.07875,-0.30625,-70.8984375,-33.30078125,259.9609375,bedroom_window_open,run_3,0,2348,0,False,False,False,0,0,0,0,0,0,469.3913816081741,59.0,60.0,36.0,0.0026018933739192,-0.0017345955826128,-0.0043364889565327,-0.035875,-0.0134749999999999,-0.32655,1.0634765625,0.6552734375,-10.0869140625,462.693025322079,5.998754151462507,63.346666666666664,2.216432427784677,64.79333333333334,2.146627342727608,0.0,-5.0,16.661989616150148,13.588751065112191,Good,15,0,2025-10-13 15:00:00+00:00,Abnormal
2025-10-13 15:05:26+00:00,469.3913816081741,37,60,63,29.7,46,1011.26,16.58,-0.196133,0.0,8.9044382,-0.1575,0.02625,0.07875,-70.8984375,-33.30078125,259.9609375,bedroom_window_open,run_3,0,2348,0,False,False,False,0,0,0,0,0,0,469.3913816081741,60.0,63.0,37.0,-0.0407629961914013,-0.0017345955826128,0.039028400608787,-0.184625,-0.0659749999999999,0.0584499999999999,1.0634765625,0.6552734375,-10.0869140625,462.8489560195468,5.864462248820029,63.306666666666665,2.222359429023059,64.76,2.1352899304891237,0.0,5.0,16.843590368182237,13.737364958854544,Good,15,0,2025-10-13 15:00:00+00:00,Abnormal
2025-10-13 15:05:31+00:00,469.3913816081741,36,60,64,29.2,46,1011.24,16.75,-0.2353596,0.0,8.7475318,1.2950000000000002,0.175,0.1225,-71.97265625,-33.30078125,254.052734375,bedroom_window_open,run_3,0,2348,0,False,False,False,0,0,0,0,0,0,469.3913816081741,60.0,64.0,36.0,-0.0841278857567219,-0.0017345955826128,-0.134431157652494,1.267875,0.082775,0.1021999999999999,-0.0107421875,0.6552734375,-15.9951171875,463.0048867170146,5.722746581284825,63.27333333333333,2.234256378752422,64.74,2.128206227076306,0.0,0.0,16.38956496017263,13.36842602580982,Good,15,0,2025-10-13 15:00:00+00:00,Abnormal
2025-10-13 15:05:37+00:00,469.3913816081741,37,62,65,29.4,46,1011.31,16.16,-0.196133,0.0392266,8.8652116,-0.0525,0.00875,0.1925,-71.435546875,-34.375,259.9609375,bedroom_window_open,run_3,0,2348,0,False,False,False,0,0,0,0,0,0,469.3913816081741,62.0,65.0,37.0,-0.0407629961914013,0.0416302939827077,-0.0043364889565327,-0.079625,-0.083475,0.1722,0.5263671875,-0.4189453125,-10.0869140625,463.1514882274544,5.600701964029856,63.24,2.215503639319803,64.72666666666667,2.1202021768438577,0.0,10.0,16.571184534710795,13.514964615433016,Good,15,0,2025-10-13 15:00:00+00:00,Abnormal
2025-10-13 15:05:42+00:00,470.7907596623723,37,62,65,29.0,46,1011.33,16.0,-0.196133,-0.0392266,8.9828914,0.1225,-0.0525,0.035,-73.583984375,-34.375,268.5546875,bedroom_window_open,run_3,0,2355,0,False,False,False,0,0,0,0,0,0,470.7907596623723,62.0,65.0,37.0,-0.0407629961914013,-0.0450994851479334,0.1257581797394285,0.0953749999999999,-0.144725,0.0146999999999999,-1.6220703125,-0.4189453125,-1.4931640625,463.3074189249222,5.4836240810272825,63.22,2.2130485517985856,64.72666666666667,2.1202021768438577,6.996890270991116,0.0,16.20793283567129,13.223257648671789,Good,15,0,2025-10-13 15:00:00+00:00,Abnormal
2025-10-13 15:05:47+00:00,469.3913816081741,39,64,66,29.1,46,1011.29,16.33,-0.196133,0.0,8.9436648,0.13125,0.0175,-0.2625,-70.8984375,-33.30078125,269.091796875,bedroom_window_open,run_3,0,2348,0,False,False,False,0,0,0,0,0,0,469.3913816081741,64.0,66.0,39.0,-0.0407629961914013,-0.0017345955826128,0.0823932901741087,0.104125,-0.0747249999999999,-0.2828,1.0634765625,0.6552734375,-0.9560546875,463.4446912483341,5.374678475237224,63.233333333333334,2.2116733215898163,64.74666666666667,2.1179535097237507,-6.996890270991116,10.0,16.298750466748654,13.295671223762763,Good,15,0,2025-10-13 15:00:00+00:00,Abnormal
2025-10-13 15:05:53+00:00,469.3913816081741,39,63,66,29.2,46,1011.25,16.66,-0.0392266,0.0,8.9436648,-0.28875,0.07875,0.175,-70.8984375,-33.30078125,269.091796875,bedroom_window_open,run_3,0,2348,0,False,False,False,0,0,0,0,0,0,469.3913816081741,63.0,66.0,39.0,0.1326965620698811,-0.0017345955826128,0.0823932901741087,-0.315875,-0.0134749999999999,0.1546999999999999,1.0634765625,0.6552734375,-0.9560546875,463.5819635717459,5.2598730065789585,63.22666666666667,2.2108538441874233,64.75333333333333,2.120328791354094,0.0,-5.0,16.38956496017263,13.36842602580982,Good,15,0,2025-10-13 15:00:00+00:00,Abnormal
2025-10-13 15:05:58+00:00,469.3913816081741,39,61,65,29.3,46,1011.23,16.83,-0.196133,0.0392266,8.8652116,0.13125,-0.02625,-0.1575,-70.361328125,-32.763671875,262.109375,bedroom_window_open,run_3,0,2348,0,False,False,False,0,0,0,0,0,0,469.3913816081741,61.0,65.0,39.0,-0.0407629961914013,0.0416302939827077,-0.0043364889565327,0.104125,-0.1184749999999999,-0.1778,1.6005859375,1.1923828125,-7.9384765625,463.7112394491336,5.161191078092043,63.21333333333333,2.218248497849296,64.76,2.119516216802437,0.0,-10.0,16.480376316105815,13.441523380001604,Good,15,0,2025-10-13 15:00:00+00:00,Abnormal
2025-10-13 15:06:03+00:00,469.3913816081741,38,61,64,29.9,46,1011.29,16.33,-0.1569064,0.0,8.8652116,-0.25375,-0.1225,0.175,-71.97265625,-32.763671875,264.794921875,bedroom_window_open,run_3,0,2348,0,False,False,False,0,0,0,0,0,0,469.3913816081741,61.0,64.0,38.0,0.0026018933739192,-0.0017345955826128,-0.0043364889565327,-0.280875,-0.214725,0.1546999999999999,-0.0107421875,1.1923828125,-5.2529296875,463.84851177254546,5.034214751011018,63.18666666666667,2.2206676143097637,64.74666666666667,2.1179535097237507,0.0,0.0,17.025178573502505,13.887375803824426,Good,15,0,2025-10-13 15:00:00+00:00,Abnormal
2025-10-13 15:06:09+00:00,469.3913816081741,38,61,64,29.0,46,1011.25,16.66,-0.1176798,0.0392266,8.9436648,0.315,0.0175,-0.04375,-71.435546875,-32.2265625,264.794921875,bedroom_window_open,run_3,0,2348,0,False,False,False,0,0,0,0,0,0,469.3913816081741,61.0,64.0,38.0,0.0459667829392398,0.0416302939827077,0.0823932901741087,0.287875,-0.0747249999999999,-0.06405,0.5263671875,1.7294921875,-5.2529296875,463.9777876499333,4.923978922234262,63.16,2.2227620522539,64.73333333333333,2.1163050828222616,0.0,0.0,16.20793283567129,13.223257648671789,Good,15,0,2025-10-13 15:00:00+00:00,Abnormal
2025-10-13 15:06:14+00:00,469.3913816081741,38,63,65,29.1,46,1011.29,16.33,-0.1176798,0.0,8.7867584,-0.13125,0.00875,0.25375,-71.435546875,-33.30078125,289.501953125,bedroom_window_open,run_3,0,2348,0,False,False,False,0,0,0,0,0,0,469.3913816081741,63.0,65.0,38.0,0.0459667829392398,-0.0017345955826128,-0.0910662680871742,-0.158375,-0.083475,0.2334499999999999,0.5263671875,0.6552734375,19.4541015625,464.0977343402932,4.833830880265242,63.14,2.2104996550175233,64.72666666666667,2.1138617819312455,0.0,10.0,16.298750466748654,13.295671223762763,Good,15,0,2025-10-13 15:00:00+00:00,Abnormal
2025-10-13 15:06:19+00:00,469.3913816081741,39,65,68,29.1,46,1011.17,17.33,-0.2745862,0.0392266,8.9044382,-0.04375,0.0175,0.14,-71.435546875,-33.30078125,289.501953125,bedroom_window_open,run_3,0,2348,0,False,False,False,0,0,0,0,0,0,469.3913816081741,65.0,68.0,39.0,-0.1274927753220426,0.0416302939827077,0.039028400608787,-0.070875,-0.0747249999999999,0.1197,0.5263671875,0.6552734375,19.4541015625,464.21768103065307,4.738914010346132,63.13333333333333,2.2033125356504217,64.74,2.128206227076306,0.0,10.0,16.298750466748654,13.295671223762763,Good,15,0,2025-10-13 15:00:00+00:00,Abnormal
2025-10-13 15:06:25+00:00,469.3913816081741,38,65,67,29.2,46,1011.21,17.0,-0.0784532,-0.0392266,8.9044382,0.09625,0.02625,0.2275,-70.8984375,-32.2265625,266.40625,bedroom_window_open,run_3,0,2348,0,False,False,False,0,0,0,0,0,0,469.3913816081741,65.0,67.0,38.0,0.0893316725045604,-0.0450994851479334,0.039028400608787,0.0691249999999999,-0.0659749999999999,0.2072,1.0634765625,1.7294921875,-3.6416015625,464.3376277210128,4.638935597952866,63.11333333333334,2.1722368598732222,64.73333333333333,2.1194739966254095,0.0,0.0,16.38956496017263,13.36842602580982,Good,15,0,2025-10-13 15:00:00+00:00,Abnormal
2025-10-13 15:06:30+00:00,469.3913816081741,39,63,65,29.3,46,1011.27,16.5,-0.1569064,0.0,8.9828914,0.07,0.14875,-0.035,-71.97265625,-33.837890625,262.646484375,bedroom_window_open,run_3,0,2348,0,False,False,False,0,0,0,0,0,0,469.3913816081741,63.0,65.0,39.0,0.0026018933739192,-0.0017345955826128,0.1257581797394285,0.042875,0.056525,-0.0553,-0.0107421875,0.1181640625,-7.4013671875,464.4482452243447,4.559081382115624,63.086666666666666,2.148627364754784,64.72,2.111394462714423,0.0,-10.0,16.480376316105815,13.441523380001604,Good,15,0,2025-10-13 15:00:00+00:00,Abnormal
2025-10-13 15:06:35+00:00,469.3913816081741,39,62,63,29.7,46,1011.14,17.58,-0.0784532,-0.0392266,8.8652116,-0.14875,-0.02625,-0.20125,-71.97265625,-34.912109375,262.109375,bedroom_window_open,run_3,0,2348,0,False,False,False,0,0,0,0,0,0,469.3913816081741,62.0,63.0,39.0,0.0893316725045604,-0.0450994851479334,-0.0043364889565327,-0.175875,-0.1184749999999999,-0.22155,-0.0107421875,-0.9560546875,-7.9384765625,464.55886272767657,4.47505149766348,63.06,2.1370179310394835,64.69333333333333,2.107661532709947,0.0,-5.0,16.843590368182237,13.737364958854544,Good,15,0,2025-10-13 15:00:00+00:00,Abnormal
2025-10-13 15:06:41+00:00,469.3913816081741,40,61,63,29.3,46,1011.3,16.25,-0.196133,0.0392266,8.825985,-0.2275,0.00875,-0.315,-71.97265625,-34.375,268.017578125,bedroom_window_open,run_3,0,2348,0,False,False,False,0,0,0,0,0,0,469.3913816081741,61.0,63.0,40.0,-0.0407629961914013,0.0416302939827077,-0.0477013785218544,-0.254625,-0.083475,-0.3353,-0.0107421875,-0.4189453125,-2.0302734375,464.6694802310084,4.386605983663774,63.026666666666664,2.129834939146537,64.67333333333333,2.109412166173509,0.0,-5.0,16.480376316105815,13.441523380001604,Good,15,0,2025-10-13 15:00:00+00:00,Abnormal
2025-10-13 15:06:46+00:00,470.7907596623723,40,60,64,29.0,46,1011.19,17.17,-0.196133,0.0392266,8.9044382,-0.06125,-0.07,0.06125,-73.583984375,-34.375,268.017578125,bedroom_window_open,run_3,0,2355,0,False,False,False,0,0,0,0,0,0,470.7907596623723,60.0,64.0,40.0,-0.0407629961914013,0.0416302939827077,0.039028400608787,-0.088375,-0.162225,0.0409499999999999,-1.6220703125,-0.4189453125,-2.0302734375,464.78942692136826,4.305063653259468,63.0,2.142569491719236,64.66666666666667,2.1099529772000714,6.996890270991116,-5.0,16.20793283567129,13.223257648671789,Good,15,0,2025-10-13 15:00:00+00:00,Abnormal
2025-10-13 15:06:51+00:00,469.3913816081741,39,59,63,29.7,46,1011.26,16.58,-0.1176798,0.0392266,8.9436648,-0.49,-0.06125,0.035,-73.046875,-32.763671875,268.017578125,bedroom_window_open,run_3,0,2348,0,False,False,False,0,0,0,0,0,0,469.3913816081741,59.0,63.0,39.0,0.0459667829392398,0.0416302939827077,0.0823932901741087,-0.517125,-0.1534749999999999,0.0146999999999999,-1.0849609375,1.1923828125,-2.0302734375,464.89071523767217,4.232318919421404,62.96666666666667,2.1656769379464156,64.66,2.1136501078758063,-6.996890270991116,-5.0,16.843590368182237,13.737364958854544,Good,15,0,2025-10-13 15:00:00+00:00,Abnormal
2025-10-13 15:06:57+00:00,469.3913816081741,39,60,64,29.0,46,1011.29,16.33,-0.1176798,-0.0392266,8.8652116,0.0175,0.18375,0.105,-71.97265625,-33.30078125,262.109375,bedroom_window_open,run_3,0,2348,0,False,False,False,0,0,0,0,0,0,469.3913816081741,60.0,64.0,39.0,0.0459667829392398,-0.0450994851479334,-0.0043364889565327,-0.009625,0.091525,0.0847,-0.0107421875,0.6552734375,-7.9384765625,464.9920035539761,4.155817303214351,62.946666666666665,2.179177440612345,64.65333333333334,2.114147508288107,0.0,5.0,16.20793283567129,13.223257648671789,Good,15,0,2025-10-13 15:00:00+00:00,Abnormal
2025-10-13 15:07:02+00:00,469.3913816081741,39,63,65,29.9,46,1011.27,16.5,-0.2353596,0.0,8.9044382,-0.385,-0.02625,0.04375,-69.82421875,-33.837890625,245.99609375,bedroom_window_open,run_3,0,2348,0,False,False,False,0,0,0,0,0,0,469.3913816081741,63.0,65.0,39.0,-0.0841278857567219,-0.0017345955826128,0.039028400608787,-0.412125,-0.1184749999999999,0.0234499999999999,2.1376953125,0.1181640625,-24.0517578125,465.0932918702799,4.075347239760815,62.94,2.1774623491301948,64.64666666666666,2.1114474397501963,0.0,15.0,17.025178573502505,13.887375803824426,Good,15,0,2025-10-13 15:00:00+00:00,Abnormal
2025-10-13 15:07:07+00:00,469.3913816081741,40,65,68,29.0,46,1011.26,16.58,-0.1569064,0.0,8.8652116,0.0,0.07,0.07875,-69.82421875,-33.837890625,245.99609375,bedroom_window_open,run_3,0,2348,0,False,False,False,0,0,0,0,0,0,469.3913816081741,65.0,68.0,40.0,0.0026018933739192,-0.0017345955826128,-0.0043364889565327,-0.027125,-0.0222249999999999,0.0584499999999999,2.1376953125,0.1181640625,-24.0517578125,465.1945801865837,3.9906686703462633,62.95333333333333,2.1839458983228694,64.66666666666667,2.128952436938675,0.0,10.0,16.20793283567129,13.223257648671789,Good,15,0,2025-10-13 15:00:00+00:00,Abnormal
2025-10-13 15:07:13+00:00,469.3913816081741,39,63,67,29.8,46,1011.23,16.83,-0.1569064,0.0,8.9436648,-0.28875,0.07,-0.02625,-71.435546875,-32.763671875,261.572265625,bedroom_window_open,run_3,0,2348,0,False,False,False,0,0,0,0,0,0,469.3913816081741,63.0,67.0,39.0,0.0026018933739192,-0.0017345955826128,0.0823932901741087,-0.315875,-0.0222249999999999,-0.04655,0.5263671875,1.1923828125,-8.4755859375,465.2958685028876,3.9015075795475744,62.94,2.1774623491301948,64.67333333333333,2.134713619466645,0.0,-10.0,16.934386039100083,13.81219508856316,Good,15,0,2025-10-13 15:00:00+00:00,Abnormal
2025-10-13 15:07:18+00:00,469.3913816081741,38,62,64,29.9,46,1011.26,16.58,-0.1569064,0.0,8.8652116,0.0875,-0.00875,0.13125,-71.435546875,-33.30078125,268.5546875,bedroom_window_open,run_3,0,2348,0,False,False,False,0,0,0,0,0,0,469.3913816081741,62.0,64.0,38.0,0.0026018933739192,-0.0017345955826128,-0.0043364889565327,0.0603749999999999,-0.1009749999999999,0.11095,0.5263671875,0.6552734375,-1.4931640625,465.38916037316744,3.829884669776887,62.92,2.1721853654201246,64.66,2.1326166301694,0.0,-5.0,17.025178573502505,13.887375803824426,Good,15,0,2025-10-13 15:00:00+00:00,Abnormal
2025-10-13 15:07:24+00:00,469.3913816081741,39,61,65,29.1,46,1011.23,16.83,-0.1176798,0.0392266,8.8652116,-0.00875,-0.035,-0.035,-71.435546875,-33.30078125,268.5546875,bedroom_window_open,run_3,0,2348,0,False,False,False,0,0,0,0,0,0,469.3913816081741,61.0,65.0,39.0,0.0459667829392398,0.0416302939827077,-0.0043364889565327,-0.035875,-0.1272249999999999,-0.0553,0.5263671875,0.6552734375,-1.4931640625,465.48245224344737,3.754563650332321,62.89333333333333,2.171031569568493,64.65333333333334,2.129960981041799,0.0,-5.0,16.298750466748654,13.295671223762763,Good,15,0,2025-10-13 15:00:00+00:00,Abnormal
2025-10-13 15:07:29+00:00,469.3913816081741,38,62,65,29.1,46,1011.16,17.42,-0.1569064,0.0392266,8.629852,0.07875,0.0875,0.0,-71.435546875,-31.15234375,245.458984375,bedroom_window_open,run_3,0,2348,0,False,False,False,0,0,0,0,0,0,469.3913816081741,62.0,65.0,38.0,0.0026018933739192,0.0416302939827077,-0.2645258263484572,0.051625,-0.0047249999999999,-0.0203,0.5263671875,2.8037109375,-24.5888671875,465.5757441137272,3.675317163875984,62.88,2.1703307513994714,64.65333333333334,2.129960981041799,0.0,5.0,16.298750466748654,13.295671223762763,Good,15,0,2025-10-13 15:00:00+00:00,Abnormal
2025-10-13 15:07:34+00:00,469.3913816081741,38,64,67,29.2,46,1011.22,16.91,-0.1569064,0.0392266,8.8652116,-0.28875,0.00875,0.21875,-71.435546875,-31.15234375,245.458984375,bedroom_window_open,run_3,0,2348,0,False,False,False,0,0,0,0,0,0,469.3913816081741,64.0,67.0,38.0,0.0026018933739192,0.0416302939827077,-0.0043364889565327,-0.315875,-0.083475,0.19845,0.5263671875,2.8037109375,-24.5888671875,465.659706796979,3.616814198348677,62.873333333333335,2.165305027310918,64.66,2.135761342019991,0.0,10.0,16.38956496017263,13.36842602580982,Good,15,0,2025-10-13 15:00:00+00:00,Abnormal
2025-10-13 15:07:40+00:00,469.3913816081741,37,63,65,29.4,46,1011.23,16.83,-0.2353596,0.0,8.8652116,-0.0875,0.14,-0.32375,-71.435546875,-33.837890625,264.794921875,bedroom_window_open,run_3,0,2348,0,False,False,False,0,0,0,0,0,0,469.3913816081741,63.0,65.0,37.0,-0.0841278857567219,-0.0017345955826128,-0.0043364889565327,-0.114625,0.047775,-0.3440499999999999,0.5263671875,0.1181640625,-5.2529296875,465.743669480231,3.555353645424948,62.86666666666667,2.1633514475135587,64.66,2.135761342019991,0.0,-5.0,16.571184534710795,13.514964615433016,Good,15,0,2025-10-13 15:00:00+00:00,Abnormal
2025-10-13 15:07:45+00:00,469.3913816081741,37,63,65,29.8,46,1011.25,16.66,-0.1176798,0.0,8.8652116,0.09625,0.0525,-0.02625,-71.97265625,-33.837890625,262.109375,bedroom_window_open,run_3,0,2348,0,False,False,False,0,0,0,0,0,0,469.3913816081741,63.0,65.0,37.0,0.0459667829392398,-0.0017345955826128,-0.0043364889565327,0.0691249999999999,-0.0397249999999999,-0.04655,-0.0107421875,0.1181640625,-7.9384765625,465.82763216348286,3.490779289938147,62.86666666666667,2.1633514475135587,64.67333333333333,2.13156736190636,0.0,0.0,16.934386039100083,13.81219508856316,Good,15,0,2025-10-13 15:00:00+00:00,Abnormal
2025-10-13 15:07:50+00:00,469.3913816081741,38,64,65,29.2,46,1011.2,17.08,-0.1569064,0.0,8.9436648,0.07,0.1225,0.0,-70.8984375,-33.837890625,264.2578125,bedroom_window_open,run_3,0,2348,0,False,False,False,0,0,0,0,0,0,469.3913816081741,64.0,65.0,38.0,0.0026018933739192,-0.0017345955826128,0.0823932901741087,0.042875,0.030275,-0.0203,1.0634765625,0.1181640625,-5.7900390625,465.9115948467348,3.4229149078600245,62.88,2.1641372259832097,64.69333333333333,2.120360443800306,0.0,5.0,16.38956496017263,13.36842602580982,Good,15,0,2025-10-13 15:00:00+00:00,Abnormal
2025-10-13 15:07:56+00:00,469.3913816081741,38,62,63,29.6,46,1011.21,17.0,-0.196133,-0.0392266,8.8652116,-0.18375,0.27125,0.56,-73.046875,-34.912109375,261.03515625,bedroom_window_open,run_3,0,2348,0,False,False,False,0,0,0,0,0,0,469.3913816081741,62.0,63.0,38.0,-0.0407629961914013,-0.0450994851479334,-0.0043364889565327,-0.210875,0.179025,0.5397000000000001,-1.0849609375,-0.9560546875,-9.0126953125,465.9955575299866,3.351560649936749,62.873333333333335,2.1653050273109185,64.69333333333333,2.120360443800306,0.0,-10.0,16.752791560586438,13.662884065967493,Good,15,0,2025-10-13 15:00:00+00:00,Abnormal
2025-10-13 15:08:01+00:00,469.3913816081741,39,63,64,29.5,46,1011.32,16.08,-0.1569064,0.0392266,8.8652116,-0.14,0.42,-0.09625,-73.046875,-34.912109375,261.03515625,bedroom_window_open,run_3,0,2348,0,False,False,False,0,0,0,0,0,0,469.3913816081741,63.0,64.0,39.0,0.0026018933739192,0.0416302939827077,-0.0043364889565327,-0.167125,0.327775,-0.11655,-1.0849609375,-0.9560546875,-9.0126953125,466.0701910262106,3.300985647914655,62.873333333333335,2.1653050273109185,64.7,2.1165693401851975,0.0,5.0,16.661989616150148,13.588751065112191,Good,15,0,2025-10-13 15:00:00+00:00,Abnormal
2025-10-13 15:08:06+00:00,470.7907596623723,38,62,64,29.7,46,1011.23,16.83,-0.196133,0.0,8.7475318,-0.0525,0.07,-0.0525,-70.8984375,-33.837890625,262.646484375,bedroom_window_open,run_3,0,2355,0,False,False,False,0,0,0,0,0,0,470.7907596623723,62.0,64.0,38.0,-0.0407629961914013,-0.0017345955826128,-0.134431157652494,-0.079625,-0.0222249999999999,-0.0728,1.0634765625,0.1181640625,-7.4013671875,466.1541537094624,3.259275334094405,62.85333333333333,2.1593768261712265,64.68666666666667,2.1146236330892565,6.996890270991116,-5.0,16.843590368182237,13.737364958854544,Good,15,0,2025-10-13 15:00:00+00:00,Abnormal
2025-10-13 15:08:12+00:00,469.3913816081741,38,61,64,29.5,46,1011.33,16.0,-0.1569064,0.0,8.9436648,-0.0175,0.1925,-0.175,-70.361328125,-33.30078125,261.572265625,bedroom_window_open,run_3,0,2348,0,False,False,False,0,0,0,0,0,0,469.3913816081741,61.0,64.0,38.0,0.0026018933739192,-0.0017345955826128,0.0823932901741087,-0.044625,0.100275,-0.1953,1.6005859375,0.6552734375,-8.4755859375,466.2287872056864,3.203527915576661,62.82,2.1490438017279607,64.66666666666667,2.1067697423314913,-6.996890270991116,-5.0,16.661989616150148,13.588751065112191,Good,15,0,2025-10-13 15:00:00+00:00,Abnormal
2025-10-13 15:08:17+00:00,470.7907596623723,38,61,64,29.7,46,1011.23,16.83,-0.2353596,0.0,8.9436648,-0.41125,0.0175,0.2975,-71.435546875,-32.763671875,261.03515625,bedroom_window_open,run_3,0,2355,0,False,False,False,0,0,0,0,0,0,470.7907596623723,61.0,64.0,38.0,-0.0841278857567219,-0.0017345955826128,0.0823932901741087,-0.438375,-0.0747249999999999,0.2772,0.5263671875,1.1923828125,-9.0126953125,466.31274988893824,3.156287296745791,62.78666666666667,2.1381377667540717,64.64,2.0895393024885207,6.996890270991116,0.0,16.843590368182237,13.737364958854544,Good,15,0,2025-10-13 15:00:00+00:00,Abnormal
2025-10-13 15:08:22+00:00,469.3913816081741,37,63,63,29.9,46,1011.21,17.0,-0.1569064,0.0392266,8.9044382,-0.14875,-0.1925,0.21875,-69.287109375,-33.837890625,255.6640625,bedroom_window_open,run_3,0,2348,0,False,False,False,0,0,0,0,0,0,469.3913816081741,63.0,63.0,37.0,0.0026018933739192,0.0416302939827077,0.039028400608787,-0.175875,-0.284725,0.19845,2.6748046875,0.1181640625,-14.3837890625,466.3873833851621,3.094839712642685,62.78,2.135887034189588,64.61333333333333,2.084737334513609,-6.996890270991116,10.0,17.025178573502505,13.887375803824426,Good,15,0,2025-10-13 15:00:00+00:00,Abnormal
2025-10-13 15:08:28+00:00,469.3913816081741,37,63,63,29.2,46,1011.25,16.66,-0.1569064,-0.0392266,8.8652116,-0.28,0.2275,0.105,-69.287109375,-33.837890625,255.6640625,bedroom_window_open,run_3,0,2348,0,False,False,False,0,0,0,0,0,0,469.3913816081741,63.0,63.0,37.0,0.0026018933739192,-0.0450994851479334,-0.0043364889565327,-0.307125,0.135275,0.0847,2.6748046875,0.1181640625,-14.3837890625,466.462016881386,3.030297198222116,62.77333333333333,2.133612957065945,64.58666666666667,2.0795800643033178,0.0,0.0,16.38956496017263,13.36842602580982,Good,15,0,2025-10-13 15:00:00+00:00,Abnormal
2025-10-13 15:08:33+00:00,469.3913816081741,38,64,64,0.0,0,1011.23,16.83,-0.196133,0.0392266,8.9436648,-0.07875,-0.07,-0.35875,-71.97265625,-32.2265625,262.109375,bedroom_window_open,run_3,0,2348,0,False,False,False,0,0,0,0,0,0,469.3913816081741,64.0,64.0,38.0,-0.0407629961914013,0.0416302939827077,0.0823932901741087,-0.105875,-0.162225,-0.37905,-0.0107421875,1.7294921875,-7.9384765625,466.5273211905819,2.9865673786476856,62.78,2.135887034189588,64.58,2.0798489878066757,0.0,5.0,-96.07763018544566,0.0,Good,15,0,2025-10-13 15:00:00+00:00,Abnormal
2025-10-13 15:08:38+00:00,469.3913816081741,38,65,65,29.4,46,1011.2,17.08,-0.1569064,0.0,8.8652116,-0.1225,0.20125,0.3325,-69.82421875,-32.763671875,264.794921875,bedroom_window_open,run_3,0,2348,0,False,False,False,0,0,0,0,0,0,469.3913816081741,65.0,65.0,38.0,0.0026018933739192,-0.0017345955826128,-0.0043364889565327,-0.149625,0.109025,0.3122,2.1376953125,1.1923828125,-5.2529296875,466.5926254997779,2.9407280995684313,62.8,2.142569491719239,64.58,2.0798489878066757,0.0,5.0,16.571184534710795,13.514964615433016,Good,15,0,2025-10-13 15:00:00+00:00,Abnormal
2025-10-13 15:08:44+00:00,469.3913816081741,39,65,65,29.3,46,1011.19,17.17,-0.1569064,0.0392266,8.9044382,0.02625,0.21,0.00875,-72.509765625,-32.763671875,261.572265625,bedroom_window_open,run_3,0,2348,0,False,False,False,0,0,0,0,0,0,469.3913816081741,65.0,65.0,39.0,0.0026018933739192,0.0416302939827077,0.039028400608787,-0.000875,0.117775,-0.01155,-0.5478515625,1.1923828125,-8.4755859375,466.65792980897373,2.8926790791097714,62.81333333333333,2.150032516272599,64.58,2.0798489878066757,0.0,0.0,16.480376316105815,13.441523380001604,Good,15,0,2025-10-13 15:00:00+00:00,Abnormal
2025-10-13 15:08:49+00:00,469.3913816081741,39,65,66,29.7,46,1011.25,16.66,-0.1569064,0.0,8.7867584,0.02625,0.2275,0.28,-72.509765625,-32.763671875,261.572265625,bedroom_window_open,run_3,0,2348,0,False,False,False,0,0,0,0,0,0,469.3913816081741,65.0,66.0,39.0,0.0026018933739192,-0.0017345955826128,-0.0910662680871742,-0.000875,0.135275,0.2597,-0.5478515625,1.1923828125,-8.4755859375,466.7232341181697,2.842308252914609,62.82,2.155280700820489,64.58,2.0798489878066757,0.0,0.0,16.843590368182237,13.737364958854544,Good,15,0,2025-10-13 15:00:00+00:00,Abnormal
2025-10-13 15:08:54+00:00,470.7907596623723,38,65,65,29.8,46,1011.23,16.83,-0.1569064,0.0,8.9436648,0.0525,0.175,0.07875,-71.435546875,-32.2265625,261.572265625,bedroom_window_open,run_3,0,2355,0,False,False,False,0,0,0,0,0,0,470.7907596623723,65.0,65.0,38.0,0.0026018933739192,-0.0017345955826128,0.0823932901741087,0.0253749999999999,0.082775,0.0584499999999999,0.5263671875,1.7294921875,-8.4755859375,466.7978676143936,2.8005712675917307,62.81333333333333,2.1469087084078673,64.56666666666666,2.070621171483113,6.996890270991116,0.0,16.934386039100083,13.81219508856316,Good,15,0,2025-10-13 15:00:00+00:00,Abnormal
2025-10-13 15:09:00+00:00,470.7907596623723,40,66,66,29.3,46,1011.25,16.66,-0.1569064,0.0,8.9436648,0.0175,0.315,0.2625,-72.509765625,-34.912109375,264.794921875,bedroom_window_open,run_3,0,2355,0,False,False,False,0,0,0,0,0,0,470.7907596623723,66.0,66.0,40.0,0.0026018933739192,-0.0017345955826128,0.0823932901741087,-0.009625,0.222775,0.2422,-0.5478515625,-0.9560546875,-5.2529296875,466.8725011106175,2.75616900069378,62.81333333333333,2.1469087084078673,64.56,2.064334398799533,0.0,5.0,16.480376316105815,13.441523380001604,Good,15,0,2025-10-13 15:00:00+00:00,Abnormal
2025-10-13 15:09:05+00:00,470.7907596623723,40,64,65,29.0,46,1011.19,17.17,-0.0784532,0.0,8.8652116,0.20125,0.13125,0.14,-70.8984375,-34.912109375,264.794921875,bedroom_window_open,run_3,0,2355,0,False,False,False,0,0,0,0,0,0,470.7907596623723,64.0,65.0,40.0,0.0893316725045604,-0.0017345955826128,-0.0043364889565327,0.174125,0.039025,0.1197,1.0634765625,-0.9560546875,-5.2529296875,466.9471346068413,2.708970396878024,62.78666666666667,2.1065148757368473,64.54,2.0452268872020394,0.0,-10.0,16.20793283567129,13.223257648671789,Good,15,0,2025-10-13 15:00:00+00:00,Abnormal
2025-10-13 15:09:10+00:00,470.7907596623723,38,63,64,29.8,46,1011.23,16.83,-0.1176798,0.0784532,8.9044382,-0.0875,0.09625,0.1575,-71.97265625,-33.837890625,290.0390625,bedroom_window_open,run_3,0,2355,0,False,False,False,0,0,0,0,0,0,470.7907596623723,63.0,64.0,38.0,0.0459667829392398,0.0849951835480284,0.039028400608787,-0.114625,0.004025,0.1372,-0.0107421875,0.1181640625,19.9912109375,467.0124389160373,2.682464519516163,62.76,2.0779442603192444,64.51333333333334,2.0257956152386827,0.0,-5.0,16.934386039100083,13.81219508856316,Good,15,0,2025-10-13 15:00:00+00:00,Abnormal
2025-10-13 15:09:16+00:00,470.7907596623723,39,64,66,29.4,46,1011.22,16.91,-0.1176798,0.0,8.825985,0.21875,-0.14,-0.0875,-71.97265625,-33.837890625,290.0390625,bedroom_window_open,run_3,0,2355,0,False,False,False,0,0,0,0,0,0,470.7907596623723,64.0,66.0,39.0,0.0459667829392398,-0.0017345955826128,-0.0477013785218544,0.191625,-0.232225,-0.1078,-0.0107421875,0.1181640625,19.9912109375,467.0777432252332,2.6540769839068017,62.75333333333333,2.072305938216266,64.51333333333334,2.0257956152386827,0.0,5.0,16.571184534710795,13.514964615433016,Good,15,0,2025-10-13 15:00:00+00:00,Abnormal
2025-10-13 15:09:21+00:00,473.58951577076857,38,63,66,29.7,48,1011.23,16.83,-0.196133,0.0,8.8652116,-0.20125,-0.18375,0.0525,-73.046875,-33.837890625,261.572265625,bedroom_window_open,run_3,0,2369,0,False,False,False,0,0,0,0,0,0,473.58951577076857,63.0,66.0,38.0,-0.0407629961914013,-0.0017345955826128,-0.0043364889565327,-0.228375,-0.2759749999999999,0.0321999999999999,-1.0849609375,0.1181640625,-8.4755859375,467.1617059084851,2.659567893553542,62.74,2.064171836143474,64.51333333333334,2.0257956152386827,13.99378054198138,-5.0,17.51675187616613,14.334641696196048,Good,15,0,2025-10-13 15:00:00+00:00,Abnormal
2025-10-13 15:09:26+00:00,472.19013771657046,39,64,68,29.0,49,1011.25,16.66,-0.1569064,0.0,8.8652116,-0.37625,0.0525,0.0875,-69.82421875,-33.30078125,262.646484375,bedroom_window_open,run_3,0,2362,0,False,False,False,0,0,0,0,0,0,472.19013771657046,64.0,68.0,39.0,0.0026018933739192,-0.0017345955826128,-0.0043364889565327,-0.403375,-0.0397249999999999,0.0671999999999999,2.1376953125,0.6552734375,-7.4013671875,467.236339404709,2.642381277718324,62.74,2.064171836143474,64.53333333333333,2.0453472052823978,-6.996890270990548,5.0,17.203586502063654,14.085644017063425,Good,15,0,2025-10-13 15:00:00+00:00,Abnormal
2025-10-13 15:09:32+00:00,472.19013771657046,40,65,70,29.2,48,1011.32,16.08,-0.1569064,-0.0392266,8.8652116,-0.1925,0.04375,-0.0175,-71.435546875,-32.763671875,259.9609375,bedroom_window_open,run_3,0,2362,0,False,False,False,0,0,0,0,0,0,472.19013771657046,65.0,70.0,40.0,0.0026018933739192,-0.0450994851479334,-0.0043364889565327,-0.219625,-0.0484749999999999,-0.0378,0.5263671875,1.1923828125,-10.0869140625,467.3109729009328,2.622945132575776,62.74666666666667,2.0698755487884872,64.55333333333333,2.0839323523610163,0.0,5.0,17.06037413980619,13.949661939975462,Good,15,0,2025-10-13 15:00:00+00:00,Abnormal
2025-10-13 15:09:37+00:00,472.19013771657046,40,64,69,29.9,47,1011.3,16.25,-0.0392266,0.0,8.8652116,2.0825,0.0,0.175,-71.435546875,-32.763671875,255.126953125,bedroom_window_open,run_3,0,2362,0,False,False,False,0,0,0,0,0,0,472.19013771657046,64.0,69.0,40.0,0.1326965620698811,-0.0017345955826128,-0.0043364889565327,2.055375,-0.0922249999999999,0.1546999999999999,0.5263671875,1.1923828125,-14.9208984375,467.3856063971568,2.6012090333959557,62.75333333333333,2.0723059382162665,64.58,2.115046765154818,0.0,-5.0,17.36538015578562,14.18927527782061,Good,15,0,2025-10-13 15:00:00+00:00,Abnormal
2025-10-13 15:09:42+00:00,470.7907596623723,39,63,66,0.0,0,1011.26,16.58,-0.196133,0.0,8.9436648,0.02625,0.2975,-0.27125,-70.8984375,-32.763671875,255.126953125,bedroom_window_open,run_3,0,2355,0,False,False,False,0,0,0,0,0,0,470.7907596623723,63.0,66.0,39.0,-0.0407629961914013,-0.0017345955826128,0.0823932901741087,-0.000875,0.2052749999999999,-0.29155,1.0634765625,1.1923828125,-14.9208984375,467.4509107063527,2.5623682751870738,62.77333333333333,2.059995004446594,64.60666666666667,2.1075023121044594,-6.996890270990832,-5.0,-96.07763018544566,0.0,Good,15,0,2025-10-13 15:00:00+00:00,Abnormal
2025-10-13 15:09:48+00:00,470.7907596623723,38,60,63,29.4,47,1011.18,17.25,-0.1569064,0.0392266,8.9828914,-0.28875,-0.035,-0.035,-70.8984375,-34.375,256.73828125,bedroom_window_open,run_3,0,2355,0,False,False,False,0,0,0,0,0,0,470.7907596623723,60.0,63.0,38.0,0.0026018933739192,0.0416302939827077,0.1257581797394285,-0.315875,-0.1272249999999999,-0.0553,1.0634765625,-0.4189453125,-13.3095703125,467.5162150155486,2.521227354025968,62.77333333333333,2.059995004446594,64.61333333333333,2.1007722027565565,0.0,-15.0,16.9101989694234,13.808768194029389,Good,15,0,2025-10-13 15:00:00+00:00,Abnormal
2025-10-13 15:09:53+00:00,472.19013771657046,39,60,64,29.9,46,1011.27,16.5,-0.1569064,0.0,8.9828914,0.245,0.0175,-0.175,-71.97265625,-33.837890625,262.646484375,bedroom_window_open,run_3,0,2362,0,False,False,False,0,0,0,0,0,0,472.19013771657046,60.0,64.0,39.0,0.0026018933739192,-0.0017345955826128,0.1257581797394285,0.2178749999999999,-0.0747249999999999,-0.1953,-0.0107421875,0.1181640625,-7.4013671875,467.5815193247446,2.5145286831914664,62.766666666666666,2.0673773765335253,64.63333333333334,2.080322208738333,6.996890270990832,0.0,17.025178573502505,13.887375803824426,Good,15,0,2025-10-13 15:00:00+00:00,Abnormal
2025-10-13 15:09:58+00:00,470.7907596623723,38,63,65,29.1,46,1011.31,16.16,-0.1569064,-0.0392266,8.7867584,0.0875,0.2625,-0.0875,-71.435546875,-32.763671875,262.646484375,bedroom_window_open,run_3,0,2355,0,False,False,False,0,0,0,0,0,0,470.7907596623723,63.0,65.0,38.0,0.0026018933739192,-0.0450994851479334,-0.0910662680871742,0.0603749999999999,0.170275,-0.1078,0.5263671875,1.1923828125,-7.4013671875,467.6374944469125,2.4916360792289,62.79333333333334,2.0441327616385343,64.66666666666667,2.0453472052823978,-6.996890270990832,15.0,16.298750466748654,13.295671223762763,Good,15,0,2025-10-13 15:00:00+00:00,Abnormal
2025-10-13 15:10:04+00:00,470.7907596623723,37,63,65,29.1,46,1011.24,16.75,-0.196133,0.0,8.825985,-0.0525,0.0875,-0.175,-71.435546875,-32.763671875,262.646484375,bedroom_window_open,run_3,0,2355,0,False,False,False,0,0,0,0,0,0,470.7907596623723,63.0,65.0,37.0,-0.0407629961914013,-0.0017345955826128,-0.0477013785218544,-0.079625,-0.0047249999999999,-0.1953,0.5263671875,1.1923828125,-7.4013671875,467.6934695690804,2.467253071508167,62.79333333333334,2.0441327616385343,64.67333333333333,2.044789307229937,0.0,0.0,16.298750466748654,13.295671223762763,Good,15,0,2025-10-13 15:00:00+00:00,Abnormal
2025-10-13 15:10:09+00:00,470.7907596623723,37,63,64,29.1,46,1011.27,16.5,-0.1569064,0.0,8.9436648,-0.00875,-0.07,-0.0525,-71.97265625,-33.30078125,280.37109375,bedroom_window_open,run_3,0,2355,0,False,False,False,0,0,0,0,0,0,470.7907596623723,63.0,64.0,37.0,0.0026018933739192,-0.0017345955826128,0.0823932901741087,-0.035875,-0.162225,-0.0728,-0.0107421875,0.6552734375,10.3232421875,467.7494446912483,2.441335003895731,62.78666666666667,2.0418003197819563,64.67333333333333,2.044789307229937,0.0,0.0,16.298750466748654,13.295671223762763,Good,15,0,2025-10-13 15:00:00+00:00,Abnormal
2025-10-13 15:10:14+00:00,470.7907596623723,38,63,65,29.6,46,1011.28,16.41,-0.196133,0.0,8.9044382,0.04375,-0.16625,0.02625,-70.361328125,-33.30078125,265.33203125,bedroom_window_open,run_3,0,2355,0,False,False,False,0,0,0,0,0,0,470.7907596623723,63.0,65.0,38.0,-0.0407629961914013,-0.0017345955826128,0.039028400608787,0.0166249999999999,-0.258475,0.0059499999999999,1.6005859375,0.6552734375,-4.7158203125,467.80541981341617,2.41383242965526,62.78,2.0394432718418045,64.66666666666667,2.0420632633110483,0.0,0.0,16.752791560586438,13.662884065967493,Good,15,0,2025-10-13 15:00:00+00:00,Abnormal
2025-10-13 15:10:20+00:00,470.7907596623723,37,63,64,29.8,46,1011.25,16.66,-0.1569064,0.0,8.8652116,-0.315,0.02625,0.5337500000000001,-70.8984375,-32.2265625,262.109375,bedroom_window_open,run_3,0,2355,0,False,False,False,0,0,0,0,0,0,470.7907596623723,63.0,64.0,37.0,0.0026018933739192,-0.0017345955826128,-0.0043364889565327,-0.342125,-0.0659749999999999,0.5134500000000001,1.0634765625,1.7294921875,-7.9384765625,467.8613949355841,2.384690527194887,62.77333333333333,2.037061532404286,64.65333333333334,2.0398271629199485,0.0,0.0,16.934386039100083,13.81219508856316,Good,15,0,2025-10-13 15:00:00+00:00,Abnormal
2025-10-13 15:10:25+00:00,470.7907596623723,38,64,65,29.0,46,1011.23,16.83,-0.1569064,0.0,8.7475318,0.21875,0.30625,-0.14875,-71.97265625,-32.763671875,279.296875,bedroom_window_open,run_3,0,2355,0,False,False,False,0,0,0,0,0,0,470.7907596623723,64.0,65.0,38.0,0.0026018933739192,-0.0017345955826128,-0.134431157652494,0.191625,0.214025,-0.16905,-0.0107421875,1.1923828125,9.2490234375,467.9080408707241,2.3729963286943203,62.79333333333334,2.034259150361168,64.66,2.039311635407556,0.0,5.0,16.20793283567129,13.223257648671789,Good,15,0,2025-10-13 15:00:00+00:00,Abnormal
2025-10-13 15:10:30+00:00,470.7907596623723,38,65,65,29.5,46,1011.22,16.91,-0.196133,0.0392266,8.9436648,0.6475000000000001,0.02625,-0.09625,-71.97265625,-32.763671875,279.296875,bedroom_window_open,run_3,0,2355,0,False,False,False,0,0,0,0,0,0,470.7907596623723,65.0,65.0,38.0,-0.0407629961914013,0.0416302939827077,0.0823932901741087,0.6203750000000001,-0.0659749999999999,-0.11655,-0.0107421875,1.1923828125,9.2490234375,467.9640159928921,2.340877598655485,62.82666666666667,2.0291389606679533,64.67333333333333,2.034918881573918,0.0,5.0,16.661989616150148,13.588751065112191,Good,15,0,2025-10-13 15:00:00+00:00,Abnormal
2025-10-13 15:10:36+00:00,470.7907596623723,38,65,65,29.6,46,1011.25,16.66,-0.2353596,-0.0392266,8.825985,-0.1925,0.06125,0.07,-70.361328125,-33.30078125,255.126953125,bedroom_window_open,run_3,0,2355,0,False,False,False,0,0,0,0,0,0,470.7907596623723,65.0,65.0,38.0,-0.0841278857567219,-0.0450994851479334,-0.0477013785218544,-0.219625,-0.0309749999999999,0.0497,1.6005859375,0.6552734375,-14.9208984375,468.0199911150599,2.3069451234492298,62.86666666666667,2.012266632988166,64.70666666666666,1.9984781682105597,0.0,0.0,16.752791560586438,13.662884065967493,Good,15,0,2025-10-13 15:00:00+00:00,Abnormal
2025-10-13 15:10:41+00:00,470.7907596623723,37,61,63,29.9,46,1011.32,16.08,-0.1176798,0.0,8.8652116,0.0525,-0.07,-0.20125,-70.8984375,-32.763671875,267.48046875,bedroom_window_open,run_3,0,2355,0,False,False,False,0,0,0,0,0,0,470.7907596623723,61.0,63.0,37.0,0.0459667829392398,-0.0017345955826128,-0.0043364889565327,0.0253749999999999,-0.162225,-0.22155,1.0634765625,1.1923828125,-2.5673828125,468.06663705019986,2.2916071726362244,62.873333333333335,2.004346507393524,64.71333333333334,1.9910425809821428,0.0,-20.0,17.025178573502505,13.887375803824426,Good,15,0,2025-10-13 15:00:00+00:00,Abnormal
2025-10-13 15:10:46+00:00,470.7907596623723,35,60,62,29.8,46,1011.3,16.25,-0.1569064,0.0392266,8.825985,-0.11375,0.0525,-0.14875,-73.046875,-34.375,259.9609375,bedroom_window_open,run_3,0,2355,0,False,False,False,0,0,0,0,0,0,470.7907596623723,60.0,62.0,35.0,0.0026018933739192,0.0416302939827077,-0.0477013785218544,-0.140875,-0.0397249999999999,-0.16905,-1.0849609375,-0.4189453125,-10.0869140625,468.1226121723678,2.254370366255206,62.84,2.010309001591444,64.68666666666667,2.0004585604059595,0.0,-5.0,16.934386039100083,13.81219508856316,Good,15,0,2025-10-13 15:00:00+00:00,Abnormal
2025-10-13 15:10:52+00:00,470.7907596623723,36,63,65,29.7,46,1011.25,16.66,-0.1569064,0.0,8.9828914,0.0,0.0175,0.035,-70.361328125,-32.763671875,286.81640625,bedroom_window_open,run_3,0,2355,0,False,False,False,0,0,0,0,0,0,470.7907596623723,63.0,65.0,36.0,0.0026018933739192,-0.0017345955826128,0.1257581797394285,-0.027125,-0.0747249999999999,0.0146999999999999,1.6005859375,1.1923828125,16.7685546875,468.1785872945357,2.215084553160497,62.82,1.993512969541944,64.66666666666667,1.9820221071192765,0.0,15.0,16.843590368182237,13.737364958854544,Good,15,0,2025-10-13 15:00:00+00:00,Abnormal
2025-10-13 15:10:57+00:00,472.19013771657046,38,63,67,29.8,46,1011.22,16.91,-0.3138128,0.0,8.825985,-0.2275,0.16625,0.09625,-70.361328125,-32.763671875,286.81640625,bedroom_window_open,run_3,0,2362,0,False,False,False,0,0,0,0,0,0,472.19013771657046,63.0,67.0,38.0,-0.1708576648873632,-0.0017345955826128,-0.0477013785218544,-0.254625,0.074025,0.0759499999999999,1.6005859375,1.1923828125,16.7685546875,468.2345624167037,2.209619209538268,62.806666666666665,1.9855067706924905,64.66666666666667,1.9820221071192765,6.996890270990832,0.0,16.934386039100083,13.81219508856316,Good,15,0,2025-10-13 15:00:00+00:00,Abnormal
2025-10-13 15:11:02+00:00,470.7907596623723,39,63,67,29.6,46,1011.24,16.75,-0.1569064,0.0392266,8.7867584,0.21875,0.105,-0.0175,-70.8984375,-33.30078125,259.423828125,bedroom_window_open,run_3,0,2355,0,False,False,False,0,0,0,0,0,0,470.7907596623723,63.0,67.0,39.0,0.0026018933739192,0.0416302939827077,-0.0910662680871742,0.191625,0.012775,-0.0378,1.0634765625,0.6552734375,-10.6240234375,468.2812083518437,2.1890026443163597,62.78666666666667,1.9681581573742688,64.64666666666666,1.9425875868125984,-6.996890270990832,0.0,16.752791560586438,13.662884065967493,Good,15,0,2025-10-13 15:00:00+00:00,Abnormal
2025-10-13 15:11:08+00:00,470.7907596623723,38,62,66,29.6,46,1011.21,17.0,-0.196133,0.0392266,8.7867584,-0.21,0.00875,0.35,-69.82421875,-32.763671875,265.33203125,bedroom_window_open,run_3,0,2355,0,False,False,False,0,0,0,0,0,0,470.7907596623723,62.0,66.0,38.0,-0.0407629961914013,0.0416302939827077,-0.0910662680871742,-0.237125,-0.083475,0.3297,2.1376953125,1.1923828125,-4.7158203125,468.3278542869835,2.167179551861702,62.76,1.9513547178562205,64.63333333333334,1.9262115220661535,0.0,-5.0,16.752791560586438,13.662884065967493,Good,15,0,2025-10-13 15:00:00+00:00,Abnormal
2025-10-13 15:11:13+00:00,470.7907596623723,38,62,66,29.7,47,1011.27,16.5,-0.0784532,-0.0392266,8.825985,0.0525,-0.175,-0.04375,-71.435546875,-33.30078125,267.48046875,bedroom_window_open,run_3,0,2355,0,False,False,False,0,0,0,0,0,0,470.7907596623723,62.0,66.0,38.0,0.0893316725045604,-0.0450994851479334,-0.0477013785218544,0.0253749999999999,-0.267225,-0.06405,0.5263671875,0.6552734375,-2.5673828125,468.37450022212346,2.1441130918659432,62.733333333333334,1.9340352039254023,64.62,1.9096013147272313,0.0,0.0,17.183316866732202,14.036003327525297,Good,15,0,2025-10-13 15:00:00+00:00,Abnormal
2025-10-13 15:11:18+00:00,470.7907596623723,38,63,66,29.5,46,1011.23,16.83,-0.0784532,0.0,8.8652116,-0.46375,-0.02625,0.28,-72.509765625,-33.30078125,260.498046875,bedroom_window_open,run_3,0,2355,0,False,False,False,0,0,0,0,0,0,470.7907596623723,63.0,66.0,38.0,0.0893316725045604,-0.0017345955826128,-0.0043364889565327,-0.490875,-0.1184749999999999,0.2597,-0.5478515625,0.6552734375,-9.5498046875,468.4211461572633,2.1197626751441665,62.72666666666667,1.9313613332447592,64.61333333333333,1.902970714212335,0.0,5.0,16.661989616150148,13.588751065112191,Good,15,0,2025-10-13 15:00:00+00:00,Abnormal
2025-10-13 15:11:24+00:00,470.7907596623723,40,64,67,29.0,46,1011.31,16.16,-0.1569064,0.0,8.8652116,0.035,0.0875,-0.0525,-72.509765625,-33.30078125,260.498046875,bedroom_window_open,run_3,0,2355,0,False,False,False,0,0,0,0,0,0,470.7907596623723,64.0,67.0,40.0,0.0026018933739192,-0.0017345955826128,-0.0043364889565327,0.007875,-0.0047249999999999,-0.0728,-0.5478515625,0.6552734375,-9.5498046875,468.4677920924034,2.0940835118680785,62.733333333333334,1.9340352039254023,64.62,1.9096013147272313,0.0,5.0,16.20793283567129,13.223257648671789,Good,15,0,2025-10-13 15:00:00+00:00,Abnormal
2025-10-13 15:11:29+00:00,470.7907596623723,38,60,65,29.5,46,1011.21,17.0,-0.196133,0.0,8.9044382,0.14,-0.1225,0.21,-70.361328125,-31.15234375,266.40625,bedroom_window_open,run_3,0,2355,0,False,False,False,0,0,0,0,0,0,470.7907596623723,60.0,65.0,38.0,-0.0407629961914013,-0.0017345955826128,0.039028400608787,0.112875,-0.214725,0.1896999999999999,1.6005859375,2.8037109375,-3.6416015625,468.50510884051533,2.085194424135828,62.7,1.937790896110151,64.6,1.889568680587619,0.0,-20.0,16.661989616150148,13.588751065112191,Good,15,0,2025-10-13 15:00:00+00:00,Abnormal
2025-10-13 15:11:34+00:00,472.19013771657046,38,61,65,29.0,46,1011.26,16.58,-0.196133,0.0392266,8.825985,-0.23625,-0.0875,0.14,-70.8984375,-32.763671875,265.869140625,bedroom_window_open,run_3,0,2362,0,False,False,False,0,0,0,0,0,0,472.19013771657046,61.0,65.0,38.0,-0.0407629961914013,0.0416302939827077,-0.0477013785218544,-0.2633749999999999,-0.1797249999999999,0.1197,1.0634765625,1.1923828125,-4.1787109375,468.56108396268326,2.0705201672829032,62.67333333333333,1.9334451869210427,64.58,1.8691059485700068,6.996890270990832,5.0,16.20793283567129,13.223257648671789,Good,15,0,2025-10-13 15:00:00+00:00,Abnormal
2025-10-13 15:11:40+00:00,473.58951577076857,38,62,65,29.7,49,1011.27,16.5,-0.2745862,0.0392266,8.7475318,0.28875,0.09625,-0.09625,-69.82421875,-32.2265625,262.646484375,bedroom_window_open,run_3,0,2369,0,False,False,False,0,0,0,0,0,0,473.58951577076857,62.0,65.0,38.0,-0.1274927753220426,0.0416302939827077,-0.134431157652494,0.261625,0.004025,-0.11655,2.1376953125,1.7294921875,-7.4013671875,468.62638827187914,2.07362812167865,62.66,1.9311296551414792,64.56666666666666,1.8588322330682328,6.996890270990548,5.0,17.84414047086514,14.633280064866796,Good,15,0,2025-10-13 15:00:00+00:00,Abnormal
2025-10-13 15:11:45+00:00,473.58951577076857,40,63,67,29.2,49,1011.23,16.83,-0.1176798,0.0,8.8652116,2.00375,0.13125,0.0875,-71.435546875,-33.30078125,243.310546875,bedroom_window_open,run_3,0,2369,0,False,False,False,0,0,0,0,0,0,473.58951577076857,63.0,67.0,40.0,0.0459667829392398,-0.0017345955826128,-0.0043364889565327,1.976625,0.039025,0.0671999999999999,0.5263671875,0.6552734375,-26.7373046875,468.6916925810751,2.074663071837685,62.66,1.9311296551414792,64.57333333333334,1.8657875846306535,0.0,5.0,17.38661649888094,14.240279897058285,Good,15,0,2025-10-13 15:00:00+00:00,Abnormal
2025-10-13 15:11:51+00:00,472.19013771657046,40,63,66,29.8,48,1011.29,16.33,-0.1569064,-0.0392266,8.9044382,0.0,-0.27125,-0.07,-71.435546875,-33.30078125,243.310546875,bedroom_window_open,run_3,0,2362,0,False,False,False,0,0,0,0,0,0,472.19013771657046,63.0,66.0,40.0,0.0026018933739192,-0.0450994851479334,0.039028400608787,-0.027125,-0.363475,-0.0903,0.5263671875,0.6552734375,-26.7373046875,468.74766770324294,2.0548032884976917,62.68,1.9188922979175032,64.58666666666667,1.8688066991390848,-6.996890270990548,0.0,17.608018459284978,14.41272530980504,Good,15,0,2025-10-13 15:00:00+00:00,Abnormal
2025-10-13 15:11:56+00:00,472.19013771657046,40,64,66,0.0,0,1011.31,16.16,-0.196133,0.0392266,8.8652116,0.02625,0.0,-0.245,-70.361328125,-32.2265625,264.794921875,bedroom_window_open,run_3,0,2362,0,False,False,False,0,0,0,0,0,0,472.19013771657046,64.0,66.0,40.0,-0.0407629961914013,0.0416302939827077,-0.0043364889565327,-0.000875,-0.0922249999999999,-0.2653,1.6005859375,1.7294921875,-5.2529296875,468.8036428254109,2.0331988987857628,62.71333333333333,1.8978499550549215,64.60666666666667,1.8677649373776817,0.0,5.0,-96.07763018544566,0.0,Good,15,0,2025-10-13 15:00:00+00:00,Abnormal
2025-10-13 15:12:01+00:00,470.7907596623723,40,64,66,29.2,47,1011.26,16.58,-0.1176798,0.0,8.825985,-0.07875,-0.11375,-0.315,-71.97265625,-33.30078125,268.5546875,bedroom_window_open,run_3,0,2355,0,False,False,False,0,0,0,0,0,0,470.7907596623723,64.0,66.0,40.0,0.0459667829392398,-0.0017345955826128,-0.0477013785218544,-0.105875,-0.205975,-0.3353,-0.0107421875,0.6552734375,-1.4931640625,468.84095957352287,2.017799259864095,62.733333333333334,1.8954791381894351,64.62,1.8705416794331424,-6.996890270990832,0.0,16.72810506026279,13.659043982892642,Good,15,0,2025-10-13 15:00:00+00:00,Abnormal
2025-10-13 15:12:07+00:00,470.7907596623723,40,64,65,29.6,47,1011.24,16.75,-0.1176798,0.0,8.8652116,-0.7262500000000001,-0.14875,0.06125,-70.361328125,-33.837890625,269.62890625,bedroom_window_open,run_3,0,2355,0,False,False,False,0,0,0,0,0,0,470.7907596623723,64.0,65.0,40.0,0.0459667829392398,-0.0017345955826128,-0.0043364889565327,-0.753375,-0.240975,0.0409499999999999,1.6005859375,0.1181640625,-0.4189453125,468.8782763216347,2.0015809184255646,62.75333333333333,1.8928926291771655,64.62666666666667,1.870099113285769,0.0,0.0,17.092280629614223,13.959903284792873,Good,15,0,2025-10-13 15:00:00+00:00,Abnormal
2025-10-13 15:12:12+00:00,470.7907596623723,39,63,64,29.1,47,1011.26,16.58,-0.1176798,0.0,8.8652116,0.1575,0.16625,-0.30625,-70.361328125,-33.837890625,269.62890625,bedroom_window_open,run_3,0,2355,0,False,False,False,0,0,0,0,0,0,470.7907596623723,63.0,64.0,39.0,0.0459667829392398,-0.0017345955826128,-0.0043364889565327,0.130375,0.074025,-0.32655,1.6005859375,0.1181640625,-0.4189453125,468.9155930697467,1.9845238022546736,62.75333333333333,1.8928926291771655,64.62666666666667,1.870099113285769,0.0,-5.0,16.63705351193257,13.584707554714129,Good,15,0,2025-10-13 15:00:00+00:00,Abnormal
2025-10-13 15:12:17+00:00,470.7907596623723,39,62,63,29.8,46,1011.28,16.41,-0.1176798,0.0392266,8.825985,0.0175,0.2975,-0.21,-70.8984375,-32.763671875,259.423828125,bedroom_window_open,run_3,0,2355,0,False,False,False,0,0,0,0,0,0,470.7907596623723,62.0,63.0,39.0,0.0459667829392398,0.0416302939827077,-0.0477013785218544,-0.009625,0.2052749999999999,-0.2303,1.0634765625,1.1923828125,-10.6240234375,468.9529098178587,1.9666060864438892,62.74666666666667,1.8937788176794113,64.62,1.8741261946007013,0.0,-5.0,16.934386039100083,13.81219508856316,Good,15,0,2025-10-13 15:00:00+00:00,Abnormal
2025-10-13 15:12:23+00:00,470.7907596623723,39,62,64,29.0,46,1011.29,16.33,-0.1569064,-0.0392266,8.9436648,-0.14,0.0875,-0.1925,-70.8984375,-31.689453125,266.40625,bedroom_window_open,run_3,0,2355,0,False,False,False,0,0,0,0,0,0,470.7907596623723,62.0,64.0,39.0,0.0026018933739192,-0.0450994851479334,0.0823932901741087,-0.167125,-0.0047249999999999,-0.2128,1.0634765625,2.2666015625,-3.6416015625,468.9902265659707,1.9478040213465364,62.733333333333334,1.891935079361715,64.60666666666667,1.8713547713059115,0.0,0.0,16.20793283567129,13.223257648671789,Good,15,0,2025-10-13 15:00:00+00:00,Abnormal
2025-10-13 15:12:28+00:00,470.7907596623723,40,64,67,29.7,46,1011.26,16.58,-0.2353596,0.0,8.9044382,-0.105,0.0875,0.14,-69.82421875,-32.2265625,261.03515625,bedroom_window_open,run_3,0,2355,0,False,False,False,0,0,0,0,0,0,470.7907596623723,64.0,67.0,40.0,-0.0841278857567219,-0.0017345955826128,0.039028400608787,-0.132125,-0.0047249999999999,0.1197,2.1376953125,1.7294921875,-9.0126953125,469.0275433140826,1.928091735556716,62.72666666666667,1.885645766112414,64.60666666666667,1.8713547713059115,0.0,10.0,16.843590368182237,13.737364958854544,Good,15,0,2025-10-13 15:00:00+00:00,Abnormal
2025-10-13 15:12:33+00:00,470.7907596623723,38,64,67,29.3,46,1011.36,15.75,-0.196133,0.0392266,8.825985,-0.35875,0.2275,-0.42875,-71.435546875,-29.541015625,280.908203125,bedroom_window_open,run_3,0,2355,0,False,False,False,0,0,0,0,0,0,470.7907596623723,64.0,67.0,38.0,-0.0407629961914013,0.0416302939827077,-0.0477013785218544,-0.385875,0.135275,-0.44905,0.5263671875,4.4150390625,10.8603515625,469.06486006219455,1.9074410094897467,62.72666666666667,1.885645766112414,64.62,1.8812747356174209,0.0,0.0,16.480376316105815,13.441523380001604,Good,15,0,2025-10-13 15:00:00+00:00,Abnormal
2025-10-13 15:12:39+00:00,470.7907596623723,39,64,67,29.8,46,1011.26,16.58,-0.1569064,0.0,8.9044382,-0.11375,0.09625,0.04375,-71.435546875,-29.541015625,280.908203125,bedroom_window_open,run_3,0,2355,0,False,False,False,0,0,0,0,0,0,470.7907596623723,64.0,67.0,39.0,0.0026018933739192,-0.0017345955826128,0.039028400608787,-0.140875,0.004025,0.0234499999999999,0.5263671875,4.4150390625,10.8603515625,469.1021768103065,1.8858210141625864,62.733333333333334,1.888384369170501,64.64,1.8905629288440453,0.0,0.0,16.934386039100083,13.81219508856316,Good,15,0,2025-10-13 15:00:00+00:00,Abnormal
2025-10-13 15:12:44+00:00,470.7907596623723,39,64,65,29.3,46,1011.27,16.5,-0.1569064,0.0392266,8.9436648,-0.28875,-0.13125,0.21,-70.8984375,-32.2265625,261.572265625,bedroom_window_open,run_3,0,2355,0,False,False,False,0,0,0,0,0,0,470.7907596623723,64.0,65.0,39.0,0.0026018933739192,0.0416302939827077,0.0823932901741087,-0.315875,-0.2234749999999999,0.1896999999999999,1.0634765625,1.7294921875,-8.4755859375,469.1394935584184,1.8631980085444295,62.733333333333334,1.888384369170501,64.64,1.8905629288440453,0.0,0.0,16.480376316105815,13.441523380001604,Good,15,0,2025-10-13 15:00:00+00:00,Abnormal
2025-10-13 15:12:49+00:00,470.7907596623723,37,61,62,29.9,46,1011.34,15.91,-0.1569064,0.0,8.8652116,0.0,0.30625,0.00875,-71.435546875,-33.30078125,261.572265625,bedroom_window_open,run_3,0,2355,0,False,False,False,0,0,0,0,0,0,470.7907596623723,61.0,62.0,37.0,0.0026018933739192,-0.0017345955826128,-0.0043364889565327,-0.027125,0.214025,-0.01155,0.5263671875,0.6552734375,-8.4755859375,469.1768103065305,1.839534987284405,62.72,1.8935425412979503,64.62,1.902559208966721,0.0,-15.0,17.025178573502505,13.887375803824426,Good,15,0,2025-10-13 15:00:00+00:00,Abnormal
2025-10-13 15:12:55+00:00,470.7907596623723,37,59,62,29.9,46,1011.24,16.75,-0.1176798,0.0392266,8.8652116,-0.06125,0.0,0.00875,-71.435546875,-32.2265625,268.017578125,bedroom_window_open,run_3,0,2355,0,False,False,False,0,0,0,0,0,0,470.7907596623723,59.0,62.0,37.0,0.0459667829392398,0.0416302939827077,-0.0043364889565327,-0.088375,-0.0922249999999999,-0.01155,0.5263671875,1.7294921875,-2.0302734375,469.2141270546424,1.8147912686189904,62.7,1.916897661403891,64.60666666666667,1.9139076533607249,0.0,-10.0,17.025178573502505,13.887375803824426,Good,15,0,2025-10-13 15:00:00+00:00,Abnormal
2025-10-13 15:13:00+00:00,470.7907596623723,37,59,60,29.5,46,1011.31,16.16,-0.1569064,0.0,8.8652116,-0.385,0.0,0.11375,-71.435546875,-32.763671875,254.58984375,bedroom_window_open,run_3,0,2355,0,False,False,False,0,0,0,0,0,0,470.7907596623723,59.0,60.0,37.0,0.0026018933739192,-0.0017345955826128,-0.0043364889565327,-0.412125,-0.0922249999999999,0.09345,0.5263671875,1.1923828125,-15.4580078125,469.2514438027543,1.788922009669733,62.67333333333333,1.9403752029986467,64.57333333333334,1.9502079278806657,0.0,0.0,16.661989616150148,13.588751065112191,Good,15,0,2025-10-13 15:00:00+00:00,Abnormal
2025-10-13 15:13:05+00:00,470.7907596623723,37,59,60,29.2,46,1011.24,16.75,-0.1176798,0.0392266,8.9044382,0.00875,0.0,0.32375,-71.435546875,-32.763671875,254.58984375,bedroom_window_open,run_3,0,2355,0,False,False,False,0,0,0,0,0,0,470.7907596623723,59.0,60.0,37.0,0.0459667829392398,0.0416302939827077,0.039028400608787,-0.018375,-0.0922249999999999,0.30345,0.5263671875,1.1923828125,-15.4580078125,469.28876055086624,1.7618776329582744,62.64,1.9602766549032815,64.54,1.985281411256126,0.0,0.0,16.38956496017263,13.36842602580982,Good,15,0,2025-10-13 15:00:00+00:00,Abnormal
2025-10-13 15:13:11+00:00,470.7907596623723,39,60,63,29.0,46,1011.3,16.25,-0.1569064,-0.0392266,8.8652116,-0.35,-0.0525,0.04375,-71.435546875,-33.30078125,258.88671875,bedroom_window_open,run_3,0,2355,0,False,False,False,0,0,0,0,0,0,470.7907596623723,60.0,63.0,39.0,0.0026018933739192,-0.0450994851479334,-0.0043364889565327,-0.377125,-0.144725,0.0234499999999999,0.5263671875,0.6552734375,-11.1611328125,469.32607729897813,1.7336031435046746,62.60666666666667,1.9623868040425931,64.52,1.9855856404523056,0.0,5.0,16.20793283567129,13.223257648671789,Good,15,0,2025-10-13 15:00:00+00:00,Abnormal
2025-10-13 15:13:16+00:00,470.7907596623723,38,59,63,29.4,46,1011.26,16.58,-0.1569064,0.0,9.022118,0.00875,-0.14,-0.56,-70.8984375,-33.837890625,264.2578125,bedroom_window_open,run_3,0,2355,0,False,False,False,0,0,0,0,0,0,470.7907596623723,59.0,63.0,38.0,0.0026018933739192,-0.0017345955826128,0.1691230693047502,-0.018375,-0.232225,-0.5803,1.0634765625,0.1181640625,-5.7900390625,469.36339404709014,1.7040373099297776,62.586666666666666,1.9837821198110055,64.52,1.9855856404523056,0.0,-5.0,16.571184534710795,13.514964615433016,Good,15,0,2025-10-13 15:00:00+00:00,Abnormal
2025-10-13 15:13:21+00:00,470.7907596623723,39,59,63,29.5,46,1011.33,16.0,-0.1176798,0.0,8.825985,0.2975,0.175,-0.2625,-71.435546875,-33.30078125,258.88671875,bedroom_window_open,run_3,0,2355,0,False,False,False,0,0,0,0,0,0,470.7907596623723,59.0,63.0,39.0,0.0459667829392398,-0.0017345955826128,-0.0477013785218544,0.270375,0.082775,-0.2828,0.5263671875,0.6552734375,-11.1611328125,469.4007107952021,1.6731116749664134,62.58,1.994186180749016,64.52666666666667,1.978734822779787,0.0,0.0,16.661989616150148,13.588751065112191,Good,15,0,2025-10-13 15:00:00+00:00,Abnormal
2025-10-13 15:13:27+00:00,470.7907596623723,39,59,62,29.2,46,1011.28,16.41,-0.1176798,0.0392266,8.825985,-0.42,0.11375,0.6125,-71.435546875,-33.30078125,258.88671875,bedroom_window_open,run_3,0,2355,0,False,False,False,0,0,0,0,0,0,470.7907596623723,59.0,62.0,39.0,0.0459667829392398,0.0416302939827077,-0.0477013785218544,-0.447125,0.021525,0.5922000000000001,0.5263671875,0.6552734375,-11.1611328125,469.42869835628613,1.6608914404152624,62.56666666666667,2.011432648024678,64.52,1.9855856404523056,0.0,0.0,16.38956496017263,13.36842602580982,Good,15,0,2025-10-13 15:00:00+00:00,Abnormal
2025-10-13 15:13:32+00:00,472.19013771657046,40,60,63,29.3,46,1011.34,15.91,-0.1569064,0.0392266,8.8652116,0.06125,-0.1575,0.14875,-70.361328125,-32.763671875,279.296875,bedroom_window_open,run_3,0,2362,0,False,False,False,0,0,0,0,0,0,472.19013771657046,60.0,63.0,40.0,0.0026018933739192,0.0416302939827077,-0.0043364889565327,0.0341249999999999,-0.2497249999999999,0.1284499999999999,1.6005859375,1.1923828125,9.2490234375,469.4660151043981,1.6596248732963326,62.56666666666667,2.011432648024678,64.52666666666667,1.978734822779787,6.996890270990832,5.0,16.480376316105815,13.441523380001604,Good,15,0,2025-10-13 15:00:00+00:00,Abnormal
2025-10-13 15:13:37+00:00,470.7907596623723,39,60,64,29.7,46,1011.28,16.41,-0.0784532,0.0,8.8652116,-0.35875,0.07875,-0.00875,-70.361328125,-33.837890625,260.498046875,bedroom_window_open,run_3,0,2355,0,False,False,False,0,0,0,0,0,0,470.7907596623723,60.0,64.0,39.0,0.0893316725045604,-0.0017345955826128,-0.0043364889565327,-0.385875,-0.0134749999999999,-0.02905,1.6005859375,0.1181640625,-9.5498046875,469.4940026654819,1.6461872525069596,62.553333333333335,2.021816137083301,64.53333333333333,1.9752382123495,-6.996890270990832,0.0,16.843590368182237,13.737364958854544,Good,15,0,2025-10-13 15:00:00+00:00,Abnormal
2025-10-13 15:13:43+00:00,470.7907596623723,38,60,64,29.0,46,1011.28,16.41,-0.196133,-0.0392266,8.9436648,-0.06125,0.0175,-0.14,-71.97265625,-32.763671875,259.9609375,bedroom_window_open,run_3,0,2355,0,False,False,False,0,0,0,0,0,0,470.7907596623723,60.0,64.0,38.0,-0.0407629961914013,-0.0450994851479334,0.0823932901741087,-0.088375,-0.0747249999999999,-0.1603,-0.0107421875,1.1923828125,-10.0869140625,469.5219902265659,1.6321559665902483,62.553333333333335,2.021816137083301,64.54666666666667,1.9647452032379296,0.0,0.0,16.20793283567129,13.223257648671789,Good,15,0,2025-10-13 15:00:00+00:00,Abnormal
2025-10-13 15:13:48+00:00,470.7907596623723,37,61,64,29.9,46,1011.26,16.58,-0.1569064,0.0,8.9044382,-0.315,0.16625,0.0525,-70.8984375,-32.763671875,275.537109375,bedroom_window_open,run_3,0,2355,0,False,False,False,0,0,0,0,0,0,470.7907596623723,61.0,64.0,37.0,0.0026018933739192,-0.0017345955826128,0.039028400608787,-0.342125,0.074025,0.0321999999999999,1.0634765625,1.1923828125,5.4892578125,469.54997778764994,1.61751556621353,62.56,2.014977475851365,64.56666666666666,1.943554712813648,0.0,5.0,17.025178573502505,13.887375803824426,Good,15,0,2025-10-13 15:00:00+00:00,Abnormal
2025-10-13 15:13:53+00:00,470.7907596623723,37,61,64,0.0,0,1011.25,16.66,-0.1569064,0.0,8.9044382,-0.105,0.09625,0.11375,-70.8984375,-32.763671875,275.537109375,bedroom_window_open,run_3,0,2355,0,False,False,False,0,0,0,0,0,0,470.7907596623723,61.0,64.0,37.0,0.0026018933739192,-0.0017345955826128,0.039028400608787,-0.132125,0.004025,0.09345,1.0634765625,1.1923828125,5.4892578125,469.5779653487339,1.602249354288275,62.56666666666667,2.0080932445351287,64.59333333333333,1.9075852357803709,0.0,0.0,-96.07763018544566,0.0,Good,15,0,2025-10-13 15:00:00+00:00,Abnormal
2025-10-13 15:13:59+00:00,470.7907596623723,37,61,64,29.6,46,1011.29,16.33,-0.1569064,0.0,8.8652116,0.0525,0.035,-0.0175,-71.435546875,-32.763671875,262.646484375,bedroom_window_open,run_3,0,2355,0,False,False,False,0,0,0,0,0,0,470.7907596623723,61.0,64.0,37.0,0.0026018933739192,-0.0017345955826128,-0.0043364889565327,0.0253749999999999,-0.0572249999999999,-0.0378,0.5263671875,1.1923828125,-7.4013671875,469.60595290981786,1.586339263335086,62.553333333333335,2.0118330039530123,64.6,1.903722950911035,0.0,0.0,16.752791560586438,13.662884065967493,Good,15,0,2025-10-13 15:00:00+00:00,Abnormal
2025-10-13 15:14:04+00:00,472.19013771657046,37,63,65,29.6,46,1011.33,16.0,-0.1176798,-0.1176798,8.8652116,-0.14875,0.18375,-0.21,-71.97265625,-33.30078125,262.646484375,bedroom_window_open,run_3,0,2362,0,False,False,False,0,0,0,0,0,0,472.19013771657046,63.0,65.0,37.0,0.0459667829392398,-0.1318292642785746,-0.0043364889565327,-0.175875,0.091525,-0.2303,-0.0107421875,0.6552734375,-7.4013671875,469.64326965792975,1.5808063412317168,62.56,2.011643956915933,64.62,1.8919469039188797,6.996890270990832,10.0,16.752791560586438,13.662884065967493,Good,15,0,2025-10-13 15:00:00+00:00,Abnormal
2025-10-13 15:14:09+00:00,472.19013771657046,39,64,66,0.0,0,1011.34,15.91,-0.0784532,0.0,8.825985,-0.23625,0.0525,0.20125,-70.8984375,-32.763671875,256.73828125,bedroom_window_open,run_3,0,2362,0,False,False,False,0,0,0,0,0,0,472.19013771657046,64.0,66.0,39.0,0.0893316725045604,-0.0017345955826128,-0.0477013785218544,-0.2633749999999999,-0.0397249999999999,0.18095,1.0634765625,1.1923828125,-13.3095703125,469.6805864060417,1.5743637913046316,62.56,2.011643956915933,64.63333333333334,1.8945937450052153,0.0,5.0,-96.07763018544566,0.0,Good,15,0,2025-10-13 15:00:00+00:00,Abnormal
2025-10-13 15:14:15+00:00,472.19013771657046,40,65,67,29.9,46,1011.33,16.0,-0.1569064,0.0,8.8652116,-0.11375,-0.11375,-0.07875,-71.435546875,-34.912109375,277.685546875,bedroom_window_open,run_3,0,2362,0,False,False,False,0,0,0,0,0,0,472.19013771657046,65.0,67.0,40.0,0.0026018933739192,-0.0017345955826128,-0.0043364889565327,-0.140875,-0.205975,-0.09905,0.5263671875,-0.9560546875,7.6376953125,469.7179031541536,1.5670003940894732,62.56666666666667,2.018094877631738,64.65333333333334,1.9036759448257432,0.0,5.0,17.025178573502505,13.887375803824426,Good,15,0,2025-10-13 15:00:00+00:00,Abnormal
2025-10-13 15:14:20+00:00,472.19013771657046,39,65,67,29.2,46,1011.38,15.58,-0.1569064,0.0,8.7867584,-0.07875,-0.13125,0.30625,-71.435546875,-34.912109375,277.685546875,bedroom_window_open,run_3,0,2362,0,False,False,False,0,0,0,0,0,0,472.19013771657046,65.0,67.0,39.0,0.0026018933739192,-0.0017345955826128,-0.0910662680871742,-0.105875,-0.2234749999999999,0.28595,0.5263671875,-0.9560546875,7.6376953125,469.7458907152377,1.5734452511397676,62.56666666666667,2.018094877631738,64.66666666666667,1.9131009532355057,0.0,0.0,16.38956496017263,13.36842602580982,Good,15,0,2025-10-13 15:00:00+00:00,Abnormal
2025-10-13 15:14:25+00:00,470.7907596623723,39,65,68,29.5,46,1011.3,16.25,-0.196133,0.0784532,8.9828914,0.18375,-0.0175,0.245,-71.97265625,-34.375,259.423828125,bedroom_window_open,run_3,0,2355,0,False,False,False,0,0,0,0,0,0,470.7907596623723,65.0,68.0,39.0,-0.0407629961914013,0.0849951835480284,0.1257581797394285,0.156625,-0.1097249999999999,0.2246999999999999,-0.0107421875,-0.4189453125,-10.6240234375,469.7738782763216,1.5541996318551687,62.56666666666667,2.018094877631738,64.68,1.9293563971911605,-6.996890270990832,0.0,16.661989616150148,13.588751065112191,Good,15,0,2025-10-13 15:00:00+00:00,Abnormal
2025-10-13 15:14:31+00:00,472.19013771657046,40,65,67,29.6,46,1011.33,16.0,-0.2353596,0.0,8.9436648,-0.00875,0.14,0.07,-71.435546875,-33.837890625,260.498046875,bedroom_window_open,run_3,0,2362,0,False,False,False,0,0,0,0,0,0,472.19013771657046,65.0,67.0,40.0,-0.0841278857567219,-0.0017345955826128,0.0823932901741087,-0.035875,0.047775,0.0497,0.5263671875,0.1181640625,-9.5498046875,469.8111950244336,1.5444727111205852,62.553333333333335,1.995083442323872,64.67333333333333,1.9195100978270108,6.996890270990832,0.0,16.752791560586438,13.662884065967493,Good,15,0,2025-10-13 15:00:00+00:00,Abnormal
2025-10-13 15:14:36+00:00,472.19013771657046,39,62,64,29.9,46,1011.37,15.66,-0.196133,-0.0392266,8.825985,-0.5950000000000001,0.2625,0.315,-69.82421875,-33.30078125,259.9609375,bedroom_window_open,run_3,0,2362,0,False,False,False,0,0,0,0,0,0,472.19013771657046,62.0,64.0,39.0,-0.0407629961914013,-0.0450994851479334,-0.0477013785218544,-0.622125,0.170275,0.2947,2.1376953125,0.6552734375,-10.0869140625,469.84851177254546,1.533770401313828,62.54,1.992031104040172,64.66,1.9171777355786723,0.0,-15.0,17.025178573502505,13.887375803824426,Good,15,0,2025-10-13 15:00:00+00:00,Abnormal
2025-10-13 15:14:41+00:00,470.7907596623723,39,63,64,29.3,46,1011.33,16.0,-0.196133,0.0,8.8652116,-0.41125,0.315,0.60375,-69.82421875,-33.30078125,255.6640625,bedroom_window_open,run_3,0,2355,0,False,False,False,0,0,0,0,0,0,470.7907596623723,63.0,64.0,39.0,-0.0407629961914013,-0.0017345955826128,-0.0043364889565327,-0.438375,0.222775,0.58345,2.1376953125,0.6552734375,-14.3837890625,469.8764993336294,1.5121095870330294,62.54,1.992031104040172,64.65333333333334,1.917726095686235,-6.996890270990832,5.0,16.480376316105815,13.441523380001604,Good,15,0,2025-10-13 15:00:00+00:00,Abnormal
2025-10-13 15:14:47+00:00,470.7907596623723,39,65,66,29.0,46,1011.33,16.0,-0.196133,0.0,8.9044382,0.07875,0.13125,-0.14,-70.8984375,-33.30078125,255.6640625,bedroom_window_open,run_3,0,2355,0,False,False,False,0,0,0,0,0,0,470.7907596623723,65.0,66.0,39.0,-0.0407629961914013,-0.0017345955826128,0.039028400608787,0.051625,0.039025,-0.1603,1.0634765625,0.6552734375,-14.3837890625,469.9044868947134,1.4896046593493215,62.56,2.001610090157559,64.66666666666667,1.9201043968634863,0.0,10.0,16.20793283567129,13.223257648671789,Good,15,0,2025-10-13 15:00:00+00:00,Abnormal
2025-10-13 15:14:52+00:00,472.19013771657046,38,65,67,29.8,46,1011.28,16.41,-0.1569064,-0.0784532,8.8652116,-0.315,0.0875,-0.11375,-71.435546875,-33.30078125,259.423828125,bedroom_window_open,run_3,0,2362,0,False,False,False,0,0,0,0,0,0,472.19013771657046,65.0,67.0,38.0,0.0026018933739192,-0.088464374713254,-0.0043364889565327,-0.342125,-0.0047249999999999,-0.13405,0.5263671875,0.6552734375,-10.6240234375,469.93247445579743,1.4928655741428518,62.56666666666667,2.0080932445351287,64.68,1.9293563971911605,6.996890270990832,0.0,16.934386039100083,13.81219508856316,Good,15,0,2025-10-13 15:00:00+00:00,Abnormal
2025-10-13 15:14:57+00:00,470.7907596623723,38,66,69,29.0,46,1011.32,16.08,-0.196133,0.0392266,8.8652116,0.5687500000000001,-0.11375,0.1925,-69.82421875,-32.2265625,256.73828125,bedroom_window_open,run_3,0,2355,0,False,False,False,0,0,0,0,0,0,470.7907596623723,66.0,69.0,38.0,-0.0407629961914013,0.0416302939827077,-0.0043364889565327,0.5416250000000001,-0.205975,0.1722,2.1376953125,1.7294921875,-13.3095703125,469.9604620168814,1.468992858332966,62.58,2.0242489700177364,64.7,1.9584612505226036,-6.996890270990832,5.0,16.20793283567129,13.223257648671789,Good,15,0,2025-10-13 15:00:00+00:00,Abnormal
2025-10-13 15:15:03+00:00,472.19013771657046,38,66,69,29.9,46,1011.38,15.58,-0.196133,0.0,8.825985,-0.28875,0.0875,0.175,-70.8984375,-31.15234375,260.498046875,bedroom_window_open,run_3,0,2362,0,False,False,False,0,0,0,0,0,0,472.19013771657046,66.0,69.0,38.0,-0.0407629961914013,-0.0017345955826128,-0.0477013785218544,-0.315875,-0.0047249999999999,0.1546999999999999,1.0634765625,2.8037109375,-9.5498046875,469.9977787649933,1.4538846658640434,62.58,2.0242489700177364,64.7,1.9584612505226036,6.996890270990832,0.0,17.025178573502505,13.887375803824426,Good,15,0,2025-10-13 15:00:00+00:00,Abnormal
2025-10-13 15:15:08+00:00,473.58951577076857,40,65,68,29.1,46,1011.33,16.0,-0.196133,0.0784532,8.6690786,-0.23625,-0.21,-0.04375,-70.8984375,-31.15234375,260.498046875,bedroom_window_open,run_3,0,2369,0,False,False,False,0,0,0,0,0,0,473.58951577076857,65.0,68.0,40.0,-0.0407629961914013,0.0849951835480284,-0.2211609367831354,-0.2633749999999999,-0.3022249999999999,-0.06405,1.0634765625,2.8037109375,-9.5498046875,470.0444247001332,1.456142836522103,62.57333333333333,2.01453332536746,64.7,1.9584612505226036,6.996890270990548,-5.0,16.298750466748654,13.295671223762763,Good,15,0,2025-10-13 15:00:00+00:00,Abnormal
2025-10-13 15:15:13+00:00,472.19013771657046,39,64,66,29.6,46,1011.4,15.41,-0.1176798,0.0,8.8652116,-0.07,-0.35,-0.07,-71.97265625,-30.615234375,252.44140625,bedroom_window_open,run_3,0,2362,0,False,False,False,0,0,0,0,0,0,472.19013771657046,64.0,66.0,39.0,0.0459667829392398,-0.0017345955826128,-0.0043364889565327,-0.097125,-0.442225,-0.0903,-0.0107421875,3.3408203125,-17.6064453125,470.0817414482452,1.4387091710921769,62.58,2.017607061603912,64.7,1.9584612505226036,-6.996890270990548,-5.0,16.752791560586438,13.662884065967493,Good,15,0,2025-10-13 15:00:00+00:00,Abnormal
2025-10-13 15:15:19+00:00,472.19013771657046,40,66,67,29.6,46,1011.34,15.91,-0.1569064,-0.0392266,8.9044382,0.105,0.07875,0.07,-70.361328125,-33.30078125,258.88671875,bedroom_window_open,run_3,0,2362,0,False,False,False,0,0,0,0,0,0,472.19013771657046,66.0,67.0,40.0,0.0026018933739192,-0.0450994851479334,0.039028400608787,0.077875,-0.0134749999999999,0.0497,1.6005859375,0.6552734375,-11.1611328125,470.1190581963571,1.420074796068019,62.586666666666666,2.0272859056327377,64.70666666666666,1.964608561748308,0.0,10.0,16.752791560586438,13.662884065967493,Good,15,0,2025-10-13 15:00:00+00:00,Abnormal
2025-10-13 15:15:24+00:00,472.19013771657046,40,66,67,29.8,46,1011.3,16.25,-0.1569064,0.0,8.8652116,0.7262500000000001,0.21875,-0.28,-73.046875,-32.763671875,256.73828125,bedroom_window_open,run_3,0,2362,0,False,False,False,0,0,0,0,0,0,472.19013771657046,66.0,67.0,40.0,0.0026018933739192,-0.0017345955826128,-0.0043364889565327,0.6991250000000001,0.126525,-0.3003,-1.0849609375,1.1923828125,-13.3095703125,470.13771657041315,1.428809257988682,62.60666666666667,2.0461017664034116,64.72666666666667,1.9726201928034264,0.0,0.0,16.934386039100083,13.81219508856316,Good,15,0,2025-10-13 15:00:00+00:00,Abnormal
2025-10-13 15:15:29+00:00,472.19013771657046,39,65,66,29.0,45,1011.35,15.83,-0.196133,0.0392266,8.825985,-0.1225,0.2625,0.3325,-71.435546875,-33.837890625,263.720703125,bedroom_window_open,run_3,0,2362,0,False,False,False,0,0,0,0,0,0,472.19013771657046,65.0,66.0,39.0,-0.0407629961914013,0.0416302939827077,-0.0477013785218544,-0.149625,0.170275,0.3122,0.5263671875,0.1181640625,-6.3271484375,470.1657041314971,1.4276129726153886,62.626666666666665,2.0547756345347823,64.74666666666667,1.9702030919967473,0.0,-5.0,15.863344456085658,12.935795525874571,Good,15,0,2025-10-13 15:00:00+00:00,Abnormal
2025-10-13 15:15:35+00:00,472.19013771657046,38,65,66,29.9,45,1011.3,16.25,-0.1176798,0.0,9.022118,0.06125,-0.0525,-0.16625,-71.435546875,-33.837890625,263.720703125,bedroom_window_open,run_3,0,2362,0,False,False,False,0,0,0,0,0,0,472.19013771657046,65.0,66.0,38.0,0.0459667829392398,-0.0017345955826128,0.1691230693047502,0.0341249999999999,-0.144725,-0.18655,0.5263671875,0.1181640625,-6.3271484375,470.193691692581,1.4258627501104426,62.66,2.052433487710849,64.77333333333333,1.9598201077104052,0.0,0.0,16.678416352951913,13.585476329828245,Good,15,0,2025-10-13 15:00:00+00:00,Abnormal
2025-10-13 15:15:40+00:00,472.19013771657046,39,64,66,29.4,45,1011.37,15.66,-0.1176798,0.0,8.825985,0.11375,0.0,-0.0175,-70.8984375,-32.2265625,259.423828125,bedroom_window_open,run_3,0,2362,0,False,False,False,0,0,0,0,0,0,472.19013771657046,64.0,66.0,39.0,0.0459667829392398,-0.0017345955826128,-0.0477013785218544,0.086625,-0.0922249999999999,-0.0378,1.0634765625,1.7294921875,-10.6240234375,470.221679253665,1.4235565473252103,62.68,2.050765121580974,64.79333333333334,1.9569071154791349,0.0,-5.0,16.22563076289611,13.221161036836646,Good,15,0,2025-10-13 15:00:00+00:00,Abnormal
2025-10-13 15:15:45+00:00,470.7907596623723,38,62,64,29.3,45,1011.3,16.25,-0.1176798,-0.0392266,8.9436648,-0.035,0.0525,-0.04375,-71.435546875,-34.912109375,265.869140625,bedroom_window_open,run_3,0,2355,0,False,False,False,0,0,0,0,0,0,470.7907596623723,62.0,64.0,38.0,0.0459667829392398,-0.0450994851479334,0.0823932901741087,-0.062125,-0.0397249999999999,-0.06405,0.5263671875,-0.9560546875,-4.1787109375,470.24033762772103,1.412434358678763,62.693333333333335,2.039695551261232,64.80666666666667,1.9445213578055296,-6.996890270990832,-10.0,16.135064006270287,13.149316350001568,Good,15,0,2025-10-13 15:00:00+00:00,Abnormal
2025-10-13 15:15:51+00:00,472.19013771657046,39,63,65,0.0,0,1011.3,16.25,-0.1569064,0.0392266,8.8652116,-0.06125,-0.09625,0.07,-69.82421875,-33.837890625,260.498046875,bedroom_window_open,run_3,0,2362,0,False,False,False,0,0,0,0,0,0,472.19013771657046,63.0,65.0,39.0,0.0026018933739192,0.0416302939827077,-0.0043364889565327,-0.088375,-0.188475,0.0497,2.1376953125,0.1181640625,-9.5498046875,470.26832518880497,1.4091738513640657,62.7,2.0390483370449504,64.82,1.9388988779872691,6.996890270990832,5.0,-96.07763018544566,0.0,Good,15,0,2025-10-13 15:00:00+00:00,Abnormal
2025-10-13 15:15:56+00:00,472.19013771657046,38,62,64,29.4,45,1011.33,16.0,-0.1569064,0.0,8.8652116,0.0875,0.0525,0.1225,-71.435546875,-32.2265625,255.126953125,bedroom_window_open,run_3,0,2362,0,False,False,False,0,0,0,0,0,0,472.19013771657046,62.0,64.0,38.0,0.0026018933739192,-0.0017345955826128,-0.0043364889565327,0.0603749999999999,-0.0397249999999999,0.1021999999999999,0.5263671875,1.7294921875,-14.9208984375,470.286983562861,1.4159967762252652,62.71333333333333,2.0277824257044768,64.83333333333333,1.9262115220661464,0.0,-5.0,16.22563076289611,13.221161036836646,Good,15,0,2025-10-13 15:00:00+00:00,Abnormal
2025-10-13 15:16:02+00:00,472.19013771657046,38,59,60,29.8,45,1011.36,15.75,-0.1569064,0.0,8.7867584,0.09625,0.1575,-0.035,-71.435546875,-32.2265625,255.126953125,bedroom_window_open,run_3,0,2362,0,False,False,False,0,0,0,0,0,0,472.19013771657046,59.0,60.0,38.0,0.0026018933739192,-0.0017345955826128,-0.0910662680871742,0.0691249999999999,0.065275,-0.0553,0.5263671875,1.7294921875,-14.9208984375,470.3149711239449,1.411813890208009,62.70666666666666,2.0383789672968273,64.80666666666667,1.9651209183440943,0.0,-15.0,16.58786566011396,13.511929977942224,Good,15,0,2025-10-13 15:00:00+00:00,Abnormal
2025-10-13 15:16:07+00:00,472.19013771657046,38,58,59,29.0,45,1011.35,15.83,-0.1176798,0.0,8.8652116,-0.16625,0.0875,0.0,-70.361328125,-33.30078125,262.109375,bedroom_window_open,run_3,0,2362,0,False,False,False,0,0,0,0,0,0,472.19013771657046,58.0,59.0,38.0,0.0459667829392398,-0.0017345955826128,-0.0043364889565327,-0.193375,-0.0047249999999999,-0.0203,1.6005859375,0.6552734375,-7.9384765625,470.3429586850289,1.4070582538030867,62.693333333333335,2.062599736589357,64.77333333333333,2.020521119127701,0.0,-5.0,15.863344456085658,12.935795525874571,Good,15,0,2025-10-13 15:00:00+00:00,Abnormal
2025-10-13 15:16:12+00:00,472.19013771657046,37,59,62,29.8,45,1011.33,16.0,-0.1569064,-0.0784532,8.8652116,-1.995,-0.16625,0.035,-72.509765625,-33.837890625,254.58984375,bedroom_window_open,run_3,0,2362,0,False,False,False,0,0,0,0,0,0,472.19013771657046,59.0,62.0,37.0,0.0026018933739192,-0.088464374713254,-0.0043364889565327,-2.022125,-0.258475,0.0146999999999999,-0.5478515625,0.1181640625,-15.4580078125,470.3709462461128,1.4017240375029962,62.68,2.0800103252196953,64.75333333333333,2.0330710946896415,0.0,5.0,16.58786566011396,13.511929977942224,Good,15,0,2025-10-13 15:00:00+00:00,Abnormal
2025-10-13 15:16:18+00:00,472.19013771657046,38,60,64,29.0,45,1011.3,16.25,-0.196133,-0.0392266,8.9044382,-0.035,-0.09625,0.09625,-70.361328125,-33.30078125,257.8125,bedroom_window_open,run_3,0,2362,0,False,False,False,0,0,0,0,0,0,472.19013771657046,60.0,64.0,38.0,-0.0407629961914013,-0.0450994851479334,0.039028400608787,-0.062125,-0.188475,0.0759499999999999,1.6005859375,0.6552734375,-12.2353515625,470.3989338071968,1.395804608009015,62.666666666666664,2.0907808716468255,64.75333333333333,2.0330710946896415,0.0,5.0,15.863344456085658,12.935795525874571,Good,15,0,2025-10-13 15:00:00+00:00,Abnormal
2025-10-13 15:16:23+00:00,472.19013771657046,38,63,65,29.4,45,1011.34,15.91,-0.1569064,0.0,8.9436648,-0.09625,-0.00875,-0.2625,-71.97265625,-32.2265625,272.314453125,bedroom_window_open,run_3,0,2362,0,False,False,False,0,0,0,0,0,0,472.19013771657046,63.0,65.0,38.0,0.0026018933739192,-0.0017345955826128,0.0823932901741087,-0.123375,-0.1009749999999999,-0.2828,-0.0107421875,1.7294921875,2.2666015625,470.4269213682808,1.3892924849979895,62.66,2.0880934433564824,64.74666666666667,2.030593746166027,0.0,15.0,16.22563076289611,13.221161036836646,Good,15,0,2025-10-13 15:00:00+00:00,Abnormal
2025-10-13 15:16:28+00:00,472.19013771657046,38,64,66,29.6,45,1011.34,15.91,-0.1176798,0.0392266,8.9436648,-0.2625,0.11375,0.13125,-71.97265625,-32.2265625,272.314453125,bedroom_window_open,run_3,0,2362,0,False,False,False,0,0,0,0,0,0,472.19013771657046,64.0,66.0,38.0,0.0459667829392398,0.0416302939827077,0.0823932901741087,-0.289625,0.021525,0.11095,-0.0107421875,1.7294921875,2.2666015625,470.4549089293648,1.3821792910877264,62.66,2.0880934433564824,64.75333333333333,2.0330710946896415,0.0,5.0,16.406754637020153,13.365864847142111,Good,15,0,2025-10-13 15:00:00+00:00,Abnormal
2025-10-13 15:16:34+00:00,472.19013771657046,38,63,64,29.5,45,1011.35,15.83,-0.1569064,0.0392266,8.8652116,-0.23625,0.00875,-0.35,-72.509765625,-33.837890625,261.03515625,bedroom_window_open,run_3,0,2362,0,False,False,False,0,0,0,0,0,0,472.19013771657046,63.0,64.0,38.0,0.0026018933739192,0.0416302939827077,-0.0043364889565327,-0.2633749999999999,-0.083475,-0.3702999999999999,-0.5478515625,0.1181640625,-9.0126953125,470.4828964904487,1.3744556941781867,62.66,2.0880934433564824,64.75333333333333,2.0330710946896415,0.0,-5.0,16.316194306422403,13.293343433261928,Good,15,0,2025-10-13 15:00:00+00:00,Abnormal
2025-10-13 15:16:39+00:00,472.19013771657046,40,65,66,29.4,45,1011.35,15.83,-0.1569064,0.0392266,8.7475318,-0.1225,0.07,0.07,-71.435546875,-32.763671875,262.109375,bedroom_window_open,run_3,0,2362,0,False,False,False,0,0,0,0,0,0,472.19013771657046,65.0,66.0,40.0,0.0026018933739192,0.0416302939827077,-0.134431157652494,-0.149625,-0.0222249999999999,0.0497,0.5263671875,1.1923828125,-7.9384765625,470.5108840515327,1.3661113411845696,62.68,2.0960813550480992,64.77333333333333,2.030461536010199,0.0,10.0,16.22563076289611,13.221161036836646,Good,15,0,2025-10-13 15:00:00+00:00,Abnormal
2025-10-13 15:16:44+00:00,472.19013771657046,39,65,66,29.5,47,1011.38,15.58,-0.196133,0.0,8.9044382,-0.09625,-0.13125,0.23625,-70.8984375,-32.2265625,271.77734375,bedroom_window_open,run_3,0,2362,0,False,False,False,0,0,0,0,0,0,472.19013771657046,65.0,66.0,39.0,-0.0407629961914013,-0.0017345955826128,0.039028400608787,-0.123375,-0.2234749999999999,0.2159499999999999,1.0634765625,1.7294921875,1.7294921875,470.5388716126166,1.357134781985399,62.7,2.1038475459606625,64.79333333333334,2.0276500322402136,0.0,0.0,17.00124133056279,13.884158696962457,Good,15,0,2025-10-13 15:00:00+00:00,Abnormal
2025-10-13 15:16:50+00:00,472.19013771657046,40,67,68,29.5,46,1011.38,15.58,-0.1176798,0.0392266,8.9044382,-0.02625,0.18375,0.04375,-70.8984375,-32.2265625,271.77734375,bedroom_window_open,run_3,0,2362,0,False,False,False,0,0,0,0,0,0,472.19013771657046,67.0,68.0,40.0,0.0459667829392398,0.0416302939827077,0.039028400608787,-0.053375,0.091525,0.0234499999999999,1.0634765625,1.7294921875,1.7294921875,470.5668591737006,1.347513382175925,62.733333333333334,2.132102553241648,64.82666666666667,2.0390373655418745,0.0,10.0,16.661989616150148,13.588751065112191,Good,15,0,2025-10-13 15:00:00+00:00,Abnormal
2025-10-13 15:16:55+00:00,472.19013771657046,39,66,67,29.0,46,1011.26,16.58,-0.1176798,0.0392266,8.9436648,-0.7087500000000001,0.02625,0.5950000000000001,-73.046875,-33.30078125,254.052734375,bedroom_window_open,run_3,0,2362,0,False,False,False,0,0,0,0,0,0,472.19013771657046,66.0,67.0,39.0,0.0459667829392398,0.0416302939827077,0.0823932901741087,-0.7358750000000001,-0.0659749999999999,0.5747000000000001,-1.0849609375,0.6552734375,-15.9951171875,470.59484673478454,1.3372332229342183,62.77333333333333,2.1367562026004814,64.85333333333334,2.0411428127651403,0.0,-5.0,16.20793283567129,13.223257648671789,Good,15,0,2025-10-13 15:00:00+00:00,Abnormal
2025-10-13 15:17:00+00:00,472.19013771657046,40,65,66,29.8,46,1011.35,15.83,-0.196133,0.0,8.825985,0.02625,0.14,-0.1225,-71.435546875,-32.763671875,259.9609375,bedroom_window_open,run_3,0,2362,0,False,False,False,0,0,0,0,0,0,472.19013771657046,65.0,66.0,40.0,-0.0407629961914013,-0.0017345955826128,-0.0477013785218544,-0.000875,0.047775,-0.1428,0.5263671875,1.1923828125,-10.0869140625,470.6228342958686,1.3262789859611224,62.806666666666665,2.13219698482652,64.88666666666667,2.0184939121478545,0.0,-5.0,16.934386039100083,13.81219508856316,Good,15,0,2025-10-13 15:00:00+00:00,Abnormal
2025-10-13 15:17:06+00:00,472.19013771657046,39,63,64,29.2,46,1011.39,15.5,-0.1569064,-0.0392266,8.8652116,-0.0175,0.035,-0.0875,-69.82421875,-33.837890625,258.349609375,bedroom_window_open,run_3,0,2362,0,False,False,False,0,0,0,0,0,0,472.19013771657046,63.0,64.0,39.0,0.0026018933739192,-0.0450994851479334,-0.0043364889565327,-0.044625,-0.0572249999999999,-0.1078,2.1376953125,0.1181640625,-11.6982421875,470.65082185695246,1.3146338210286088,62.82666666666667,2.119727305073724,64.89333333333333,2.0138669159746243,0.0,-10.0,16.38956496017263,13.36842602580982,Good,15,0,2025-10-13 15:00:00+00:00,Abnormal
2025-10-13 15:17:11+00:00,472.19013771657046,40,64,65,29.7,46,1011.34,15.91,-0.1176798,0.0,8.9044382,0.035,-0.21,-0.14875,-72.509765625,-36.5234375,247.607421875,bedroom_window_open,run_3,0,2362,0,False,False,False,0,0,0,0,0,0,472.19013771657046,64.0,65.0,40.0,0.0459667829392398,-0.0017345955826128,0.039028400608787,0.007875,-0.3022249999999999,-0.16905,-0.5478515625,-2.5673828125,-22.4404296875,470.6788094180365,1.3022791931416584,62.85333333333333,2.1090621557304017,64.90666666666667,2.0078592782940836,0.0,5.0,16.843590368182237,13.737364958854544,Good,15,0,2025-10-13 15:00:00+00:00,Abnormal
2025-10-13 15:17:16+00:00,472.19013771657046,39,63,63,29.3,46,1011.36,15.75,-0.1569064,-0.0392266,8.825985,-0.16625,0.04375,-0.04375,-72.509765625,-36.5234375,247.607421875,bedroom_window_open,run_3,0,2362,0,False,False,False,0,0,0,0,0,0,472.19013771657046,63.0,63.0,39.0,0.0026018933739192,-0.0450994851479334,-0.0477013785218544,-0.193375,-0.0484749999999999,-0.06405,-0.5478515625,-2.5673828125,-22.4404296875,470.7067969791204,1.2891947056570958,62.846666666666664,2.106992725312407,64.89333333333333,2.0138669159746243,0.0,-5.0,16.480376316105815,13.441523380001604,Good,15,0,2025-10-13 15:00:00+00:00,Abnormal
2025-10-13 15:17:22+00:00,472.19013771657046,39,63,63,29.9,46,1011.33,16.0,-0.1176798,0.0392266,8.825985,-0.07,0.34125,-0.0525,-71.435546875,-32.763671875,262.109375,bedroom_window_open,run_3,0,2362,0,False,False,False,0,0,0,0,0,0,472.19013771657046,63.0,63.0,39.0,0.0459667829392398,0.0416302939827077,-0.0477013785218544,-0.097125,0.249025,-0.0728,0.5263671875,1.1923828125,-7.9384765625,470.7347845402044,1.2753578948695437,62.82666666666667,2.0910376559850845,64.87333333333333,2.017695764199322,0.0,0.0,17.025178573502505,13.887375803824426,Good,15,0,2025-10-13 15:00:00+00:00,Abnormal
2025-10-13 15:17:27+00:00,472.19013771657046,39,63,63,29.2,46,1011.42,15.25,-0.1569064,-0.0392266,8.8652116,-0.23625,-0.07875,0.0,-70.8984375,-33.30078125,255.6640625,bedroom_window_open,run_3,0,2362,0,False,False,False,0,0,0,0,0,0,472.19013771657046,63.0,63.0,39.0,0.0026018933739192,-0.0450994851479334,-0.0043364889565327,-0.2633749999999999,-0.170975,-0.0203,1.0634765625,0.6552734375,-14.3837890625,470.7534429142603,1.27604471590853,62.806666666666665,2.0747658286776054,64.84666666666666,2.0158321900258462,0.0,0.0,16.38956496017263,13.36842602580982,Good,15,0,2025-10-13 15:00:00+00:00,Abnormal
2025-10-13 15:17:32+00:00,473.58951577076857,40,64,64,29.7,47,1011.4,15.41,-0.2353596,0.0,8.8652116,0.02625,0.0525,0.3675,-70.361328125,-32.763671875,254.052734375,bedroom_window_open,run_3,0,2369,0,False,False,False,0,0,0,0,0,0,473.58951577076857,64.0,64.0,40.0,-0.0841278857567219,-0.0017345955826128,-0.0043364889565327,-0.000875,-0.0397249999999999,0.3472,1.6005859375,1.1923828125,-15.9951171875,470.7907596623723,1.2765939066875118,62.78,2.0328510081845423,64.81333333333333,1.9878377402171572,6.996890270990548,5.0,17.183316866732202,14.036003327525297,Good,15,0,2025-10-13 15:00:00+00:00,Abnormal
2025-10-13 15:17:38+00:00,473.58951577076857,41,66,68,29.8,49,1011.43,15.16,-0.196133,0.0,8.8652116,-0.13125,-0.06125,0.14,-70.361328125,-32.763671875,254.052734375,bedroom_window_open,run_3,0,2369,0,False,False,False,0,0,0,0,0,0,473.58951577076857,66.0,68.0,41.0,-0.0407629961914013,-0.0017345955826128,-0.0043364889565327,-0.158375,-0.1534749999999999,0.1197,1.6005859375,1.1923828125,-15.9951171875,470.8280764104842,1.276044715908525,62.77333333333333,2.0205211191278267,64.81333333333333,1.9878377402171572,0.0,10.0,17.935636520080667,14.71299042042598,Good,15,0,2025-10-13 15:00:00+00:00,Abnormal
2025-10-13 15:17:43+00:00,473.58951577076857,40,67,69,29.3,48,1011.37,15.66,-0.1569064,-0.0392266,8.825985,-0.11375,2.03,-0.20125,-70.361328125,-32.763671875,254.052734375,bedroom_window_open,run_3,0,2369,0,False,False,False,0,0,0,0,0,0,473.58951577076857,67.0,69.0,40.0,0.0026018933739192,-0.0450994851479334,-0.0477013785218544,-0.140875,1.937775,-0.22155,1.6005859375,1.1923828125,-15.9951171875,470.86539315859625,1.2743957235557712,62.78666666666667,2.041800319781956,64.84,2.0169749426958608,0.0,5.0,17.151655663669406,14.025937440001671,Good,15,0,2025-10-13 15:00:00+00:00,Abnormal
2025-10-13 15:17:48+00:00,473.58951577076857,39,66,69,29.4,48,1011.44,15.08,-0.1176798,0.0392266,8.8652116,0.035,0.0875,0.16625,-70.8984375,-33.30078125,257.275390625,bedroom_window_open,run_3,0,2369,0,False,False,False,0,0,0,0,0,0,473.58951577076857,66.0,69.0,39.0,0.0459667829392398,0.0416302939827077,-0.0043364889565327,0.007875,-0.0047249999999999,0.14595,1.0634765625,0.6552734375,-12.7724609375,470.902709906708,1.2716426511599823,62.79333333333334,2.0506887586340032,64.86666666666666,2.045347205282389,0.0,-5.0,17.24293419909026,14.102571772625758,Good,15,0,2025-10-13 15:00:00+00:00,Abnormal
2025-10-13 15:17:54+00:00,472.19013771657046,40,67,69,29.4,48,1011.36,15.75,-0.1176798,0.0,8.9044382,-0.1575,-0.04375,-0.105,-70.8984375,-32.2265625,261.03515625,bedroom_window_open,run_3,0,2362,0,False,False,False,0,0,0,0,0,0,472.19013771657046,67.0,69.0,40.0,0.0459667829392398,-0.0017345955826128,0.039028400608787,-0.184625,-0.1359749999999999,-0.1253,1.0634765625,1.7294921875,-9.0126953125,470.92136828076417,1.2698499533684904,62.81333333333333,2.07699662705906,64.9,2.0717013077962534,-6.996890270990548,5.0,17.24293419909026,14.102571772625758,Good,15,0,2025-10-13 15:00:00+00:00,Abnormal
2025-10-13 15:17:59+00:00,473.58951577076857,40,66,67,29.5,47,1011.35,15.83,-0.1569064,-0.0392266,8.825985,-0.245,0.14875,0.14,-71.435546875,-32.763671875,253.515625,bedroom_window_open,run_3,0,2369,0,False,False,False,0,0,0,0,0,0,473.58951577076857,66.0,67.0,40.0,0.0026018933739192,-0.0450994851479334,-0.0477013785218544,-0.272125,0.056525,0.1197,0.5263671875,1.1923828125,-16.5322265625,470.95868502887606,1.2654263389550104,62.82,2.085649272026923,64.91333333333333,2.078773085055163,6.996890270990548,-5.0,17.00124133056279,13.884158696962457,Good,15,0,2025-10-13 15:00:00+00:00,Abnormal
2025-10-13 15:18:04+00:00,474.9888938249667,40,66,68,29.0,50,1011.4,15.41,-0.0784532,0.0784532,8.825985,-0.28,-0.02625,0.11375,-71.435546875,-32.763671875,253.515625,bedroom_window_open,run_3,0,2376,0,False,False,False,0,0,0,0,0,0,474.9888938249667,66.0,68.0,40.0,0.0893316725045604,0.0849951835480284,-0.0477013785218544,-0.307125,-0.1184749999999999,0.09345,0.5263671875,1.1923828125,-16.5322265625,470.9960017769879,1.300932889470321,62.833333333333336,2.099589818255483,64.94,2.09258839108328,6.996890270990548,0.0,17.523581754484503,14.373106139860637,Good,15,0,2025-10-13 15:00:00+00:00,Abnormal
2025-10-13 15:18:10+00:00,474.9888938249667,39,66,68,29.1,49,1011.4,15.41,-0.0784532,0.0392266,8.8652116,-0.1925,-0.02625,0.07,-71.435546875,-32.763671875,271.77734375,bedroom_window_open,run_3,0,2376,0,False,False,False,0,0,0,0,0,0,474.9888938249667,66.0,68.0,39.0,0.0893316725045604,0.0416302939827077,-0.0043364889565327,-0.219625,-0.1184749999999999,0.0497,0.5263671875,1.1923828125,1.7294921875,471.0333185251,1.3344456434425869,62.846666666666664,2.113353728580073,64.96,2.1074492358961003,0.0,0.0,17.2951029583276,14.162780216616856,Good,15,0,2025-10-13 15:00:00+00:00,Abnormal
2025-10-13 15:18:15+00:00,474.9888938249667,41,66,69,29.5,48,1011.38,15.58,-0.1569064,0.0392266,8.9044382,-0.30625,0.06125,0.0875,-71.97265625,-33.837890625,262.109375,bedroom_window_open,run_3,0,2376,0,False,False,False,0,0,0,0,0,0,474.9888938249667,66.0,69.0,41.0,0.0026018933739192,0.0416302939827077,0.039028400608787,-0.333375,-0.0309749999999999,0.0671999999999999,-0.0107421875,0.1181640625,-7.9384765625,471.0706352732119,1.3661113411845267,62.86,2.1269444321490982,64.98666666666666,2.1331096079555856,0.0,0.0,17.334209746215507,14.179566328812722,Good,15,0,2025-10-13 15:00:00+00:00,Abnormal
2025-10-13 15:18:20+00:00,476.3882718791648,41,67,70,29.4,51,1011.42,15.25,-0.196133,0.0392266,8.7867584,-0.34125,0.2975,0.0525,-71.435546875,-32.2265625,259.423828125,bedroom_window_open,run_3,0,2383,0,False,False,False,0,0,0,0,0,0,476.3882718791648,67.0,70.0,41.0,-0.0407629961914013,0.0416302939827077,-0.0910662680871742,-0.368375,0.2052749999999999,0.0321999999999999,0.5263671875,1.7294921875,-10.6240234375,471.1172812083518,1.426507818763693,62.88666666666666,2.1536192938029233,65.02,2.172030874735721,6.996890270990548,5.0,18.205840357223504,14.983982508414869,Good,15,0,2025-10-13 15:00:00+00:00,Abnormal
2025-10-13 15:18:26+00:00,476.3882718791648,42,69,70,29.6,53,1011.44,15.08,-0.2353596,0.0392266,8.825985,0.175,0.0525,0.0525,-71.97265625,-30.615234375,262.646484375,bedroom_window_open,run_3,0,2383,0,False,False,False,0,0,0,0,0,0,476.3882718791648,69.0,70.0,42.0,-0.0841278857567219,0.0416302939827077,-0.0477013785218544,0.1478749999999999,-0.0397249999999999,0.0321999999999999,-0.0107421875,3.3408203125,-7.4013671875,471.1732563305197,1.46720242190947,62.95333333333333,2.187016805055052,65.08666666666667,2.1703822898549854,0.0,10.0,19.00527331070336,15.742018597745153,Good,15,0,2025-10-13 15:00:00+00:00,Abnormal
2025-10-13 15:18:31+00:00,474.9888938249667,41,67,69,29.8,52,1011.43,15.16,-0.196133,0.0,8.9436648,-0.28,0.0,0.2625,-71.97265625,-30.615234375,262.646484375,bedroom_window_open,run_3,0,2376,0,False,False,False,0,0,0,0,0,0,474.9888938249667,67.0,69.0,41.0,-0.0407629961914013,-0.0017345955826128,0.0823932901741087,-0.307125,-0.0922249999999999,0.2422,-0.0107421875,3.3408203125,-7.4013671875,471.20124389160367,1.4995414272935452,63.00666666666667,2.187507750066251,65.15333333333334,2.1354680315205754,-6.996890270990548,-10.0,18.884432352640708,15.61378575228879,Good,15,0,2025-10-13 15:00:00+00:00,Abnormal
2025-10-13 15:18:36+00:00,474.9888938249667,41,67,68,29.2,51,1011.41,15.33,-0.1569064,0.0,8.9044382,0.20125,0.315,0.3325,-72.509765625,-34.912109375,259.423828125,bedroom_window_open,run_3,0,2376,0,False,False,False,0,0,0,0,0,0,474.9888938249667,67.0,68.0,41.0,0.0026018933739192,-0.0017345955826128,0.039028400608787,0.174125,0.222775,0.3122,-0.5478515625,-0.9560546875,-10.6240234375,471.2385606397157,1.5236543384367631,63.053333333333335,2.197578492437848,65.20666666666666,2.105590725722921,0.0,0.0,18.021927945839792,14.821515811223929,Good,15,0,2025-10-13 15:00:00+00:00,Abnormal
2025-10-13 15:18:42+00:00,473.58951577076857,39,64,66,29.8,51,1011.42,15.25,-0.1569064,0.0392266,8.825985,-0.105,0.07875,-0.28875,-69.82421875,-32.2265625,255.126953125,bedroom_window_open,run_3,0,2369,0,False,False,False,0,0,0,0,0,0,473.58951577076857,64.0,66.0,39.0,0.0026018933739192,0.0416302939827077,-0.0477013785218544,-0.132125,-0.0134749999999999,-0.30905,2.1376953125,1.7294921875,-14.9208984375,471.26654820079966,1.5280471439147547,63.086666666666666,2.17347236074182,65.24666666666667,2.062567197739256,-6.996890270990548,-15.0,18.573631917035243,15.313520641667854,Good,15,0,2025-10-13 15:00:00+00:00,Abnormal
2025-10-13 15:18:47+00:00,474.9888938249667,40,64,66,29.5,50,1011.36,15.75,-0.0784532,0.0,8.9044382,0.02625,0.11375,-0.14,-71.435546875,-33.837890625,258.349609375,bedroom_window_open,run_3,0,2376,0,False,False,False,0,0,0,0,0,0,474.9888938249667,64.0,66.0,40.0,0.0893316725045604,-0.0017345955826128,0.039028400608787,-0.000875,0.021525,-0.1603,0.5263671875,0.1181640625,-11.6982421875,471.30386494891167,1.5501353248397447,63.11333333333334,2.159842980455767,65.26666666666667,2.0551675470706137,6.996890270990548,0.0,17.982261430370826,14.770381592513251,Good,15,0,2025-10-13 15:00:00+00:00,Abnormal
2025-10-13 15:18:52+00:00,473.58951577076857,40,64,66,29.0,49,1011.34,15.91,-0.196133,0.0392266,8.7867584,0.1225,0.0,0.07,-71.435546875,-33.837890625,258.349609375,bedroom_window_open,run_3,0,2369,0,False,False,False,0,0,0,0,0,0,473.58951577076857,64.0,66.0,40.0,-0.0407629961914013,0.0416302939827077,-0.0910662680871742,0.0953749999999999,-0.0922249999999999,0.0497,0.5263671875,0.1181640625,-11.6982421875,471.33185250999554,1.5532691674728076,63.14,2.1457934500323357,65.28,2.053381561942635,-6.996890270990548,0.0,17.203586502063654,14.085644017063425,Good,15,0,2025-10-13 15:00:00+00:00,Abnormal
2025-10-13 15:18:58+00:00,473.58951577076857,39,63,65,29.7,49,1011.38,15.58,-0.196133,0.0,8.8652116,0.0175,0.30625,-0.0875,-71.435546875,-33.837890625,275.0,bedroom_window_open,run_3,0,2369,0,False,False,False,0,0,0,0,0,0,473.58951577076857,63.0,65.0,39.0,-0.0407629961914013,-0.0017345955826128,-0.0043364889565327,-0.009625,0.214025,-0.1078,0.5263671875,0.1181640625,4.9521484375,471.3598400710795,1.5558899596804745,63.14666666666667,2.1437803486937557,65.28,2.053381561942635,0.0,-5.0,17.84414047086514,14.633280064866796,Good,15,0,2025-10-13 15:00:00+00:00,Abnormal
2025-10-13 15:19:03+00:00,473.58951577076857,41,64,66,29.4,49,1011.41,15.33,-0.196133,-0.0392266,8.9044382,-0.25375,0.16625,-0.0875,-71.435546875,-33.30078125,257.8125,bedroom_window_open,run_3,0,2369,0,False,False,False,0,0,0,0,0,0,473.58951577076857,64.0,66.0,41.0,-0.0407629961914013,-0.0450994851479334,0.039028400608787,-0.280875,0.074025,-0.1078,0.5263671875,0.6552734375,-12.2353515625,471.3784984451355,1.5657697946038822,63.16,2.1428200699893867,65.28666666666666,2.0540896076682973,0.0,5.0,17.569634833413165,14.396375351222128,Good,15,0,2025-10-13 15:00:00+00:00,Abnormal
2025-10-13 15:19:08+00:00,472.19013771657046,41,66,69,29.2,48,1011.33,16.0,-0.1569064,-0.0392266,8.9828914,0.11375,0.06125,0.0,-70.361328125,-32.763671875,257.275390625,bedroom_window_open,run_3,0,2362,0,False,False,False,0,0,0,0,0,0,472.19013771657046,66.0,69.0,41.0,0.0026018933739192,-0.0450994851479334,0.1257581797394285,0.086625,-0.0309749999999999,-0.0203,1.6005859375,1.1923828125,-12.7724609375,471.3971568191915,1.558590671150109,63.17333333333333,2.15427362574638,65.30666666666667,2.0755743659396204,-6.996890270990548,10.0,17.06037413980619,13.949661939975462,Good,15,0,2025-10-13 15:00:00+00:00,Abnormal
2025-10-13 15:19:14+00:00,472.19013771657046,40,66,70,29.3,48,1011.41,15.33,-0.196133,0.0392266,8.8652116,-0.1225,-0.105,0.1225,-70.8984375,-30.078125,250.830078125,bedroom_window_open,run_3,0,2362,0,False,False,False,0,0,0,0,0,0,472.19013771657046,66.0,70.0,40.0,-0.0407629961914013,0.0416302939827077,-0.0043364889565327,-0.149625,-0.1972249999999999,0.1021999999999999,1.0634765625,3.8779296875,-19.2177734375,471.4158151932474,1.5511523999599803,63.193333333333335,2.166544481153027,65.33333333333333,2.1099529772000407,0.0,0.0,17.151655663669406,14.025937440001671,Good,15,0,2025-10-13 15:00:00+00:00,Abnormal
2025-10-13 15:19:19+00:00,473.58951577076857,38,63,68,0.0,0,1011.4,15.41,-0.1569064,0.0,8.825985,0.00875,0.07,-0.0175,-70.8984375,-30.078125,250.830078125,bedroom_window_open,run_3,0,2369,0,False,False,False,0,0,0,0,0,0,473.58951577076857,63.0,68.0,38.0,0.0026018933739192,-0.0017345955826128,-0.0477013785218544,-0.018375,-0.0222249999999999,-0.0378,1.0634765625,3.8779296875,-19.2177734375,471.44380275433144,1.552253479311939,63.20666666666666,2.1590970852914335,65.35333333333334,2.1209617505281337,6.996890270990548,-15.0,-96.07763018544566,0.0,Good,15,0,2025-10-13 15:00:00+00:00,Abnormal
2025-10-13 15:19:24+00:00,472.19013771657046,39,64,69,29.0,48,1011.43,15.16,-0.196133,0.0,8.9044382,-0.1225,0.16625,0.44625,-70.8984375,-33.837890625,253.515625,bedroom_window_open,run_3,0,2362,0,False,False,False,0,0,0,0,0,0,472.19013771657046,64.0,69.0,39.0,-0.0407629961914013,-0.0017345955826128,0.039028400608787,-0.149625,0.074025,0.42595,1.0634765625,0.1181640625,-16.5322265625,471.46246112838736,1.544217405273451,63.22666666666667,2.1524035781682014,65.38666666666667,2.1387654554386866,-6.996890270990548,5.0,16.87780212616561,13.798181894266213,Good,15,0,2025-10-13 15:00:00+00:00,Abnormal
2025-10-13 15:19:30+00:00,472.19013771657046,38,64,69,29.5,48,1011.46,14.91,-0.1569064,0.0,8.8652116,-0.02625,-0.25375,0.06125,-71.97265625,-33.30078125,253.515625,bedroom_window_open,run_3,0,2362,0,False,False,False,0,0,0,0,0,0,472.19013771657046,64.0,69.0,38.0,0.0026018933739192,-0.0017345955826128,-0.0043364889565327,-0.053375,-0.345975,0.0409499999999999,-0.0107421875,0.6552734375,-16.5322265625,471.4811195024434,1.5359111245987234,63.24666666666667,2.1455015110181277,65.42,2.15590339836622,0.0,0.0,17.334209746215507,14.179566328812722,Good,15,0,2025-10-13 15:00:00+00:00,Abnormal
2025-10-13 15:19:35+00:00,473.58951577076857,38,65,69,29.8,47,1011.39,15.5,-0.1569064,-0.0392266,8.8652116,-0.1925,0.07875,0.0,-70.8984375,-31.689453125,257.8125,bedroom_window_open,run_3,0,2369,0,False,False,False,0,0,0,0,0,0,473.58951577076857,65.0,69.0,38.0,0.0026018933739192,-0.0450994851479334,-0.0043364889565327,-0.219625,-0.0134749999999999,-0.0203,1.0634765625,2.2666015625,-12.2353515625,471.5091070635273,1.5358255529575306,63.26,2.1501677786885316,65.44666666666667,2.1753242963253108,6.996890270990548,5.0,17.27435004207118,14.1124601991841,Good,15,0,2025-10-13 15:00:00+00:00,Abnormal
2025-10-13 15:19:40+00:00,472.19013771657046,39,67,69,29.8,47,1011.46,14.91,-0.196133,0.0392266,8.9044382,-0.23625,0.14,-0.035,-70.8984375,-33.30078125,275.537109375,bedroom_window_open,run_3,0,2362,0,False,False,False,0,0,0,0,0,0,472.19013771657046,67.0,69.0,39.0,-0.0407629961914013,0.0416302939827077,0.039028400608787,-0.2633749999999999,0.047775,-0.0553,1.0634765625,0.6552734375,5.4892578125,471.5277654375832,1.5268999181485143,63.27333333333333,2.1671639422464124,65.45333333333333,2.1847140296841236,-6.996890270990548,10.0,17.27435004207118,14.1124601991841,Good,15,0,2025-10-13 15:00:00+00:00,Abnormal
2025-10-13 15:19:46+00:00,473.58951577076857,39,66,68,29.1,47,1011.39,15.5,-0.1176798,0.0,8.825985,-0.1225,-0.2975,0.105,-70.8984375,-33.30078125,275.537109375,bedroom_window_open,run_3,0,2369,0,False,False,False,0,0,0,0,0,0,473.58951577076857,66.0,68.0,39.0,0.0459667829392398,-0.0017345955826128,-0.0477013785218544,-0.149625,-0.389725,0.0847,1.0634765625,0.6552734375,5.4892578125,471.5557529986673,1.525952807594362,63.28,2.1740383973197064,65.46,2.190982127851233,6.996890270990548,-5.0,16.63705351193257,13.584707554714129,Good,15,0,2025-10-13 15:00:00+00:00,Abnormal
2025-10-13 15:19:51+00:00,473.58951577076857,39,65,66,29.3,47,1011.41,15.33,-0.1569064,0.0,8.8652116,0.06125,0.09625,0.06125,-71.435546875,-34.375,259.423828125,bedroom_window_open,run_3,0,2369,0,False,False,False,0,0,0,0,0,0,473.58951577076857,65.0,66.0,39.0,0.0026018933739192,-0.0017345955826128,-0.0043364889565327,0.0341249999999999,0.004025,0.0409499999999999,0.5263671875,-0.4189453125,-10.6240234375,471.5837405597513,1.5244879339225623,63.29333333333334,2.1784381655588967,65.46666666666667,2.191094442187713,0.0,-5.0,16.819153546041566,13.733730410001636,Good,15,0,2025-10-13 15:00:00+00:00,Abnormal
2025-10-13 15:19:56+00:00,473.58951577076857,38,63,64,29.1,47,1011.46,14.91,-0.2353596,0.0,8.7475318,0.175,0.11375,-0.04375,-71.435546875,-33.30078125,259.9609375,bedroom_window_open,run_3,0,2369,0,False,False,False,0,0,0,0,0,0,473.58951577076857,63.0,64.0,38.0,-0.0841278857567219,-0.0017345955826128,-0.134431157652494,0.1478749999999999,0.021525,-0.06405,0.5263671875,0.6552734375,-10.0869140625,471.6117281208352,1.5225038026399276,63.3,2.175982382479086,65.47333333333333,2.185051921938184,0.0,-10.0,16.63705351193257,13.584707554714129,Good,15,0,2025-10-13 15:00:00+00:00,Abnormal
2025-10-13 15:20:02+00:00,473.58951577076857,39,63,63,29.7,47,1011.39,15.5,-0.1176798,0.0,8.7867584,-0.105,0.28,0.035,-71.97265625,-33.837890625,263.720703125,bedroom_window_open,run_3,0,2369,0,False,False,False,0,0,0,0,0,0,473.58951577076857,63.0,63.0,39.0,0.0459667829392398,-0.0017345955826128,-0.0910662680871742,-0.132125,0.187775,0.0146999999999999,-0.0107421875,0.1181640625,-6.3271484375,471.6397156819192,1.5199983803076194,63.31333333333333,2.1679070619108813,65.47333333333333,2.185051921938184,0.0,0.0,17.183316866732202,14.036003327525297,Good,15,0,2025-10-13 15:00:00+00:00,Abnormal
2025-10-13 15:20:07+00:00,472.19013771657046,38,59,59,29.6,47,1011.42,15.25,-0.196133,-0.0392266,8.8652116,-0.0875,-0.34125,0.0175,-70.8984375,-32.2265625,270.703125,bedroom_window_open,run_3,0,2362,0,False,False,False,0,0,0,0,0,0,472.19013771657046,59.0,59.0,38.0,-0.0407629961914013,-0.0450994851479334,-0.0043364889565327,-0.114625,-0.433475,-0.0028,1.0634765625,1.7294921875,0.6552734375,471.6490448689472,1.5190469667199131,63.306666666666665,2.1796701513486822,65.44,2.244994432064312,-6.996890270990548,-20.0,17.092280629614223,13.959903284792873,Good,15,0,2025-10-13 15:00:00+00:00,Abnormal
2025-10-13 15:20:12+00:00,472.19013771657046,39,60,60,29.5,46,1011.4,15.41,-0.1569064,-0.0392266,8.9044382,0.04375,0.175,-0.11375,-70.8984375,-32.2265625,270.703125,bedroom_window_open,run_3,0,2362,0,False,False,False,0,0,0,0,0,0,472.19013771657046,60.0,60.0,39.0,0.0026018933739192,-0.0450994851479334,0.039028400608787,0.0166249999999999,0.082775,-0.13405,1.0634765625,1.7294921875,0.6552734375,471.66770324300313,1.5082804271916994,63.31333333333333,2.1679070619108813,65.42,2.2799682088916975,0.0,5.0,16.661989616150148,13.588751065112191,Good,15,0,2025-10-13 15:00:00+00:00,Abnormal
2025-10-13 15:20:18+00:00,473.58951577076857,38,60,62,29.5,46,1011.45,15.0,-0.1176798,0.0,8.8652116,0.0,0.1575,-0.21875,-69.82421875,-33.837890625,264.794921875,bedroom_window_open,run_3,0,2369,0,False,False,False,0,0,0,0,0,0,473.58951577076857,60.0,62.0,38.0,0.0459667829392398,-0.0017345955826128,-0.0043364889565327,-0.027125,0.065275,-0.23905,2.1376953125,0.1181640625,-5.2529296875,471.6956908040871,1.5047035759739218,63.31333333333333,2.1679070619108813,65.40666666666667,2.2941321900868337,6.996890270990548,0.0,16.661989616150148,13.588751065112191,Good,15,0,2025-10-13 15:00:00+00:00,Abnormal
2025-10-13 15:20:23+00:00,473.58951577076857,39,64,65,29.3,46,1011.44,15.08,-0.1569064,-0.0392266,8.9044382,0.13125,-0.02625,0.175,-71.97265625,-34.912109375,268.5546875,bedroom_window_open,run_3,0,2369,0,False,False,False,0,0,0,0,0,0,473.58951577076857,64.0,65.0,39.0,0.0026018933739192,-0.0450994851479334,0.039028400608787,0.104125,-0.1184749999999999,0.1546999999999999,-0.0107421875,-0.9560546875,-1.4931640625,471.723678365171,1.5005927944499238,63.32,2.168474551198359,65.40666666666667,2.2941321900868337,0.0,20.0,16.480376316105815,13.441523380001604,Good,15,0,2025-10-13 15:00:00+00:00,Abnormal
2025-10-13 15:20:29+00:00,474.9888938249667,39,64,65,29.9,47,1011.39,15.5,-0.196133,0.0,8.825985,0.0,0.18375,-0.1225,-72.509765625,-34.375,257.8125,bedroom_window_open,run_3,0,2376,0,False,False,False,0,0,0,0,0,0,474.9888938249667,64.0,65.0,39.0,-0.0407629961914013,-0.0017345955826128,-0.0477013785218544,-0.027125,0.091525,-0.1428,-0.5478515625,-0.4189453125,-12.2353515625,471.76099511328306,1.5117618823748729,63.31333333333333,2.164809047073465,65.38666666666667,2.284428369503249,6.996890270990548,0.0,17.36538015578562,14.18927527782061,Good,15,0,2025-10-13 15:00:00+00:00,Abnormal
2025-10-13 15:20:34+00:00,474.9888938249667,38,64,66,0.0,0,1011.37,15.66,-0.196133,-0.0392266,8.825985,-0.1925,0.07,-0.11375,-72.509765625,-34.375,257.8125,bedroom_window_open,run_3,0,2376,0,False,False,False,0,0,0,0,0,0,474.9888938249667,64.0,66.0,38.0,-0.0407629961914013,-0.0450994851479334,-0.0477013785218544,-0.219625,-0.0222249999999999,-0.13405,-0.5478515625,-0.4189453125,-12.2353515625,471.798311861395,1.5219282085765378,63.32,2.165377348270499,65.38,2.281145361671106,0.0,0.0,-96.07763018544566,0.0,Good,15,0,2025-10-13 15:00:00+00:00,Abnormal
2025-10-13 15:20:39+00:00,476.3882718791648,37,63,66,29.6,48,1011.46,14.91,-0.1569064,-0.0392266,8.8652116,-0.04375,0.0875,0.14,-72.509765625,-34.375,257.8125,bedroom_window_open,run_3,0,2383,0,False,False,False,0,0,0,0,0,0,476.3882718791648,63.0,66.0,37.0,0.0026018933739192,-0.0450994851479334,-0.0043364889565327,-0.070875,-0.0047249999999999,0.1197,-0.5478515625,-0.4189453125,-12.2353515625,471.84495779653486,1.554537844458462,63.32666666666667,2.1628239887388605,65.39333333333333,2.2788689843592356,6.996890270990548,-5.0,17.425482305191874,14.25692250361825,Good,15,0,2025-10-13 15:00:00+00:00,Abnormal
2025-10-13 15:20:45+00:00,477.7876499333629,39,64,68,29.8,51,1011.47,14.83,-0.1176798,-0.0392266,8.9436648,-0.1925,0.105,-0.27125,-71.97265625,-32.763671875,266.943359375,bedroom_window_open,run_3,0,2390,0,False,False,False,0,0,0,0,0,0,477.7876499333629,64.0,68.0,39.0,0.0459667829392398,-0.0450994851479334,0.0823932901741087,-0.219625,0.012775,-0.29155,-0.0107421875,1.1923828125,-3.1044921875,471.9009329187028,1.6155643353860822,63.346666666666664,2.1550211904054417,65.41333333333333,2.2885377256449138,6.996890270990548,5.0,18.573631917035243,15.313520641667854,Good,15,0,2025-10-13 15:00:00+00:00,Abnormal
2025-10-13 15:20:50+00:00,477.7876499333629,39,65,68,0.0,0,1011.48,14.75,-0.2353596,0.0,9.1397978,-0.11375,0.14875,0.0875,-70.361328125,-33.30078125,265.869140625,bedroom_window_open,run_3,0,2390,0,False,False,False,0,0,0,0,0,0,477.7876499333629,65.0,68.0,39.0,-0.0841278857567219,-0.0017345955826128,0.2992177380007114,-0.140875,0.056525,0.0671999999999999,1.6005859375,0.6552734375,-4.1787109375,471.9569080408707,1.6724831384854526,63.36666666666667,2.156359928949019,65.43333333333334,2.297990562730399,0.0,5.0,-96.07763018544566,0.0,Good,15,0,2025-10-13 15:00:00+00:00,Abnormal
2025-10-13 15:20:55+00:00,477.7876499333629,39,66,68,29.6,51,1011.43,15.16,-0.1176798,0.0,8.8652116,-0.55125,0.21875,0.14,-72.509765625,-30.615234375,279.833984375,bedroom_window_open,run_3,0,2390,0,False,False,False,0,0,0,0,0,0,477.7876499333629,66.0,68.0,39.0,0.0459667829392398,-0.0017345955826128,-0.0043364889565327,-0.578375,0.126525,0.1197,-0.5478515625,3.3408203125,9.7861328125,472.01288316303874,1.725700753344445,63.38,2.166461872957876,65.44,2.3040087621011103,0.0,5.0,18.38974168062108,15.147980160094397,Good,15,0,2025-10-13 15:00:00+00:00,Abnormal
2025-10-13 15:21:01+00:00,477.7876499333629,39,67,69,29.6,50,1011.46,14.91,-0.0784532,0.0,8.8652116,0.21,0.20125,-0.2975,-72.509765625,-30.615234375,279.833984375,bedroom_window_open,run_3,0,2390,0,False,False,False,0,0,0,0,0,0,477.7876499333629,67.0,69.0,39.0,0.0893316725045604,-0.0017345955826128,-0.0043364889565327,0.1828749999999999,0.109025,-0.3177999999999999,-0.5478515625,3.3408203125,9.7861328125,472.06885828520666,1.7755500123899015,63.406666666666666,2.186280180828398,65.46666666666667,2.3219601377783228,0.0,5.0,18.073988835807903,14.850960941269012,Good,15,0,2025-10-13 15:00:00+00:00,Abnormal
2025-10-13 15:21:06+00:00,476.3882718791648,39,68,69,29.9,52,1011.44,15.08,-0.1569064,-0.0392266,8.9828914,-0.18375,-0.1225,0.21,-70.8984375,-32.763671875,257.8125,bedroom_window_open,run_3,0,2383,0,False,False,False,0,0,0,0,0,0,476.3882718791648,68.0,69.0,39.0,0.0026018933739192,-0.0450994851479334,0.1257581797394285,-0.210875,-0.214725,0.1896999999999999,1.0634765625,1.1923828125,-12.2353515625,472.1155042203465,1.7965219475158662,63.44,2.2179257496302163,65.49333333333334,2.3394678069352772,-6.996890270990548,5.0,18.976591869040433,15.698772647801526,Good,15,0,2025-10-13 15:00:00+00:00,Abnormal
2025-10-13 15:21:11+00:00,476.3882718791648,40,68,70,29.5,51,1011.49,14.66,-0.196133,0.0392266,8.7867584,-0.23625,0.4725,0.23625,-72.509765625,-32.2265625,264.794921875,bedroom_window_open,run_3,0,2383,0,False,False,False,0,0,0,0,0,0,476.3882718791648,68.0,70.0,40.0,-0.0407629961914013,0.0416302939827077,-0.0910662680871742,-0.2633749999999999,0.380275,0.2159499999999999,-0.5478515625,1.7294921875,-5.2529296875,472.1621501554865,1.8160461108778585,63.46666666666667,2.24853917280384,65.52666666666667,2.367840084690352,0.0,0.0,18.297792404857887,15.065789224363517,Good,15,0,2025-10-13 15:00:00+00:00,Abnormal
2025-10-13 15:21:17+00:00,474.9888938249667,40,65,69,29.6,50,1011.46,14.91,-0.1569064,0.1176798,8.7867584,-0.23625,0.04375,0.0,-70.8984375,-33.837890625,268.017578125,bedroom_window_open,run_3,0,2376,0,False,False,False,0,0,0,0,0,0,474.9888938249667,65.0,69.0,40.0,0.0026018933739192,0.128360073113349,-0.0910662680871742,-0.2633749999999999,-0.0484749999999999,-0.0203,1.0634765625,0.1181640625,-2.0302734375,472.1994669035984,1.816239086582872,63.486666666666665,2.2487480981534618,65.56666666666666,2.375537146369322,-6.996890270990548,-15.0,18.073988835807903,14.850960941269012,Good,15,0,2025-10-13 15:00:00+00:00,Abnormal
2025-10-13 15:21:22+00:00,474.9888938249667,39,64,66,29.8,50,1011.44,15.08,-0.1569064,0.0392266,8.8652116,-0.07875,0.06125,-0.315,-70.361328125,-34.375,254.052734375,bedroom_window_open,run_3,0,2376,0,False,False,False,0,0,0,0,0,0,474.9888938249667,64.0,66.0,39.0,0.0026018933739192,0.0416302939827077,-0.0043364889565327,-0.105875,-0.0309749999999999,-0.3353,1.6005859375,-0.4189453125,-15.9951171875,472.2367836517103,1.8156600979371005,63.49333333333333,2.248777943047452,65.58,2.3722953515317324,0.0,-5.0,18.25743511799935,15.013255531046916,Good,15,0,2025-10-13 15:00:00+00:00,Abnormal
2025-10-13 15:21:27+00:00,473.58951577076857,39,63,65,29.5,49,1011.48,14.75,-0.1569064,0.0,8.9044382,-0.1225,0.1225,0.175,-70.361328125,-34.375,254.052734375,bedroom_window_open,run_3,0,2369,0,False,False,False,0,0,0,0,0,0,473.58951577076857,63.0,65.0,39.0,0.0026018933739192,-0.0017345955826128,0.039028400608787,-0.149625,0.030275,0.1546999999999999,1.6005859375,-0.4189453125,-15.9951171875,472.25544202576634,1.8150809246010335,63.5,2.245801451837203,65.58666666666667,2.369228534328096,-6.996890270990548,-5.0,17.661139627670686,14.474973960662988,Good,15,0,2025-10-13 15:00:00+00:00,Abnormal
2025-10-13 15:21:33+00:00,474.9888938249667,40,64,66,29.5,49,1011.48,14.75,-0.196133,0.0,8.9044382,-0.0525,-0.09625,0.0,-71.97265625,-33.30078125,261.572265625,bedroom_window_open,run_3,0,2376,0,False,False,False,0,0,0,0,0,0,474.9888938249667,64.0,66.0,40.0,-0.0407629961914013,-0.0017345955826128,0.039028400608787,-0.079625,-0.188475,-0.0203,-0.0107421875,0.6552734375,-8.4755859375,472.29275877387823,1.8133422946810935,63.52,2.236728195408304,65.6,2.365864627623767,6.996890270990548,5.0,17.661139627670686,14.474973960662988,Good,15,0,2025-10-13 15:00:00+00:00,Abnormal
2025-10-13 15:21:38+00:00,474.9888938249667,40,65,66,29.4,50,1011.43,15.16,-0.2353596,0.0392266,8.8652116,0.7962500000000001,0.1225,-0.6300000000000001,-70.8984375,-33.30078125,262.646484375,bedroom_window_open,run_3,0,2376,0,False,False,False,0,0,0,0,0,0,474.9888938249667,65.0,66.0,40.0,-0.0841278857567219,0.0416302939827077,-0.0043364889565327,0.7691250000000002,0.030275,-0.6503000000000001,1.0634765625,0.6552734375,-7.4013671875,472.3207463349622,1.822379480591097,63.54666666666667,2.2303178413352507,65.61333333333333,2.362420174899838,0.0,5.0,17.89053118186327,14.690178929818495,Good,15,0,2025-10-13 15:00:00+00:00,Abnormal
2025-10-13 15:21:43+00:00,476.3882718791648,40,65,66,29.2,50,1011.46,14.91,-0.1176798,0.0,8.7867584,-0.1575,0.175,-0.1575,-71.435546875,-32.2265625,258.88671875,bedroom_window_open,run_3,0,2383,0,False,False,False,0,0,0,0,0,0,476.3882718791648,65.0,66.0,40.0,0.0459667829392398,-0.0017345955826128,-0.0910662680871742,-0.184625,0.082775,-0.1778,0.5263671875,1.7294921875,-11.1611328125,472.3673922701023,1.8363886879677065,63.56,2.233004416662105,65.63333333333334,2.3528268494398215,6.996890270990548,0.0,17.707062155107977,14.530897854141106,Good,15,0,2025-10-13 15:00:00+00:00,Abnormal
2025-10-13 15:21:49+00:00,477.7876499333629,39,65,68,29.2,53,1011.43,15.16,-0.1569064,0.0,8.7867584,-0.23625,0.07,0.13125,-71.435546875,-33.30078125,285.205078125,bedroom_window_open,run_3,0,2390,0,False,False,False,0,0,0,0,0,0,477.7876499333629,65.0,68.0,39.0,0.0026018933739192,-0.0017345955826128,-0.0910662680871742,-0.2633749999999999,-0.0222249999999999,0.11095,0.5263671875,0.6552734375,15.1572265625,472.4233673922701,1.8726730708487551,63.57333333333333,2.2356077103222187,65.66666666666667,2.3506865102243957,6.996890270990548,0.0,18.635727269761787,15.402751725389573,Good,15,0,2025-10-13 15:00:00+00:00,Abnormal
2025-10-13 15:21:54+00:00,477.7876499333629,40,67,69,29.4,53,1011.37,15.66,-0.1176798,0.0,8.9044382,-0.245,0.0,0.3325,-71.435546875,-33.30078125,285.205078125,bedroom_window_open,run_3,0,2390,0,False,False,False,0,0,0,0,0,0,477.7876499333629,67.0,69.0,40.0,0.0459667829392398,-0.0017345955826128,0.039028400608787,-0.272125,-0.0922249999999999,0.3122,0.5263671875,0.6552734375,15.1572265625,472.479342514438,1.9066140044847104,63.593333333333334,2.25280337413318,65.7,2.3623160061159023,0.0,10.0,18.820505554485027,15.571589665607608,Good,15,0,2025-10-13 15:00:00+00:00,Abnormal
2025-10-13 15:21:59+00:00,476.3882718791648,40,66,68,29.6,53,1011.45,15.0,-0.1176798,0.0392266,8.9044382,-0.07,0.04375,0.0175,-72.509765625,-32.2265625,260.498046875,bedroom_window_open,run_3,0,2383,0,False,False,False,0,0,0,0,0,0,476.3882718791648,66.0,68.0,40.0,0.0459667829392398,0.0416302939827077,0.039028400608787,-0.097125,-0.0484749999999999,-0.0028,-0.5478515625,1.7294921875,-9.5498046875,472.525988449578,1.9161258752183832,63.6,2.258466546340646,65.72,2.369039677440691,-6.996890270990548,-5.0,19.00527331070336,15.742018597745153,Good,15,0,2025-10-13 15:00:00+00:00,Abnormal
2025-10-13 15:22:05+00:00,476.3882718791648,40,66,67,29.0,53,1011.45,15.0,-0.1176798,-0.0392266,8.7867584,-0.25375,0.11375,0.00875,-71.97265625,-31.689453125,259.9609375,bedroom_window_open,run_3,0,2383,0,False,False,False,0,0,0,0,0,0,476.3882718791648,66.0,67.0,40.0,0.0459667829392398,-0.0450994851479334,-0.0910662680871742,-0.280875,0.021525,-0.01155,-0.0107421875,2.2666015625,-10.0869140625,472.57263438471784,1.9244528793362503,63.60666666666667,2.264095791682683,65.73333333333333,2.370587859771191,0.0,0.0,18.450938455633697,15.235492508252277,Good,15,0,2025-10-13 15:00:00+00:00,Abnormal
2025-10-13 15:22:10+00:00,476.3882718791648,39,63,65,29.3,53,1011.48,14.75,-0.1176798,0.0392266,8.9436648,-0.035,0.00875,0.0525,-70.8984375,-34.375,262.109375,bedroom_window_open,run_3,0,2383,0,False,False,False,0,0,0,0,0,0,476.3882718791648,63.0,65.0,39.0,0.0459667829392398,0.0416302939827077,0.0823932901741087,-0.062125,-0.083475,0.0321999999999999,1.0634765625,-0.4189453125,-7.9384765625,472.61928031985786,1.9316103404697669,63.593333333333334,2.2617231260438757,65.72666666666667,2.37123892706254,0.0,-15.0,18.72811772824277,15.486972590001844,Good,15,0,2025-10-13 15:00:00+00:00,Abnormal
2025-10-13 15:22:15+00:00,476.3882718791648,39,63,65,29.1,52,1011.52,14.41,-0.1176798,0.0,8.9044382,0.035,0.07875,0.315,-70.8984375,-34.375,262.109375,bedroom_window_open,run_3,0,2383,0,False,False,False,0,0,0,0,0,0,476.3882718791648,63.0,65.0,39.0,0.0459667829392398,-0.0017345955826128,0.039028400608787,0.007875,-0.0134749999999999,0.2947,1.0634765625,-0.4189453125,-7.9384765625,472.65659706796976,1.9500294030305627,63.58,2.25926875382582,65.72666666666667,2.37123892706254,0.0,0.0,18.23924009839171,15.029889209470948,Good,15,0,2025-10-13 15:00:00+00:00,Abnormal
2025-10-13 15:22:21+00:00,476.3882718791648,39,64,66,29.0,52,1011.47,14.83,-0.2353596,0.0,8.825985,-0.2275,-0.21,0.0,-70.8984375,-34.375,262.109375,bedroom_window_open,run_3,0,2383,0,False,False,False,0,0,0,0,0,0,476.3882718791648,64.0,66.0,39.0,-0.0841278857567219,-0.0017345955826128,-0.0477013785218544,-0.254625,-0.3022249999999999,-0.0203,1.0634765625,-0.4189453125,-7.9384765625,472.69391381608176,1.9675637389346552,63.56666666666667,2.2507766494539885,65.72666666666667,2.37123892706254,0.0,5.0,18.14705896929495,14.948030385455064,Good,15,0,2025-10-13 15:00:00+00:00,Abnormal
2025-10-13 15:22:26+00:00,474.9888938249667,40,66,69,29.8,51,1011.52,14.41,-0.1176798,0.0,8.9044382,-0.4375,-0.16625,0.21,-71.435546875,-33.837890625,265.33203125,bedroom_window_open,run_3,0,2376,0,False,False,False,0,0,0,0,0,0,474.9888938249667,66.0,69.0,40.0,0.0459667829392398,-0.0017345955826128,0.039028400608787,-0.464625,-0.258475,0.1896999999999999,0.5263671875,0.1181640625,-4.7158203125,472.72190137716575,1.97016708813587,63.58,2.25926875382582,65.75333333333333,2.385461183068823,-6.996890270990548,10.0,18.573631917035243,15.313520641667854,Good,15,0,2025-10-13 15:00:00+00:00,Abnormal
2025-10-13 15:22:31+00:00,473.58951577076857,39,65,67,29.1,50,1011.47,14.83,-0.1569064,0.0,8.9436648,0.0525,-0.07,0.06125,-71.97265625,-33.30078125,266.40625,bedroom_window_open,run_3,0,2369,0,False,False,False,0,0,0,0,0,0,473.58951577076857,65.0,67.0,39.0,0.0026018933739192,-0.0017345955826128,0.0823932901741087,0.0253749999999999,-0.162225,0.0409499999999999,-0.0107421875,0.6552734375,-3.6416015625,472.7405597512217,1.9650015302962112,63.593333333333334,2.2617231260438757,65.77333333333333,2.3832375100024055,-6.996890270990548,-5.0,17.61532337659587,14.45181654756822,Good,15,0,2025-10-13 15:00:00+00:00,Abnormal
2025-10-13 15:22:37+00:00,473.58951577076857,39,64,66,29.6,50,1011.46,14.91,-0.1176798,0.0,8.8652116,0.16625,0.0875,-0.2275,-72.509765625,-33.30078125,267.48046875,bedroom_window_open,run_3,0,2369,0,False,False,False,0,0,0,0,0,0,473.58951577076857,64.0,66.0,39.0,0.0459667829392398,-0.0017345955826128,-0.0043364889565327,0.139125,-0.0047249999999999,-0.2478,-0.5478515625,0.6552734375,-2.5673828125,472.75921812527776,1.9596435211952012,63.593333333333334,2.2617231260438757,65.77333333333333,2.3832375100024055,0.0,-5.0,18.073988835807903,14.850960941269012,Good,15,0,2025-10-13 15:00:00+00:00,Abnormal
2025-10-13 15:22:42+00:00,473.58951577076857,40,65,67,29.0,49,1011.46,14.91,-0.196133,-0.0392266,8.9044382,-0.04375,0.1925,-0.3675,-72.509765625,-33.30078125,267.48046875,bedroom_window_open,run_3,0,2369,0,False,False,False,0,0,0,0,0,0,473.58951577076857,65.0,67.0,40.0,-0.0407629961914013,-0.0450994851479334,0.039028400608787,-0.070875,0.100275,-0.3878,-0.5478515625,0.6552734375,-2.5673828125,472.75921812527776,1.9596435211952012,63.60666666666667,2.264095791682683,65.78,2.3852736114211246,0.0,5.0,17.203586502063654,14.085644017063425,Good,15,0,2025-10-13 15:00:00+00:00,Abnormal
2025-10-13 15:22:47+00:00,476.3882718791648,39,64,66,29.1,50,1011.46,14.91,-0.196133,0.0,8.9436648,-0.2625,0.04375,0.06125,-71.435546875,-33.30078125,264.2578125,bedroom_window_open,run_3,0,2383,0,False,False,False,0,0,0,0,0,0,476.3882718791648,64.0,66.0,39.0,-0.0407629961914013,-0.0017345955826128,0.0823932901741087,-0.289625,-0.0484749999999999,0.0409499999999999,0.5263671875,0.6552734375,-5.7900390625,472.7872056863616,1.9813203005881743,63.60666666666667,2.264095791682683,65.76666666666667,2.378360685970991,13.993780541981096,-5.0,17.61532337659587,14.45181654756822,Good,15,0,2025-10-13 15:00:00+00:00,Abnormal
2025-10-13 15:22:53+00:00,477.7876499333629,40,65,67,29.5,54,1011.5,14.58,-0.1569064,-0.0392266,8.9044382,-0.14875,0.18375,-0.0175,-69.82421875,-34.375,266.943359375,bedroom_window_open,run_3,0,2390,0,False,False,False,0,0,0,0,0,0,477.7876499333629,65.0,67.0,40.0,0.0026018933739192,-0.0450994851479334,0.039028400608787,-0.175875,0.091525,-0.0378,2.1376953125,-0.4189453125,-3.1044921875,472.8245224344736,2.02228849276629,63.60666666666667,2.264095791682683,65.74666666666667,2.355022240641198,6.996890270990548,5.0,19.212835130982853,15.952012119914311,Good,15,0,2025-10-13 15:00:00+00:00,Abnormal
2025-10-13 15:22:58+00:00,477.7876499333629,41,69,73,29.1,54,1011.48,14.75,-0.196133,-0.0392266,8.9044382,-0.34125,-0.06125,0.20125,-71.435546875,-34.375,264.2578125,bedroom_window_open,run_3,0,2390,0,False,False,False,0,0,0,0,0,0,477.7876499333629,69.0,73.0,41.0,-0.0407629961914013,-0.0450994851479334,0.039028400608787,-0.368375,-0.1534749999999999,0.18095,0.5263671875,-0.4189453125,-5.7900390625,472.8618391825855,2.0617632238547365,63.64,2.306337926426378,65.77333333333333,2.414015748870309,0.0,20.0,18.84243262541408,15.60796187137368,Good,15,0,2025-10-13 15:00:00+00:00,Abnormal
2025-10-13 15:23:03+00:00,479.3869391381608,40,69,73,29.2,54,1011.48,14.75,-0.1569064,0.0,8.8652116,0.07875,0.07875,0.5162500000000001,-70.8984375,-31.15234375,288.96484375,bedroom_window_open,run_3,0,2398,0,False,False,False,0,0,0,0,0,0,479.3869391381608,69.0,73.0,40.0,0.0026018933739192,-0.0017345955826128,-0.0043364889565327,0.051625,-0.0134749999999999,0.4959500000000001,1.0634765625,2.8037109375,18.9169921875,472.9191470457575,2.1223865910978823,63.68,2.346838513130302,65.82,2.485042502978656,7.996446023989563,0.0,18.935037097135133,15.693369682472394,Good,15,0,2025-10-13 15:00:00+00:00,Abnormal
2025-10-13 15:23:09+00:00,480.7863171923589,39,71,75,29.8,56,1011.44,15.08,-0.1569064,0.0,8.9828914,0.2625,0.32375,0.30625,-70.8984375,-31.15234375,288.96484375,bedroom_window_open,run_3,0,2405,0,False,False,False,0,0,0,0,0,0,480.7863171923589,71.0,75.0,39.0,0.0026018933739192,-0.0017345955826128,0.1257581797394285,0.235375,0.2315249999999999,0.28595,1.0634765625,2.8037109375,18.9169921875,472.98578409595734,2.210211900712557,63.75333333333333,2.402282657948542,65.9,2.5848032911018475,6.996890270990548,10.0,20.077399739698276,16.814846194772546,Good,15,0,2025-10-13 15:00:00+00:00,Abnormal
2025-10-13 15:23:14+00:00,483.58507330075525,41,73,76,29.9,57,1011.51,14.5,-0.1176798,0.0392266,8.825985,0.0175,0.42,0.09625,-70.8984375,-33.837890625,258.88671875,bedroom_window_open,run_3,0,2419,0,False,False,False,0,0,0,0,0,0,483.58507330075525,73.0,76.0,41.0,0.0459667829392398,0.0416302939827077,-0.0477013785218544,-0.009625,0.327775,0.0759499999999999,1.0634765625,0.1181640625,-11.1611328125,473.0617503331852,2.3725452992723306,63.84,2.4985364843761233,65.98,2.708351488495271,13.993780541981664,10.0,20.45713447270676,17.208270017782446,Good,15,0,2025-10-13 15:00:00+00:00,Abnormal
2025-10-13 15:23:19+00:00,480.7863171923589,41,74,76,29.0,57,1011.5,14.58,-0.1569064,-0.0392266,8.9044382,-0.2275,-0.105,0.2275,-71.435546875,-33.837890625,262.646484375,bedroom_window_open,run_3,0,2405,0,False,False,False,0,0,0,0,0,0,480.7863171923589,74.0,76.0,41.0,0.0026018933739192,-0.0450994851479334,0.039028400608787,-0.254625,-0.1972249999999999,0.2072,0.5263671875,0.1181640625,-7.4013671875,473.1283873833852,2.4475191773951046,63.913333333333334,2.6316011067005705,66.05333333333333,2.8279208732431003,-13.993780541981664,5.0,19.618218298729783,16.385340999441127,Good,15,0,2025-10-13 15:00:00+00:00,Abnormal
2025-10-13 15:23:25+00:00,479.3869391381608,41,74,76,29.2,55,1011.47,14.83,-0.196133,0.0,8.7867584,-0.1225,0.14,0.6737500000000001,-71.97265625,-34.912109375,262.109375,bedroom_window_open,run_3,0,2398,0,False,False,False,0,0,0,0,0,0,479.3869391381608,74.0,76.0,41.0,-0.0407629961914013,-0.0017345955826128,-0.0910662680871742,-0.149625,0.047775,0.6534500000000001,-0.0107421875,-0.9560546875,-7.9384765625,473.1856952465571,2.4926395088780615,63.986666666666665,2.7562903448883187,66.12666666666667,2.940795369440267,-6.996890270990548,0.0,19.229521216425628,15.983987639555217,Good,15,0,2025-10-13 15:00:00+00:00,Abnormal
2025-10-13 15:23:30+00:00,480.7863171923589,40,72,73,29.6,53,1011.51,14.5,-0.1569064,0.0,8.8652116,-0.18375,0.1225,-0.1575,-71.435546875,-32.2265625,243.84765625,bedroom_window_open,run_3,0,2405,0,False,False,False,0,0,0,0,0,0,480.7863171923589,72.0,73.0,40.0,0.0026018933739192,-0.0017345955826128,-0.0043364889565327,-0.210875,0.030275,-0.1778,0.5263671875,1.7294921875,-26.2001953125,473.252332296757,2.560859452919496,64.04666666666667,2.8315970466244083,66.18666666666667,2.9885388826721746,6.996890270990548,-10.0,19.00527331070336,15.742018597745153,Good,15,0,2025-10-13 15:00:00+00:00,Abnormal
2025-10-13 15:23:35+00:00,479.3869391381608,40,71,72,29.6,54,1011.48,14.75,-0.1176798,0.0392266,8.8652116,-0.09625,0.4375,-0.25375,-71.435546875,-32.2265625,243.84765625,bedroom_window_open,run_3,0,2398,0,False,False,False,0,0,0,0,0,0,479.3869391381608,71.0,72.0,40.0,0.0459667829392398,0.0416302939827077,-0.0043364889565327,-0.123375,0.345275,-0.2740499999999999,0.5263671875,1.7294921875,-26.2001953125,473.3096401599289,2.6012691818249283,64.1,2.886557597745251,66.23333333333333,3.0243234678979594,-6.996890270990548,-5.0,19.30542934884844,16.03903781657053,Good,15,0,2025-10-13 15:00:00+00:00,Abnormal
2025-10-13 15:23:41+00:00,480.7863171923589,41,71,72,29.5,55,1011.48,14.75,-0.2353596,0.0392266,8.8652116,0.035,0.13125,0.11375,-69.287109375,-33.837890625,261.03515625,bedroom_window_open,run_3,0,2405,0,False,False,False,0,0,0,0,0,0,480.7863171923589,71.0,72.0,41.0,-0.0841278857567219,0.0416302939827077,-0.0043364889565327,0.007875,0.039025,0.09345,2.6748046875,0.1181640625,-9.0126953125,473.3762772101289,2.663591797267199,64.15333333333334,2.939517073670157,66.28666666666666,3.055057786043043,6.996890270990548,0.0,19.50794428335023,16.24741975176458,Good,15,0,2025-10-13 15:00:00+00:00,Abnormal
2025-10-13 15:23:46+00:00,480.7863171923589,43,72,74,29.5,56,1011.5,14.58,-0.1569064,0.0,8.9044382,0.1575,0.14875,0.245,-70.361328125,-33.837890625,268.017578125,bedroom_window_open,run_3,0,2405,0,False,False,False,0,0,0,0,0,0,480.7863171923589,72.0,74.0,43.0,0.0026018933739192,-0.0017345955826128,0.039028400608787,0.130375,0.056525,0.2246999999999999,1.6005859375,0.1181640625,-2.0302734375,473.4429142603288,2.7228478789179675,64.20666666666666,3.008481671654363,66.34666666666666,3.1173613576952333,0.0,5.0,19.79838270097773,16.542827383614842,Good,15,0,2025-10-13 15:00:00+00:00,Abnormal
2025-10-13 15:23:51+00:00,479.3869391381608,45,72,75,29.6,54,1011.44,15.08,-0.1176798,0.0392266,8.9044382,0.035,0.1575,-0.035,-71.97265625,-34.375,261.03515625,bedroom_window_open,run_3,0,2398,0,False,False,False,0,0,0,0,0,0,479.3869391381608,72.0,75.0,45.0,0.0459667829392398,0.0416302939827077,0.039028400608787,0.007875,0.065275,-0.0553,-0.0107421875,-0.4189453125,-9.0126953125,473.50022212350063,2.7569023374618693,64.25333333333333,3.0744381636929203,66.41333333333333,3.194346235886133,-6.996890270990548,0.0,19.30542934884844,16.03903781657053,Good,15,0,2025-10-13 15:00:00+00:00,Abnormal
2025-10-13 15:23:57+00:00,477.7876499333629,45,73,76,29.8,54,1011.52,14.41,-0.1569064,0.0,8.8652116,-0.13125,0.07,-0.09625,-71.97265625,-34.375,261.03515625,bedroom_window_open,run_3,0,2390,0,False,False,False,0,0,0,0,0,0,477.7876499333629,73.0,76.0,45.0,0.0026018933739192,-0.0017345955826128,-0.0043364889565327,-0.158375,-0.0222249999999999,-0.11655,-0.0107421875,-0.4189453125,-9.0126953125,473.5468680586406,2.769913305349718,64.30666666666667,3.1557908137193404,66.48666666666666,3.2866144361487097,-7.996446023989563,5.0,19.4906100950928,16.21431597353067,Good,15,0,2025-10-13 15:00:00+00:00,Abnormal
2025-10-13 15:24:02+00:00,479.3869391381608,45,74,76,29.6,56,1011.44,15.08,-0.196133,0.0392266,8.825985,-0.0175,0.175,0.2625,-71.97265625,-34.375,261.03515625,bedroom_window_open,run_3,0,2398,0,False,False,False,0,0,0,0,0,0,479.3869391381608,74.0,76.0,45.0,-0.0407629961914013,0.0416302939827077,-0.0477013785218544,-0.044625,0.082775,0.2422,-0.0107421875,-0.4189453125,-9.0126953125,473.6041759218125,2.8012559577678133,64.39333333333333,3.2417094393985346,66.57333333333334,3.3645340666217263,7.996446023989563,5.0,19.89139080862854,16.633076254221294,Good,15,0,2025-10-13 15:00:00+00:00,Abnormal
2025-10-13 15:24:07+00:00,477.7876499333629,45,74,76,29.2,55,1011.48,14.75,-0.196133,-0.0392266,8.8652116,0.00875,0.2275,-0.09625,-71.435546875,-32.763671875,263.18359375,bedroom_window_open,run_3,0,2390,0,False,False,False,0,0,0,0,0,0,477.7876499333629,74.0,76.0,45.0,-0.0407629961914013,-0.0450994851479334,-0.0043364889565327,-0.018375,0.135275,-0.11655,0.5263671875,1.1923828125,-6.8642578125,473.65082185695246,2.8123266222058425,64.48666666666666,3.315079775056536,66.66666666666667,3.4303553471332617,-7.996446023989563,0.0,19.229521216425628,15.983987639555217,Good,15,0,2025-10-13 15:00:00+00:00,Abnormal
2025-10-13 15:24:13+00:00,476.3882718791648,42,72,74,29.9,54,1011.54,14.25,-0.196133,0.0392266,8.8652116,0.21,-0.105,-0.175,-69.82421875,-33.837890625,267.48046875,bedroom_window_open,run_3,0,2383,0,False,False,False,0,0,0,0,0,0,476.3882718791648,72.0,74.0,42.0,-0.0407629961914013,0.0416302939827077,-0.0043364889565327,0.1828749999999999,-0.1972249999999999,-0.1953,2.1376953125,0.1181640625,-2.5673828125,473.6881386050645,2.811258250117239,64.54666666666667,3.3689993469207797,66.72666666666667,3.479367115687356,-6.996890270990548,-10.0,19.583196623684422,16.302571595793896,Good,15,0,2025-10-13 15:00:00+00:00,Abnormal
2025-10-13 15:24:18+00:00,474.9888938249667,42,70,72,0.0,0,1011.46,14.91,-0.196133,0.0392266,8.7867584,-0.25375,0.1225,-0.14875,-70.8984375,-32.2265625,277.1484375,bedroom_window_open,run_3,0,2376,0,False,False,False,0,0,0,0,0,0,474.9888938249667,70.0,72.0,42.0,-0.0407629961914013,0.0416302939827077,-0.0910662680871742,-0.280875,0.030275,-0.16905,1.0634765625,1.7294921875,7.1005859375,473.7067969791204,2.8105368693719877,64.59333333333333,3.3958060724122374,66.76,3.50585320733896,-6.996890270990548,-10.0,-96.07763018544566,0.0,Good,15,0,2025-10-13 15:00:00+00:00,Abnormal
2025-10-13 15:24:23+00:00,474.9888938249667,42,68,69,29.1,52,1011.45,15.0,-0.2353596,0.0,8.825985,-0.02625,0.18375,-0.07,-70.8984375,-32.2265625,277.1484375,bedroom_window_open,run_3,0,2376,0,False,False,False,0,0,0,0,0,0,474.9888938249667,68.0,69.0,42.0,-0.0841278857567219,-0.0017345955826128,-0.0477013785218544,-0.053375,0.091525,-0.0903,1.0634765625,1.7294921875,7.1005859375,473.7347845402044,2.8021941424365373,64.62666666666667,3.404589611841048,66.77333333333333,3.510572080316208,0.0,-10.0,18.23924009839171,15.029889209470948,Good,15,0,2025-10-13 15:00:00+00:00,Abnormal
2025-10-13 15:24:29+00:00,474.9888938249667,41,67,68,29.2,52,1011.41,15.33,-0.196133,0.0,8.8652116,-0.0875,0.11375,-0.07875,-71.97265625,-33.30078125,261.03515625,bedroom_window_open,run_3,0,2376,0,False,False,False,0,0,0,0,0,0,474.9888938249667,67.0,68.0,41.0,-0.0407629961914013,-0.0017345955826128,-0.0043364889565327,-0.114625,0.021525,-0.09905,-0.0107421875,0.6552734375,-9.0126953125,473.7627721012883,2.7935442377773745,64.66,3.4031765658359654,66.78666666666666,3.5114131587388178,0.0,-5.0,18.3314185254856,15.112133768306752,Good,15,0,2025-10-13 15:00:00+00:00,Abnormal
2025-10-13 15:24:34+00:00,477.7876499333629,41,68,69,29.0,52,1011.49,14.66,-0.1569064,0.0392266,8.9044382,-0.0175,-2.24,-0.02625,-70.361328125,-34.375,265.869140625,bedroom_window_open,run_3,0,2390,0,False,False,False,0,0,0,0,0,0,477.7876499333629,68.0,69.0,41.0,0.0026018933739192,0.0416302939827077,0.039028400608787,-0.044625,-2.332225,-0.04655,1.6005859375,-0.4189453125,-4.1787109375,473.8094180364283,2.8019886621871146,64.7,3.4069608965081475,66.80666666666667,3.515443715808166,13.993780541981096,5.0,18.14705896929495,14.948030385455064,Good,15,0,2025-10-13 15:00:00+00:00,Abnormal
2025-10-13 15:24:39+00:00,474.9888938249667,40,67,68,29.1,51,1011.49,14.66,-0.1569064,0.0,8.9828914,0.27125,0.1925,0.20125,-71.97265625,-34.375,272.8515625,bedroom_window_open,run_3,0,2376,0,False,False,False,0,0,0,0,0,0,474.9888938249667,67.0,68.0,40.0,0.0026018933739192,-0.0017345955826128,0.1257581797394285,0.2441249999999999,0.100275,0.18095,-0.0107421875,-0.4189453125,2.8037109375,473.83740559751226,2.7925852185310025,64.72666666666667,3.4092189793583256,66.82,3.516156382286978,-13.993780541981096,-5.0,17.929967581839765,14.740852878519586,Good,15,0,2025-10-13 15:00:00+00:00,Abnormal
2025-10-13 15:24:45+00:00,474.9888938249667,41,66,67,29.2,51,1011.49,14.66,-0.1569064,0.0,8.825985,-0.105,0.245,0.11375,-72.509765625,-32.2265625,248.14453125,bedroom_window_open,run_3,0,2376,0,False,False,False,0,0,0,0,0,0,474.9888938249667,66.0,67.0,41.0,0.0026018933739192,-0.0017345955826128,-0.0477013785218544,-0.132125,0.152775,0.09345,-0.5478515625,1.7294921875,-21.9033203125,473.86539315859613,2.78286665530308,64.74,3.410268741009433,66.82,3.516156382286978,0.0,-5.0,18.021927945839792,14.821515811223929,Good,15,0,2025-10-13 15:00:00+00:00,Abnormal
2025-10-13 15:24:50+00:00,474.9888938249667,39,65,65,29.6,51,1011.52,14.41,-0.196133,0.0,8.8652116,0.04375,0.0175,-0.035,-72.509765625,-32.2265625,248.14453125,bedroom_window_open,run_3,0,2376,0,False,False,False,0,0,0,0,0,0,474.9888938249667,65.0,65.0,39.0,-0.0407629961914013,-0.0017345955826128,-0.0043364889565327,0.0166249999999999,-0.0747249999999999,-0.0553,-0.5478515625,1.7294921875,-21.9033203125,473.89338071968007,2.772829659092827,64.77333333333333,3.38799036999865,66.82,3.516156382286978,0.0,-5.0,18.38974168062108,15.147980160094397,Good,15,0,2025-10-13 15:00:00+00:00,Abnormal
2025-10-13 15:24:55+00:00,474.9888938249667,40,65,65,29.4,50,1011.51,14.5,-0.196133,0.0,8.825985,-0.14,2.1875,-0.16625,-71.435546875,-32.763671875,262.646484375,bedroom_window_open,run_3,0,2376,0,False,False,False,0,0,0,0,0,0,474.9888938249667,65.0,65.0,40.0,-0.0407629961914013,-0.0017345955826128,-0.0477013785218544,-0.167125,2.095275,-0.18655,0.5263671875,1.1923828125,-7.4013671875,473.9120390937362,2.7707072188932296,64.8,3.373803541341801,66.82,3.516156382286978,0.0,0.0,17.89053118186327,14.690178929818495,Good,15,0,2025-10-13 15:00:00+00:00,Abnormal
2025-10-13 15:25:01+00:00,474.9888938249667,39,64,64,29.0,50,1011.47,14.83,-0.3138128,0.0,8.7867584,-0.07875,-0.00875,0.0175,-70.361328125,-34.375,269.091796875,bedroom_window_open,run_3,0,2376,0,False,False,False,0,0,0,0,0,0,474.9888938249667,64.0,64.0,39.0,-0.1708576648873632,-0.0017345955826128,-0.0910662680871742,-0.105875,-0.1009749999999999,-0.0028,1.6005859375,-0.4189453125,-0.9560546875,473.92136828076417,2.771969589291959,64.81333333333333,3.3666079690100896,66.81333333333333,3.5205755071529796,0.0,-5.0,17.523581754484503,14.373106139860637,Good,15,0,2025-10-13 15:00:00+00:00,Abnormal
2025-10-13 15:25:06+00:00,474.9888938249667,39,64,64,29.4,50,1011.47,14.83,-0.1569064,0.0,8.825985,-0.25375,-0.04375,-0.0175,-71.435546875,-33.30078125,267.48046875,bedroom_window_open,run_3,0,2376,0,False,False,False,0,0,0,0,0,0,474.9888938249667,64.0,64.0,39.0,0.0026018933739192,-0.0017345955826128,-0.0477013785218544,-0.280875,-0.1359749999999999,-0.0378,0.5263671875,0.6552734375,-2.5673828125,473.9306974677921,2.773199790745811,64.82,3.36398214010214,66.79333333333334,3.5280214175996685,0.0,0.0,17.89053118186327,14.690178929818495,Good,15,0,2025-10-13 15:00:00+00:00,Abnormal
2025-10-13 15:25:12+00:00,473.58951577076857,38,63,63,29.3,50,1011.5,14.58,-0.1176798,0.0,8.8652116,-0.2975,0.175,0.16625,-69.82421875,-33.30078125,301.318359375,bedroom_window_open,run_3,0,2369,0,False,False,False,0,0,0,0,0,0,473.58951577076857,63.0,63.0,38.0,0.0459667829392398,-0.0017345955826128,-0.0043364889565327,-0.324625,0.082775,0.14595,2.1376953125,0.6552734375,31.2705078125,473.94002665482014,2.769656687072684,64.82,3.36398214010214,66.77333333333333,3.541028301463688,-6.996890270990548,-5.0,17.798798090153046,14.61035150000174,Good,15,0,2025-10-13 15:00:00+00:00,Abnormal
2025-10-13 15:25:17+00:00,474.9888938249667,38,64,65,29.3,49,1011.46,14.91,-0.196133,0.0,8.8652116,-0.06125,-0.14,0.07875,-69.82421875,-33.30078125,301.318359375,bedroom_window_open,run_3,0,2376,0,False,False,False,0,0,0,0,0,0,474.9888938249667,64.0,65.0,38.0,-0.0407629961914013,-0.0017345955826128,-0.0043364889565327,-0.088375,-0.232225,0.0584499999999999,2.1376953125,0.6552734375,31.2705078125,473.95868502887606,2.7672152033654034,64.82,3.36398214010214,66.76666666666667,3.543434550211501,6.996890270990548,5.0,17.47812712386302,14.318144470001704,Good,15,0,2025-10-13 15:00:00+00:00,Abnormal
2025-10-13 15:25:22+00:00,474.9888938249667,39,66,67,29.4,49,1011.46,14.91,-0.1569064,0.0392266,8.825985,-0.3675,0.0525,0.35,-70.361328125,-32.2265625,263.720703125,bedroom_window_open,run_3,0,2376,0,False,False,False,0,0,0,0,0,0,474.9888938249667,66.0,67.0,39.0,0.0026018933739192,0.0416302939827077,-0.0477013785218544,-0.394625,-0.0397249999999999,0.3297,1.6005859375,1.7294921875,-6.3271484375,473.9866725899601,2.756167703153727,64.83333333333333,3.3646736963298607,66.77333333333333,3.5429231223043436,0.0,10.0,17.569634833413165,14.396375351222128,Good,15,0,2025-10-13 15:00:00+00:00,Abnormal
2025-10-13 15:25:28+00:00,474.9888938249667,38,64,66,29.0,50,1011.51,14.5,-0.1569064,0.0,8.825985,0.00875,0.035,0.2275,-70.361328125,-33.30078125,262.646484375,bedroom_window_open,run_3,0,2376,0,False,False,False,0,0,0,0,0,0,474.9888938249667,64.0,66.0,38.0,0.0026018933739192,-0.0017345955826128,-0.0477013785218544,-0.018375,-0.0572249999999999,0.2072,1.6005859375,0.6552734375,-7.4013671875,474.014660151044,2.7447884641235905,64.83333333333333,3.3646736963298607,66.78,3.5405038886060227,0.0,-10.0,17.523581754484503,14.373106139860637,Good,15,0,2025-10-13 15:00:00+00:00,Abnormal
2025-10-13 15:25:33+00:00,474.9888938249667,39,66,68,0.0,0,1011.49,14.66,-0.1569064,0.0392266,8.9044382,-0.00875,0.1575,0.1575,-71.435546875,-34.375,264.2578125,bedroom_window_open,run_3,0,2376,0,False,False,False,0,0,0,0,0,0,474.9888938249667,66.0,68.0,39.0,0.0026018933739192,0.0416302939827077,0.039028400608787,-0.035875,0.065275,0.1372,0.5263671875,-0.4189453125,-5.7900390625,474.042647712128,2.7330733426623186,64.85333333333334,3.3626185599051133,66.80666666666667,3.534483371998599,0.0,10.0,-96.07763018544566,0.0,Good,15,0,2025-10-13 15:00:00+00:00,Abnormal
2025-10-13 15:25:38+00:00,474.9888938249667,39,65,66,29.0,50,1011.44,15.08,-0.1569064,0.0392266,8.8652116,0.035,0.2975,-0.3325,-69.82421875,-33.30078125,275.537109375,bedroom_window_open,run_3,0,2376,0,False,False,False,0,0,0,0,0,0,474.9888938249667,65.0,66.0,39.0,0.0026018933739192,0.0416302939827077,-0.0043364889565327,0.007875,0.2052749999999999,-0.3528,2.1376953125,0.6552734375,5.4892578125,474.0706352732119,2.7210180004299875,64.87333333333333,3.354445446055022,66.82666666666667,3.521261722214149,0.0,-5.0,17.523581754484503,14.373106139860637,Good,15,0,2025-10-13 15:00:00+00:00,Abnormal
2025-10-13 15:25:44+00:00,473.58951577076857,40,65,66,29.4,50,1011.48,14.75,-0.1569064,0.0,8.8652116,-0.0525,0.28,0.2625,-69.82421875,-33.30078125,275.537109375,bedroom_window_open,run_3,0,2369,0,False,False,False,0,0,0,0,0,0,473.58951577076857,65.0,66.0,40.0,0.0026018933739192,-0.0017345955826128,-0.0043364889565327,-0.079625,0.187775,0.2422,2.1376953125,0.6552734375,5.4892578125,474.08929364726794,2.7079408167122616,64.89333333333333,3.346132028562635,66.84,3.5142662269801663,-6.996890270990548,0.0,17.89053118186327,14.690178929818495,Good,15,0,2025-10-13 15:00:00+00:00,Abnormal
2025-10-13 15:25:49+00:00,473.58951577076857,39,64,65,29.4,50,1011.5,14.58,-0.196133,0.0,8.9044382,-0.0175,-0.07875,-0.2275,-70.8984375,-31.689453125,262.646484375,bedroom_window_open,run_3,0,2369,0,False,False,False,0,0,0,0,0,0,473.58951577076857,64.0,65.0,39.0,-0.0407629961914013,-0.0017345955826128,0.039028400608787,-0.044625,-0.170975,-0.2478,1.0634765625,2.2666015625,-7.4013671875,474.1079520213238,2.6946701156489876,64.89333333333333,3.346132028562635,66.82666666666667,3.5174477222478604,0.0,-5.0,17.89053118186327,14.690178929818495,Good,15,0,2025-10-13 15:00:00+00:00,Abnormal
2025-10-13 15:25:54+00:00,474.9888938249667,40,67,69,29.1,50,1011.51,14.5,-0.1569064,0.0,8.8652116,-0.035,0.2275,0.105,-70.361328125,-34.375,264.794921875,bedroom_window_open,run_3,0,2376,0,False,False,False,0,0,0,0,0,0,474.9888938249667,67.0,69.0,40.0,0.0026018933739192,-0.0017345955826128,-0.0043364889565327,-0.062125,0.135275,0.0847,1.6005859375,-0.4189453125,-5.2529296875,474.1359395824079,2.6817561680326447,64.91333333333333,3.349720346269263,66.84,3.521896987315387,6.996890270990548,15.0,17.61532337659587,14.45181654756822,Good,15,0,2025-10-13 15:00:00+00:00,Abnormal
2025-10-13 15:26:00+00:00,474.9888938249667,40,67,69,29.5,50,1011.54,14.25,-0.1569064,-0.0392266,8.8652116,-0.07875,-0.04375,0.21875,-70.361328125,-32.2265625,266.943359375,bedroom_window_open,run_3,0,2376,0,False,False,False,0,0,0,0,0,0,474.9888938249667,67.0,69.0,40.0,0.0026018933739192,-0.0450994851479334,-0.0043364889565327,-0.105875,-0.1359749999999999,0.19845,1.6005859375,1.7294921875,-3.1044921875,474.16392714349183,2.668484239432141,64.93333333333334,3.353184736145675,66.85333333333334,3.526289885693076,0.0,0.0,17.982261430370826,14.770381592513251,Good,15,0,2025-10-13 15:00:00+00:00,Abnormal
2025-10-13 15:26:05+00:00,474.9888938249667,41,68,70,29.1,50,1011.5,14.58,-0.2353596,0.0,8.9044382,-0.04375,0.21875,-0.175,-70.361328125,-32.2265625,266.943359375,bedroom_window_open,run_3,0,2376,0,False,False,False,0,0,0,0,0,0,474.9888938249667,68.0,70.0,41.0,-0.0841278857567219,-0.0017345955826128,0.039028400608787,-0.070875,0.126525,-0.1953,1.6005859375,1.7294921875,-3.1044921875,474.1919147045758,2.6548489610750967,64.96,3.3616071579772275,66.88666666666667,3.532280033793458,0.0,5.0,17.61532337659587,14.45181654756822,Good,15,0,2025-10-13 15:00:00+00:00,Abnormal
2025-10-13 15:26:10+00:00,473.58951577076857,40,65,68,29.3,49,1011.47,14.83,-0.1569064,0.0,8.825985,0.0175,0.2625,0.07875,-71.435546875,-33.837890625,273.92578125,bedroom_window_open,run_3,0,2369,0,False,False,False,0,0,0,0,0,0,473.58951577076857,65.0,68.0,40.0,0.0026018933739192,-0.0017345955826128,-0.0477013785218544,-0.009625,0.170275,0.0584499999999999,0.5263671875,0.1181640625,3.8779296875,474.21057307863174,2.64058163783939,64.98666666666666,3.345811097710982,66.92666666666666,3.510476490471918,-6.996890270990548,-15.0,17.47812712386302,14.318144470001704,Good,15,0,2025-10-13 15:00:00+00:00,Abnormal
2025-10-13 15:26:16+00:00,473.58951577076857,40,66,68,29.2,49,1011.56,14.08,-0.1569064,0.0392266,8.8652116,0.06125,0.0875,0.07875,-69.287109375,-33.30078125,263.720703125,bedroom_window_open,run_3,0,2369,0,False,False,False,0,0,0,0,0,0,473.58951577076857,66.0,68.0,40.0,0.0026018933739192,0.0416302939827077,-0.0043364889565327,0.0341249999999999,-0.0047249999999999,0.0584499999999999,2.6748046875,0.6552734375,-6.3271484375,474.2292314526877,2.626103353501302,65.03333333333333,3.310379581768752,66.96666666666667,3.4880749227426424,0.0,5.0,17.38661649888094,14.240279897058285,Good,15,0,2025-10-13 15:00:00+00:00,Abnormal
2025-10-13 15:26:21+00:00,473.58951577076857,40,68,69,29.7,49,1011.47,14.83,-0.196133,0.0,8.7083052,-0.2275,0.0875,0.2275,-69.82421875,-33.30078125,262.109375,bedroom_window_open,run_3,0,2369,0,False,False,False,0,0,0,0,0,0,473.58951577076857,68.0,69.0,40.0,-0.0407629961914013,-0.0017345955826128,-0.1777960472178157,-0.254625,-0.0047249999999999,0.2072,2.1376953125,0.6552734375,-7.9384765625,474.2478898267436,2.611410599206913,65.09333333333333,3.2817303233185937,67.02666666666667,3.4445690482861626,0.0,10.0,17.84414047086514,14.633280064866796,Good,15,0,2025-10-13 15:00:00+00:00,Abnormal
2025-10-13 15:26:26+00:00,474.9888938249667,39,67,68,29.2,49,1011.54,14.25,-0.1569064,-0.0392266,8.825985,-0.0175,0.105,0.0,-71.97265625,-30.615234375,278.22265625,bedroom_window_open,run_3,0,2376,0,False,False,False,0,0,0,0,0,0,474.9888938249667,67.0,68.0,39.0,0.0026018933739192,-0.0450994851479334,-0.0477013785218544,-0.044625,0.012775,-0.0203,-0.0107421875,3.3408203125,8.1748046875,474.2758773878277,2.5965648121692575,65.14666666666666,3.2468604694808403,67.08,3.3966426376722474,6.996890270990548,-5.0,17.38661649888094,14.240279897058285,Good,15,0,2025-10-13 15:00:00+00:00,Abnormal
2025-10-13 15:26:32+00:00,474.9888938249667,39,68,68,29.0,49,1011.51,14.5,-0.1176798,-0.0392266,8.7475318,-0.105,-0.0525,-0.48125,-71.97265625,-30.615234375,278.22265625,bedroom_window_open,run_3,0,2376,0,False,False,False,0,0,0,0,0,0,474.9888938249667,68.0,68.0,39.0,0.0459667829392398,-0.0450994851479334,-0.134431157652494,-0.132125,-0.144725,-0.50155,-0.0107421875,3.3408203125,8.1748046875,474.30386494891167,2.5813281869317053,65.2,3.227399476753732,67.11333333333333,3.380831609436358,0.0,5.0,17.203586502063654,14.085644017063425,Good,15,0,2025-10-13 15:00:00+00:00,Abnormal
2025-10-13 15:26:37+00:00,474.9888938249667,38,68,69,29.8,49,1011.51,14.5,-0.1569064,-0.0392266,8.7867584,0.035,-0.28,0.0525,-70.361328125,-32.763671875,262.646484375,bedroom_window_open,run_3,0,2376,0,False,False,False,0,0,0,0,0,0,474.9888938249667,68.0,69.0,38.0,0.0026018933739192,-0.0450994851479334,-0.0910662680871742,0.007875,-0.372225,0.0321999999999999,1.6005859375,1.1923828125,-7.4013671875,474.3318525099956,2.565693760410207,65.26,3.1948574450137284,67.15333333333334,3.36730562966577,0.0,0.0,17.935636520080667,14.71299042042598,Good,15,0,2025-10-13 15:00:00+00:00,Abnormal
2025-10-13 15:26:42+00:00,474.9888938249667,37,68,68,29.7,49,1011.52,14.41,-0.1176798,0.0392266,8.9044382,0.0525,-0.07875,0.1225,-71.435546875,-32.763671875,266.40625,bedroom_window_open,run_3,0,2376,0,False,False,False,0,0,0,0,0,0,474.9888938249667,68.0,68.0,37.0,0.0459667829392398,0.0416302939827077,0.039028400608787,0.0253749999999999,-0.170975,0.1021999999999999,0.5263671875,1.1923828125,-3.6416015625,474.3598400710796,2.5496542146877097,65.32,3.160834143580043,67.18666666666667,3.350621832834322,0.0,0.0,17.84414047086514,14.633280064866796,Good,15,0,2025-10-13 15:00:00+00:00,Abnormal
2025-10-13 15:26:48+00:00,474.9888938249667,37,70,70,29.4,49,1011.52,14.41,-0.196133,0.0784532,8.825985,-0.1925,-0.04375,-0.16625,-71.435546875,-34.375,248.681640625,bedroom_window_open,run_3,0,2376,0,False,False,False,0,0,0,0,0,0,474.9888938249667,70.0,70.0,37.0,-0.0407629961914013,0.0849951835480284,-0.0477013785218544,-0.219625,-0.1359749999999999,-0.18655,0.5263671875,-0.4189453125,-21.3662109375,474.38782763216346,2.5332018544618444,65.39333333333333,3.140761816418419,67.24,3.331122309211344,0.0,10.0,17.569634833413165,14.396375351222128,Good,15,0,2025-10-13 15:00:00+00:00,Abnormal
2025-10-13 15:26:53+00:00,474.9888938249667,36,68,68,29.0,49,1011.55,14.16,-0.196133,0.0,8.8652116,-0.20125,0.2625,0.42,-71.435546875,-34.375,248.681640625,bedroom_window_open,run_3,0,2376,0,False,False,False,0,0,0,0,0,0,474.9888938249667,68.0,68.0,36.0,-0.0407629961914013,-0.0017345955826128,-0.0043364889565327,-0.228375,0.170275,0.3997,0.5263671875,-0.4189453125,-21.3662109375,474.40648600621944,2.5272061304562845,65.44666666666667,3.1163923960238717,67.27333333333333,3.31337875094335,0.0,-10.0,17.203586502063654,14.085644017063425,Good,15,0,2025-10-13 15:00:00+00:00,Abnormal
2025-10-13 15:26:58+00:00,474.9888938249667,36,68,68,29.6,49,1011.52,14.41,-0.1569064,0.0,8.8652116,0.02625,-0.105,-0.14,-71.97265625,-32.2265625,270.166015625,bedroom_window_open,run_3,0,2376,0,False,False,False,0,0,0,0,0,0,474.9888938249667,68.0,68.0,36.0,0.0026018933739192,-0.0017345955826128,-0.0043364889565327,-0.000875,-0.1972249999999999,-0.1603,-0.0107421875,1.7294921875,0.1181640625,474.4344735673035,2.5100831283648626,65.5,3.0909046046695874,67.3,3.302937476422115,0.0,0.0,17.752641506774907,14.55394172244363,Good,15,0,2025-10-13 15:00:00+00:00,Abnormal
2025-10-13 15:27:04+00:00,474.9888938249667,38,68,69,29.7,49,1011.5,14.58,-0.1176798,-0.0392266,8.8652116,0.0,-0.21,-0.0875,-71.97265625,-33.837890625,262.646484375,bedroom_window_open,run_3,0,2376,0,False,False,False,0,0,0,0,0,0,474.9888938249667,68.0,69.0,38.0,0.0459667829392398,-0.0450994851479334,-0.0043364889565327,-0.027125,-0.3022249999999999,-0.1078,-0.0107421875,0.1181640625,-7.4013671875,474.4624611283875,2.4925261634524993,65.55333333333333,3.064270535541645,67.33333333333333,3.294629892681913,0.0,0.0,17.84414047086514,14.633280064866796,Good,15,0,2025-10-13 15:00:00+00:00,Abnormal
2025-10-13 15:27:09+00:00,476.3882718791648,39,67,68,29.8,49,1011.5,14.58,-0.1569064,0.0,8.9044382,-0.07875,-0.04375,-0.14875,-71.97265625,-34.375,261.572265625,bedroom_window_open,run_3,0,2383,0,False,False,False,0,0,0,0,0,0,476.3882718791648,67.0,68.0,39.0,0.0026018933739192,-0.0017345955826128,0.039028400608787,-0.105875,-0.1359749999999999,-0.16905,-0.0107421875,-0.4189453125,-8.4755859375,474.4997778764993,2.479051546672194,65.59333333333333,3.04352468457095,67.36,3.2836385122595235,6.996890270990548,-5.0,17.935636520080667,14.71299042042598,Good,15,0,2025-10-13 15:00:00+00:00,Abnormal
2025-10-13 15:27:14+00:00,474.9888938249667,37,64,66,29.0,48,1011.5,14.58,-0.196133,0.0392266,8.9828914,0.1225,0.09625,-0.0525,-69.82421875,-32.2265625,305.078125,bedroom_window_open,run_3,0,2376,0,False,False,False,0,0,0,0,0,0,474.9888938249667,64.0,66.0,37.0,-0.0407629961914013,0.0416302939827077,0.1257581797394285,0.0953749999999999,0.004025,-0.0728,2.1376953125,1.7294921875,35.0302734375,474.5277654375832,2.4605255506838124,65.61333333333333,3.0229250838616024,67.37333333333333,3.2739497863557285,-6.996890270990548,-15.0,16.87780212616561,13.798181894266213,Good,15,0,2025-10-13 15:00:00+00:00,Abnormal
