timestamp,co2_ppm,pm1_ugm3,pm25_ugm3,pm10_ugm3,temp_c,rh_pct,pressure_hpa,altitude_m,accel_x,accel_y,accel_z,gyro_x,gyro_y,gyro_z,mag_x,mag_y,mag_z,room_label,run_id,quality_flag,co2_ppm_raw_logger,co2_ppm_clamped_flag,co2_ppm_invalid,rh_pct_invalid,temp_c_invalid,co2_ppm_flatline_flag,pm25_ugm3_flatline_flag,pm10_ugm3_flatline_flag,pm1_ugm3_flatline_flag,temp_c_flatline_flag,rh_pct_flatline_flag,co2_ppm_corr,pm25_ugm3_corr,pm10_ugm3_corr,pm1_ugm3_corr,accel_x_cal,accel_y_cal,accel_z_cal,gyro_x_cal,gyro_y_cal,gyro_z_cal,mag_x_cal,mag_y_cal,mag_z_cal,co2_ppm_roll_mean,co2_ppm_roll_std,pm25_ugm3_roll_mean,pm25_ugm3_roll_std,pm10_ugm3_roll_mean,pm10_ugm3_roll_std,co2_ppm_d_dt,pm25_ugm3_d_dt,dew_point_c,abs_humidity,co2_category,hour,weekday,hour_ts,iaq_standard_class
2025-10-13 15:43:06+00:00,465.19324744557974,45,78,81,29.1,48,1011.77,12.33,-0.196133,0.0,8.7475318,-0.315,-0.0875,0.28,-71.97265625,-31.15234375,265.33203125,bedroom_window_closed,run_4,0,2327,0,False,False,False,0,0,0,0,0,0,465.19324744557974,78.0,81.0,45.0,-0.0381644491187754,-0.0078063645924767,-0.1335755719157131,-0.237125,-0.19845,0.2667,-1.095703125,1.8369140625,7.046875,465.19324744557974,,78.0,,81.0,,,,16.969089627353853,13.87374388566549,Good,15,0,2025-10-13 15:00:00+00:00,Abnormal
2025-10-13 15:43:11+00:00,465.19324744557974,45,77,81,24.3,58,1011.74,12.58,-0.1176798,0.0,8.7867584,0.21,0.23625,0.13125,-71.97265625,-31.15234375,265.33203125,bedroom_window_closed,run_4,0,2327,0,False,False,False,0,0,0,0,0,0,465.19324744557974,77.0,81.0,45.0,0.0485729352420777,-0.0078063645924767,-0.0902068797352873,0.287875,0.1252999999999999,0.11795,-1.095703125,1.8369140625,7.046875,465.19324744557974,0.0,77.5,0.7071067811865476,81.0,0.0,0.0,-5.0,15.505372205859132,12.837154510445568,Good,15,0,2025-10-13 15:00:00+00:00,Abnormal
2025-10-13 15:43:16+00:00,466.59262549977785,44,74,77,24.1,58,1011.74,12.58,-0.1176798,0.0,8.825985,-0.21875,0.1925,0.37625,-70.361328125,-33.30078125,261.572265625,bedroom_window_closed,run_4,0,2334,0,False,False,False,0,0,0,0,0,0,466.59262549977785,74.0,77.0,44.0,0.0485729352420777,-0.0078063645924767,-0.0468381875548616,-0.140875,0.08155,0.36295,0.515625,-0.3115234375,3.287109375,465.6597067969791,0.8079312962893415,76.33333333333333,2.081665999466131,79.66666666666667,2.309401076758505,6.996890270990548,-15.0,15.318306073993016,12.69246260476739,Good,15,0,2025-10-13 15:00:00+00:00,Abnormal
2025-10-13 15:43:22+00:00,465.19324744557974,44,74,77,24.2,58,1011.68,13.08,-0.2745862,0.0,8.9436648,-0.07875,0.48125,-0.1225,-68.75,-34.375,259.423828125,bedroom_window_closed,run_4,0,2327,0,False,False,False,0,0,0,0,0,0,465.19324744557974,74.0,77.0,44.0,-0.1249018334796286,-0.0078063645924767,0.0832678889864195,-0.000875,0.3703,-0.1358,2.126953125,-1.3857421875,1.138671875,465.5430919591293,0.6996890270990563,75.75,2.0615528128088285,79.0,2.309401076758505,-6.996890270990548,0.0,15.41184029019717,12.764631448284774,Good,15,0,2025-10-13 15:00:00+00:00,Abnormal
2025-10-13 15:43:27+00:00,466.59262549977785,42,71,75,0.0,0,1011.78,12.25,-0.2745862,0.0392266,8.8652116,-0.14,-0.105,-0.3325,-70.361328125,-32.763671875,258.349609375,bedroom_window_closed,run_4,0,2334,0,False,False,False,0,0,0,0,0,0,466.59262549977785,71.0,75.0,42.0,-0.1249018334796286,0.0355623275879498,-0.0034694953744339,-0.062125,-0.21595,-0.3458,0.515625,0.2255859375,0.064453125,465.752998667259,0.7664709267620005,74.8,2.77488738510232,78.2,2.6832815729997495,6.996890270990548,-15.0,-96.07763018544566,0.0,Good,15,0,2025-10-13 15:00:00+00:00,Abnormal
2025-10-13 15:43:32+00:00,466.59262549977785,42,72,75,24.3,58,1011.7,12.91,-0.1569064,0.0,8.8652116,0.21,0.46375,-0.07,-70.361328125,-32.763671875,258.349609375,bedroom_window_closed,run_4,0,2334,0,False,False,False,0,0,0,0,0,0,466.59262549977785,72.0,75.0,42.0,0.0052042430616511,-0.0078063645924767,-0.0034694953744339,0.287875,0.3528,-0.0833,0.515625,0.2255859375,0.064453125,465.89293647267885,0.7664709267620007,74.33333333333333,2.7325202042558905,77.66666666666667,2.732520204255895,0.0,5.0,15.505372205859132,12.837154510445568,Good,15,0,2025-10-13 15:00:00+00:00,Abnormal
2025-10-13 15:43:38+00:00,467.992003553976,41,73,75,24.5,58,1011.74,12.58,-0.1569064,-0.0392266,8.8652116,0.1225,0.16625,-0.35875,-71.435546875,-33.30078125,272.8515625,bedroom_window_closed,run_4,0,2341,0,False,False,False,0,0,0,0,0,0,467.992003553976,73.0,75.0,41.0,0.0052042430616511,-0.0511750567729033,-0.0034694953744339,0.200375,0.0553,-0.37205,-0.55859375,-0.3115234375,14.56640625,466.1928031985784,1.057830377591334,74.14285714285714,2.5448360411214046,77.28571428571429,2.6903708365382,6.996890270990548,5.0,15.69242913589599,12.983269056661197,Good,15,0,2025-10-13 15:00:00+00:00,Abnormal
2025-10-13 15:43:43+00:00,467.992003553976,40,72,74,24.0,58,1011.79,12.16,-0.1569064,0.0784532,8.9044382,-0.1925,0.06125,-0.175,-72.509765625,-32.763671875,261.03515625,bedroom_window_closed,run_4,0,2341,0,False,False,False,0,0,0,0,0,0,467.992003553976,72.0,74.0,40.0,0.0052042430616511,0.0789310197683764,0.0398991968059918,-0.114625,-0.0497,-0.1883,-1.6328125,0.2255859375,2.75,466.4177032430031,1.1678131165029866,73.875,2.4748737341529137,76.875,2.7483761439387155,0.0,-5.0,15.224769557161794,12.620646544009604,Good,15,0,2025-10-13 15:00:00+00:00,Abnormal
2025-10-13 15:43:48+00:00,466.59262549977785,39,69,69,24.9,58,1011.71,12.83,-0.196133,0.1176798,9.0613446,-0.175,-0.0175,0.1575,-71.435546875,-33.837890625,260.498046875,bedroom_window_closed,run_4,0,2334,0,False,False,False,0,0,0,0,0,0,466.59262549977785,69.0,69.0,39.0,-0.0381644491187754,0.122299711948803,0.2133739655276987,-0.0971249999999999,-0.12845,0.1442,-0.55859375,-0.8486328125,2.212890625,466.4371390493113,1.0939441465603037,73.33333333333333,2.8284271247461876,76.0,3.674234614174769,-6.996890270990548,-15.0,16.066515393197626,13.279812450503345,Good,15,0,2025-10-13 15:00:00+00:00,Abnormal
2025-10-13 15:43:54+00:00,465.19324744557974,40,69,70,24.1,58,1011.76,12.41,-0.2353596,0.0392266,8.9436648,0.00875,0.0875,0.14875,-69.287109375,-31.15234375,239.55078125,bedroom_window_closed,run_4,0,2327,0,False,False,False,0,0,0,0,0,0,465.19324744557974,69.0,70.0,40.0,-0.081533141299202,0.0355623275879498,0.0832678889864195,0.086625,-0.02345,0.13545,1.58984375,1.8369140625,-18.734375,466.3127498889382,1.1038442953806262,72.9,2.9981475762358447,75.4,3.949683531626302,-6.996890270990548,0.0,15.318306073993016,12.69246260476739,Good,15,0,2025-10-13 15:00:00+00:00,Abnormal
2025-10-13 15:43:59+00:00,465.19324744557974,39,69,71,24.3,57,1011.75,12.5,-0.2353596,0.0392266,8.8652116,-0.20125,-0.175,0.04375,-69.287109375,-31.15234375,239.55078125,bedroom_window_closed,run_4,0,2327,0,False,False,False,0,0,0,0,0,0,465.19324744557974,69.0,71.0,39.0,-0.081533141299202,0.0355623275879498,-0.0034694953744339,-0.123375,-0.28595,0.0304499999999999,1.58984375,1.8369140625,-18.734375,466.210976939542,1.1002545483281565,72.54545454545455,3.0777796010642553,75.0,3.97492138287036,0.0,0.0,15.23410143594834,12.615824260265471,Good,15,0,2025-10-13 15:00:00+00:00,Abnormal
2025-10-13 15:44:04+00:00,463.7938693913816,39,68,69,24.0,57,1011.75,12.5,-0.1569064,0.0,8.825985,-0.04375,-0.21,-0.105,-70.8984375,-33.837890625,251.904296875,bedroom_window_closed,run_4,0,2320,0,False,False,False,0,0,0,0,0,0,463.7938693913816,68.0,69.0,39.0,0.0052042430616511,-0.0078063645924767,-0.0468381875548616,0.034125,-0.32095,-0.1183,-0.021484375,-0.8486328125,-6.380859375,466.00955131052865,1.2599113317380255,72.16666666666667,3.2145502536643136,74.5,4.166969685951217,-6.996890270990548,-5.0,14.95408680510881,12.40304918980254,Good,15,0,2025-10-13 15:00:00+00:00,Abnormal
2025-10-13 15:44:10+00:00,463.7938693913816,39,66,67,24.7,57,1011.76,12.41,-0.1569064,-0.0392266,8.8652116,-0.14,0.0,0.16625,-71.435546875,-33.837890625,268.017578125,bedroom_window_closed,run_4,0,2320,0,False,False,False,0,0,0,0,0,0,463.7938693913816,66.0,67.0,39.0,0.0052042430616511,-0.0511750567729033,-0.0034694953744339,-0.062125,-0.11095,0.15295,-0.55859375,-0.8486328125,9.732421875,465.839114239825,1.3537834093502978,71.6923076923077,3.5209992754097317,73.92307692307692,4.49928769291204,0.0,-10.0,15.6074211472867,12.904424409627149,Good,15,0,2025-10-13 15:00:00+00:00,Abnormal
2025-10-13 15:44:15+00:00,463.7938693913816,39,65,66,24.2,57,1011.81,12.0,-0.1569064,0.0392266,8.9044382,-0.11375,-0.21,-0.21,-70.8984375,-34.375,259.423828125,bedroom_window_closed,run_4,0,2320,0,False,False,False,0,0,0,0,0,0,463.7938693913816,65.0,66.0,39.0,0.0052042430616511,0.0355623275879498,0.0398991968059918,-0.035875,-0.32095,-0.2233,-0.021484375,-1.3857421875,1.138671875,465.69302532207905,1.4108642500482615,71.21428571428571,3.826598638851101,73.35714285714286,4.81355686268789,0.0,-5.0,15.140765592231428,12.54455159572814,Good,15,0,2025-10-13 15:00:00+00:00,Abnormal
2025-10-13 15:44:20+00:00,451.3993780541981,40,67,68,24.0,57,1011.73,12.66,-0.196133,0.0392266,8.9436648,-0.245,0.2275,-0.23625,-69.82421875,-34.375,245.458984375,bedroom_window_closed,run_4,0,2258,0,False,False,False,0,0,0,0,0,0,451.3993780541981,67.0,68.0,40.0,-0.0381644491187754,0.0355623275879498,0.0832678889864195,-0.167125,0.11655,-0.24955,1.052734375,-1.3857421875,-12.826171875,464.74011550422034,3.933053961716772,70.93333333333334,3.8446004188930134,73.0,4.840306956027835,-61.97245668591762,10.0,14.95408680510881,12.40304918980254,Good,15,0,2025-10-13 15:00:00+00:00,Abnormal
2025-10-13 15:44:26+00:00,448.8005330964016,40,70,71,25.2,57,1011.69,13.0,-0.1176798,0.0,8.825985,-0.14875,0.175,-0.09625,-69.82421875,-34.375,245.458984375,bedroom_window_closed,run_4,0,2245,0,False,False,False,0,0,0,0,0,0,448.8005330964016,70.0,71.0,40.0,0.0485729352420777,-0.0078063645924767,-0.0468381875548616,-0.070875,0.0640499999999999,-0.10955,1.052734375,-1.3857421875,-12.826171875,463.7438916037317,5.506091674367175,70.875,3.721558813185673,72.875,4.702836023791036,-12.994224788982647,15.0,16.07401755026768,13.273178279378277,Good,15,0,2025-10-13 15:00:00+00:00,Abnormal
2025-10-13 15:44:31+00:00,455.3976010661928,41,70,70,25.7,56,1011.71,12.83,-0.1569064,0.0,8.7867584,-0.0875,0.14875,-0.04375,-72.509765625,-33.30078125,260.498046875,bedroom_window_closed,run_4,0,2278,0,False,False,False,0,0,0,0,0,0,455.3976010661928,70.0,70.0,41.0,0.0052042430616511,-0.0078063645924767,-0.0902068797352873,-0.0096249999999999,0.0377999999999999,-0.05705,-1.6328125,-0.3115234375,2.212890625,463.2529333368177,5.702623126123477,70.82352941176471,3.609627649038864,72.70588235294117,4.606580970230973,32.98533984895613,0.0,16.26227444156148,13.411502912644336,Good,15,0,2025-10-13 15:00:00+00:00,Abnormal
2025-10-13 15:44:36+00:00,456.7969791203909,42,70,72,25.0,56,1011.79,12.16,-0.1569064,0.0392266,8.9436648,0.105,0.175,0.035,-70.361328125,-34.375,261.572265625,bedroom_window_closed,run_4,0,2285,0,False,False,False,0,0,0,0,0,0,456.7969791203909,70.0,72.0,42.0,0.0052042430616511,0.0355623275879498,0.0832678889864195,0.182875,0.0640499999999999,0.0217,0.515625,-1.3857421875,3.287109375,462.8942692136828,5.737812628848455,70.77777777777777,3.50722876282275,72.66666666666667,4.4721359549995805,6.996890270990548,0.0,15.610503221149033,12.894343362722458,Good,15,0,2025-10-13 15:00:00+00:00,Abnormal
2025-10-13 15:44:42+00:00,458.196357174589,41,72,73,25.7,56,1011.8,12.08,-0.1176798,0.0392266,8.7867584,-0.18375,0.25375,-0.04375,-69.287109375,-32.763671875,259.9609375,bedroom_window_closed,run_4,0,2292,0,False,False,False,0,0,0,0,0,0,458.196357174589,72.0,73.0,41.0,0.0485729352420777,0.0355623275879498,-0.0902068797352873,-0.105875,0.1427999999999999,-0.05705,1.58984375,0.2255859375,1.67578125,462.64701068530945,5.679354289852492,70.84210526315789,3.419927840283841,72.6842105263158,4.346807661043363,6.996890270990548,10.0,16.26227444156148,13.411502912644336,Good,15,0,2025-10-13 15:00:00+00:00,Abnormal
2025-10-13 15:44:47+00:00,459.59573522878713,40,71,72,25.8,56,1011.75,12.5,-0.196133,0.0392266,8.9436648,0.2275,0.105,0.07875,-69.287109375,-32.763671875,259.9609375,bedroom_window_closed,run_4,0,2299,0,False,False,False,0,0,0,0,0,0,459.59573522878713,71.0,72.0,40.0,-0.0381644491187754,0.0355623275879498,0.0832678889864195,0.305375,-0.00595,0.06545,1.58984375,0.2255859375,1.67578125,462.49444691248334,5.569824435057853,70.85,3.328900561351808,72.65,4.233637231805097,6.996890270990548,-5.0,16.35537488785944,13.486824571336856,Good,15,0,2025-10-13 15:00:00+00:00,Abnormal
2025-10-13 15:44:52+00:00,460.99511328298536,41,73,74,25.3,56,1011.75,12.5,-0.1176798,-0.0392266,8.8652116,-0.1225,0.175,0.27125,-69.287109375,-32.763671875,259.9609375,bedroom_window_closed,run_4,0,2306,0,False,False,False,0,0,0,0,0,0,460.99511328298536,73.0,74.0,41.0,0.0485729352420777,-0.0511750567729033,-0.0034694953744339,-0.044625,0.0640499999999999,0.25795,1.58984375,0.2255859375,1.67578125,462.4230500729834,5.438643645983917,70.95238095238095,3.2783561502098904,72.71428571428571,4.136941589421553,6.996890270991116,10.0,15.889848337205864,13.113835018581558,Good,15,0,2025-10-13 15:00:00+00:00,Abnormal
2025-10-13 15:44:58+00:00,462.3944913371835,41,70,73,25.9,56,1011.8,12.08,-0.196133,0.0,8.9044382,-0.1925,0.00875,-0.1575,-68.75,-32.763671875,261.03515625,bedroom_window_closed,run_4,0,2313,0,False,False,False,0,0,0,0,0,0,462.3944913371835,70.0,73.0,41.0,-0.0381644491187754,-0.0078063645924767,0.0398991968059918,-0.114625,-0.1022,-0.1708,2.126953125,0.2255859375,2.75,462.42175194862887,5.307576223298634,70.9090909090909,3.2057848145276755,72.72727272727273,4.037701116109304,6.996890270990832,-15.0,16.448472902431583,13.562511010742211,Good,15,0,2025-10-13 15:00:00+00:00,Abnormal
2025-10-13 15:45:03+00:00,469.3913816081741,40,69,73,25.7,56,1011.81,12.0,-0.1569064,0.0392266,8.8652116,-0.035,0.06125,-0.00875,-71.435546875,-32.763671875,263.720703125,bedroom_window_closed,run_4,0,2348,0,False,False,False,0,0,0,0,0,0,469.3913816081741,69.0,73.0,40.0,0.0052042430616511,0.0355623275879498,-0.0034694953744339,0.0428749999999999,-0.0497,-0.02205,-0.55859375,0.2255859375,5.435546875,462.7247793251309,5.38533961826379,70.82608695652173,3.1572740531414567,72.73913043478261,3.945277859835016,34.98445135495274,-5.0,16.26227444156148,13.411502912644336,Good,15,0,2025-10-13 15:00:00+00:00,Abnormal
2025-10-13 15:45:08+00:00,465.19324744557974,39,69,72,25.5,56,1011.78,12.25,-0.1569064,0.0,8.8652116,-0.09625,0.18375,0.32375,-71.435546875,-32.763671875,261.03515625,bedroom_window_closed,run_4,0,2327,0,False,False,False,0,0,0,0,0,0,465.19324744557974,69.0,72.0,39.0,0.0052042430616511,-0.0078063645924767,-0.0034694953744339,-0.018375,0.0727999999999999,0.31045,-0.55859375,0.2255859375,2.75,462.82763216348286,5.291013166714726,70.75,3.110291472431198,72.70833333333333,3.8615064267793184,-20.990670812971643,0.0,16.076066253406992,13.261948115209735,Good,15,0,2025-10-13 15:00:00+00:00,Abnormal
2025-10-13 15:45:14+00:00,466.59262549977785,40,70,72,25.2,56,1011.73,12.66,-0.2353596,0.0,8.9436648,-0.0525,-0.14,-0.0875,-71.435546875,-32.763671875,261.03515625,bedroom_window_closed,run_4,0,2334,0,False,False,False,0,0,0,0,0,0,466.59262549977785,70.0,72.0,40.0,-0.081533141299202,-0.0078063645924767,0.0832678889864195,0.025375,-0.25095,-0.1008,-0.55859375,0.2255859375,2.75,462.9782318969347,5.234059273273904,70.72,3.048496897379642,72.68,3.7828560638755486,6.996890270990548,5.0,15.796735730849576,13.040315502547076,Good,15,0,2025-10-13 15:00:00+00:00,Abnormal
2025-10-13 15:45:19+00:00,466.59262549977785,39,69,72,25.8,55,1011.77,12.33,-0.1176798,0.0,8.8652116,0.14875,0.02625,0.245,-71.435546875,-32.2265625,255.126953125,bedroom_window_closed,run_4,0,2334,0,False,False,False,0,0,0,0,0,0,466.59262549977785,69.0,72.0,39.0,0.0485729352420777,-0.0078063645924767,-0.0034694953744339,0.226625,-0.0847,0.2317,-0.55859375,0.7626953125,-3.158203125,463.1172470355056,5.177066432319346,70.65384615384616,3.0058916506395543,72.65384615384616,3.7088252338691583,0.0,-5.0,16.0724893557622,13.24598841827727,Good,15,0,2025-10-13 15:00:00+00:00,Abnormal
2025-10-13 15:45:24+00:00,466.59262549977785,40,70,73,25.5,55,1011.77,12.33,-0.196133,-0.0392266,8.825985,-0.175,0.49,0.2275,-70.8984375,-33.30078125,259.9609375,bedroom_window_closed,run_4,0,2334,0,False,False,False,0,0,0,0,0,0,466.59262549977785,70.0,73.0,40.0,-0.0381644491187754,-0.0511750567729033,-0.0468381875548616,-0.0971249999999999,0.37905,0.2142,-0.021484375,-0.3115234375,1.67578125,463.2459647564046,5.120401628594484,70.62962962962963,2.950204010522607,72.66666666666667,3.6374124361651976,0.0,5.0,15.793789078599746,13.025127613152415,Good,15,0,2025-10-13 15:00:00+00:00,Abnormal
2025-10-13 15:45:30+00:00,465.19324744557974,40,69,70,25.4,55,1011.78,12.25,-0.1176798,0.1176798,8.825985,-0.13125,0.385,-0.09625,-71.97265625,-32.2265625,264.2578125,bedroom_window_closed,run_4,0,2327,0,False,False,False,0,0,0,0,0,0,465.19324744557974,69.0,70.0,40.0,0.0485729352420777,0.122299711948803,-0.0468381875548616,-0.053375,0.27405,-0.10955,-1.095703125,0.7626953125,5.97265625,463.31551056673226,5.0381427291838,70.57142857142857,2.911389784310999,72.57142857142857,3.6048174703733618,-6.996890270990548,-5.0,15.700883987535963,12.952217217998635,Good,15,0,2025-10-13 15:00:00+00:00,Abnormal
2025-10-13 15:45:35+00:00,462.3944913371835,40,68,68,25.5,55,1011.79,12.16,-0.1569064,0.0,8.7867584,-0.25375,-0.0175,0.5687500000000001,-69.82421875,-34.912109375,253.515625,bedroom_window_closed,run_4,0,2313,0,False,False,False,0,0,0,0,0,0,462.3944913371835,68.0,68.0,40.0,0.0052042430616511,-0.0078063645924767,-0.0902068797352873,-0.1758749999999999,-0.12845,0.5554500000000001,1.052734375,-1.9228515625,-4.76953125,463.2837512829547,4.950313279480644,70.48275862068965,2.898530288355166,72.41379310344827,3.6402241039657977,-13.993780541981096,-5.0,15.793789078599746,13.025127613152415,Good,15,0,2025-10-13 15:00:00+00:00,Abnormal
2025-10-13 15:45:40+00:00,458.196357174589,39,66,66,25.1,55,1011.79,12.16,-0.1569064,-0.0392266,8.9436648,-0.2275,0.09625,0.1925,-69.82421875,-34.912109375,253.515625,bedroom_window_closed,run_4,0,2292,0,False,False,False,0,0,0,0,0,0,458.196357174589,66.0,66.0,39.0,0.0052042430616511,-0.0511750567729033,0.0832678889864195,-0.149625,-0.0147,0.1792,1.052734375,-1.9228515625,-4.76953125,463.1141714793425,4.952100576036,70.33333333333333,2.9633780041368776,72.2,3.7637105682264274,-20.990670812972496,-10.0,15.422153716903573,12.73559580655114,Good,15,0,2025-10-13 15:00:00+00:00,Abnormal
2025-10-13 15:45:46+00:00,459.59573522878713,40,68,68,25.7,55,1011.77,12.33,-0.1176798,0.0,8.8652116,0.09625,-0.02625,-0.0525,-70.8984375,-32.2265625,263.18359375,bedroom_window_closed,run_4,0,2299,0,False,False,False,0,0,0,0,0,0,459.59573522878713,68.0,68.0,40.0,0.0485729352420777,-0.0078063645924767,-0.0034694953744339,0.174125,-0.1372,-0.0658,-0.021484375,0.7626953125,4.8984375,463.00067353577623,4.909703866529091,70.25806451612904,2.9435550154587258,72.06451612903226,3.776554725063286,6.996890270990548,10.0,15.979591762612008,13.17201178920426,Good,15,0,2025-10-13 15:00:00+00:00,Abnormal
2025-10-13 15:45:51+00:00,460.99511328298536,39,69,69,25.2,55,1011.73,12.66,-0.196133,0.0,8.9436648,-0.175,0.41125,-0.25375,-70.361328125,-33.837890625,260.498046875,bedroom_window_closed,run_4,0,2306,0,False,False,False,0,0,0,0,0,0,460.99511328298536,69.0,69.0,39.0,-0.0381644491187754,-0.0078063645924767,0.0832678889864195,-0.0971249999999999,0.3003,-0.2670499999999999,0.515625,-0.8486328125,2.212890625,462.9379997778765,4.842860850179227,70.21875,2.9042169007241134,71.96875,3.754432863833396,6.996890270991116,5.0,15.51506630678875,12.80745272571588,Good,15,0,2025-10-13 15:00:00+00:00,Abnormal
2025-10-13 15:45:56+00:00,462.3944913371835,39,69,70,25.2,55,1011.78,12.25,-0.1569064,0.0,8.9044382,-0.1925,0.11375,-0.1925,-70.8984375,-33.30078125,256.73828125,bedroom_window_closed,run_4,0,2313,0,False,False,False,0,0,0,0,0,0,462.3944913371835,69.0,70.0,39.0,0.0052042430616511,-0.0078063645924767,0.0398991968059918,-0.114625,0.0027999999999999,-0.2058,-0.021484375,-0.3115234375,-1.546875,462.92152982512823,4.767529455555724,70.18181818181819,2.8663407143794077,71.9090909090909,3.7111625230818506,6.996890270990832,0.0,15.51506630678875,12.80745272571588,Good,15,0,2025-10-13 15:00:00+00:00,Abnormal
2025-10-13 15:46:02+00:00,463.7938693913816,39,68,69,25.2,55,1011.77,12.33,-0.1569064,0.0,8.8652116,0.06125,0.1925,-0.385,-70.8984375,-33.30078125,256.73828125,bedroom_window_closed,run_4,0,2320,0,False,False,False,0,0,0,0,0,0,463.7938693913816,68.0,69.0,39.0,0.0052042430616511,-0.0078063645924767,-0.0034694953744339,0.139125,0.08155,-0.3983,-0.021484375,-0.3115234375,-1.546875,462.9471868711945,4.697121562705028,70.11764705882354,2.847270951570594,71.82352941176471,3.6883977652723794,6.996890270990548,-5.0,15.51506630678875,12.80745272571588,Good,15,0,2025-10-13 15:00:00+00:00,Abnormal
2025-10-13 15:46:07+00:00,466.59262549977785,40,70,70,25.2,55,1011.75,12.5,-0.196133,0.0,8.8652116,-0.04375,-0.07875,-0.1925,-70.8984375,-33.30078125,256.73828125,bedroom_window_closed,run_4,0,2334,0,False,False,False,0,0,0,0,0,0,466.59262549977785,70.0,70.0,40.0,-0.0381644491187754,-0.0078063645924767,-0.0034694953744339,0.034125,-0.1897,-0.2058,-0.021484375,-0.3115234375,-1.546875,463.0513422605826,4.66837581305211,70.11428571428571,2.805157315200909,71.77142857142857,3.6468012920730297,13.993780541981096,10.0,15.51506630678875,12.80745272571588,Good,15,0,2025-10-13 15:00:00+00:00,Abnormal
2025-10-13 15:46:12+00:00,463.7938693913816,40,68,69,25.1,55,1011.76,12.41,-0.196133,0.0,8.7867584,0.06125,0.0,0.1225,-70.8984375,-33.30078125,261.572265625,bedroom_window_closed,run_4,0,2320,0,False,False,False,0,0,0,0,0,0,463.7938693913816,68.0,69.0,40.0,-0.0381644491187754,-0.0078063645924767,-0.0902068797352873,0.139125,-0.11095,0.1091999999999999,-0.021484375,-0.3115234375,3.287109375,463.0719680142159,4.602865394023799,70.05555555555556,2.787158762656683,71.69444444444444,3.623884612199959,-13.993780541981096,-10.0,15.422153716903573,12.73559580655114,Good,15,0,2025-10-13 15:00:00+00:00,Abnormal
2025-10-13 15:46:18+00:00,463.7938693913816,40,68,69,25.6,55,1011.76,12.41,-0.2353596,0.0,8.7475318,0.09625,0.1925,0.035,-70.8984375,-34.912109375,269.091796875,bedroom_window_closed,run_4,0,2320,0,False,False,False,0,0,0,0,0,0,463.7938693913816,68.0,69.0,40.0,-0.081533141299202,-0.0078063645924767,-0.1335755719157131,0.174125,0.08155,0.0217,-0.021484375,-1.9228515625,10.806640625,463.0914788622474,4.540037937105492,70.0,2.7688746209726856,71.62162162162163,3.600550508458939,0.0,0.0,15.88669167025814,13.098391996253316,Good,15,0,2025-10-13 15:00:00+00:00,Abnormal
2025-10-13 15:46:23+00:00,463.7938693913816,39,66,66,25.4,54,1011.75,12.5,-0.1176798,0.0392266,8.6690786,-0.2625,-0.1225,0.25375,-71.435546875,-32.2265625,263.720703125,bedroom_window_closed,run_4,0,2320,0,False,False,False,0,0,0,0,0,0,463.7938693913816,66.0,66.0,39.0,0.0485729352420777,0.0355623275879498,-0.2203129562765665,-0.184625,-0.23345,0.2404499999999999,-0.55859375,0.7626953125,5.435546875,463.10996282354046,4.479715152711192,69.89473684210526,2.8072249804813243,71.47368421052632,3.666774428348784,0.0,-10.0,15.414263970967744,12.716722359489571,Good,15,0,2025-10-13 15:00:00+00:00,Abnormal
2025-10-13 15:46:28+00:00,465.19324744557974,40,66,67,25.6,54,1011.72,12.75,-0.196133,0.0,8.825985,0.07875,0.0875,0.04375,-71.435546875,-32.2265625,263.720703125,bedroom_window_closed,run_4,0,2327,0,False,False,False,0,0,0,0,0,0,465.19324744557974,66.0,67.0,40.0,-0.0381644491187754,-0.0078063645924767,-0.0468381875548616,0.156625,-0.02345,0.0304499999999999,-0.55859375,0.7626953125,5.435546875,463.1633803779517,4.432948292038456,69.7948717948718,2.839379909875492,71.35897435897436,3.688439831969884,6.996890270990548,0.0,15.599660204767106,12.860239414503257,Good,15,0,2025-10-13 15:00:00+00:00,Abnormal
2025-10-13 15:46:34+00:00,465.19324744557974,40,68,68,25.2,54,1011.69,13.0,-0.1176798,-0.0392266,8.9828914,0.21875,0.23625,0.25375,-70.8984375,-32.2265625,263.18359375,bedroom_window_closed,run_4,0,2327,0,False,False,False,0,0,0,0,0,0,465.19324744557974,68.0,68.0,40.0,0.0485729352420777,-0.0511750567729033,0.1266365811668452,0.296625,0.1252999999999999,0.2404499999999999,-0.021484375,0.7626953125,4.8984375,463.21412705464235,4.387501223844167,69.75,2.817072493901675,71.275,3.679377734457344,0.0,10.0,15.22885746647574,12.57458994888468,Good,15,0,2025-10-13 15:00:00+00:00,Abnormal
2025-10-13 15:46:39+00:00,463.7938693913816,40,69,69,25.3,54,1011.75,12.5,-0.1176798,-0.0784532,8.9044382,0.0,0.14,-0.07,-71.97265625,-32.2265625,262.646484375,bedroom_window_closed,run_4,0,2320,0,False,False,False,0,0,0,0,0,0,463.7938693913816,69.0,69.0,40.0,0.0485729352420777,-0.09454374895333,0.0398991968059918,0.077875,0.02905,-0.0833,-1.095703125,0.7626953125,4.361328125,463.228267111636,4.333256328003955,69.73170731707317,2.784101203655336,71.21951219512195,3.650425969129836,-6.996890270990548,5.0,15.32156200261166,12.645483767917929,Good,15,0,2025-10-13 15:00:00+00:00,Abnormal
2025-10-13 15:46:44+00:00,463.7938693913816,40,69,69,25.8,54,1011.75,12.5,-0.196133,0.0,8.9828914,-0.34125,-0.0175,-0.07875,-70.8984375,-33.837890625,258.88671875,bedroom_window_closed,run_4,0,2320,0,False,False,False,0,0,0,0,0,0,463.7938693913816,69.0,69.0,40.0,-0.0381644491187754,-0.0078063645924767,0.1266365811668452,-0.263375,-0.12845,-0.09205,-0.021484375,-0.8486328125,0.6015625,463.2417338325823,4.280975228813305,69.71428571428571,2.752255964111266,71.16666666666667,3.6218622528834152,0.0,0.0,15.78504616872723,13.005152265217683,Good,15,0,2025-10-13 15:00:00+00:00,Abnormal
2025-10-13 15:46:50+00:00,465.19324744557974,39,67,67,25.5,54,1011.79,12.16,-0.1176798,0.0,8.8652116,-0.00875,0.0875,-0.23625,-73.046875,-29.541015625,266.40625,bedroom_window_closed,run_4,0,2327,0,False,False,False,0,0,0,0,0,0,465.19324744557974,67.0,67.0,39.0,0.0485729352420777,-0.0078063645924767,-0.0034694953744339,0.0691249999999999,-0.02345,-0.24955,-2.169921875,3.4482421875,8.12109375,463.2871178700939,4.240161000741924,69.65116279069767,2.7506165623125645,71.06976744186046,3.6344603898765127,6.996890270990548,-10.0,15.50696337165066,12.7883071110951,Good,15,0,2025-10-13 15:00:00+00:00,Abnormal
2025-10-13 15:46:55+00:00,465.19324744557974,39,67,68,25.9,54,1011.75,12.5,-0.196133,0.0,8.9044382,-0.315,0.11375,-0.27125,-73.046875,-29.541015625,266.40625,bedroom_window_closed,run_4,0,2327,0,False,False,False,0,0,0,0,0,0,465.19324744557974,67.0,68.0,39.0,-0.0381644491187754,-0.0078063645924767,0.0398991968059918,-0.237125,0.0027999999999999,-0.2845499999999999,-2.169921875,3.4482421875,8.12109375,463.33043899680945,4.200407780288916,69.5909090909091,2.747668625446716,71.0,3.62164038382711,0.0,0.0,15.87773529978425,13.07813561750142,Good,15,0,2025-10-13 15:00:00+00:00,Abnormal
2025-10-13 15:47:01+00:00,465.19324744557974,39,67,69,25.6,54,1011.75,12.5,-0.1569064,-0.0392266,8.9044382,0.04375,0.14875,-0.07,-71.97265625,-33.30078125,255.126953125,bedroom_window_closed,run_4,0,2327,0,False,False,False,0,0,0,0,0,0,465.19324744557974,67.0,69.0,39.0,0.0052042430616511,-0.0511750567729033,0.0398991968059918,0.121625,0.0377999999999999,-0.0833,-1.095703125,-0.3115234375,-3.158203125,463.3718347401155,4.161676455159949,69.53333333333333,2.7435875650820227,70.95555555555555,3.5926411881888014,0.0,0.0,15.599660204767106,12.860239414503257,Good,15,0,2025-10-13 15:00:00+00:00,Abnormal
2025-10-13 15:47:06+00:00,465.19324744557974,40,68,70,25.7,54,1011.74,12.58,-0.0784532,0.0,8.8652116,0.0875,0.13125,0.175,-70.8984375,-33.30078125,263.18359375,bedroom_window_closed,run_4,0,2327,0,False,False,False,0,0,0,0,0,0,465.19324744557974,68.0,70.0,40.0,0.0919416274225043,-0.0078063645924767,-0.0034694953744339,0.165375,0.0203,0.1616999999999999,-0.021484375,-0.3115234375,4.8984375,463.41143066849514,4.123929259237088,69.5,2.722335598546051,70.93478260869566,3.5552913549183875,0.0,5.0,15.692354470423735,12.932520665764184,Good,15,0,2025-10-13 15:00:00+00:00,Abnormal
2025-10-13 15:47:11+00:00,465.19324744557974,40,68,70,25.0,54,1011.75,12.5,-0.0392266,-0.0392266,8.7867584,-0.245,0.2975,0.09625,-71.435546875,-32.763671875,256.73828125,bedroom_window_closed,run_4,0,2327,0,False,False,False,0,0,0,0,0,0,465.19324744557974,68.0,70.0,40.0,0.135310319602931,-0.0511750567729033,-0.0902068797352873,-0.167125,0.18655,0.08295,-0.55859375,0.2255859375,-1.546875,463.44934166375225,4.087129812151438,69.46808510638297,2.7014574474578548,70.91489361702128,3.519077122312666,0.0,0.0,15.0434406904376,12.433831099768083,Good,15,0,2025-10-13 15:00:00+00:00,Abnormal
2025-10-13 15:47:17+00:00,465.19324744557974,38,66,69,25.9,54,1011.79,12.16,-0.1176798,0.0392266,8.8652116,-0.13125,0.0875,0.1575,-71.435546875,-33.837890625,230.419921875,bedroom_window_closed,run_4,0,2327,0,False,False,False,0,0,0,0,0,0,465.19324744557974,66.0,69.0,38.0,0.0485729352420777,0.0355623275879498,-0.0034694953744339,-0.053375,-0.02345,0.1442,-0.55859375,-0.8486328125,-27.865234375,463.48567303420697,4.051243133489195,69.39583333333333,2.7190391241880327,70.875,3.4923929490591736,0.0,-10.0,15.87773529978425,13.07813561750142,Good,15,0,2025-10-13 15:00:00+00:00,Abnormal
2025-10-13 15:47:22+00:00,465.19324744557974,38,66,69,25.0,54,1011.76,12.41,-0.1569064,0.0,8.9044382,-0.14,0.105,-0.09625,-70.361328125,-33.837890625,230.419921875,bedroom_window_closed,run_4,0,2327,0,False,False,False,0,0,0,0,0,0,465.19324744557974,66.0,69.0,38.0,0.0052042430616511,-0.0078063645924767,0.0398991968059918,-0.062125,-0.00595,-0.10955,0.515625,-0.8486328125,-27.865234375,463.520521491582,4.016235637977546,69.3265306122449,2.733951315572087,70.83673469387755,3.4661874995898385,0.0,0.0,15.0434406904376,12.433831099768083,Good,15,0,2025-10-13 15:00:00+00:00,Abnormal
2025-10-13 15:47:27+00:00,465.19324744557974,40,67,70,25.5,54,1011.78,12.25,-0.0784532,0.0,8.7867584,-0.245,0.21,0.32375,-70.8984375,-33.30078125,261.572265625,bedroom_window_closed,run_4,0,2327,0,False,False,False,0,0,0,0,0,0,465.19324744557974,67.0,70.0,40.0,0.0919416274225043,-0.0078063645924767,-0.0902068797352873,-0.167125,0.0990499999999999,0.31045,-0.021484375,-0.3115234375,3.287109375,463.5539760106619,3.982075116562479,69.28,2.7258400689755495,70.82,3.4326761143636,0.0,5.0,15.50696337165066,12.7883071110951,Good,15,0,2025-10-13 15:00:00+00:00,Abnormal
2025-10-13 15:47:33+00:00,463.7938693913816,39,67,69,25.7,54,1011.82,11.91,-0.0392266,-0.1176798,8.7475318,-0.0525,-2.0475000000000003,0.13125,-70.8984375,-33.837890625,267.48046875,bedroom_window_closed,run_4,0,2320,0,False,False,False,0,0,0,0,0,0,463.7938693913816,67.0,69.0,39.0,0.135310319602931,-0.1379124411337565,-0.1335755719157131,0.025375,-2.15845,0.11795,-0.021484375,-0.8486328125,9.1953125,463.55867980244074,3.9421963672271807,69.23529411764706,2.7172650610061364,70.7843137254902,3.407719034722166,-6.996890270990548,0.0,15.692354470423735,12.932520665764184,Good,15,0,2025-10-13 15:00:00+00:00,Abnormal
2025-10-13 15:47:38+00:00,463.7938693913816,40,69,72,0.0,0,1011.78,12.25,-0.0784532,0.0,8.8652116,-0.175,-0.035,-0.0875,-72.509765625,-34.375,257.275390625,bedroom_window_closed,run_4,0,2320,0,False,False,False,0,0,0,0,0,0,463.7938693913816,69.0,72.0,40.0,0.0919416274225043,-0.0078063645924767,-0.0034694953744339,-0.0971249999999999,-0.14595,-0.1008,-1.6328125,-1.3857421875,-1.009765625,463.5632026791512,3.903492303400843,69.23076923076923,2.6906911759852457,70.8076923076923,3.3783535933214908,0.0,10.0,-96.07763018544566,0.0,Good,15,0,2025-10-13 15:00:00+00:00,Abnormal
2025-10-13 15:47:43+00:00,463.7938693913816,39,68,71,25.7,54,1011.76,12.41,-0.196133,0.0392266,8.8652116,-0.035,0.2625,0.23625,-72.509765625,-34.375,257.275390625,bedroom_window_closed,run_4,0,2320,0,False,False,False,0,0,0,0,0,0,463.7938693913816,68.0,71.0,39.0,-0.0381644491187754,0.0355623275879498,-0.0034694953744339,0.0428749999999999,0.15155,0.2229499999999999,-1.6328125,-1.3857421875,-1.009765625,463.5675548812687,3.865906360843591,69.20754716981132,2.670051069563718,70.81132075471699,3.345816008169372,0.0,-5.0,15.692354470423735,12.932520665764184,Good,15,0,2025-10-13 15:00:00+00:00,Abnormal
2025-10-13 15:47:49+00:00,463.7938693913816,40,69,70,25.3,54,1011.79,12.16,-0.1569064,0.0392266,8.825985,-0.13125,-0.04375,-0.0175,-72.509765625,-34.375,257.275390625,bedroom_window_closed,run_4,0,2320,0,False,False,False,0,0,0,0,0,0,463.7938693913816,69.0,70.0,40.0,0.0052042430616511,0.0355623275879498,-0.0468381875548616,-0.053375,-0.1547,-0.0308,-1.6328125,-1.3857421875,-1.009765625,463.5717458907152,3.829385716769744,69.20370370370371,2.644892761885214,70.79629629629629,3.315939945456303,0.0,5.0,15.32156200261166,12.645483767917929,Good,15,0,2025-10-13 15:00:00+00:00,Abnormal
2025-10-13 15:47:54+00:00,465.19324744557974,39,67,68,25.8,54,1011.83,11.83,-0.1569064,0.0,8.825985,0.06125,-0.04375,-0.11375,-70.8984375,-33.837890625,265.33203125,bedroom_window_closed,run_4,0,2327,0,False,False,False,0,0,0,0,0,0,465.19324744557974,67.0,68.0,39.0,0.0052042430616511,-0.0078063645924767,-0.0468381875548616,0.139125,-0.1547,-0.12705,-0.021484375,-0.8486328125,7.046875,463.60122773716733,3.8000579813460855,69.16363636363636,2.6370833802154863,70.74545454545455,3.3066609644786182,6.996890270990548,-10.0,15.78504616872723,13.005152265217683,Good,15,0,2025-10-13 15:00:00+00:00,Abnormal
2025-10-13 15:47:59+00:00,465.19324744557974,40,66,67,25.5,54,1011.83,11.83,-0.0784532,0.0784532,8.8652116,-0.04375,0.16625,-0.0525,-70.361328125,-32.2265625,257.275390625,bedroom_window_closed,run_4,0,2327,0,False,False,False,0,0,0,0,0,0,465.19324744557974,66.0,67.0,40.0,0.0919416274225043,0.0789310197683764,-0.0034694953744339,0.034125,0.0553,-0.0658,0.515625,0.7626953125,-1.009765625,463.62965666053185,3.7713587208462327,69.10714285714286,2.6469781839851816,70.67857142857143,3.3144704382018877,0.0,-5.0,15.50696337165066,12.7883071110951,Good,15,0,2025-10-13 15:00:00+00:00,Abnormal
2025-10-13 15:48:05+00:00,465.19324744557974,39,64,65,25.4,54,1011.78,12.25,-0.196133,0.0392266,8.9044382,-0.2625,-0.0525,-0.2625,-71.435546875,-33.837890625,225.5859375,bedroom_window_closed,run_4,0,2327,0,False,False,False,0,0,0,0,0,0,465.19324744557974,64.0,65.0,39.0,-0.0381644491187754,0.0355623275879498,0.0398991968059918,-0.184625,-0.16345,-0.2758,-0.55859375,-0.8486328125,-32.69921875,463.65708807781334,3.743267737131237,69.01754385964912,2.7090537888860156,70.57894736842105,3.369757136337077,0.0,-10.0,15.414263970967744,12.716722359489571,Good,15,0,2025-10-13 15:00:00+00:00,Abnormal
2025-10-13 15:48:10+00:00,465.19324744557974,39,63,64,25.5,53,1011.8,12.08,-0.1569064,0.0,8.9436648,0.02625,0.1925,-0.0875,-71.435546875,-33.837890625,225.5859375,bedroom_window_closed,run_4,0,2327,0,False,False,False,0,0,0,0,0,0,465.19324744557974,63.0,64.0,39.0,0.0052042430616511,-0.0078063645924767,0.0832678889864195,0.104125,0.08155,-0.1008,-0.55859375,-0.8486328125,-32.69921875,463.68357358415415,3.715765575641477,68.91379310344827,2.7990254115831865,70.46551724137932,3.449970847786199,0.0,-5.0,15.215428813530206,12.551486609037784,Good,15,0,2025-10-13 15:00:00+00:00,Abnormal
2025-10-13 15:48:15+00:00,463.7938693913816,39,64,65,25.7,53,1011.82,11.91,-0.1569064,0.0,8.9436648,-0.0525,0.18375,0.32375,-70.361328125,-30.615234375,281.4453125,bedroom_window_closed,run_4,0,2320,0,False,False,False,0,0,0,0,0,0,463.7938693913816,64.0,65.0,39.0,0.0052042430616511,-0.0078063645924767,0.0832678889864195,0.025375,0.0727999999999999,0.31045,0.515625,2.3740234375,23.16015625,463.6854430046157,3.683621826980045,68.83050847457628,2.8475793856687375,70.37288135593221,3.493335058437479,-6.996890270990548,5.0,15.4004020380279,12.693029542324105,Good,15,0,2025-10-13 15:00:00+00:00,Abnormal
2025-10-13 15:48:21+00:00,463.7938693913816,40,65,66,25.5,53,1011.86,11.58,-0.2353596,0.0,8.9436648,-0.18375,0.07,-0.11375,-71.435546875,-32.2265625,257.275390625,bedroom_window_closed,run_4,0,2320,0,False,False,False,0,0,0,0,0,0,463.7938693913816,65.0,66.0,40.0,-0.081533141299202,-0.0078063645924767,0.0832678889864195,-0.105875,-0.04095,-0.12705,-0.55859375,0.7626953125,-1.009765625,463.68725011106176,3.6522981078951737,68.76666666666667,2.866325035483507,70.3,3.5093096525225644,0.0,5.0,15.215428813530206,12.551486609037784,Good,15,0,2025-10-13 15:00:00+00:00,Abnormal
2025-10-13 15:48:26+00:00,463.7938693913816,39,64,64,25.8,53,1011.72,12.75,-0.2353596,0.0392266,8.7475318,-0.21,0.1925,-0.0175,-71.97265625,-33.30078125,261.572265625,bedroom_window_closed,run_4,0,2320,0,False,False,False,0,0,0,0,0,0,463.7938693913816,64.0,64.0,39.0,-0.081533141299202,0.0355623275879498,-0.1335755719157131,-0.132125,0.08155,-0.0308,-1.095703125,-0.3115234375,3.287109375,463.68899796811615,3.6217601337444103,68.68852459016394,2.907123341074224,70.19672131147541,3.572206004376682,0.0,-5.0,15.49288469578152,12.764316112158095,Good,15,0,2025-10-13 15:00:00+00:00,Abnormal
2025-10-13 15:48:31+00:00,463.7938693913816,40,65,66,25.4,53,1011.75,12.5,-0.196133,0.0,8.8652116,-0.3325,0.0875,-0.35875,-71.97265625,-30.078125,280.908203125,bedroom_window_closed,run_4,0,2320,0,False,False,False,0,0,0,0,0,0,463.7938693913816,65.0,66.0,40.0,-0.0381644491187754,-0.0078063645924767,-0.0034694953744339,-0.254625,-0.02345,-0.37205,-1.095703125,2.9111328125,22.623046875,463.69068944268497,3.591975593702208,68.62903225806451,2.9210029210043773,70.12903225806451,3.5826717339215746,0.0,5.0,15.122938246560675,12.481227500980506,Good,15,0,2025-10-13 15:00:00+00:00,Abnormal
2025-10-13 15:48:37+00:00,463.7938693913816,40,67,68,25.9,53,1011.78,12.25,-0.196133,0.0,8.9436648,-0.16625,0.1225,0.1575,-71.97265625,-30.078125,280.908203125,bedroom_window_closed,run_4,0,2320,0,False,False,False,0,0,0,0,0,0,463.7938693913816,67.0,68.0,40.0,-0.0381644491187754,-0.0078063645924767,0.0832678889864195,-0.088375,0.0115499999999999,0.1442,-1.095703125,2.9111328125,22.623046875,463.6923272196484,3.5629140070176564,68.60317460317461,2.9046108091950913,70.0952380952381,3.5637705915915787,0.0,10.0,15.585364717355294,12.835947920881024,Good,15,0,2025-10-13 15:00:00+00:00,Abnormal
2025-10-13 15:48:42+00:00,463.7938693913816,39,67,67,25.7,53,1011.82,11.91,-0.1569064,0.0,8.9044382,-0.21875,0.21,0.30625,-70.361328125,-33.837890625,257.8125,bedroom_window_closed,run_4,0,2320,0,False,False,False,0,0,0,0,0,0,463.7938693913816,67.0,67.0,39.0,0.0052042430616511,-0.0078063645924767,0.0398991968059918,-0.140875,0.0990499999999999,0.29295,0.515625,-0.8486328125,-0.47265625,463.69391381608176,3.5345465918629615,68.578125,2.8884262068436035,70.046875,3.5564816192321884,0.0,0.0,15.4004020380279,12.693029542324105,Good,15,0,2025-10-13 15:00:00+00:00,Abnormal
2025-10-13 15:48:47+00:00,465.19324744557974,40,68,69,25.6,53,1011.76,12.41,-0.1569064,0.0,8.7867584,0.0875,-0.11375,0.06125,-70.361328125,-34.375,261.572265625,bedroom_window_closed,run_4,0,2327,0,False,False,False,0,0,0,0,0,0,465.19324744557974,68.0,69.0,40.0,0.0052042430616511,-0.0078063645924767,-0.0902068797352873,0.165375,-0.2247,0.04795,0.515625,-1.3857421875,3.287109375,463.7169804873048,3.511751815622558,68.56923076923077,2.8666685301126877,70.03076923076924,3.5309755679611214,6.996890270990548,5.0,15.307916743981709,12.622086832753196,Good,15,0,2025-10-13 15:00:00+00:00,Abnormal
2025-10-13 15:48:53+00:00,465.19324744557974,41,69,72,25.5,53,1011.8,12.08,-0.196133,0.0392266,8.825985,-0.16625,0.14,-0.06125,-71.97265625,-34.375,264.794921875,bedroom_window_closed,run_4,0,2327,0,False,False,False,0,0,0,0,0,0,465.19324744557974,69.0,72.0,41.0,-0.0381644491187754,0.0355623275879498,-0.0468381875548616,-0.088375,0.02905,-0.07455,-1.095703125,-1.3857421875,6.509765625,463.7393481684908,3.4893684586033613,68.57575757575758,2.845025921529094,70.06060606060606,3.512083702694434,0.0,5.0,15.215428813530206,12.551486609037784,Good,15,0,2025-10-13 15:00:00+00:00,Abnormal
2025-10-13 15:48:58+00:00,465.19324744557974,41,69,73,25.2,53,1011.81,12.0,-0.2353596,0.0392266,8.8652116,0.13125,0.0,-0.3325,-67.67578125,-30.078125,286.279296875,bedroom_window_closed,run_4,0,2327,0,False,False,False,0,0,0,0,0,0,465.19324744557974,69.0,73.0,41.0,-0.081533141299202,0.0355623275879498,-0.0034694953744339,0.209125,-0.11095,-0.3458,3.201171875,2.9111328125,27.994140625,463.76104815770105,3.467385420323027,68.58208955223881,2.823866110501821,70.1044776119403,3.503826169922895,0.0,0.0,14.937949202616542,12.341727172053483,Good,15,0,2025-10-13 15:00:00+00:00,Abnormal
2025-10-13 15:49:03+00:00,465.19324744557974,41,70,73,25.9,53,1011.79,12.16,-0.1569064,0.0784532,8.8652116,0.2275,-0.16625,-0.105,-67.67578125,-30.078125,286.279296875,bedroom_window_closed,run_4,0,2327,0,False,False,False,0,0,0,0,0,0,465.19324744557974,70.0,73.0,41.0,0.0052042430616511,0.0789310197683764,-0.0034694953744339,0.305375,-0.2772,-0.1183,3.201171875,2.9111328125,27.994140625,463.7821099119346,3.445791937814334,68.6029411764706,2.8079827883681387,70.1470588235294,3.4952620634239215,0.0,5.0,15.585364717355294,12.835947920881024,Good,15,0,2025-10-13 15:00:00+00:00,Abnormal
2025-10-13 15:49:09+00:00,465.19324744557974,40,70,73,25.5,53,1011.82,11.91,-0.2745862,0.0,8.9436648,0.02625,0.11375,0.21,-71.97265625,-33.837890625,261.03515625,bedroom_window_closed,run_4,0,2327,0,False,False,False,0,0,0,0,0,0,465.19324744557974,70.0,73.0,40.0,-0.1249018334796286,-0.0078063645924767,0.0832678889864195,0.104125,0.0027999999999999,0.1966999999999999,-1.095703125,-0.8486328125,2.75,463.80256118053813,3.4245775799175857,68.6231884057971,2.792329036713858,70.18840579710145,3.4864247755056947,0.0,0.0,15.215428813530206,12.551486609037784,Good,15,0,2025-10-13 15:00:00+00:00,Abnormal
2025-10-13 15:49:14+00:00,465.19324744557974,40,69,70,25.3,53,1011.81,12.0,-0.1176798,0.0,8.825985,-0.175,0.0,-0.0525,-71.97265625,-33.837890625,257.8125,bedroom_window_closed,run_4,0,2327,0,False,False,False,0,0,0,0,0,0,465.19324744557974,69.0,70.0,40.0,0.0485729352420777,-0.0078063645924767,-0.0468381875548616,-0.0971249999999999,-0.11095,-0.0658,-1.095703125,-0.8486328125,-0.47265625,463.8224281271816,3.4037322406513124,68.62857142857143,2.772386763131943,70.18571428571428,3.461141878858765,0.0,-5.0,15.030445042960366,12.411308142586114,Good,15,0,2025-10-13 15:00:00+00:00,Abnormal
2025-10-13 15:49:19+00:00,463.7938693913816,40,67,69,25.6,53,1011.81,12.0,-0.0784532,0.0,8.8652116,-0.25375,0.07875,0.2275,-70.361328125,-32.2265625,243.84765625,bedroom_window_closed,run_4,0,2320,0,False,False,False,0,0,0,0,0,0,463.7938693913816,67.0,69.0,40.0,0.0919416274225043,-0.0078063645924767,-0.0034694953744339,-0.1758749999999999,-0.0322,0.2142,0.515625,0.7626953125,-14.4375,463.82202589146607,3.379334111438951,68.6056338028169,2.7592901428728567,70.16901408450704,3.439210521919882,-6.996890270990548,-10.0,15.307916743981709,12.622086832753196,Good,15,0,2025-10-13 15:00:00+00:00,Abnormal
2025-10-13 15:49:25+00:00,463.7938693913816,40,66,69,25.1,53,1011.79,12.16,-0.2745862,0.0,8.7475318,-0.02625,0.245,0.06125,-70.361328125,-32.2265625,243.84765625,bedroom_window_closed,run_4,0,2320,0,False,False,False,0,0,0,0,0,0,463.7938693913816,66.0,69.0,40.0,-0.1249018334796286,-0.0078063645924767,-0.1335755719157131,0.051625,0.13405,0.04795,0.515625,0.7626953125,-14.4375,463.82163482896493,3.355453233064278,68.56944444444444,2.756944567629673,70.15277777777777,3.417682775734968,0.0,-5.0,14.845450725416438,12.27248323176746,Good,15,0,2025-10-13 15:00:00+00:00,Abnormal
2025-10-13 15:49:30+00:00,463.7938693913816,40,68,73,25.8,53,1011.8,12.08,-0.1569064,0.0392266,8.8652116,-0.245,0.35,0.105,-71.435546875,-32.763671875,259.9609375,bedroom_window_closed,run_4,0,2320,0,False,False,False,0,0,0,0,0,0,463.7938693913816,68.0,73.0,40.0,0.0052042430616511,0.0355623275879498,-0.0034694953744339,-0.167125,0.2390499999999999,0.0916999999999999,-0.55859375,0.2255859375,1.67578125,463.8212544805049,3.332071583506378,68.56164383561644,2.7385433139711655,70.1917808219178,3.4101870845004507,0.0,10.0,15.49288469578152,12.764316112158095,Good,15,0,2025-10-13 15:00:00+00:00,Abnormal
2025-10-13 15:49:35+00:00,465.19324744557974,39,68,74,25.8,53,1011.79,12.16,-0.1176798,0.0,8.9044382,0.07,0.0875,0.1225,-70.8984375,-34.375,264.794921875,bedroom_window_closed,run_4,0,2327,0,False,False,False,0,0,0,0,0,0,465.19324744557974,68.0,74.0,39.0,0.0485729352420777,-0.0078063645924767,0.0398991968059918,0.147875,-0.02345,0.1091999999999999,-0.021484375,-1.3857421875,6.509765625,463.8397949259788,3.313011711922341,68.55405405405405,2.720505049263006,70.24324324324324,3.4155599264622807,6.996890270990548,0.0,15.49288469578152,12.764316112158095,Good,15,0,2025-10-13 15:00:00+00:00,Abnormal
2025-10-13 15:49:41+00:00,465.19324744557974,40,69,74,25.4,53,1011.84,11.75,-0.196133,0.0,8.8652116,0.23625,-0.07875,0.04375,-70.8984375,-34.912109375,256.201171875,bedroom_window_closed,run_4,0,2327,0,False,False,False,0,0,0,0,0,0,465.19324744557974,69.0,74.0,40.0,-0.0381644491187754,-0.0078063645924767,-0.0034694953744339,0.314125,-0.1897,0.0304499999999999,-0.021484375,-1.9228515625,-2.083984375,463.85784095957354,3.2942595676225954,68.56,2.7025513471132725,70.29333333333334,3.4200258151915333,0.0,5.0,15.122938246560675,12.481227500980506,Good,15,0,2025-10-13 15:00:00+00:00,Abnormal
2025-10-13 15:49:46+00:00,466.59262549977785,39,67,72,25.2,53,1011.79,12.16,-0.196133,0.0392266,8.9044382,-0.1225,0.16625,0.25375,-70.361328125,-30.615234375,263.720703125,bedroom_window_closed,run_4,0,2334,0,False,False,False,0,0,0,0,0,0,466.59262549977785,67.0,72.0,39.0,-0.0381644491187754,0.0355623275879498,0.0398991968059918,-0.044625,0.0553,0.2404499999999999,0.515625,2.3740234375,5.435546875,463.89382496668145,3.287226691892139,68.53947368421052,2.6904313878319885,70.3157894736842,3.402785236893594,6.996890270990548,-10.0,14.937949202616542,12.341727172053483,Good,15,0,2025-10-13 15:00:00+00:00,Abnormal
2025-10-13 15:49:51+00:00,465.19324744557974,40,67,72,25.5,53,1011.82,11.91,-0.196133,0.0,8.9044382,-0.09625,0.18375,0.3325,-70.361328125,-30.615234375,263.720703125,bedroom_window_closed,run_4,0,2327,0,False,False,False,0,0,0,0,0,0,465.19324744557974,67.0,72.0,40.0,-0.0381644491187754,-0.0078063645924767,0.0398991968059918,-0.018375,0.0727999999999999,0.3192,0.515625,2.3740234375,5.435546875,463.9107005832905,3.268884445790397,68.51948051948052,2.678424466234959,70.33766233766234,3.385768938592312,-6.996890270990548,0.0,15.215428813530206,12.551486609037784,Good,15,0,2025-10-13 15:00:00+00:00,Abnormal
2025-10-13 15:49:57+00:00,465.19324744557974,39,66,71,25.8,53,1011.74,12.58,-0.1569064,0.0,8.9044382,-0.175,0.21,-0.28,-71.435546875,-32.2265625,257.275390625,bedroom_window_closed,run_4,0,2327,0,False,False,False,0,0,0,0,0,0,465.19324744557974,66.0,71.0,39.0,0.0052042430616511,-0.0078063645924767,0.0398991968059918,-0.0971249999999999,0.0990499999999999,-0.2933,-0.55859375,0.7626953125,-1.009765625,463.92714349178146,3.250833773505015,68.48717948717949,2.6762233020006274,70.34615384615384,3.3645474911464337,0.0,-5.0,15.49288469578152,12.764316112158095,Good,15,0,2025-10-13 15:00:00+00:00,Abnormal
2025-10-13 15:50:02+00:00,465.19324744557974,40,67,70,25.9,53,1011.83,11.83,-0.1569064,-0.0392266,8.8652116,0.00875,0.28,0.25375,-68.75,-33.30078125,258.349609375,bedroom_window_closed,run_4,0,2327,0,False,False,False,0,0,0,0,0,0,465.19324744557974,67.0,70.0,40.0,0.0052042430616511,-0.0511750567729033,-0.0034694953744339,0.086625,0.16905,0.2404499999999999,2.126953125,-0.3115234375,0.064453125,463.9431701241079,3.2330674983382206,68.46835443037975,2.6642718880176965,70.34177215189874,3.3431371569206836,0.0,5.0,15.585364717355294,12.835947920881024,Good,15,0,2025-10-13 15:00:00+00:00,Abnormal
2025-10-13 15:50:07+00:00,465.19324744557974,40,66,70,25.9,53,1011.78,12.25,-0.196133,0.0,8.825985,-0.39375,0.0,0.1575,-72.509765625,-32.2265625,259.423828125,bedroom_window_closed,run_4,0,2327,0,False,False,False,0,0,0,0,0,0,465.19324744557974,66.0,70.0,40.0,-0.0381644491187754,-0.0078063645924767,-0.0468381875548616,-0.315875,-0.11095,0.1442,-1.6328125,0.7626953125,1.138671875,463.9587960906264,3.2155786625142597,68.4375,2.661700940889896,70.3375,3.3221304358666193,0.0,-5.0,15.585364717355294,12.835947920881024,Good,15,0,2025-10-13 15:00:00+00:00,Abnormal
2025-10-13 15:50:13+00:00,465.19324744557974,40,64,68,25.5,53,1011.81,12.0,-0.1176798,0.0,8.9828914,-0.21,-0.0175,0.00875,-69.82421875,-33.30078125,257.8125,bedroom_window_closed,run_4,0,2327,0,False,False,False,0,0,0,0,0,0,465.19324744557974,64.0,68.0,40.0,0.0485729352420777,-0.0078063645924767,0.1266365811668452,-0.132125,-0.12845,-0.00455,1.052734375,-0.3115234375,-0.47265625,463.97403623081095,3.1983605206155787,68.38271604938272,2.690575687629727,70.30864197530865,3.311502586850264,0.0,-10.0,15.215428813530206,12.551486609037784,Good,15,0,2025-10-13 15:00:00+00:00,Abnormal
2025-10-13 15:50:18+00:00,465.19324744557974,40,64,67,25.3,53,1011.81,12.0,-0.196133,0.0,8.9044382,-0.1225,0.035,-0.14875,-69.82421875,-33.30078125,257.8125,bedroom_window_closed,run_4,0,2327,0,False,False,False,0,0,0,0,0,0,465.19324744557974,64.0,67.0,40.0,-0.0381644491187754,-0.0078063645924767,0.0398991968059918,-0.044625,-0.07595,-0.16205,1.052734375,-0.3115234375,-0.47265625,463.9889046602594,3.181406533061033,68.32926829268293,2.71736472762359,70.26829268292683,3.3112184191701868,0.0,0.0,15.030445042960366,12.411308142586114,Good,15,0,2025-10-13 15:00:00+00:00,Abnormal
2025-10-13 15:50:23+00:00,465.19324744557974,39,64,67,25.0,53,1011.74,12.58,-0.1569064,0.0,8.825985,-0.28875,0.105,0.0175,-70.361328125,-33.30078125,263.18359375,bedroom_window_closed,run_4,0,2327,0,False,False,False,0,0,0,0,0,0,465.19324744557974,64.0,67.0,39.0,0.0052042430616511,-0.0078063645924767,-0.0468381875548616,-0.210875,-0.00595,0.0042,0.515625,-0.3115234375,4.8984375,464.00341481429945,3.164710359655903,68.27710843373494,2.7422318354432083,70.2289156626506,3.310461250025796,0.0,0.0,14.752949611247312,12.203574968290896,Good,15,0,2025-10-13 15:00:00+00:00,Abnormal
2025-10-13 15:50:29+00:00,463.7938693913816,39,65,68,25.0,53,1011.83,11.83,-0.1569064,0.0,8.8652116,-0.16625,-0.06125,-0.21875,-70.8984375,-34.375,254.58984375,bedroom_window_closed,run_4,0,2320,0,False,False,False,0,0,0,0,0,0,463.7938693913816,65.0,68.0,39.0,0.0052042430616511,-0.0078063645924767,-0.0034694953744339,-0.088375,-0.1722,-0.23205,-0.021484375,-1.3857421875,-3.6953125,464.00092022593134,3.1456711558400716,68.23809523809524,2.7490153664169115,70.20238095238095,3.2994331820793468,-6.996890270990548,5.0,14.752949611247312,12.203574968290896,Good,15,0,2025-10-13 15:00:00+00:00,Abnormal
2025-10-13 15:50:34+00:00,465.19324744557974,40,65,68,25.6,53,1011.71,12.83,-0.196133,0.0,8.8652116,0.2625,0.1575,-0.0525,-71.435546875,-33.837890625,256.73828125,bedroom_window_closed,run_4,0,2327,0,False,False,False,0,0,0,0,0,0,465.19324744557974,65.0,68.0,40.0,-0.0381644491187754,-0.0078063645924767,-0.0034694953744339,0.340375,0.0465499999999999,-0.0658,-0.55859375,-0.8486328125,-1.546875,464.014947604986,3.129564136869764,68.2,2.7550818845319585,70.17647058823529,3.288422948800232,6.996890270990548,0.0,15.307916743981709,12.622086832753196,Good,15,0,2025-10-13 15:00:00+00:00,Abnormal
2025-10-13 15:50:39+00:00,463.7938693913816,40,65,68,25.3,53,1011.84,11.75,-0.196133,0.0392266,8.9044382,-0.175,0.0,0.0,-71.435546875,-32.763671875,262.646484375,bedroom_window_closed,run_4,0,2320,0,False,False,False,0,0,0,0,0,0,463.7938693913816,65.0,68.0,40.0,-0.0381644491187754,0.0355623275879498,0.0398991968059918,-0.0971249999999999,-0.11095,-0.0133,-0.55859375,0.2255859375,4.361328125,464.0123769280836,3.1111918067169166,68.16279069767442,2.760479349321432,70.15116279069767,3.277436020322135,-6.996890270990548,0.0,15.030445042960366,12.411308142586114,Good,15,0,2025-10-13 15:00:00+00:00,Abnormal
2025-10-13 15:50:45+00:00,463.7938693913816,39,64,67,25.1,53,1011.81,12.0,-0.1176798,-0.0392266,8.8652116,-0.16625,-0.0175,0.07875,-71.97265625,-32.763671875,262.646484375,bedroom_window_closed,run_4,0,2320,0,False,False,False,0,0,0,0,0,0,463.7938693913816,64.0,67.0,39.0,0.0485729352420777,-0.0511750567729033,-0.0034694953744339,-0.088375,-0.12845,0.06545,-1.095703125,0.2255859375,4.361328125,464.009865347202,3.09313930559785,68.11494252873563,2.7804353321365904,70.11494252873563,3.275793130860595,0.0,-5.0,14.845450725416438,12.27248323176746,Good,15,0,2025-10-13 15:00:00+00:00,Abnormal
2025-10-13 15:50:50+00:00,465.19324744557974,40,64,68,25.2,53,1011.82,11.91,-0.196133,0.0,8.9828914,0.06125,0.23625,-0.28875,-73.046875,-33.837890625,265.869140625,bedroom_window_closed,run_4,0,2327,0,False,False,False,0,0,0,0,0,0,465.19324744557974,64.0,68.0,40.0,-0.0381644491187754,-0.0078063645924767,0.1266365811668452,0.139125,0.1252999999999999,-0.30205,-2.169921875,-0.8486328125,7.583984375,464.0233128710472,3.0778974860658077,68.06818181818181,2.798995938798899,70.0909090909091,3.2647062976677206,6.996890270990548,0.0,14.937949202616542,12.341727172053483,Good,15,0,2025-10-13 15:00:00+00:00,Abnormal
2025-10-13 15:50:55+00:00,463.7938693913816,40,66,69,25.3,53,1011.82,11.91,-0.1569064,0.0392266,8.8652116,-0.23625,-0.00875,0.1225,-70.361328125,-33.30078125,260.498046875,bedroom_window_closed,run_4,0,2320,0,False,False,False,0,0,0,0,0,0,463.7938693913816,66.0,69.0,40.0,0.0052042430616511,0.0355623275879498,-0.0034694953744339,-0.158375,-0.1197,0.1091999999999999,0.515625,-0.3115234375,2.212890625,464.0207348544218,3.0604561048276944,68.04494382022472,2.7916682547421754,70.07865168539325,3.248162834242264,-6.996890270990548,10.0,15.030445042960366,12.411308142586114,Good,15,0,2025-10-13 15:00:00+00:00,Abnormal
2025-10-13 15:51:01+00:00,463.7938693913816,40,67,69,25.1,53,1011.75,12.5,-0.1569064,0.0,8.8652116,0.0175,0.14875,0.30625,-68.75,-33.837890625,261.03515625,bedroom_window_closed,run_4,0,2320,0,False,False,False,0,0,0,0,0,0,463.7938693913816,67.0,69.0,40.0,0.0052042430616511,-0.0078063645924767,-0.0034694953744339,0.095375,0.0377999999999999,0.29295,2.126953125,-0.8486328125,2.75,464.01821412705465,3.043307917520685,68.03333333333333,2.778124822265888,70.06666666666666,3.2318638307058434,0.0,5.0,14.845450725416438,12.27248323176746,Good,15,0,2025-10-13 15:00:00+00:00,Abnormal
2025-10-13 15:51:06+00:00,463.7938693913816,40,66,68,25.5,53,1011.86,11.58,-0.1569064,0.0,8.8652116,-0.175,0.02625,0.07,-68.75,-33.837890625,261.03515625,bedroom_window_closed,run_4,0,2320,0,False,False,False,0,0,0,0,0,0,463.7938693913816,66.0,68.0,40.0,0.0052042430616511,-0.0078063645924767,-0.0034694953744339,-0.0971249999999999,-0.0847,0.0567,2.126953125,-0.8486328125,2.75,464.01574880028903,3.026444800371233,68.01098901098901,2.7708582925973793,70.04395604395604,3.22115261604043,0.0,-5.0,15.215428813530206,12.551486609037784,Good,15,0,2025-10-13 15:00:00+00:00,Abnormal
2025-10-13 15:51:11+00:00,463.7938693913816,40,67,69,25.2,53,1011.82,11.91,-0.1569064,-0.0392266,8.8652116,-0.07,0.00875,0.3675,-70.8984375,-32.763671875,252.978515625,bedroom_window_closed,run_4,0,2320,0,False,False,False,0,0,0,0,0,0,463.7938693913816,67.0,69.0,40.0,0.0052042430616511,-0.0511750567729033,-0.0034694953744339,0.0078749999999999,-0.1022,0.3542,-0.021484375,0.2255859375,-5.306640625,464.0133370675835,3.009858941294693,68.0,2.7576068618270426,70.03260869565217,3.20525354110726,0.0,5.0,14.937949202616542,12.341727172053483,Good,15,0,2025-10-13 15:00:00+00:00,Abnormal
2025-10-13 15:51:17+00:00,463.7938693913816,39,67,68,25.3,53,1011.79,12.16,-0.196133,0.0392266,8.8652116,0.28875,0.0175,0.09625,-70.8984375,-32.2265625,259.423828125,bedroom_window_closed,run_4,0,2320,0,False,False,False,0,0,0,0,0,0,463.7938693913816,67.0,68.0,39.0,-0.0381644491187754,0.0355623275879498,-0.0034694953744339,0.366625,-0.09345,0.08295,-0.021484375,0.7626953125,1.138671875,464.0109772000975,2.9935428246858713,67.98924731182795,2.7445385438369803,70.01075268817205,3.194746447229422,0.0,0.0,15.030445042960366,12.411308142586114,Good,15,0,2025-10-13 15:00:00+00:00,Abnormal
2025-10-13 15:51:22+00:00,463.7938693913816,40,68,69,25.0,53,1011.84,11.75,-0.1176798,0.0392266,8.9436648,-0.14,0.07875,-0.02625,-71.435546875,-32.763671875,262.109375,bedroom_window_closed,run_4,0,2320,0,False,False,False,0,0,0,0,0,0,463.7938693913816,68.0,69.0,40.0,0.0485729352420777,0.0355623275879498,0.0832678889864195,-0.062125,-0.0322,-0.03955,-0.55859375,0.2255859375,3.82421875,464.0086675425579,2.977489217106986,67.98936170212765,2.72974330531757,70.0,3.1792336941030865,0.0,5.0,14.752949611247312,12.203574968290896,Good,15,0,2025-10-13 15:00:00+00:00,Abnormal
2025-10-13 15:51:27+00:00,463.7938693913816,39,68,69,25.7,53,1011.79,12.16,-0.1569064,0.0,8.825985,-0.02625,0.1225,-0.0875,-71.435546875,-31.689453125,280.908203125,bedroom_window_closed,run_4,0,2320,0,False,False,False,0,0,0,0,0,0,463.7938693913816,68.0,69.0,39.0,0.0052042430616511,-0.0078063645924767,-0.0468381875548616,0.051625,0.0115499999999999,-0.1008,-0.55859375,1.2998046875,22.623046875,464.0064065093876,2.9616911538111137,67.98947368421052,2.7151847899266515,69.98947368421052,3.163941579073388,0.0,0.0,15.4004020380279,12.693029542324105,Good,15,0,2025-10-13 15:00:00+00:00,Abnormal
2025-10-13 15:51:33+00:00,463.7938693913816,40,68,69,25.8,53,1011.86,11.58,-0.1569064,0.0,8.8652116,-0.11375,0.2275,0.00875,-71.435546875,-31.689453125,280.908203125,bedroom_window_closed,run_4,0,2320,0,False,False,False,0,0,0,0,0,0,463.7938693913816,68.0,69.0,40.0,0.0052042430616511,-0.0078063645924767,-0.0034694953744339,-0.035875,0.11655,-0.00455,-0.55859375,1.2998046875,22.623046875,464.0041925810751,2.9461419260441,67.98958333333333,2.700856751659081,69.97916666666667,3.1488650141269807,0.0,0.0,15.49288469578152,12.764316112158095,Good,15,0,2025-10-13 15:00:00+00:00,Abnormal
2025-10-13 15:51:38+00:00,465.19324744557974,40,66,67,25.9,53,1011.76,12.41,-0.1569064,-0.0784532,8.8652116,-0.07875,0.035,0.02625,-71.97265625,-34.912109375,258.349609375,bedroom_window_closed,run_4,0,2327,0,False,False,False,0,0,0,0,0,0,465.19324744557974,66.0,67.0,40.0,0.0052042430616511,-0.09454374895333,-0.0034694953744339,-0.000875,-0.07595,0.0129499999999999,-1.095703125,-1.9228515625,0.064453125,464.0164508786473,2.933242906892105,67.96907216494846,2.694336684941452,69.94845360824742,3.14699305561613,6.996890270990548,-10.0,15.585364717355294,12.835947920881024,Good,15,0,2025-10-13 15:00:00+00:00,Abnormal
2025-10-13 15:51:44+00:00,463.7938693913816,39,65,67,25.1,53,1011.86,11.58,-0.1569064,0.0,8.6690786,-0.44625,0.0,0.46375,-70.361328125,-32.2265625,261.03515625,bedroom_window_closed,run_4,0,2320,0,False,False,False,0,0,0,0,0,0,463.7938693913816,65.0,67.0,39.0,0.0052042430616511,-0.0078063645924767,-0.2203129562765665,-0.368375,-0.11095,0.45045,0.515625,0.7626953125,2.75,464.0141796389813,2.9181705472628936,67.93877551020408,2.6971398617092253,69.91836734693878,3.14486480258716,-6.996890270990548,-5.0,14.845450725416438,12.27248323176746,Good,15,0,2025-10-13 15:00:00+00:00,Abnormal
2025-10-13 15:51:49+00:00,463.7938693913816,40,66,68,0.0,0,1011.86,11.58,-0.1176798,0.0,8.7475318,0.0525,0.06125,-0.14,-70.8984375,-33.837890625,255.6640625,bedroom_window_closed,run_4,0,2320,0,False,False,False,0,0,0,0,0,0,463.7938693913816,66.0,68.0,40.0,0.0485729352420777,-0.0078063645924767,-0.1335755719157131,0.130375,-0.0497,-0.1533,-0.021484375,-0.8486328125,-2.62109375,464.01195428294494,2.9033281792308876,67.91919191919192,2.6904091475384395,69.8989898989899,3.134713310769133,0.0,5.0,-96.07763018544566,0.0,Good,15,0,2025-10-13 15:00:00+00:00,Abnormal
2025-10-13 15:51:54+00:00,463.7938693913816,39,65,68,25.0,53,1011.81,12.0,-0.1569064,0.0392266,8.8652116,0.0175,0.21,0.0875,-70.361328125,-32.763671875,231.494140625,bedroom_window_closed,run_4,0,2320,0,False,False,False,0,0,0,0,0,0,463.7938693913816,65.0,68.0,39.0,0.0052042430616511,0.0355623275879498,-0.0034694953744339,0.095375,0.0990499999999999,0.0741999999999999,0.515625,0.2255859375,-26.791015625,464.00977343402934,2.888710012348336,67.89,2.6926574309414164,69.88,3.1246171482650875,0.0,-5.0,14.752949611247312,12.203574968290896,Good,15,0,2025-10-13 15:00:00+00:00,Abnormal
2025-10-13 15:52:00+00:00,463.7938693913816,39,65,68,25.7,53,1011.85,11.66,-0.1176798,0.0,8.7867584,0.0175,0.02625,0.105,-70.361328125,-32.763671875,231.494140625,bedroom_window_closed,run_4,0,2320,0,False,False,False,0,0,0,0,0,0,463.7938693913816,65.0,68.0,39.0,0.0485729352420777,-0.0078063645924767,-0.0902068797352873,0.095375,-0.0847,0.0916999999999999,0.515625,0.2255859375,-26.791015625,464.0076357702408,2.8743104582387904,67.86138613861387,2.6945489528687228,69.86138613861387,3.114577669509281,0.0,0.0,15.4004020380279,12.693029542324105,Good,15,0,2025-10-13 15:00:00+00:00,Abnormal
2025-10-13 15:52:05+00:00,463.7938693913816,40,66,69,25.3,53,1011.81,12.0,-0.1569064,-0.0392266,8.9436648,-0.07,-0.105,-0.035,-70.361328125,-31.689453125,259.423828125,bedroom_window_closed,run_4,0,2320,0,False,False,False,0,0,0,0,0,0,463.7938693913816,66.0,69.0,40.0,0.0052042430616511,-0.0511750567729033,0.0832678889864195,0.0078749999999999,-0.21595,-0.0483,0.515625,1.2998046875,1.138671875,464.0055400214284,2.8601241216197475,67.84313725490196,2.6875035271971885,69.8529411764706,3.100294009767542,0.0,5.0,15.030445042960366,12.411308142586114,Good,15,0,2025-10-13 15:00:00+00:00,Abnormal
2025-10-13 15:52:10+00:00,463.7938693913816,40,65,68,25.4,52,1011.84,11.75,-0.1176798,0.0392266,8.9828914,-0.21875,0.2275,-0.28875,-70.8984375,-32.2265625,260.498046875,bedroom_window_closed,run_4,0,2320,0,False,False,False,0,0,0,0,0,0,463.7938693913816,65.0,68.0,40.0,0.0485729352420777,0.0355623275879498,0.1266365811668452,-0.140875,0.11655,-0.30205,-0.021484375,0.7626953125,2.212890625,464.00348496676776,2.8461457918080044,67.81553398058253,2.688930003739491,69.83495145631068,3.09045680797096,0.0,-5.0,14.826737785128106,12.24573264247144,Good,15,0,2025-10-13 15:00:00+00:00,Abnormal
2025-10-13 15:52:16+00:00,463.7938693913816,40,66,69,25.0,52,1011.85,11.66,-0.1176798,0.0392266,8.8652116,0.14,-0.0175,-0.37625,-71.435546875,-33.837890625,263.720703125,bedroom_window_closed,run_4,0,2320,0,False,False,False,0,0,0,0,0,0,463.7938693913816,66.0,69.0,40.0,0.0485729352420777,0.0355623275879498,-0.0034694953744339,0.217875,-0.12845,-0.3895499999999999,-0.55859375,-0.8486328125,5.435546875,464.00146943238906,2.8323704346773515,67.79807692307692,2.681760788374723,69.82692307692308,3.0765076269190907,0.0,5.0,14.457596798385136,11.97331883681371,Good,15,0,2025-10-13 15:00:00+00:00,Abnormal
2025-10-13 15:52:21+00:00,463.7938693913816,39,64,67,25.7,52,1011.86,11.58,-0.1569064,0.0392266,8.825985,-0.25375,0.04375,0.00875,-70.8984375,-33.30078125,297.021484375,bedroom_window_closed,run_4,0,2320,0,False,False,False,0,0,0,0,0,0,463.7938693913816,64.0,67.0,39.0,0.0052042430616511,0.0355623275879498,-0.0468381875548616,-0.1758749999999999,-0.0672,-0.00455,-0.021484375,-0.3115234375,38.736328125,463.99949228914136,2.81879318504041,67.76190476190476,2.694452311708866,69.8,3.074085229787867,0.0,-10.0,15.103565107533257,12.453538418884028,Good,15,0,2025-10-13 15:00:00+00:00,Abnormal
2025-10-13 15:52:26+00:00,463.7938693913816,39,64,67,25.8,52,1011.85,11.66,-0.1176798,0.0392266,8.9436648,-0.315,0.28875,-0.0525,-70.8984375,-33.30078125,297.021484375,bedroom_window_closed,run_4,0,2320,0,False,False,False,0,0,0,0,0,0,463.7938693913816,64.0,67.0,39.0,0.0485729352420777,0.0355623275879498,0.0832678889864195,-0.237125,0.1778,-0.0658,-0.021484375,-0.3115234375,38.736328125,463.9975524504832,2.805409339428424,67.72641509433963,2.70636997741017,69.77358490566037,3.071475584169743,0.0,0.0,15.195835469417164,12.523479959098507,Good,15,0,2025-10-13 15:00:00+00:00,Abnormal
2025-10-13 15:52:32+00:00,463.7938693913816,38,63,66,25.7,52,1011.85,11.66,-0.196133,0.0392266,8.825985,-0.00875,0.1925,-0.18375,-70.361328125,-33.837890625,257.275390625,bedroom_window_closed,run_4,0,2320,0,False,False,False,0,0,0,0,0,0,463.7938693913816,63.0,66.0,38.0,-0.0381644491187754,0.0355623275879498,-0.0468381875548616,0.0691249999999999,0.08155,-0.19705,0.515625,-0.8486328125,-1.009765625,463.9956488704916,2.792214349244674,67.6822429906542,2.732053380929364,69.73831775700934,3.0786435649429524,0.0,-5.0,15.103565107533257,12.453538418884028,Good,15,0,2025-10-13 15:00:00+00:00,Abnormal
2025-10-13 15:52:37+00:00,463.7938693913816,39,64,68,25.4,52,1011.86,11.58,-0.2353596,0.0392266,8.9436648,-0.0875,-0.07875,-0.34125,-70.8984375,-32.763671875,262.646484375,bedroom_window_closed,run_4,0,2320,0,False,False,False,0,0,0,0,0,0,463.7938693913816,64.0,68.0,39.0,-0.081533141299202,0.0355623275879498,0.0832678889864195,-0.0096249999999999,-0.1897,-0.35455,-0.021484375,0.2255859375,4.361328125,463.9937805419813,2.7792038142688686,67.64814814814815,2.742244168678409,69.72222222222223,3.0687856690987663,0.0,5.0,14.826737785128106,12.24573264247144,Good,15,0,2025-10-13 15:00:00+00:00,Abnormal
2025-10-13 15:52:42+00:00,463.7938693913816,39,66,69,25.0,52,1011.81,12.0,-0.196133,0.0,8.9044382,-0.16625,0.0175,-0.28875,-72.509765625,-32.763671875,258.88671875,bedroom_window_closed,run_4,0,2320,0,False,False,False,0,0,0,0,0,0,463.7938693913816,66.0,69.0,39.0,-0.0381644491187754,-0.0078063645924767,0.0398991968059918,-0.088375,-0.09345,-0.30205,-1.6328125,0.2255859375,0.6015625,463.9919464947281,2.7663734764914576,67.63302752293578,2.734080353403151,69.71559633027523,3.0553285060671183,0.0,10.0,14.457596798385136,11.97331883681371,Good,15,0,2025-10-13 15:00:00+00:00,Abnormal
2025-10-13 15:52:48+00:00,462.3944913371835,38,67,69,25.7,52,1011.81,12.0,-0.196133,0.0392266,8.9828914,-0.245,0.07875,0.035,-72.509765625,-32.763671875,258.88671875,bedroom_window_closed,run_4,0,2313,0,False,False,False,0,0,0,0,0,0,462.3944913371835,67.0,69.0,38.0,-0.0381644491187754,0.0355623275879498,0.1266365811668452,-0.167125,-0.0322,0.0217,-1.6328125,0.2255859375,0.6015625,463.97742417511415,2.757863591208932,67.62727272727273,2.722179007484749,69.7090909090909,3.0420461925373843,-6.996890270990548,5.0,15.103565107533257,12.453538418884028,Good,15,0,2025-10-13 15:00:00+00:00,Abnormal
2025-10-13 15:52:53+00:00,463.7938693913816,39,68,70,25.9,52,1011.9,11.25,-0.196133,-0.0392266,8.825985,-0.02625,0.37625,-0.11375,-72.509765625,-32.763671875,258.88671875,bedroom_window_closed,run_4,0,2320,0,False,False,False,0,0,0,0,0,0,463.7938693913816,68.0,70.0,39.0,-0.0381644491187754,-0.0511750567729033,-0.0468381875548616,0.051625,0.2653,-0.12705,-1.6328125,0.2255859375,0.6015625,463.9757705284138,2.74535450912478,67.63063063063063,2.7100081446638016,69.71171171171171,3.028313023892955,6.996890270990548,5.0,15.288103125373905,12.593760224260626,Good,15,0,2025-10-13 15:00:00+00:00,Abnormal
2025-10-13 15:52:58+00:00,463.7938693913816,37,66,69,25.1,52,1011.81,12.0,-0.0784532,0.0,8.825985,-0.2275,0.105,0.245,-71.435546875,-33.837890625,259.9609375,bedroom_window_closed,run_4,0,2320,0,False,False,False,0,0,0,0,0,0,463.7938693913816,66.0,69.0,37.0,0.0919416274225043,-0.0078063645924767,-0.0468381875548616,-0.149625,-0.00595,0.2317,-0.55859375,-0.8486328125,1.67578125,463.97414641111885,2.7330141175055,67.61607142857143,2.702169751185399,69.70535714285714,3.015391128043521,0.0,-10.0,14.549886105092662,12.040926944375622,Good,15,0,2025-10-13 15:00:00+00:00,Abnormal
2025-10-13 15:53:04+00:00,463.7938693913816,38,67,70,25.0,52,1011.84,11.75,-0.2353596,0.0392266,8.9828914,-0.07875,-0.105,-0.11375,-72.509765625,-33.837890625,259.423828125,bedroom_window_closed,run_4,0,2320,0,False,False,False,0,0,0,0,0,0,463.7938693913816,67.0,70.0,38.0,-0.081533141299202,0.0355623275879498,0.1266365811668452,-0.000875,-0.21595,-0.12705,-1.6328125,-0.8486328125,1.138671875,463.9725510392628,2.720838658580171,67.61061946902655,2.690703666324984,69.70796460176992,3.0020273385818528,0.0,5.0,14.457596798385136,11.97331883681371,Good,15,0,2025-10-13 15:00:00+00:00,Abnormal
2025-10-13 15:53:09+00:00,463.7938693913816,39,68,70,25.1,52,1011.84,11.75,-0.1569064,0.0,8.825985,0.0875,0.06125,0.14875,-70.361328125,-31.689453125,258.349609375,bedroom_window_closed,run_4,0,2320,0,False,False,False,0,0,0,0,0,0,463.7938693913816,68.0,70.0,39.0,0.0052042430616511,-0.0078063645924767,-0.0468381875548616,0.165375,-0.0497,0.13545,0.515625,1.2998046875,0.064453125,463.97098365638664,2.708824490738288,67.6140350877193,2.6790196725365045,69.71052631578948,2.988839666559352,0.0,5.0,14.549886105092662,12.040926944375622,Good,15,0,2025-10-13 15:00:00+00:00,Abnormal
2025-10-13 15:53:14+00:00,463.7938693913816,40,68,70,25.9,52,1011.89,11.33,-0.2353596,0.0392266,8.825985,-0.07875,0.1575,-0.2975,-70.361328125,-31.689453125,258.349609375,bedroom_window_closed,run_4,0,2320,0,False,False,False,0,0,0,0,0,0,463.7938693913816,68.0,70.0,40.0,-0.081533141299202,0.0355623275879498,-0.0468381875548616,-0.000875,0.0465499999999999,-0.3107999999999999,0.515625,1.2998046875,0.064453125,463.9694435323431,2.696968083953364,67.61739130434782,2.667486525379578,69.71304347826087,2.9758242773510557,0.0,0.0,15.288103125373905,12.593760224260626,Good,15,0,2025-10-13 15:00:00+00:00,Abnormal
2025-10-13 15:53:20+00:00,463.7938693913816,39,66,69,25.1,52,1011.88,11.41,-0.1176798,0.0,8.9044382,0.0175,0.0175,-0.1225,-71.97265625,-34.375,258.88671875,bedroom_window_closed,run_4,0,2320,0,False,False,False,0,0,0,0,0,0,463.7938693913816,66.0,69.0,39.0,0.0485729352420777,-0.0078063645924767,0.0398991968059918,0.095375,-0.09345,-0.1358,-1.095703125,-1.3857421875,0.6015625,463.9679299621624,2.6852660154249817,67.60344827586206,2.6601056217828036,69.70689655172414,2.9635972306855503,0.0,-10.0,14.549886105092662,12.040926944375622,Good,15,0,2025-10-13 15:00:00+00:00,Abnormal
2025-10-13 15:53:25+00:00,463.7938693913816,39,64,68,25.7,53,1011.82,11.91,-0.196133,0.0,8.9044382,-0.14,0.0175,0.4375,-71.97265625,-33.30078125,264.2578125,bedroom_window_closed,run_4,0,2320,0,False,False,False,0,0,0,0,0,0,463.7938693913816,64.0,68.0,39.0,-0.0381644491187754,-0.0078063645924767,0.0398991968059918,-0.062125,-0.09345,0.4242,-1.095703125,-0.3115234375,5.97265625,463.96644226497625,2.6737149654270915,67.57264957264957,2.6694834813455093,69.6923076923077,2.95501192733906,0.0,-10.0,15.4004020380279,12.693029542324105,Good,15,0,2025-10-13 15:00:00+00:00,Abnormal
2025-10-13 15:53:30+00:00,463.7938693913816,40,64,68,25.4,53,1011.79,12.16,-0.196133,-0.0392266,8.7867584,0.07,0.0875,0.02625,-71.435546875,-33.837890625,264.794921875,bedroom_window_closed,run_4,0,2320,0,False,False,False,0,0,0,0,0,0,463.7938693913816,64.0,68.0,40.0,-0.0381644491187754,-0.0511750567729033,-0.0902068797352873,0.147875,-0.02345,0.0129499999999999,-0.55859375,-0.8486328125,6.509765625,463.96497978299664,2.6623117133511096,67.54237288135593,2.678320904656147,69.67796610169492,2.9464779958515877,0.0,0.0,15.122938246560675,12.481227500980506,Good,15,0,2025-10-13 15:00:00+00:00,Abnormal
2025-10-13 15:53:36+00:00,462.3944913371835,39,64,67,25.3,52,1011.84,11.75,-0.196133,0.0,8.8652116,0.0,-0.06125,0.18375,-70.8984375,-30.615234375,278.759765625,bedroom_window_closed,run_4,0,2313,0,False,False,False,0,0,0,0,0,0,462.3944913371835,64.0,67.0,39.0,-0.0381644491187754,-0.0078063645924767,-0.0034694953744339,0.077875,-0.1722,0.17045,-0.021484375,2.3740234375,20.474609375,463.951782401099,2.6549129956874773,67.5126050420168,2.68664476725117,69.65546218487395,2.9442186232554,-6.996890270990548,0.0,14.734456598345078,12.177132517254302,Good,15,0,2025-10-13 15:00:00+00:00,Abnormal
2025-10-13 15:53:41+00:00,463.7938693913816,39,64,66,25.0,52,1011.84,11.75,-0.1176798,0.0,8.8652116,-0.09625,0.035,0.23625,-70.8984375,-30.615234375,278.759765625,bedroom_window_closed,run_4,0,2320,0,False,False,False,0,0,0,0,0,0,463.7938693913816,64.0,66.0,39.0,0.0485729352420777,-0.0078063645924767,-0.0034694953744339,-0.018375,-0.07595,0.2229499999999999,-0.021484375,2.3740234375,20.474609375,463.9504664593514,2.6437736659971898,67.48333333333333,2.6944803004727755,69.625,2.95075122182626,6.996890270990548,0.0,14.457596798385136,11.97331883681371,Good,15,0,2025-10-13 15:00:00+00:00,Abnormal
2025-10-13 15:53:46+00:00,462.3944913371835,40,65,66,25.6,52,1011.84,11.75,-0.1569064,-0.0392266,8.9044382,-0.1925,-0.07,0.035,-71.97265625,-33.837890625,260.498046875,bedroom_window_closed,run_4,0,2313,0,False,False,False,0,0,0,0,0,0,462.3944913371835,65.0,66.0,40.0,0.0052042430616511,-0.0511750567729033,0.0398991968059918,-0.114625,-0.18095,0.0217,-1.095703125,-0.8486328125,2.212890625,463.93760716082113,2.6365321514532583,67.46280991735537,2.692710289881584,69.59504132231405,2.9568522463274163,-6.996890270990548,5.0,15.011292039603148,12.383934251003136,Good,15,0,2025-10-13 15:00:00+00:00,Abnormal
2025-10-13 15:53:52+00:00,463.7938693913816,40,65,66,25.7,52,1011.86,11.58,-0.1569064,-0.0392266,8.8652116,-0.06125,-0.105,-0.00875,-71.97265625,-32.763671875,265.869140625,bedroom_window_closed,run_4,0,2320,0,False,False,False,0,0,0,0,0,0,463.7938693913816,65.0,66.0,40.0,0.0052042430616511,-0.0511750567729033,-0.0034694953744339,0.016625,-0.21595,-0.02205,-1.095703125,0.2255859375,7.583984375,463.93642898238306,2.6256470363130378,67.44262295081967,2.69081443423156,69.56557377049181,2.9625421987942757,6.996890270990548,0.0,15.103565107533257,12.453538418884028,Good,15,0,2025-10-13 15:00:00+00:00,Abnormal
2025-10-13 15:53:57+00:00,462.3944913371835,40,65,67,25.4,52,1011.82,11.91,-0.2353596,-0.1176798,8.7083052,-0.11375,0.035,-0.37625,-71.97265625,-34.375,266.40625,bedroom_window_closed,run_4,0,2313,0,False,False,False,0,0,0,0,0,0,462.3944913371835,65.0,67.0,40.0,-0.081533141299202,-0.1379124411337565,-0.1769442640961408,-0.035875,-0.07595,-0.3895499999999999,-1.095703125,-1.3857421875,8.12109375,463.9238929039668,2.618557585874021,67.42276422764228,2.6887992630061923,69.54471544715447,2.959430695474506,-6.996890270990548,0.0,14.826737785128106,12.24573264247144,Good,15,0,2025-10-13 15:00:00+00:00,Abnormal
2025-10-13 15:54:02+00:00,462.3944913371835,38,65,67,25.0,52,1011.83,11.83,-0.1176798,-0.0392266,8.8652116,0.1575,-0.07,0.0875,-70.361328125,-34.375,267.48046875,bedroom_window_closed,run_4,0,2313,0,False,False,False,0,0,0,0,0,0,462.3944913371835,65.0,67.0,38.0,0.0485729352420777,-0.0511750567729033,-0.0034694953744339,0.235375,-0.18095,0.0741999999999999,0.515625,-1.3857421875,9.1953125,463.9115590203637,2.611505426690937,67.40322580645162,2.68667096825911,69.5241935483871,2.9562217967919575,0.0,0.0,14.457596798385136,11.97331883681371,Good,15,0,2025-10-13 15:00:00+00:00,Abnormal
2025-10-13 15:54:08+00:00,462.3944913371835,39,65,67,25.5,52,1011.8,12.08,-0.1569064,0.0,8.825985,-0.00875,-0.1925,0.0875,-70.361328125,-34.375,267.48046875,bedroom_window_closed,run_4,0,2313,0,False,False,False,0,0,0,0,0,0,462.3944913371835,65.0,67.0,39.0,0.0052042430616511,-0.0078063645924767,-0.0468381875548616,0.0691249999999999,-0.30345,0.0741999999999999,0.515625,-1.3857421875,9.1953125,463.89942247889826,2.604490903472743,67.384,2.6844354245142696,69.504,2.9529209158871463,0.0,0.0,14.919016265507771,12.31466610698047,Good,15,0,2025-10-13 15:00:00+00:00,Abnormal
2025-10-13 15:54:13+00:00,463.7938693913816,37,66,68,25.4,52,1011.84,11.75,-0.196133,0.0392266,8.8652116,-0.0525,0.06125,-0.0525,-71.97265625,-32.763671875,261.572265625,bedroom_window_closed,run_4,0,2320,0,False,False,False,0,0,0,0,0,0,463.7938693913816,66.0,68.0,37.0,-0.0381644491187754,0.0355623275879498,-0.0034694953744339,0.025375,-0.0497,-0.0658,-1.095703125,0.2255859375,3.287109375,463.89858475598146,2.5940690637649646,67.37301587301587,2.6765175194169832,69.4920634920635,2.9441359526924735,6.996890270990548,5.0,14.826737785128106,12.24573264247144,Good,15,0,2025-10-13 15:00:00+00:00,Abnormal
2025-10-13 15:54:18+00:00,462.3944913371835,36,67,69,25.4,52,1011.82,11.91,-0.196133,0.0392266,8.9044382,-0.035,-0.00875,-0.00875,-70.8984375,-33.837890625,257.8125,bedroom_window_closed,run_4,0,2313,0,False,False,False,0,0,0,0,0,0,462.3944913371835,67.0,69.0,36.0,-0.0381644491187754,0.0355623275879498,0.0398991968059918,0.0428749999999999,-0.1197,-0.02205,-0.021484375,-0.8486328125,-0.47265625,463.8867415007154,2.5871995218492385,67.37007874015748,2.6660807380286324,69.48818897637796,2.932754655399308,-6.996890270990548,5.0,14.826737785128106,12.24573264247144,Good,15,0,2025-10-13 15:00:00+00:00,Abnormal
2025-10-13 15:54:24+00:00,462.3944913371835,38,70,72,25.8,52,1011.84,11.75,-0.196133,0.0392266,8.825985,0.0,-0.06125,0.27125,-71.435546875,-31.15234375,263.18359375,bedroom_window_closed,run_4,0,2313,0,False,False,False,0,0,0,0,0,0,462.3944913371835,70.0,72.0,38.0,-0.0381644491187754,0.0355623275879498,-0.0468381875548616,0.077875,-0.1722,0.25795,-0.55859375,1.8369140625,4.8984375,463.8750832963128,2.5803667957709773,67.390625,2.665718130186743,69.5078125,2.9296101531784418,0.0,15.0,15.195835469417164,12.523479959098507,Good,15,0,2025-10-13 15:00:00+00:00,Abnormal
2025-10-13 15:54:29+00:00,462.3944913371835,38,69,71,25.2,52,1011.84,11.75,-0.0784532,0.0,8.825985,0.02625,0.14,0.20125,-71.435546875,-32.763671875,256.201171875,bedroom_window_closed,run_4,0,2313,0,False,False,False,0,0,0,0,0,0,462.3944913371835,69.0,71.0,38.0,0.0919416274225043,-0.0078063645924767,-0.0468381875548616,0.104125,0.02905,0.18795,-0.55859375,0.2255859375,-2.083984375,463.8636058392652,2.5735711217737065,67.40310077519379,2.6590628631300777,69.51937984496124,2.9210998977102816,0.0,-5.0,14.642172705039618,12.108864395222286,Good,15,0,2025-10-13 15:00:00+00:00,Abnormal
2025-10-13 15:54:34+00:00,462.3944913371835,40,68,72,25.1,52,1011.8,12.08,-0.196133,0.0,8.8652116,-0.44625,0.13125,-0.0875,-71.435546875,-32.763671875,256.201171875,bedroom_window_closed,run_4,0,2313,0,False,False,False,0,0,0,0,0,0,462.3944913371835,68.0,72.0,40.0,-0.0381644491187754,-0.0078063645924767,-0.0034694953744339,-0.368375,0.0203,-0.1008,-0.55859375,0.2255859375,-2.083984375,463.85230495848,2.5668127008827977,67.4076923076923,2.6492536724275024,69.53846153846153,2.917878187770045,0.0,-5.0,14.549886105092662,12.040926944375622,Good,15,0,2025-10-13 15:00:00+00:00,Abnormal
2025-10-13 15:54:40+00:00,460.99511328298536,39,66,69,25.4,52,1011.86,11.58,-0.196133,-0.0392266,8.9044382,-0.04375,-0.11375,0.37625,-70.8984375,-34.375,259.423828125,bedroom_window_closed,run_4,0,2306,0,False,False,False,0,0,0,0,0,0,460.99511328298536,66.0,69.0,39.0,-0.0381644491187754,-0.0511750567729033,0.0398991968059918,0.034125,-0.2247,0.36295,-0.021484375,-1.3857421875,1.138671875,463.8304943350029,2.5690783547666807,67.3969465648855,2.641908952350051,69.53435114503817,2.9070146196442703,-6.996890270990832,-10.0,14.826737785128106,12.24573264247144,Good,15,0,2025-10-13 15:00:00+00:00,Abnormal
2025-10-13 15:54:45+00:00,462.3944913371835,39,65,68,25.8,52,1011.83,11.83,-0.196133,0.0392266,8.9044382,-0.42875,0.14,-0.2625,-71.97265625,-34.375,256.201171875,bedroom_window_closed,run_4,0,2313,0,False,False,False,0,0,0,0,0,0,462.3944913371835,65.0,68.0,39.0,-0.0381644491187754,0.0355623275879498,0.0398991968059918,-0.350875,0.02905,-0.2758,-1.095703125,-1.3857421875,-2.083984375,463.8196155244134,2.562304171904587,67.37878787878788,2.6400621755062863,69.52272727272727,2.8989756261095327,6.996890270990832,-5.0,15.195835469417164,12.523479959098507,Good,15,0,2025-10-13 15:00:00+00:00,Abnormal
2025-10-13 15:54:50+00:00,462.3944913371835,39,65,66,25.2,52,1011.85,11.66,-0.1176798,0.0784532,8.8652116,-0.035,-0.0875,0.14875,-70.361328125,-33.837890625,261.572265625,bedroom_window_closed,run_4,0,2313,0,False,False,False,0,0,0,0,0,0,462.3944913371835,65.0,66.0,39.0,0.0485729352420777,0.0789310197683764,-0.0034694953744339,0.0428749999999999,-0.19845,0.13545,0.515625,-0.8486328125,3.287109375,463.80890030496056,2.555569464671835,67.3609022556391,2.6381190092640505,69.49624060150376,2.904082967317948,0.0,0.0,14.642172705039618,12.108864395222286,Good,15,0,2025-10-13 15:00:00+00:00,Abnormal
2025-10-13 15:54:56+00:00,462.3944913371835,39,65,65,25.4,52,1011.9,11.25,-0.196133,-0.0392266,8.8652116,-0.11375,0.34125,-0.07875,-70.361328125,-33.30078125,214.84375,bedroom_window_closed,run_4,0,2313,0,False,False,False,0,0,0,0,0,0,462.3944913371835,65.0,65.0,39.0,-0.0381644491187754,-0.0511750567729033,-0.0034694953744339,-0.035875,0.2303,-0.09205,0.515625,-0.3115234375,-43.44140625,463.7983450141562,2.5488742633027144,67.34328358208955,2.6360841247884172,69.46268656716418,2.919101510798216,0.0,0.0,14.826737785128106,12.24573264247144,Good,15,0,2025-10-13 15:00:00+00:00,Abnormal
2025-10-13 15:55:01+00:00,462.3944913371835,40,66,66,25.7,52,1011.82,11.91,-0.196133,0.0,8.7475318,-0.06125,0.07,0.5075000000000001,-70.361328125,-33.30078125,214.84375,bedroom_window_closed,run_4,0,2313,0,False,False,False,0,0,0,0,0,0,462.3944913371835,66.0,66.0,40.0,-0.0381644491187754,-0.0078063645924767,-0.1335755719157131,0.016625,-0.04095,0.4942000000000001,0.515625,-0.3115234375,-43.44140625,463.7879460980305,2.542218575006665,67.33333333333333,2.628773052432263,69.43703703703704,2.92341909671464,0.0,5.0,15.103565107533257,12.453538418884028,Good,15,0,2025-10-13 15:00:00+00:00,Abnormal
2025-10-13 15:55:06+00:00,462.3944913371835,40,66,66,25.0,52,1011.9,11.25,-0.1176798,0.0,8.9436648,-0.06125,0.09625,-0.13125,-70.361328125,-33.30078125,262.646484375,bedroom_window_closed,run_4,0,2313,0,False,False,False,0,0,0,0,0,0,462.3944913371835,66.0,66.0,40.0,0.0485729352420777,-0.0078063645924767,0.0832678889864195,0.016625,-0.0147,-0.14455,0.515625,-0.3115234375,4.361328125,463.7777001071419,2.535602385557908,67.32352941176471,2.6215131421917577,69.41176470588235,2.9274450704535493,0.0,0.0,14.457596798385136,11.97331883681371,Good,15,0,2025-10-13 15:00:00+00:00,Abnormal
2025-10-13 15:55:12+00:00,462.3944913371835,38,65,66,25.8,52,1011.83,11.83,-0.2353596,0.0,8.825985,-0.00875,0.1225,0.09625,-71.435546875,-32.763671875,264.2578125,bedroom_window_closed,run_4,0,2313,0,False,False,False,0,0,0,0,0,0,462.3944913371835,65.0,66.0,38.0,-0.081533141299202,-0.0078063645924767,-0.0468381875548616,0.0691249999999999,0.0115499999999999,0.08295,-0.55859375,0.2255859375,5.97265625,463.7676036927627,2.5290256607836765,67.30656934306569,2.6193904875764877,69.38686131386861,2.931191725076006,0.0,-5.0,15.195835469417164,12.523479959098507,Good,15,0,2025-10-13 15:00:00+00:00,Abnormal
2025-10-13 15:55:17+00:00,463.7938693913816,38,64,65,25.1,52,1011.86,11.58,-0.1569064,0.0,8.825985,0.035,0.3325,0.1575,-71.97265625,-33.30078125,293.798828125,bedroom_window_closed,run_4,0,2320,0,False,False,False,0,0,0,0,0,0,463.7938693913816,64.0,65.0,38.0,0.0052042430616511,-0.0078063645924767,-0.0468381875548616,0.112875,0.22155,0.1442,-1.095703125,-0.3115234375,35.513671875,463.7677940239122,2.519779727255252,67.28260869565217,2.624948050747085,69.35507246376811,2.9442526585431343,6.996890270990548,-5.0,14.549886105092662,12.040926944375622,Good,15,0,2025-10-13 15:00:00+00:00,Abnormal
2025-10-13 15:55:22+00:00,462.3944913371835,39,66,67,25.1,52,1011.87,11.5,-0.1569064,0.0392266,8.8652116,-0.02625,0.16625,0.0875,-71.97265625,-33.30078125,293.798828125,bedroom_window_closed,run_4,0,2313,0,False,False,False,0,0,0,0,0,0,462.3944913371835,66.0,67.0,39.0,0.0052042430616511,0.0355623275879498,-0.0034694953744339,0.051625,0.0553,0.0741999999999999,-1.095703125,-0.3115234375,35.513671875,463.757914148468,2.51333415734284,67.27338129496403,2.6176816698321304,69.33812949640287,2.9403587399058897,-6.996890270990548,10.0,14.549886105092662,12.040926944375622,Good,15,0,2025-10-13 15:00:00+00:00,Abnormal
2025-10-13 15:55:28+00:00,460.99511328298536,37,66,67,25.0,52,1011.94,10.91,-0.2353596,0.0,8.9044382,-0.0875,-0.1575,0.14875,-70.8984375,-32.763671875,264.2578125,bedroom_window_closed,run_4,0,2306,0,False,False,False,0,0,0,0,0,0,460.99511328298536,66.0,67.0,37.0,-0.081533141299202,-0.0078063645924767,0.0398991968059918,-0.0096249999999999,-0.26845,0.13545,-0.021484375,0.2255859375,5.97265625,463.73817985657166,2.5151392707636635,67.26428571428572,2.6104678989776944,69.32142857142857,2.9364194345461923,-6.996890270990832,0.0,14.457596798385136,11.97331883681371,Good,15,0,2025-10-13 15:00:00+00:00,Abnormal
2025-10-13 15:55:33+00:00,462.3944913371835,39,66,67,25.4,52,1011.89,11.33,-0.2353596,0.0392266,8.9828914,-0.18375,0.14875,-0.27125,-68.75,-32.763671875,259.9609375,bedroom_window_closed,run_4,0,2313,0,False,False,False,0,0,0,0,0,0,462.3944913371835,66.0,67.0,39.0,-0.081533141299202,0.0355623275879498,0.1266365811668452,-0.105875,0.0377999999999999,-0.2845499999999999,2.126953125,0.2255859375,1.67578125,463.7286501507605,2.508693948077318,67.25531914893617,2.6033062915101675,69.30496453900709,2.9324374610584885,6.996890270990832,0.0,14.826737785128106,12.24573264247144,Good,15,0,2025-10-13 15:00:00+00:00,Abnormal
2025-10-13 15:55:38+00:00,462.3944913371835,39,68,68,25.5,52,1011.86,11.58,-0.2353596,0.0,8.9044382,-0.04375,0.02625,-0.07875,-70.8984375,-33.837890625,260.498046875,bedroom_window_closed,run_4,0,2313,0,False,False,False,0,0,0,0,0,0,462.3944913371835,68.0,68.0,39.0,-0.081533141299202,-0.0078063645924767,0.0398991968059918,0.034125,-0.0847,-0.09205,-0.021484375,-0.8486328125,2.212890625,463.7192546661578,2.502288017092041,67.2605633802817,2.5948109087143183,69.29577464788733,2.9240716109109903,0.0,10.0,14.919016265507771,12.31466610698047,Good,15,0,2025-10-13 15:00:00+00:00,Abnormal
2025-10-13 15:55:44+00:00,460.99511328298536,40,68,69,25.5,52,1011.86,11.58,-0.2353596,0.0392266,8.8652116,0.02625,0.14875,0.16625,-70.8984375,-33.837890625,260.498046875,bedroom_window_closed,run_4,0,2306,0,False,False,False,0,0,0,0,0,0,460.99511328298536,68.0,69.0,40.0,-0.081533141299202,0.0355623275879498,-0.0034694953744339,0.104125,0.0377999999999999,0.15295,-0.021484375,-0.8486328125,2.212890625,463.70020472641534,2.5038461143461475,67.26573426573427,2.586397377371999,69.2937062937063,2.913862370313503,-6.996890270990832,0.0,14.919016265507771,12.31466610698047,Good,15,0,2025-10-13 15:00:00+00:00,Abnormal
2025-10-13 15:55:49+00:00,462.3944913371835,40,67,70,25.8,52,1011.86,11.58,-0.1569064,0.0,8.825985,-0.4025,0.14,0.2275,-70.8984375,-33.837890625,260.498046875,bedroom_window_closed,run_4,0,2313,0,False,False,False,0,0,0,0,0,0,462.3944913371835,67.0,70.0,40.0,0.0052042430616511,-0.0078063645924767,-0.0468381875548616,-0.324625,0.02905,0.2142,-0.021484375,-0.8486328125,2.212890625,463.69113727232343,2.4974474937156765,67.26388888888889,2.5774332955796164,69.29861111111111,2.904252635736649,6.996890270990832,-5.0,15.195835469417164,12.523479959098507,Good,15,0,2025-10-13 15:00:00+00:00,Abnormal
2025-10-13 15:55:54+00:00,460.99511328298536,38,65,68,25.3,52,1011.89,11.33,-0.2353596,0.0,8.9436648,-0.21,0.07,0.20125,-70.8984375,-34.375,265.869140625,bedroom_window_closed,run_4,0,2306,0,False,False,False,0,0,0,0,0,0,460.99511328298536,65.0,68.0,38.0,-0.081533141299202,-0.0078063645924767,0.0832678889864195,-0.132125,-0.04095,0.18795,-0.021484375,-1.3857421875,7.583984375,463.6725440034315,2.4988112550785657,67.24827586206897,2.575339876390534,69.28965517241379,2.8961594333878504,-6.996890270990832,-10.0,14.734456598345078,12.177132517254302,Good,15,0,2025-10-13 15:00:00+00:00,Abnormal
2025-10-13 15:56:00+00:00,460.99511328298536,39,66,69,0.0,0,1011.88,11.41,-0.196133,-0.1569064,8.8652116,-0.0175,0.04375,0.30625,-70.361328125,-32.2265625,266.943359375,bedroom_window_closed,run_4,0,2306,0,False,False,False,0,0,0,0,0,0,460.99511328298536,66.0,69.0,39.0,-0.0381644491187754,-0.1812811333141832,-0.0034694953744339,0.060375,-0.0672,0.29295,0.515625,0.7626953125,8.658203125,463.6542054368531,2.50001909257029,67.23972602739725,2.5685224372444666,69.28767123287672,2.886254951124517,0.0,5.0,-96.07763018544566,0.0,Good,15,0,2025-10-13 15:00:00+00:00,Abnormal
2025-10-13 15:56:05+00:00,462.3944913371835,38,65,68,25.6,52,1011.91,11.16,-0.1176798,-0.0392266,8.9044382,0.04375,0.14,0.13125,-68.75,-32.763671875,250.29296875,bedroom_window_closed,run_4,0,2313,0,False,False,False,0,0,0,0,0,0,462.3944913371835,65.0,68.0,38.0,0.0485729352420777,-0.0511750567729033,0.0398991968059918,0.121625,0.02905,0.11795,2.126953125,0.2255859375,-7.9921875,463.64563595318185,2.493608166811253,67.22448979591837,2.5663681452759173,69.27891156462584,2.8783136066372124,6.996890270990832,-5.0,15.011292039603148,12.383934251003136,Good,15,0,2025-10-13 15:00:00+00:00,Abnormal
2025-10-13 15:56:10+00:00,460.99511328298536,39,66,68,25.9,52,1011.88,11.41,-0.1176798,0.0,8.9044382,-0.09625,-0.16625,0.1575,-68.75,-32.763671875,250.29296875,bedroom_window_closed,run_4,0,2306,0,False,False,False,0,0,0,0,0,0,460.99511328298536,66.0,68.0,39.0,0.0485729352420777,-0.0078063645924767,0.0398991968059918,-0.018375,-0.2772,0.1442,2.126953125,0.2255859375,-7.9921875,463.627727016221,2.4946442346679594,67.21621621621621,2.55960387172379,69.27027027027027,2.870432413310256,-6.996890270990832,5.0,15.288103125373905,12.593760224260626,Good,15,0,2025-10-13 15:00:00+00:00,Abnormal
2025-10-13 15:56:16+00:00,460.99511328298536,38,64,66,25.9,52,1011.87,11.5,-0.1569064,0.0392266,8.9044382,-0.07,-0.16625,-0.0525,-71.435546875,-29.541015625,284.130859375,bedroom_window_closed,run_4,0,2306,0,False,False,False,0,0,0,0,0,0,460.99511328298536,64.0,66.0,38.0,0.0052042430616511,0.0355623275879498,0.0398991968059918,0.0078749999999999,-0.2772,-0.0658,-0.55859375,3.4482421875,25.845703125,463.6100584676758,2.495539087168236,67.19463087248322,2.56451315739379,69.24832214765101,2.873236333936823,0.0,-10.0,15.288103125373905,12.593760224260626,Good,15,0,2025-10-13 15:00:00+00:00,Abnormal
2025-10-13 15:56:21+00:00,462.3944913371835,39,65,68,25.4,52,1011.88,11.41,-0.196133,0.0392266,8.825985,0.105,-0.04375,0.1925,-69.82421875,-32.763671875,262.109375,bedroom_window_closed,run_4,0,2313,0,False,False,False,0,0,0,0,0,0,462.3944913371835,65.0,68.0,39.0,-0.0381644491187754,0.0355623275879498,-0.0468381875548616,0.182875,-0.1547,0.1792,1.052734375,0.2255859375,3.82421875,463.6019546868058,2.4891302252039784,67.18,2.5621666586264813,69.24,2.865391735637139,6.996890270990832,5.0,14.826737785128106,12.24573264247144,Good,15,0,2025-10-13 15:00:00+00:00,Abnormal
2025-10-13 15:56:26+00:00,460.99511328298536,39,65,68,25.6,52,1011.89,11.33,-0.2353596,-0.0392266,8.8652116,0.11375,-0.09625,-0.5950000000000001,-70.361328125,-32.763671875,266.943359375,bedroom_window_closed,run_4,0,2306,0,False,False,False,0,0,0,0,0,0,460.99511328298536,65.0,68.0,39.0,-0.081533141299202,-0.0511750567729033,-0.0034694953744339,0.191625,-0.2072,-0.6083000000000001,0.515625,0.2255859375,8.658203125,463.5739671257219,2.494713250794568,67.09333333333333,2.4090062187484462,69.15333333333334,2.699084275900166,-6.996890270990832,0.0,15.011292039603148,12.383934251003136,Good,15,0,2025-10-13 15:00:00+00:00,Abnormal
2025-10-13 15:56:32+00:00,460.99511328298536,39,66,69,25.0,52,1011.86,11.58,-0.2353596,0.0,8.9436648,1.8725000000000005,0.1575,0.035,-71.97265625,-33.30078125,262.109375,bedroom_window_closed,run_4,0,2306,0,False,False,False,0,0,0,0,0,0,460.99511328298536,66.0,69.0,39.0,-0.081533141299202,-0.0078063645924767,0.0832678889864195,1.9503750000000004,0.0465499999999999,0.0217,-1.095703125,-0.3115234375,3.82421875,463.5459795646379,2.4999684014129433,67.02,2.2687547955095666,69.07333333333334,2.5173136492992745,0.0,5.0,14.457596798385136,11.97331883681371,Good,15,0,2025-10-13 15:00:00+00:00,Abnormal
2025-10-13 15:56:37+00:00,460.99511328298536,38,64,67,25.8,52,1011.89,11.33,-0.1569064,0.0,8.7867584,-0.175,0.13125,0.0525,-71.97265625,-33.30078125,262.109375,bedroom_window_closed,run_4,0,2306,0,False,False,False,0,0,0,0,0,0,460.99511328298536,64.0,67.0,38.0,0.0052042430616511,-0.0078063645924767,-0.0902068797352873,-0.0971249999999999,0.0203,0.0392,-1.095703125,-0.3115234375,3.82421875,463.508662816526,2.495959749477473,66.95333333333333,2.2083935874604568,69.00666666666666,2.4371197288411612,0.0,-10.0,15.195835469417164,12.523479959098507,Good,15,0,2025-10-13 15:00:00+00:00,Abnormal
2025-10-13 15:56:42+00:00,460.99511328298536,39,64,67,25.3,52,1011.91,11.16,-0.1569064,0.0,8.7475318,0.0875,0.07,-0.34125,-71.97265625,-34.375,258.349609375,bedroom_window_closed,run_4,0,2306,0,False,False,False,0,0,0,0,0,0,460.99511328298536,64.0,67.0,39.0,0.0052042430616511,-0.0078063645924767,-0.1335755719157131,0.165375,-0.04095,-0.35455,-1.095703125,-1.3857421875,0.064453125,463.48067525544207,2.500476539722301,66.88666666666667,2.144249893614077,68.94,2.352294324825,0.0,0.0,14.734456598345078,12.177132517254302,Good,15,0,2025-10-13 15:00:00+00:00,Abnormal
2025-10-13 15:56:48+00:00,460.99511328298536,38,61,65,25.0,52,1011.91,11.16,-0.1569064,0.0392266,8.9044382,-0.00875,0.07875,-0.23625,-70.361328125,-34.375,260.498046875,bedroom_window_closed,run_4,0,2306,0,False,False,False,0,0,0,0,0,0,460.99511328298536,61.0,65.0,38.0,0.0052042430616511,0.0355623275879498,0.0398991968059918,0.0691249999999999,-0.0322,-0.24955,0.515625,-1.3857421875,2.212890625,463.44335850733,2.495485802218165,66.82,2.170794553450092,68.87333333333333,2.3208904408607096,0.0,-15.0,14.457596798385136,11.97331883681371,Good,15,0,2025-10-13 15:00:00+00:00,Abnormal
2025-10-13 15:56:53+00:00,460.99511328298536,37,60,64,25.2,52,1011.86,11.58,-0.1176798,0.0,8.8652116,-0.035,0.175,-0.0875,-71.435546875,-33.30078125,265.33203125,bedroom_window_closed,run_4,0,2306,0,False,False,False,0,0,0,0,0,0,460.99511328298536,60.0,64.0,37.0,0.0485729352420777,-0.0078063645924767,-0.0034694953744339,0.0428749999999999,0.0640499999999999,-0.1008,-0.55859375,-0.3115234375,7.046875,463.4060417592181,2.489922103451442,66.74,2.1995423563053285,68.8,2.299693589160676,0.0,-5.0,14.642172705039618,12.108864395222286,Good,15,0,2025-10-13 15:00:00+00:00,Abnormal
2025-10-13 15:56:59+00:00,460.99511328298536,39,63,66,25.5,52,1011.91,11.16,-0.1569064,0.0392266,8.9436648,-0.20125,0.00875,-0.1575,-71.97265625,-29.541015625,242.7734375,bedroom_window_closed,run_4,0,2306,0,False,False,False,0,0,0,0,0,0,460.99511328298536,63.0,66.0,39.0,0.0052042430616511,0.0355623275879498,0.0832678889864195,-0.123375,-0.1022,-0.1708,-1.095703125,3.4482421875,-15.51171875,463.35939582407826,2.46888320016423,66.67333333333333,2.159718682484369,68.74,2.2537962009543153,0.0,15.0,14.919016265507771,12.31466610698047,Good,15,0,2025-10-13 15:00:00+00:00,Abnormal
2025-10-13 15:57:04+00:00,460.99511328298536,39,63,66,25.0,52,1011.95,10.83,-0.1569064,0.0784532,8.9828914,-0.34125,0.0175,0.13125,-71.97265625,-29.541015625,242.7734375,bedroom_window_closed,run_4,0,2306,0,False,False,False,0,0,0,0,0,0,460.99511328298536,63.0,66.0,39.0,0.0052042430616511,0.0789310197683764,0.1266365811668452,-0.263375,-0.09345,0.11795,-1.095703125,3.4482421875,-15.51171875,463.31274988893824,2.446768386744086,66.61333333333333,2.135625167155067,68.68666666666667,2.2229331450445526,0.0,0.0,14.457596798385136,11.97331883681371,Good,15,0,2025-10-13 15:00:00+00:00,Abnormal
2025-10-13 15:57:09+00:00,460.99511328298536,40,63,66,25.3,52,1011.88,11.41,-0.1569064,0.0,8.9436648,0.0,0.0525,-0.2975,-70.361328125,-34.375,258.349609375,bedroom_window_closed,run_4,0,2306,0,False,False,False,0,0,0,0,0,0,460.99511328298536,63.0,66.0,40.0,0.0052042430616511,-0.0078063645924767,0.0832678889864195,0.077875,-0.05845,-0.3107999999999999,0.515625,-1.3857421875,0.064453125,463.2754331408263,2.4390828258586494,66.57333333333334,2.146783661547067,68.66666666666667,2.2335653824487065,0.0,0.0,14.734456598345078,12.177132517254302,Good,15,0,2025-10-13 15:00:00+00:00,Abnormal
2025-10-13 15:57:15+00:00,459.59573522878713,39,62,65,25.1,52,1011.86,11.58,-0.1569064,0.0392266,8.9828914,-0.14875,0.0875,0.21,-70.8984375,-33.837890625,268.017578125,bedroom_window_closed,run_4,0,2299,0,False,False,False,0,0,0,0,0,0,459.59573522878713,62.0,65.0,39.0,0.0052042430616511,0.0355623275879498,0.1266365811668452,-0.070875,-0.02345,0.1966999999999999,-0.021484375,-0.8486328125,9.732421875,463.23811639271435,2.4523279088980683,66.52666666666667,2.1696400179767683,68.63333333333334,2.2507766494539,-6.996890270991116,-5.0,14.549886105092662,12.040926944375622,Good,15,0,2025-10-13 15:00:00+00:00,Abnormal
2025-10-13 15:57:20+00:00,460.99511328298536,39,64,66,25.7,52,1011.91,11.16,-0.1176798,-0.0392266,8.8652116,0.175,-0.2625,0.06125,-71.435546875,-34.912109375,261.03515625,bedroom_window_closed,run_4,0,2306,0,False,False,False,0,0,0,0,0,0,460.99511328298536,64.0,66.0,39.0,0.0485729352420777,-0.0511750567729033,-0.0034694953744339,0.2528749999999999,-0.37345,0.04795,-0.55859375,-1.9228515625,2.75,463.2101288316304,2.4538203931053806,66.49333333333334,2.16979467889149,68.6,2.252515372501497,6.996890270991116,10.0,15.103565107533257,12.453538418884028,Good,15,0,2025-10-13 15:00:00+00:00,Abnormal
2025-10-13 15:57:25+00:00,459.59573522878713,39,65,66,25.4,52,1011.84,11.75,-0.1569064,0.0392266,8.9436648,-0.00875,0.11375,-0.035,-71.435546875,-33.30078125,292.724609375,bedroom_window_closed,run_4,0,2299,0,False,False,False,0,0,0,0,0,0,459.59573522878713,65.0,66.0,39.0,0.0052042430616511,0.0355623275879498,0.0832678889864195,0.0691249999999999,0.0027999999999999,-0.0483,-0.55859375,-0.3115234375,34.439453125,463.1821412705464,2.470998950592041,66.47333333333333,2.169640017976767,68.58,2.2622374147744133,-6.996890270991116,5.0,14.826737785128106,12.24573264247144,Good,15,0,2025-10-13 15:00:00+00:00,Abnormal
2025-10-13 15:57:31+00:00,460.99511328298536,39,66,67,25.2,52,1011.84,11.75,-0.196133,0.0392266,8.825985,0.105,0.28875,0.18375,-71.435546875,-33.30078125,292.724609375,bedroom_window_closed,run_4,0,2306,0,False,False,False,0,0,0,0,0,0,460.99511328298536,66.0,67.0,39.0,-0.0381644491187754,0.0355623275879498,-0.0468381875548616,0.182875,0.1778,0.17045,-0.55859375,-0.3115234375,34.439453125,463.1634828964904,2.4769083838370407,66.47333333333333,2.169640017976767,68.58,2.2622374147744133,6.996890270991116,5.0,14.642172705039618,12.108864395222286,Good,15,0,2025-10-13 15:00:00+00:00,Abnormal
2025-10-13 15:57:36+00:00,460.99511328298536,38,66,67,25.9,52,1011.88,11.41,-0.1569064,0.0392266,8.9828914,-0.11375,-0.07,-0.23625,-68.75,-32.2265625,264.794921875,bedroom_window_closed,run_4,0,2306,0,False,False,False,0,0,0,0,0,0,460.99511328298536,66.0,67.0,38.0,0.0052042430616511,0.0355623275879498,0.1266365811668452,-0.035875,-0.18095,-0.24955,2.126953125,0.7626953125,6.509765625,463.1448245224345,2.4826625882750704,66.48,2.166616760739985,68.58666666666667,2.2560482962447117,0.0,0.0,15.288103125373905,12.593760224260626,Good,15,0,2025-10-13 15:00:00+00:00,Abnormal
2025-10-13 15:57:41+00:00,459.59573522878713,38,67,68,25.0,52,1011.89,11.33,-0.1569064,0.0392266,8.8652116,0.21,-0.07,-0.0875,-71.97265625,-33.837890625,259.423828125,bedroom_window_closed,run_4,0,2299,0,False,False,False,0,0,0,0,0,0,459.59573522878713,67.0,68.0,38.0,0.0052042430616511,0.0355623275879498,-0.0034694953744339,0.287875,-0.18095,-0.1008,-1.095703125,-0.8486328125,1.138671875,463.1994669035984,2.306354031915016,66.48,2.166616760739985,68.58666666666667,2.2560482962447117,-6.996890270991116,5.0,14.457596798385136,11.97331883681371,Good,15,0,2025-10-13 15:00:00+00:00,Abnormal
2025-10-13 15:57:47+00:00,460.99511328298536,40,67,68,25.5,52,1011.89,11.33,-0.1569064,0.0,8.9044382,-0.25375,-0.09625,-0.11375,-69.82421875,-33.30078125,265.33203125,bedroom_window_closed,run_4,0,2306,0,False,False,False,0,0,0,0,0,0,460.99511328298536,67.0,68.0,40.0,0.0052042430616511,-0.0078063645924767,0.0398991968059918,-0.1758749999999999,-0.2072,-0.12705,1.052734375,-0.3115234375,7.046875,463.28076410484226,1.9884052562852976,66.46,2.1476692532781834,68.56666666666666,2.247792852318686,6.996890270991116,0.0,14.919016265507771,12.31466610698047,Good,15,0,2025-10-13 15:00:00+00:00,Abnormal
2025-10-13 15:57:52+00:00,460.99511328298536,40,67,68,25.9,52,1011.92,11.08,-0.1569064,-0.0392266,8.9436648,-0.20125,-0.0875,-0.035,-69.82421875,-32.763671875,281.982421875,bedroom_window_closed,run_4,0,2306,0,False,False,False,0,0,0,0,0,0,460.99511328298536,67.0,68.0,40.0,0.0052042430616511,-0.0511750567729033,0.0832678889864195,-0.123375,-0.19845,-0.0483,1.052734375,0.2255859375,23.697265625,463.3180808529543,1.889534268906276,66.44,2.1283638988448375,68.55333333333333,2.2451638306364328,0.0,0.0,15.288103125373905,12.593760224260626,Good,15,0,2025-10-13 15:00:00+00:00,Abnormal
2025-10-13 15:57:57+00:00,459.59573522878713,38,65,67,25.6,52,1011.89,11.33,-0.1176798,0.0392266,8.9436648,0.07,-0.14,-0.035,-71.435546875,-32.763671875,281.982421875,bedroom_window_closed,run_4,0,2299,0,False,False,False,0,0,0,0,0,0,459.59573522878713,65.0,67.0,38.0,0.0485729352420777,0.0355623275879498,0.0832678889864195,0.147875,-0.25095,-0.0483,-0.55859375,0.2255859375,23.697265625,463.3367392270102,1.8378194917483217,66.40666666666667,2.1113202926311336,68.52,2.2307190281499336,-6.996890270991116,-10.0,15.011292039603148,12.383934251003136,Good,15,0,2025-10-13 15:00:00+00:00,Abnormal
2025-10-13 15:58:03+00:00,459.59573522878713,39,67,70,25.3,52,1011.85,11.66,-0.196133,-0.0392266,8.8652116,0.09625,0.105,0.105,-69.82421875,-33.30078125,263.720703125,bedroom_window_closed,run_4,0,2299,0,False,False,False,0,0,0,0,0,0,459.59573522878713,67.0,70.0,39.0,-0.0381644491187754,-0.0511750567729033,-0.0034694953744339,0.174125,-0.00595,0.0916999999999999,1.052734375,-0.3115234375,5.435546875,463.34606841403826,1.8149602402203675,66.37333333333333,2.061297781947394,68.5,2.2035663588797196,0.0,10.0,14.734456598345078,12.177132517254302,Good,15,0,2025-10-13 15:00:00+00:00,Abnormal
2025-10-13 15:58:08+00:00,460.99511328298536,38,66,69,25.1,52,1011.89,11.33,-0.196133,0.0392266,8.7867584,-0.0525,0.2975,-0.105,-70.8984375,-33.30078125,254.58984375,bedroom_window_closed,run_4,0,2306,0,False,False,False,0,0,0,0,0,0,460.99511328298536,66.0,69.0,38.0,-0.0381644491187754,0.0355623275879498,-0.0902068797352873,0.025375,0.18655,-0.1183,-0.021484375,-0.3115234375,-3.6953125,463.3553976010662,1.799080593551172,66.34,2.0261048026054542,68.48,2.185123589335621,6.996890270991116,-5.0,14.549886105092662,12.040926944375622,Good,15,0,2025-10-13 15:00:00+00:00,Abnormal
2025-10-13 15:58:13+00:00,459.59573522878713,38,66,68,0.0,0,1011.91,11.16,-0.1176798,0.0,8.9044382,-0.5075000000000001,0.0875,0.07,-71.97265625,-32.763671875,273.92578125,bedroom_window_closed,run_4,0,2299,0,False,False,False,0,0,0,0,0,0,459.59573522878713,66.0,68.0,38.0,0.0485729352420777,-0.0078063645924767,0.0398991968059918,-0.429625,-0.02345,0.0567,-1.095703125,0.2255859375,15.640625,463.34606841403826,1.8149602402203675,66.29333333333334,1.9508960827596664,68.44,2.1378029240979455,-6.996890270991116,0.0,-96.07763018544566,0.0,Good,15,0,2025-10-13 15:00:00+00:00,Abnormal
2025-10-13 15:58:19+00:00,459.59573522878713,40,67,69,25.2,52,1011.86,11.58,-0.2353596,-0.0784532,8.9436648,-0.00875,-0.18375,-0.21875,-71.97265625,-32.763671875,273.92578125,bedroom_window_closed,run_4,0,2299,0,False,False,False,0,0,0,0,0,0,459.59573522878713,67.0,69.0,40.0,-0.081533141299202,-0.09454374895333,0.0832678889864195,0.0691249999999999,-0.2947,-0.23205,-1.095703125,0.2255859375,15.640625,463.3274100399822,1.8390347997195953,66.27333333333333,1.9278832383628852,68.41333333333333,2.1052400799394095,0.0,5.0,14.642172705039618,12.108864395222286,Good,15,0,2025-10-13 15:00:00+00:00,Abnormal
2025-10-13 15:58:24+00:00,460.99511328298536,40,68,70,25.0,52,1011.88,11.41,-0.196133,0.0392266,8.9436648,-0.035,0.09625,0.11375,-70.8984375,-34.375,262.646484375,bedroom_window_closed,run_4,0,2306,0,False,False,False,0,0,0,0,0,0,460.99511328298536,68.0,70.0,40.0,-0.0381644491187754,0.0355623275879498,0.0832678889864195,0.0428749999999999,-0.0147,0.10045,-0.021484375,-1.3857421875,4.361328125,463.2714349178143,1.7800595251150635,66.26666666666667,1.9201043968634943,68.39333333333333,2.075412683686334,6.996890270991116,5.0,14.457596798385136,11.97331883681371,Good,15,0,2025-10-13 15:00:00+00:00,Abnormal
2025-10-13 15:58:29+00:00,460.99511328298536,39,67,69,25.2,52,1011.91,11.16,-0.196133,-0.0392266,8.9044382,-0.0875,0.06125,-0.34125,-72.509765625,-33.837890625,263.18359375,bedroom_window_closed,run_4,0,2306,0,False,False,False,0,0,0,0,0,0,460.99511328298536,67.0,69.0,39.0,-0.0381644491187754,-0.0511750567729033,0.0398991968059918,-0.0096249999999999,-0.0497,-0.35455,-1.6328125,-0.8486328125,4.8984375,463.2434473567304,1.7826418000150566,66.25333333333333,1.9079018542520865,68.37333333333333,2.0547756345346437,0.0,-5.0,14.642172705039618,12.108864395222286,Good,15,0,2025-10-13 15:00:00+00:00,Abnormal
2025-10-13 15:58:35+00:00,459.59573522878713,39,66,68,25.5,52,1011.85,11.66,-0.1569064,0.0392266,8.825985,0.02625,-0.0525,0.23625,-70.361328125,-33.30078125,268.017578125,bedroom_window_closed,run_4,0,2299,0,False,False,False,0,0,0,0,0,0,459.59573522878713,66.0,68.0,39.0,0.0052042430616511,0.0355623275879498,-0.0468381875548616,0.104125,-0.16345,0.2229499999999999,0.515625,-0.3115234375,9.732421875,463.1968014215905,1.7859563815661892,66.22666666666667,1.8829744664129788,68.34666666666666,2.033236143934609,-6.996890270991116,-5.0,14.919016265507771,12.31466610698047,Good,15,0,2025-10-13 15:00:00+00:00,Abnormal
2025-10-13 15:58:40+00:00,460.99511328298536,40,66,68,25.5,52,1011.89,11.33,-0.1569064,0.0392266,8.9044382,-0.0875,0.13125,0.35,-71.435546875,-31.689453125,252.978515625,bedroom_window_closed,run_4,0,2306,0,False,False,False,0,0,0,0,0,0,460.99511328298536,66.0,68.0,40.0,0.0052042430616511,0.0355623275879498,0.0398991968059918,-0.0096249999999999,0.0203,0.3367,-0.55859375,1.2998046875,-5.306640625,463.1594846734784,1.7729574084754345,66.20666666666666,1.8692016982696775,68.32,2.011110081121643,6.996890270991116,0.0,14.919016265507771,12.31466610698047,Good,15,0,2025-10-13 15:00:00+00:00,Abnormal
2025-10-13 15:58:45+00:00,459.59573522878713,40,66,69,0.0,0,1011.93,11.0,-0.1176798,0.0,8.825985,-0.105,0.0175,0.105,-71.435546875,-31.689453125,252.978515625,bedroom_window_closed,run_4,0,2299,0,False,False,False,0,0,0,0,0,0,459.59573522878713,66.0,69.0,40.0,0.0485729352420777,-0.0078063645924767,-0.0468381875548616,-0.0271249999999999,-0.09345,0.0916999999999999,-0.55859375,1.2998046875,-5.306640625,463.1128387383385,1.7740689883710716,66.18,1.8430715535968143,68.29333333333334,1.9748304375997785,-6.996890270991116,0.0,-96.07763018544566,0.0,Good,15,0,2025-10-13 15:00:00+00:00,Abnormal
2025-10-13 15:58:51+00:00,459.59573522878713,40,65,68,25.0,52,1011.92,11.08,-0.1569064,-0.0392266,8.825985,-0.035,0.0525,0.315,-71.435546875,-33.30078125,258.88671875,bedroom_window_closed,run_4,0,2299,0,False,False,False,0,0,0,0,0,0,459.59573522878713,65.0,68.0,40.0,0.0052042430616511,-0.0511750567729033,-0.0468381875548616,0.0428749999999999,-0.05845,0.3017,-0.55859375,-0.3115234375,0.6015625,463.0755219902266,1.7888240509508668,66.15333333333334,1.830893230740472,68.28,1.9699759818656049,0.0,-5.0,14.457596798385136,11.97331883681371,Good,15,0,2025-10-13 15:00:00+00:00,Abnormal
2025-10-13 15:58:56+00:00,460.99511328298536,40,65,67,0.0,0,1011.84,11.75,-0.196133,0.0,8.825985,-0.14,-0.07875,0.21875,-71.97265625,-33.30078125,264.2578125,bedroom_window_closed,run_4,0,2306,0,False,False,False,0,0,0,0,0,0,460.99511328298536,65.0,67.0,40.0,-0.0381644491187754,-0.0078063645924767,-0.0468381875548616,-0.062125,-0.1897,0.20545,-1.095703125,-0.3115234375,5.97265625,463.06619280319853,1.796034173085919,66.13333333333334,1.826966777547938,68.27333333333333,1.9726201928034104,6.996890270991116,0.0,-96.07763018544566,0.0,Good,15,0,2025-10-13 15:00:00+00:00,Abnormal
2025-10-13 15:59:01+00:00,459.59573522878713,39,64,65,25.7,52,1011.86,11.58,-0.196133,0.0,8.825985,-0.175,0.13125,0.0,-71.435546875,-32.763671875,265.869140625,bedroom_window_closed,run_4,0,2299,0,False,False,False,0,0,0,0,0,0,459.59573522878713,64.0,65.0,39.0,-0.0381644491187754,-0.0078063645924767,-0.0468381875548616,-0.0971249999999999,0.0203,-0.0133,-0.55859375,0.2255859375,7.583984375,463.0755219902266,1.7740689883710736,66.12,1.8352257875463391,68.26666666666667,1.982022107119256,-6.996890270991116,-5.0,15.103565107533257,12.453538418884028,Good,15,0,2025-10-13 15:00:00+00:00,Abnormal
2025-10-13 15:59:07+00:00,459.59573522878713,39,65,67,25.6,52,1011.86,11.58,-0.1569064,0.0392266,8.825985,0.23625,0.0,0.0,-70.361328125,-32.763671875,306.689453125,bedroom_window_closed,run_4,0,2299,0,False,False,False,0,0,0,0,0,0,459.59573522878713,65.0,67.0,39.0,0.0052042430616511,0.0355623275879498,-0.0468381875548616,0.314125,-0.11095,-0.0133,0.515625,0.2255859375,48.404296875,463.0755219902266,1.7740689883710736,66.1,1.8309421053896,68.26,1.984605179404871,0.0,5.0,15.011292039603148,12.383934251003136,Good,15,0,2025-10-13 15:00:00+00:00,Abnormal
2025-10-13 15:59:12+00:00,459.59573522878713,39,65,68,25.6,52,1011.91,11.16,-0.1569064,-0.0392266,8.8652116,-0.1225,0.175,-0.07,-70.361328125,-32.763671875,306.689453125,bedroom_window_closed,run_4,0,2299,0,False,False,False,0,0,0,0,0,0,459.59573522878713,65.0,68.0,39.0,0.0052042430616511,-0.0511750567729033,-0.0034694953744339,-0.044625,0.0640499999999999,-0.0833,0.515625,0.2255859375,48.404296875,463.06619280319853,1.7887015950158571,66.07333333333334,1.8175012962770032,68.25333333333333,1.983782119810859,0.0,0.0,15.011292039603148,12.383934251003136,Good,15,0,2025-10-13 15:00:00+00:00,Abnormal
2025-10-13 15:59:17+00:00,460.99511328298536,40,65,69,25.7,52,1011.88,11.41,-0.196133,0.0,8.9044382,0.23625,0.0,-0.14,-72.509765625,-33.30078125,264.794921875,bedroom_window_closed,run_4,0,2306,0,False,False,False,0,0,0,0,0,0,460.99511328298536,65.0,69.0,40.0,-0.0381644491187754,-0.0078063645924767,0.0398991968059918,0.314125,-0.11095,-0.1533,-1.6328125,-0.3115234375,6.509765625,463.0568636161706,1.7958634207381192,66.04666666666667,1.8035634625127184,68.24666666666667,1.9795486797225603,6.996890270991116,0.0,15.103565107533257,12.453538418884028,Good,15,0,2025-10-13 15:00:00+00:00,Abnormal
2025-10-13 15:59:23+00:00,459.59573522878713,39,65,69,0.0,0,1011.91,11.16,-0.1569064,0.0,8.8652116,-0.49875,-0.06125,-0.39375,-71.97265625,-32.2265625,266.943359375,bedroom_window_closed,run_4,0,2299,0,False,False,False,0,0,0,0,0,0,459.59573522878713,65.0,69.0,39.0,0.0052042430616511,-0.0078063645924767,-0.0034694953744339,-0.420875,-0.1722,-0.4070499999999999,-1.095703125,0.7626953125,8.658203125,463.02887605508664,1.816890228260602,66.02666666666667,1.7983835645351238,68.24666666666667,1.9795486797225603,-6.996890270991116,0.0,-96.07763018544566,0.0,Good,15,0,2025-10-13 15:00:00+00:00,Abnormal
2025-10-13 15:59:28+00:00,459.59573522878713,40,67,70,25.6,52,1011.94,10.91,-0.1176798,0.0,8.9044382,0.0,0.27125,0.06125,-70.8984375,-33.837890625,264.2578125,bedroom_window_closed,run_4,0,2299,0,False,False,False,0,0,0,0,0,0,459.59573522878713,67.0,70.0,40.0,0.0485729352420777,-0.0078063645924767,0.0398991968059918,0.077875,0.1603,0.04795,-0.021484375,-0.8486328125,5.97265625,462.9822301199467,1.8145981389378811,66.00666666666666,1.7703625180143348,68.24666666666667,1.9795486797225603,0.0,10.0,15.011292039603148,12.383934251003136,Good,15,0,2025-10-13 15:00:00+00:00,Abnormal
2025-10-13 15:59:33+00:00,460.99511328298536,39,67,69,25.6,52,1011.96,10.75,-0.1569064,-0.0392266,8.8652116,0.00875,0.06125,0.34125,-70.8984375,-33.837890625,264.2578125,bedroom_window_closed,run_4,0,2306,0,False,False,False,0,0,0,0,0,0,460.99511328298536,67.0,69.0,39.0,0.0052042430616511,-0.0511750567729033,-0.0034694953744339,0.086625,-0.0497,0.32795,-0.021484375,-0.8486328125,5.97265625,462.9635717458907,1.820575632193771,66.0,1.7646795629041103,68.24666666666667,1.9795486797225603,6.996890270991116,0.0,15.011292039603148,12.383934251003136,Good,15,0,2025-10-13 15:00:00+00:00,Abnormal
2025-10-13 15:59:39+00:00,460.99511328298536,39,69,71,25.5,52,1011.87,11.5,-0.1176798,0.0392266,8.9044382,-0.105,-0.0175,0.07,-70.8984375,-33.837890625,264.2578125,bedroom_window_closed,run_4,0,2306,0,False,False,False,0,0,0,0,0,0,460.99511328298536,69.0,71.0,39.0,0.0485729352420777,0.0355623275879498,0.0398991968059918,-0.0271249999999999,-0.12845,0.0567,-0.021484375,-0.8486328125,5.97265625,462.94491337183473,1.8263416757118232,66.00666666666666,1.7741494480403848,68.26,1.9913571642737853,0.0,10.0,14.919016265507771,12.31466610698047,Good,15,0,2025-10-13 15:00:00+00:00,Abnormal
2025-10-13 15:59:44+00:00,460.99511328298536,40,72,72,25.1,52,1011.92,11.08,-0.1569064,0.0,8.8652116,-0.20125,0.06125,0.02625,-70.8984375,-34.375,269.091796875,bedroom_window_closed,run_4,0,2306,0,False,False,False,0,0,0,0,0,0,460.99511328298536,72.0,72.0,40.0,0.0052042430616511,-0.0078063645924767,-0.0034694953744339,-0.123375,-0.0497,0.0129499999999999,-0.021484375,-1.3857421875,10.806640625,462.9262549977788,1.8318982661570455,66.04666666666667,1.8403992369131024,68.3,2.0058638869289567,0.0,15.0,14.549886105092662,12.040926944375622,Good,15,0,2025-10-13 15:00:00+00:00,Abnormal
2025-10-13 15:59:49+00:00,460.99511328298536,40,71,71,25.8,52,1011.87,11.5,-0.1176798,-0.0392266,8.9044382,-0.00875,2.1875,0.14,-69.287109375,-32.763671875,269.62890625,bedroom_window_closed,run_4,0,2306,0,False,False,False,0,0,0,0,0,0,460.99511328298536,71.0,71.0,40.0,0.0485729352420777,-0.0511750567729033,0.0398991968059918,0.0691249999999999,2.07655,0.1267,1.58984375,0.2255859375,11.34375,462.8982674366948,1.8290981299935587,66.08,1.88430465340548,68.32666666666667,2.015032987778188,0.0,-5.0,15.195835469417164,12.523479959098507,Good,15,0,2025-10-13 15:00:00+00:00,Abnormal
2025-10-13 15:59:55+00:00,459.59573522878713,40,71,72,25.8,52,1011.96,10.75,-0.196133,-0.0392266,8.9828914,0.105,0.105,0.4025,-69.82421875,-32.763671875,265.869140625,bedroom_window_closed,run_4,0,2299,0,False,False,False,0,0,0,0,0,0,459.59573522878713,71.0,72.0,40.0,-0.0381644491187754,-0.0511750567729033,0.1266365811668452,0.182875,-0.00595,0.3892,1.052734375,0.2255859375,7.583984375,462.8609506885829,1.839034799719612,66.1,1.9203956527463708,68.35333333333334,2.0370285856150416,-6.996890270991116,0.0,15.195835469417164,12.523479959098507,Good,15,0,2025-10-13 15:00:00+00:00,Abnormal
2025-10-13 16:00:00+00:00,459.59573522878713,40,69,71,25.4,52,1011.91,11.16,-0.2353596,0.0392266,8.825985,0.06125,0.0175,0.21875,-69.82421875,-32.763671875,265.869140625,bedroom_window_closed,run_4,0,2299,0,False,False,False,0,0,0,0,0,0,459.59573522878713,69.0,71.0,40.0,-0.081533141299202,0.0355623275879498,-0.0468381875548616,0.139125,-0.09345,0.20545,1.052734375,0.2255859375,7.583984375,462.8329631274989,1.8566027634186415,66.1,1.9203956527463708,68.36666666666666,2.0478067057831417,0.0,-10.0,14.826737785128106,12.24573264247144,Good,16,0,2025-10-13 16:00:00+00:00,Abnormal
2025-10-13 16:00:05+00:00,459.59573522878713,41,70,72,25.8,52,1011.93,11.0,-0.1569064,-0.0392266,8.8652116,-0.07875,-0.04375,0.21875,-70.361328125,-33.30078125,264.794921875,bedroom_window_closed,run_4,0,2299,0,False,False,False,0,0,0,0,0,0,459.59573522878713,70.0,72.0,41.0,0.0052042430616511,-0.0511750567729033,-0.0034694953744339,-0.000875,-0.1547,0.20545,0.515625,-0.3115234375,6.509765625,462.80497556641495,1.8735852066012133,66.10666666666667,1.9322298787283232,68.38666666666667,2.068578173518009,0.0,5.0,15.195835469417164,12.523479959098507,Good,16,0,2025-10-13 16:00:00+00:00,Abnormal
2025-10-13 16:00:11+00:00,459.59573522878713,40,68,69,25.4,52,1011.89,11.33,-0.196133,0.0,8.9044382,-0.14875,-0.0175,-0.1225,-71.435546875,-32.2265625,268.5546875,bedroom_window_closed,run_4,0,2299,0,False,False,False,0,0,0,0,0,0,459.59573522878713,68.0,69.0,40.0,-0.0381644491187754,-0.0078063645924767,0.0398991968059918,-0.070875,-0.12845,-0.1358,-0.55859375,0.7626953125,10.26953125,462.76765881830295,1.8814252905339324,66.11333333333333,1.9370518894369553,68.4,2.0660242921705376,0.0,-10.0,14.826737785128106,12.24573264247144,Good,16,0,2025-10-13 16:00:00+00:00,Abnormal
2025-10-13 16:00:16+00:00,460.99511328298536,40,67,68,25.2,52,1011.98,10.58,-0.1569064,0.0,8.9828914,0.0875,-0.0175,-0.00875,-69.82421875,-34.375,269.62890625,bedroom_window_closed,run_4,0,2306,0,False,False,False,0,0,0,0,0,0,460.99511328298536,67.0,68.0,40.0,0.0052042430616511,-0.0078063645924767,0.1266365811668452,0.165375,-0.12845,-0.02205,1.052734375,-1.3857421875,11.34375,462.7396712572191,1.876318953376047,66.11333333333333,1.9370518894369553,68.4,2.0660242921705376,6.996890270991116,-5.0,14.642172705039618,12.108864395222286,Good,16,0,2025-10-13 16:00:00+00:00,Abnormal
2025-10-13 16:00:21+00:00,460.99511328298536,40,68,69,25.1,52,1011.88,11.41,-0.196133,0.0,8.9436648,0.175,0.18375,0.2625,-70.361328125,-31.15234375,233.642578125,bedroom_window_closed,run_4,0,2306,0,False,False,False,0,0,0,0,0,0,460.99511328298536,68.0,69.0,40.0,-0.0381644491187754,-0.0078063645924767,0.0832678889864195,0.2528749999999999,0.0727999999999999,0.2492,0.515625,1.8369140625,-24.642578125,462.7116836961351,1.870777214005684,66.12,1.941838884931876,68.4,2.0660242921705376,0.0,5.0,14.549886105092662,12.040926944375622,Good,16,0,2025-10-13 16:00:00+00:00,Abnormal
2025-10-13 16:00:27+00:00,460.99511328298536,40,69,70,25.8,52,1011.86,11.58,-0.1176798,0.0,8.8652116,-0.0525,-0.105,-0.16625,-70.361328125,-31.15234375,233.642578125,bedroom_window_closed,run_4,0,2306,0,False,False,False,0,0,0,0,0,0,460.99511328298536,69.0,70.0,40.0,0.0485729352420777,-0.0078063645924767,-0.0034694953744339,0.025375,-0.21595,-0.17955,0.515625,1.8369140625,-24.642578125,462.6836961350511,1.8647961906853905,66.12666666666667,1.9500358512163305,68.4,2.0660242921705376,0.0,5.0,15.195835469417164,12.523479959098507,Good,16,0,2025-10-13 16:00:00+00:00,Abnormal
2025-10-13 16:00:32+00:00,462.3944913371835,40,68,69,25.4,52,1011.93,11.0,-0.2353596,0.0,8.9436648,-0.14875,0.035,0.0525,-71.97265625,-33.30078125,256.201171875,bedroom_window_closed,run_4,0,2313,0,False,False,False,0,0,0,0,0,0,462.3944913371835,68.0,69.0,40.0,-0.081533141299202,-0.0078063645924767,0.0832678889864195,-0.070875,-0.07595,0.0392,-1.095703125,-0.3115234375,-2.083984375,462.6650377609951,1.8534854369502076,66.12666666666667,1.9500358512163305,68.39333333333333,2.0624370372058203,6.996890270990832,-5.0,14.826737785128106,12.24573264247144,Good,16,0,2025-10-13 16:00:00+00:00,Abnormal
2025-10-13 16:00:37+00:00,460.99511328298536,40,68,69,25.0,52,1011.91,11.16,-0.196133,0.0392266,8.8652116,1.5225000000000002,0.0525,0.28875,-71.435546875,-34.375,269.62890625,bedroom_window_closed,run_4,0,2306,0,False,False,False,0,0,0,0,0,0,460.99511328298536,68.0,69.0,40.0,-0.0381644491187754,0.0355623275879498,-0.0034694953744339,1.600375,-0.05845,0.27545,-0.55859375,-1.3857421875,11.34375,462.6370501999111,1.846736900007784,66.14,1.9559923415669025,68.39333333333333,2.0624370372058203,-6.996890270990832,0.0,14.457596798385136,11.97331883681371,Good,16,0,2025-10-13 16:00:00+00:00,Abnormal
2025-10-13 16:00:43+00:00,460.99511328298536,40,68,69,25.6,52,1011.91,11.16,-0.1569064,0.0,8.9044382,-0.23625,-0.00875,-0.35,-71.435546875,-33.30078125,264.2578125,bedroom_window_closed,run_4,0,2306,0,False,False,False,0,0,0,0,0,0,460.99511328298536,68.0,69.0,40.0,0.0052042430616511,-0.0078063645924767,0.0398991968059918,-0.158375,-0.1197,-0.3632999999999999,-0.55859375,-0.3115234375,5.97265625,462.6090626388272,1.8395349872784184,66.15333333333334,1.9618395239349464,68.39333333333333,2.0624370372058203,0.0,0.0,15.011292039603148,12.383934251003136,Good,16,0,2025-10-13 16:00:00+00:00,Abnormal
2025-10-13 16:00:48+00:00,460.99511328298536,38,66,67,25.6,52,1011.95,10.83,-0.196133,0.0,8.8652116,0.06125,-0.20125,0.175,-71.435546875,-31.15234375,280.908203125,bedroom_window_closed,run_4,0,2306,0,False,False,False,0,0,0,0,0,0,460.99511328298536,66.0,67.0,38.0,-0.0381644491187754,-0.0078063645924767,-0.0034694953744339,0.139125,-0.3122,0.1616999999999999,-0.55859375,1.8369140625,22.623046875,462.58107507774326,1.8318743515043965,66.14666666666666,1.960641816114334,68.37333333333333,2.0612977819473683,0.0,-10.0,15.011292039603148,12.383934251003136,Good,16,0,2025-10-13 16:00:00+00:00,Abnormal
2025-10-13 16:00:53+00:00,460.99511328298536,40,67,68,25.5,52,1011.91,11.16,-0.1176798,-0.0392266,8.7867584,-0.27125,-0.02625,-0.28875,-71.435546875,-31.15234375,280.908203125,bedroom_window_closed,run_4,0,2306,0,False,False,False,0,0,0,0,0,0,460.99511328298536,67.0,68.0,40.0,0.0485729352420777,-0.0511750567729033,-0.0902068797352873,-0.193375,-0.1372,-0.30205,-0.55859375,1.8369140625,22.623046875,462.5624167036872,1.8336909762196285,66.14666666666666,1.960641816114334,68.36666666666666,2.0608744695925045,0.0,5.0,14.919016265507771,12.31466610698047,Good,16,0,2025-10-13 16:00:00+00:00,Abnormal
2025-10-13 16:00:59+00:00,460.99511328298536,39,66,66,25.1,52,1011.87,11.5,-0.1176798,0.0,8.8652116,-0.105,-0.0525,0.25375,-71.97265625,-32.2265625,265.33203125,bedroom_window_closed,run_4,0,2306,0,False,False,False,0,0,0,0,0,0,460.99511328298536,66.0,66.0,39.0,0.0485729352420777,-0.0078063645924767,-0.0034694953744339,-0.0271249999999999,-0.16345,0.2404499999999999,-1.095703125,0.7626953125,7.046875,462.5437583296313,1.8353148531088967,66.12666666666667,1.9465911235380304,68.32666666666667,2.04806887817616,0.0,-5.0,14.549886105092662,12.040926944375622,Good,16,0,2025-10-13 16:00:00+00:00,Abnormal
2025-10-13 16:01:04+00:00,460.99511328298536,40,67,68,25.7,52,1011.9,11.25,-0.1176798,0.0,8.9436648,0.07875,0.07,-0.07,-74.12109375,-31.15234375,263.720703125,bedroom_window_closed,run_4,0,2306,0,False,False,False,0,0,0,0,0,0,460.99511328298536,67.0,68.0,40.0,0.0485729352420777,-0.0078063645924767,0.0832678889864195,0.156625,-0.04095,-0.0833,-3.244140625,1.8369140625,5.435546875,462.5250999555752,1.8367464934002635,66.12,1.9418388849318755,68.30666666666667,2.0364024953437725,0.0,5.0,15.103565107533257,12.453538418884028,Good,16,0,2025-10-13 16:00:00+00:00,Abnormal
2025-10-13 16:01:09+00:00,460.99511328298536,39,67,69,25.2,52,1011.94,10.91,-0.196133,-0.0392266,8.8652116,-0.16625,-0.14,-0.11375,-70.8984375,-33.30078125,248.681640625,bedroom_window_closed,run_4,0,2306,0,False,False,False,0,0,0,0,0,0,460.99511328298536,67.0,69.0,39.0,-0.0381644491187754,-0.0511750567729033,-0.0034694953744339,-0.088375,-0.25095,-0.12705,-0.021484375,-0.3115234375,-9.603515625,462.5064415815193,1.837986346303311,66.10666666666667,1.928753350083552,68.3,2.03245479241761,0.0,0.0,14.642172705039618,12.108864395222286,Good,16,0,2025-10-13 16:00:00+00:00,Abnormal
2025-10-13 16:01:15+00:00,460.99511328298536,40,69,72,25.2,52,1011.85,11.66,-0.1569064,0.0,8.7867584,-0.0875,0.1575,0.16625,-70.8984375,-33.30078125,248.681640625,bedroom_window_closed,run_4,0,2306,0,False,False,False,0,0,0,0,0,0,460.99511328298536,69.0,72.0,40.0,0.0052042430616511,-0.0078063645924767,-0.0902068797352873,-0.0096249999999999,0.0465499999999999,0.15295,-0.021484375,-0.3115234375,-9.603515625,462.4784540204354,1.828738828100394,66.12,1.9418388849318755,68.32666666666667,2.054612315581128,0.0,10.0,14.642172705039618,12.108864395222286,Good,16,0,2025-10-13 16:00:00+00:00,Abnormal
2025-10-13 16:01:20+00:00,462.3944913371835,39,69,71,25.0,52,1011.97,10.66,-0.196133,-0.0392266,8.8652116,-0.09625,0.00875,0.2975,-69.287109375,-31.689453125,250.29296875,bedroom_window_closed,run_4,0,2313,0,False,False,False,0,0,0,0,0,0,462.3944913371835,69.0,71.0,39.0,-0.0381644491187754,-0.0511750567729033,-0.0034694953744339,-0.018375,-0.1022,0.2842,1.58984375,1.2998046875,-7.9921875,462.45979564637935,1.815080924595076,66.14,1.9559923415669025,68.35333333333334,2.0632178772365233,6.996890270990832,0.0,14.457596798385136,11.97331883681371,Good,16,0,2025-10-13 16:00:00+00:00,Abnormal
2025-10-13 16:01:25+00:00,460.99511328298536,39,69,71,25.6,52,1011.94,10.91,-0.1569064,0.0392266,8.9044382,-0.14875,-0.11375,-0.16625,-71.435546875,-33.30078125,261.572265625,bedroom_window_closed,run_4,0,2306,0,False,False,False,0,0,0,0,0,0,460.99511328298536,69.0,71.0,39.0,0.0052042430616511,0.0355623275879498,0.0398991968059918,-0.070875,-0.2247,-0.17955,-0.55859375,-0.3115234375,3.287109375,462.4318080852954,1.8049881217186745,66.17333333333333,1.9618737334143648,68.39333333333333,2.0559185039428067,-6.996890270990832,0.0,15.011292039603148,12.383934251003136,Good,16,0,2025-10-13 16:00:00+00:00,Abnormal
2025-10-13 16:01:31+00:00,460.99511328298536,39,69,72,25.1,52,1011.88,11.41,-0.0784532,0.0392266,8.825985,0.0875,0.13125,0.0175,-70.361328125,-33.30078125,259.423828125,bedroom_window_closed,run_4,0,2306,0,False,False,False,0,0,0,0,0,0,460.99511328298536,69.0,72.0,39.0,0.0919416274225043,0.0355623275879498,-0.0468381875548616,0.165375,0.0203,0.0042,0.515625,-0.3115234375,1.138671875,462.40382052421154,1.7943991626640072,66.21333333333334,1.9579014469739184,68.44666666666667,2.04492059105323,0.0,0.0,14.549886105092662,12.040926944375622,Good,16,0,2025-10-13 16:00:00+00:00,Abnormal
2025-10-13 16:01:36+00:00,460.99511328298536,39,69,72,25.5,52,1011.92,11.08,-0.196133,0.0,8.825985,-0.07,-0.18375,0.245,-71.97265625,-33.30078125,278.759765625,bedroom_window_closed,run_4,0,2306,0,False,False,False,0,0,0,0,0,0,460.99511328298536,69.0,72.0,39.0,-0.0381644491187754,-0.0078063645924767,-0.0468381875548616,0.0078749999999999,-0.2947,0.2317,-1.095703125,-0.3115234375,20.474609375,462.3851621501555,1.7943991626640077,66.24666666666667,1.9625236002228597,68.49333333333334,2.0456096928934917,0.0,0.0,14.919016265507771,12.31466610698047,Good,16,0,2025-10-13 16:00:00+00:00,Abnormal
2025-10-13 16:01:42+00:00,460.99511328298536,38,69,72,25.6,52,1011.89,11.33,-0.1176798,-0.0392266,8.8652116,-0.06125,-0.07,-0.30625,-71.97265625,-33.30078125,278.759765625,bedroom_window_closed,run_4,0,2306,0,False,False,False,0,0,0,0,0,0,460.99511328298536,69.0,72.0,38.0,0.0485729352420777,-0.0511750567729033,-0.0034694953744339,0.016625,-0.18095,-0.31955,-1.095703125,-0.3115234375,20.474609375,462.36650377609953,1.794203837966157,66.27333333333333,1.9726201928034344,68.53333333333333,2.055167547070625,0.0,0.0,15.011292039603148,12.383934251003136,Good,16,0,2025-10-13 16:00:00+00:00,Abnormal
2025-10-13 16:01:47+00:00,460.99511328298536,39,70,72,25.3,52,1011.9,11.25,-0.1569064,-0.0392266,8.8652116,-0.0525,-0.04375,-0.2625,-70.8984375,-34.375,268.5546875,bedroom_window_closed,run_4,0,2306,0,False,False,False,0,0,0,0,0,0,460.99511328298536,70.0,72.0,39.0,0.0052042430616511,-0.0511750567729033,-0.0034694953744339,0.025375,-0.1547,-0.2758,-0.021484375,-1.3857421875,10.26953125,462.3478454020435,1.793813124764918,66.31333333333333,1.9869935019354532,68.58666666666667,2.040485093879486,0.0,5.0,14.734456598345078,12.177132517254302,Good,16,0,2025-10-13 16:00:00+00:00,Abnormal
2025-10-13 16:01:52+00:00,460.99511328298536,39,69,71,25.9,52,1011.87,11.5,-0.1176798,-0.0392266,8.825985,0.16625,-0.3325,0.30625,-69.82421875,-33.837890625,259.9609375,bedroom_window_closed,run_4,0,2306,0,False,False,False,0,0,0,0,0,0,460.99511328298536,69.0,71.0,39.0,0.0485729352420777,-0.0511750567729033,-0.0468381875548616,0.244125,-0.44345,0.29295,1.052734375,-0.8486328125,1.67578125,462.3291870279876,1.7932268953449442,66.34,1.9960699642080089,68.62,2.03878500467849,0.0,-5.0,15.288103125373905,12.593760224260626,Good,16,0,2025-10-13 16:00:00+00:00,Abnormal
2025-10-13 16:01:58+00:00,460.99511328298536,40,70,72,25.2,52,1011.9,11.25,-0.1569064,0.0784532,8.6690786,-0.1925,0.07875,0.1925,-73.046875,-32.763671875,265.33203125,bedroom_window_closed,run_4,0,2306,0,False,False,False,0,0,0,0,0,0,460.99511328298536,70.0,72.0,40.0,0.0052042430616511,0.0789310197683764,-0.2203129562765665,-0.114625,-0.0322,0.1792,-2.169921875,0.2255859375,7.046875,462.3105286539316,1.7924449578721382,66.36,2.0176403255341167,68.64666666666666,2.0567018187779462,0.0,5.0,14.642172705039618,12.108864395222286,Good,16,0,2025-10-13 16:00:00+00:00,Abnormal
2025-10-13 16:02:03+00:00,460.99511328298536,40,70,70,25.8,52,1011.93,11.0,-0.1176798,0.0392266,8.7475318,0.04375,0.105,-0.035,-73.046875,-32.763671875,265.33203125,bedroom_window_closed,run_4,0,2306,0,False,False,False,0,0,0,0,0,0,460.99511328298536,70.0,70.0,40.0,0.0485729352420777,0.0355623275879498,-0.1335755719157131,0.121625,-0.00595,-0.0483,-2.169921875,0.2255859375,7.046875,462.2918702798757,1.7914670560792434,66.38,2.0387850046785108,68.66666666666667,2.055167547070627,0.0,0.0,15.195835469417164,12.523479959098507,Good,16,0,2025-10-13 16:00:00+00:00,Abnormal
2025-10-13 16:02:08+00:00,462.3944913371835,39,69,69,25.5,52,1011.94,10.91,-0.196133,0.0392266,8.9828914,-0.4375,0.14875,0.16625,-71.435546875,-31.15234375,251.904296875,bedroom_window_closed,run_4,0,2313,0,False,False,False,0,0,0,0,0,0,462.3944913371835,69.0,69.0,39.0,-0.0381644491187754,0.0355623275879498,0.1266365811668452,-0.359625,0.0377999999999999,0.15295,-0.55859375,1.8369140625,-6.380859375,462.27321190581966,1.7755500123837973,66.38666666666667,2.0457409240692175,68.66666666666667,2.055167547070627,6.996890270990832,-5.0,14.919016265507771,12.31466610698047,Good,16,0,2025-10-13 16:00:00+00:00,Abnormal
2025-10-13 16:02:14+00:00,460.99511328298536,40,68,70,25.6,52,1011.92,11.08,-0.1569064,-0.0392266,8.9828914,-0.385,0.0175,0.00875,-71.435546875,-32.763671875,259.9609375,bedroom_window_closed,run_4,0,2306,0,False,False,False,0,0,0,0,0,0,460.99511328298536,68.0,70.0,40.0,0.0052042430616511,-0.0511750567729033,0.1266365811668452,-0.307125,-0.09345,-0.00455,-0.55859375,0.2255859375,1.67578125,462.2452243447356,1.762250567098967,66.38,2.0387850046785108,68.65333333333334,2.0398271629199343,-6.996890270990832,-5.0,15.011292039603148,12.383934251003136,Good,16,0,2025-10-13 16:00:00+00:00,Abnormal
2025-10-13 16:02:19+00:00,460.99511328298536,39,67,69,0.0,0,1011.93,11.0,-0.1176798,-0.0392266,8.9044382,-0.06125,0.0525,-0.09625,-71.97265625,-33.837890625,261.03515625,bedroom_window_closed,run_4,0,2306,0,False,False,False,0,0,0,0,0,0,460.99511328298536,67.0,69.0,39.0,0.0485729352420777,-0.0511750567729033,0.0398991968059918,0.016625,-0.05845,-0.10955,-1.095703125,-0.8486328125,2.75,462.2172367836516,1.7483990261700415,66.36666666666666,2.0280471867042005,68.62666666666667,2.008527680961857,0.0,-5.0,-96.07763018544566,0.0,Good,16,0,2025-10-13 16:00:00+00:00,Abnormal
2025-10-13 16:02:24+00:00,459.59573522878713,40,68,70,25.8,52,1011.92,11.08,-0.1569064,0.0392266,8.9044382,0.035,0.13125,0.28875,-71.97265625,-32.763671875,244.921875,bedroom_window_closed,run_4,0,2299,0,False,False,False,0,0,0,0,0,0,459.59573522878713,68.0,70.0,40.0,0.0052042430616511,0.0355623275879498,0.0398991968059918,0.112875,0.0203,0.27545,-1.095703125,0.2255859375,-13.36328125,462.17992003553985,1.7441844386358536,66.35333333333334,2.0104981741541934,68.60666666666667,1.979413060136686,-6.996890270991116,5.0,15.195835469417164,12.523479959098507,Good,16,0,2025-10-13 16:00:00+00:00,Abnormal
2025-10-13 16:02:30+00:00,456.7969791203909,40,67,69,25.2,52,1011.96,10.75,-0.196133,0.0,8.9044382,-0.0875,-0.105,-0.49875,-71.97265625,-32.763671875,244.921875,bedroom_window_closed,run_4,0,2285,0,False,False,False,0,0,0,0,0,0,456.7969791203909,67.0,69.0,40.0,-0.0381644491187754,-0.0078063645924767,0.0398991968059918,-0.0096249999999999,-0.21595,-0.51205,-1.095703125,0.2255859375,-13.36328125,462.12394491337193,1.781166672769573,66.33333333333333,1.988782861625032,68.58,1.9464991806837584,-13.993780541981096,-5.0,14.642172705039618,12.108864395222286,Good,16,0,2025-10-13 16:00:00+00:00,Abnormal
2025-10-13 16:02:35+00:00,454.1981341625944,41,69,70,25.1,52,1011.94,10.91,-0.196133,0.0,8.9044382,0.21875,0.0525,0.13125,-71.435546875,-33.837890625,263.18359375,bedroom_window_closed,run_4,0,2272,0,False,False,False,0,0,0,0,0,0,454.1981341625944,69.0,70.0,41.0,-0.0381644491187754,-0.0078063645924767,0.0398991968059918,0.296625,-0.05845,0.11795,-0.55859375,-0.8486328125,4.8984375,462.050644158152,1.8776369566882785,66.33333333333333,1.988782861625032,68.58,1.9464991806837584,-12.994224788982647,10.0,14.549886105092662,12.040926944375622,Good,16,0,2025-10-13 16:00:00+00:00,Abnormal
2025-10-13 16:02:40+00:00,455.3976010661928,39,67,68,25.1,52,1011.96,10.75,-0.1569064,0.0784532,8.9044382,-0.455,0.06125,0.07,-71.97265625,-33.30078125,261.572265625,bedroom_window_closed,run_4,0,2278,0,False,False,False,0,0,0,0,0,0,455.3976010661928,67.0,68.0,39.0,0.0052042430616511,0.0789310197683764,0.0398991968059918,-0.377125,-0.0497,0.0567,-1.095703125,-0.3115234375,3.287109375,461.9946690359841,1.9491122168574837,66.33333333333333,1.988782861625032,68.57333333333334,1.9467635046858136,5.997334517992101,-10.0,14.549886105092662,12.040926944375622,Good,16,0,2025-10-13 16:00:00+00:00,Abnormal
2025-10-13 16:02:46+00:00,454.1981341625944,39,65,67,25.9,52,1011.94,10.91,-0.196133,0.0392266,8.9828914,0.0875,0.21875,-0.0525,-71.435546875,-33.30078125,259.9609375,bedroom_window_closed,run_4,0,2272,0,False,False,False,0,0,0,0,0,0,454.1981341625944,65.0,67.0,39.0,-0.0381644491187754,0.0355623275879498,0.1266365811668452,0.165375,0.1077999999999999,-0.0658,-0.55859375,-0.3115234375,1.67578125,461.9306974677921,2.0447866374872876,66.32666666666667,1.99158183620226,68.56,1.95066672477407,-5.997334517992101,-10.0,15.288103125373905,12.593760224260626,Good,16,0,2025-10-13 16:00:00+00:00,Abnormal
2025-10-13 16:02:51+00:00,452.7987561083962,40,66,69,25.1,52,1011.89,11.33,-0.1569064,0.0,8.825985,-0.0175,0.07,-0.0525,-69.82421875,-34.375,254.58984375,bedroom_window_closed,run_4,0,2265,0,False,False,False,0,0,0,0,0,0,452.7987561083962,66.0,69.0,40.0,0.0052042430616511,-0.0078063645924767,-0.0468381875548616,0.060375,-0.04095,-0.0658,1.052734375,-1.3857421875,-3.6953125,461.85739671257227,2.1707430760047473,66.31333333333333,1.9869935019354537,68.53333333333333,1.9166058739507448,-6.996890270990832,5.0,14.549886105092662,12.040926944375622,Good,16,0,2025-10-13 16:00:00+00:00,Abnormal
2025-10-13 16:02:56+00:00,452.7987561083962,39,67,69,25.9,52,1011.89,11.33,-0.2353596,-0.0392266,8.8652116,-0.2625,0.035,0.11375,-69.82421875,-34.375,254.58984375,bedroom_window_closed,run_4,0,2265,0,False,False,False,0,0,0,0,0,0,452.7987561083962,67.0,69.0,39.0,-0.081533141299202,-0.0511750567729033,-0.0034694953744339,-0.184625,-0.07595,0.10045,1.052734375,-1.3857421875,-3.6953125,461.7747667703243,2.276246783044428,66.30666666666667,1.9829700003709845,68.5,1.8636400839260687,0.0,5.0,15.288103125373905,12.593760224260626,Good,16,0,2025-10-13 16:00:00+00:00,Abnormal
2025-10-13 16:03:02+00:00,452.7987561083962,40,68,70,25.9,52,1011.94,10.91,-0.1569064,0.0,8.9044382,-0.21875,0.0175,0.105,-73.583984375,-32.2265625,261.572265625,bedroom_window_closed,run_4,0,2265,0,False,False,False,0,0,0,0,0,0,452.7987561083962,68.0,70.0,40.0,0.0052042430616511,-0.0078063645924767,0.0398991968059918,-0.140875,-0.09345,0.0916999999999999,-2.70703125,0.7626953125,3.287109375,461.6921368280764,2.3741790730328827,66.3,1.97552133973752,68.47333333333333,1.812324202691067,0.0,5.0,15.288103125373905,12.593760224260626,Good,16,0,2025-10-13 16:00:00+00:00,Abnormal
2025-10-13 16:03:07+00:00,452.7987561083962,39,66,69,25.0,52,1011.89,11.33,-0.1569064,0.0,8.8652116,-0.1575,0.3325,0.25375,-70.8984375,-33.837890625,258.88671875,bedroom_window_closed,run_4,0,2265,0,False,False,False,0,0,0,0,0,0,452.7987561083962,66.0,69.0,39.0,0.0052042430616511,-0.0078063645924767,-0.0034694953744339,-0.079625,0.22155,0.2404499999999999,-0.021484375,-0.8486328125,0.6015625,461.60017769880056,2.4490529241096213,66.29333333333334,1.9748304375998027,68.45333333333333,1.7895545794529486,0.0,-10.0,14.457596798385136,11.97331883681371,Good,16,0,2025-10-13 16:00:00+00:00,Abnormal
2025-10-13 16:03:12+00:00,452.7987561083962,40,67,68,25.7,52,1011.87,11.5,-0.1569064,0.0392266,8.825985,0.105,0.1925,0.02625,-70.8984375,-32.763671875,261.03515625,bedroom_window_closed,run_4,0,2265,0,False,False,False,0,0,0,0,0,0,452.7987561083962,67.0,68.0,40.0,0.0052042430616511,0.0355623275879498,-0.0468381875548616,0.182875,0.08155,0.0129499999999999,-0.021484375,0.2255859375,2.75,461.51754775655263,2.534608622133762,66.29333333333334,1.9748304375998027,68.42666666666666,1.7659975095054,0.0,5.0,15.103565107533257,12.453538418884028,Good,16,0,2025-10-13 16:00:00+00:00,Abnormal
2025-10-13 16:03:18+00:00,452.7987561083962,39,66,66,25.3,52,1011.91,11.16,-0.1569064,0.0392266,8.825985,-0.49875,0.13125,0.42875,-70.8984375,-32.763671875,261.03515625,bedroom_window_closed,run_4,0,2265,0,False,False,False,0,0,0,0,0,0,452.7987561083962,66.0,66.0,39.0,0.0052042430616511,0.0355623275879498,-0.0468381875548616,-0.420875,0.0203,0.41545,-0.021484375,0.2255859375,2.75,461.4349178143047,2.6147417554912256,66.29333333333334,1.9748304375998027,68.39333333333333,1.7642865229669755,0.0,-5.0,14.734456598345078,12.177132517254302,Good,16,0,2025-10-13 16:00:00+00:00,Abnormal
2025-10-13 16:03:23+00:00,452.7987561083962,39,67,67,25.9,52,1011.98,10.58,-0.196133,-0.0392266,8.8652116,-0.21,0.16625,-0.44625,-70.361328125,-33.837890625,256.73828125,bedroom_window_closed,run_4,0,2265,0,False,False,False,0,0,0,0,0,0,452.7987561083962,67.0,67.0,39.0,-0.0381644491187754,-0.0511750567729033,-0.0034694953744339,-0.132125,0.0553,-0.4595499999999999,0.515625,-0.8486328125,-1.546875,461.3522878720569,2.6899369819074725,66.29333333333334,1.9748304375998027,68.37333333333333,1.7629546076248588,0.0,5.0,15.288103125373905,12.593760224260626,Good,16,0,2025-10-13 16:00:00+00:00,Abnormal
2025-10-13 16:03:28+00:00,452.7987561083962,38,66,67,25.1,52,1011.96,10.75,-0.196133,0.0,8.9436648,0.14,0.0875,0.04375,-71.435546875,-32.763671875,262.646484375,bedroom_window_closed,run_4,0,2265,0,False,False,False,0,0,0,0,0,0,452.7987561083962,66.0,67.0,38.0,-0.0381644491187754,-0.0078063645924767,0.0832678889864195,0.217875,-0.02345,0.0304499999999999,-0.55859375,0.2255859375,4.361328125,461.269657929809,2.760597838071901,66.29333333333334,1.9748304375998027,68.35333333333334,1.7613930830002205,0.0,-5.0,14.549886105092662,12.040926944375622,Good,16,0,2025-10-13 16:00:00+00:00,Abnormal
2025-10-13 16:03:34+00:00,452.7987561083962,39,67,69,25.6,52,1011.94,10.91,-0.1569064,0.0,8.9044382,0.0175,0.11375,0.11375,-70.8984375,-32.763671875,259.9609375,bedroom_window_closed,run_4,0,2265,0,False,False,False,0,0,0,0,0,0,452.7987561083962,67.0,69.0,39.0,0.0052042430616511,-0.0078063645924767,0.0398991968059918,0.095375,0.0027999999999999,0.10045,-0.021484375,0.2255859375,1.67578125,461.1870279875611,2.827064346404347,66.31333333333333,1.9666230609809392,68.36,1.761939139187617,0.0,5.0,15.011292039603148,12.383934251003136,Good,16,0,2025-10-13 16:00:00+00:00,Abnormal
2025-10-13 16:03:39+00:00,454.1981341625944,39,68,71,25.8,52,1011.91,11.16,-0.196133,0.0,8.9044382,-0.14875,-0.07,-0.3675,-71.97265625,-30.078125,261.572265625,bedroom_window_closed,run_4,0,2272,0,False,False,False,0,0,0,0,0,0,454.1981341625944,68.0,71.0,39.0,-0.0381644491187754,-0.0078063645924767,0.0398991968059918,-0.070875,-0.18095,-0.3807999999999999,-1.095703125,2.9111328125,3.287109375,461.1137272323412,2.8647833028036476,66.34,1.9621587892150572,68.38666666666667,1.771461561152169,6.996890270990832,5.0,15.195835469417164,12.523479959098507,Good,16,0,2025-10-13 16:00:00+00:00,Abnormal
2025-10-13 16:03:44+00:00,455.3976010661928,39,67,69,25.8,52,1011.91,11.16,-0.196133,0.0392266,8.825985,-0.07,0.21875,-0.06125,-71.97265625,-30.078125,261.572265625,bedroom_window_closed,run_4,0,2278,0,False,False,False,0,0,0,0,0,0,455.3976010661928,67.0,69.0,39.0,-0.0381644491187754,0.0355623275879498,-0.0468381875548616,0.0078749999999999,0.1077999999999999,-0.07455,-1.095703125,2.9111328125,3.287109375,461.0484229231453,2.882756461566181,66.36,1.9534172432366923,68.4,1.768478662162297,5.997334517992101,-5.0,15.195835469417164,12.523479959098507,Good,16,0,2025-10-13 16:00:00+00:00,Abnormal
2025-10-13 16:03:50+00:00,455.3976010661928,38,67,69,25.1,52,1011.92,11.08,-0.1569064,0.0784532,8.9044382,-0.18375,0.0175,0.0,-70.361328125,-33.30078125,255.126953125,bedroom_window_closed,run_4,0,2278,0,False,False,False,0,0,0,0,0,0,455.3976010661928,67.0,69.0,38.0,0.0052042430616511,0.0789310197683764,0.0398991968059918,-0.105875,-0.09345,-0.0133,0.515625,-0.3115234375,-3.158203125,460.9924478009774,2.9104726050097636,66.37333333333333,1.9508960827596664,68.40666666666667,1.7688454759173386,0.0,0.0,14.549886105092662,12.040926944375622,Good,16,0,2025-10-13 16:00:00+00:00,Abnormal
2025-10-13 16:03:55+00:00,456.7969791203909,39,68,70,25.1,52,1011.99,10.5,-0.1569064,0.0392266,8.825985,0.06125,0.11375,0.14,-70.361328125,-33.30078125,266.40625,bedroom_window_closed,run_4,0,2285,0,False,False,False,0,0,0,0,0,0,456.7969791203909,68.0,70.0,39.0,0.0052042430616511,0.0355623275879498,-0.0468381875548616,0.139125,0.0027999999999999,0.1267,0.515625,-0.3115234375,8.12109375,460.9364726788095,2.909879058976665,66.39333333333333,1.9520997700691929,68.42,1.7732917860265185,6.996890270990548,5.0,14.549886105092662,12.040926944375622,Good,16,0,2025-10-13 16:00:00+00:00,Abnormal
2025-10-13 16:04:00+00:00,455.3976010661928,38,66,67,25.7,52,1011.94,10.91,-0.1176798,-0.0392266,8.8652116,-0.09625,0.245,0.175,-70.8984375,-34.375,263.720703125,bedroom_window_closed,run_4,0,2278,0,False,False,False,0,0,0,0,0,0,455.3976010661928,66.0,67.0,38.0,0.0485729352420777,-0.0511750567729033,-0.0034694953744339,-0.018375,0.13405,0.1616999999999999,-0.021484375,-1.3857421875,5.435546875,460.88049755664144,2.935190817534561,66.4,1.9490145505154013,68.41333333333333,1.7767577237621353,-6.996890270990548,-10.0,15.103565107533257,12.453538418884028,Good,16,0,2025-10-13 16:00:00+00:00,Abnormal
2025-10-13 16:04:06+00:00,455.3976010661928,39,65,66,25.8,52,1011.91,11.16,-0.1569064,0.0,8.7475318,-0.23625,-0.1925,0.27125,-71.97265625,-32.763671875,262.646484375,bedroom_window_closed,run_4,0,2278,0,False,False,False,0,0,0,0,0,0,455.3976010661928,65.0,66.0,39.0,0.0052042430616511,-0.0078063645924767,-0.1335755719157131,-0.158375,-0.30345,0.25795,-1.095703125,0.2255859375,4.361328125,460.8245224344736,2.95922044593441,66.40666666666667,1.942449386647371,68.40666666666667,1.7839578450291425,0.0,-5.0,15.195835469417164,12.523479959098507,Good,16,0,2025-10-13 16:00:00+00:00,Abnormal
2025-10-13 16:04:11+00:00,455.3976010661928,40,67,68,25.6,52,1011.89,11.33,-0.1569064,0.0,8.7867584,-0.06125,0.035,-0.16625,-71.97265625,-32.763671875,262.646484375,bedroom_window_closed,run_4,0,2278,0,False,False,False,0,0,0,0,0,0,455.3976010661928,67.0,68.0,40.0,0.0052042430616511,-0.0078063645924767,-0.0902068797352873,0.016625,-0.07595,-0.17955,-1.095703125,0.2255859375,4.361328125,460.7592181252776,2.970229106582289,66.42666666666666,1.9329244341176144,68.40666666666667,1.7839578450291425,0.0,10.0,15.011292039603148,12.383934251003136,Good,16,0,2025-10-13 16:00:00+00:00,Abnormal
2025-10-13 16:04:16+00:00,455.3976010661928,41,68,69,25.6,52,1011.89,11.33,-0.1569064,-0.0392266,8.825985,-0.14875,0.1225,-0.0525,-70.8984375,-33.837890625,261.572265625,bedroom_window_closed,run_4,0,2278,0,False,False,False,0,0,0,0,0,0,455.3976010661928,68.0,69.0,41.0,0.0052042430616511,-0.0511750567729033,-0.0468381875548616,-0.070875,0.0115499999999999,-0.0658,-0.021484375,-0.8486328125,3.287109375,460.70324300310983,2.991694013990733,66.44,1.936855543393236,68.40666666666667,1.7839578450291425,0.0,5.0,15.011292039603148,12.383934251003136,Good,16,0,2025-10-13 16:00:00+00:00,Abnormal
2025-10-13 16:04:22+00:00,455.3976010661928,41,69,70,25.4,52,1011.89,11.33,-0.196133,-0.0392266,8.8652116,-0.20125,-0.21,0.02625,-71.97265625,-33.837890625,263.18359375,bedroom_window_closed,run_4,0,2278,0,False,False,False,0,0,0,0,0,0,455.3976010661928,69.0,70.0,41.0,-0.0381644491187754,-0.0511750567729033,-0.0034694953744339,-0.123375,-0.32095,0.0129499999999999,-1.095703125,-0.8486328125,4.8984375,460.6472678809418,3.011958949908864,66.45333333333333,1.947590721811632,68.41333333333333,1.78805382058937,0.0,5.0,14.826737785128106,12.24573264247144,Good,16,0,2025-10-13 16:00:00+00:00,Abnormal
2025-10-13 16:04:27+00:00,455.3976010661928,41,70,71,25.3,52,1011.89,11.33,-0.0784532,0.0392266,8.9044382,-0.28,0.14875,0.07875,-71.435546875,-32.2265625,262.646484375,bedroom_window_closed,run_4,0,2278,0,False,False,False,0,0,0,0,0,0,455.3976010661928,70.0,71.0,41.0,0.0919416274225043,0.0355623275879498,0.0398991968059918,-0.202125,0.0377999999999999,0.06545,-0.55859375,0.7626953125,4.361328125,460.5912927587739,3.0310479826873404,66.48,1.9686127708644725,68.43333333333334,1.8001367087036,0.0,5.0,14.734456598345078,12.177132517254302,Good,16,0,2025-10-13 16:00:00+00:00,Abnormal
2025-10-13 16:04:32+00:00,455.3976010661928,40,68,69,25.9,52,1011.87,11.5,-0.1569064,0.0,8.9044382,0.21,0.09625,0.0,-71.435546875,-32.2265625,262.646484375,bedroom_window_closed,run_4,0,2278,0,False,False,False,0,0,0,0,0,0,455.3976010661928,68.0,69.0,40.0,0.0052042430616511,-0.0078063645924767,0.0398991968059918,0.287875,-0.0147,-0.0133,-0.55859375,0.7626953125,4.361328125,460.5353176366059,3.048983198641581,66.48666666666666,1.972075752614279,68.43333333333334,1.8001367087036,0.0,-10.0,15.288103125373905,12.593760224260626,Good,16,0,2025-10-13 16:00:00+00:00,Abnormal
2025-10-13 16:04:38+00:00,454.1981341625944,40,70,72,25.1,52,1012.01,10.33,-0.3138128,0.0392266,8.8652116,-0.23625,-0.0525,-0.42875,-71.435546875,-32.2265625,262.646484375,bedroom_window_closed,run_4,0,2272,0,False,False,False,0,0,0,0,0,0,454.1981341625944,70.0,72.0,40.0,-0.1682705256600552,0.0355623275879498,-0.0034694953744339,-0.158375,-0.16345,-0.44205,-0.55859375,0.7626953125,4.361328125,460.4713460684141,3.080656650027447,66.50666666666666,1.9924241302967536,68.46,1.8231545785943448,-5.997334517992101,10.0,14.549886105092662,12.040926944375622,Good,16,0,2025-10-13 16:00:00+00:00,Abnormal
2025-10-13 16:04:43+00:00,455.3976010661928,40,70,72,25.9,52,1011.92,11.08,-0.1569064,-0.0392266,8.9828914,0.14875,0.0175,-0.035,-71.97265625,-33.30078125,259.9609375,bedroom_window_closed,run_4,0,2278,0,False,False,False,0,0,0,0,0,0,455.3976010661928,70.0,72.0,40.0,0.0052042430616511,-0.0511750567729033,0.1266365811668452,0.226625,-0.09345,-0.0483,-1.095703125,-0.3115234375,1.67578125,460.41537094624607,3.0961223950441927,66.52,2.009106783402529,68.48,1.8454369628606864,5.997334517992101,0.0,15.288103125373905,12.593760224260626,Good,16,0,2025-10-13 16:00:00+00:00,Abnormal
2025-10-13 16:04:48+00:00,454.1981341625944,38,68,69,25.6,52,1011.97,10.66,-0.2353596,0.0392266,8.7867584,-0.315,-0.07875,-0.02625,-71.435546875,-33.30078125,261.03515625,bedroom_window_closed,run_4,0,2272,0,False,False,False,0,0,0,0,0,0,454.1981341625944,68.0,69.0,38.0,-0.081533141299202,0.0355623275879498,-0.0902068797352873,-0.237125,-0.1897,-0.03955,-0.55859375,-0.3115234375,2.75,460.35139937805417,3.124847417621235,66.52,2.009106783402529,68.48,1.8454369628606864,-5.997334517992101,-10.0,15.011292039603148,12.383934251003136,Good,16,0,2025-10-13 16:00:00+00:00,Abnormal
2025-10-13 16:04:54+00:00,454.1981341625944,38,68,69,25.0,52,1011.92,11.08,-0.1569064,0.0,8.7867584,0.07,-0.20125,-0.0175,-69.82421875,-33.30078125,247.0703125,bedroom_window_closed,run_4,0,2272,0,False,False,False,0,0,0,0,0,0,454.1981341625944,68.0,69.0,38.0,0.0052042430616511,-0.0078063645924767,-0.0902068797352873,0.147875,-0.3122,-0.0308,1.052734375,-0.3115234375,-11.21484375,460.2874278098622,3.152004001842765,66.52,2.009106783402529,68.48,1.8454369628606864,0.0,0.0,14.457596798385136,11.97331883681371,Good,16,0,2025-10-13 16:00:00+00:00,Abnormal
2025-10-13 16:04:59+00:00,454.1981341625944,39,68,69,25.1,52,1011.88,11.41,-0.0784532,0.0,8.825985,0.16625,-0.23625,-0.035,-69.82421875,-33.30078125,247.0703125,bedroom_window_closed,run_4,0,2272,0,False,False,False,0,0,0,0,0,0,454.1981341625944,68.0,69.0,39.0,0.0919416274225043,-0.0078063645924767,-0.0468381875548616,0.244125,-0.3472,-0.0483,1.052734375,-0.3115234375,-11.21484375,460.2141270546424,3.164972656597409,66.53333333333333,2.012266632988059,68.49333333333334,1.8418937827505093,0.0,0.0,14.549886105092662,12.040926944375622,Good,16,0,2025-10-13 16:00:00+00:00,Abnormal
2025-10-13 16:05:04+00:00,454.1981341625944,40,68,70,25.7,52,1011.99,10.5,-0.196133,0.0,8.825985,-0.3325,-0.00875,0.32375,-71.97265625,-33.30078125,263.18359375,bedroom_window_closed,run_4,0,2272,0,False,False,False,0,0,0,0,0,0,454.1981341625944,68.0,70.0,40.0,-0.0381644491187754,-0.0078063645924767,-0.0468381875548616,-0.254625,-0.1197,0.31045,-1.095703125,-0.3115234375,4.8984375,460.1501554864504,3.1890169075755086,66.55333333333333,2.0118330039529,68.51333333333334,1.8418573448416304,0.0,0.0,15.103565107533257,12.453538418884028,Good,16,0,2025-10-13 16:00:00+00:00,Abnormal
2025-10-13 16:05:10+00:00,454.1981341625944,39,66,68,25.7,52,1011.94,10.91,-0.196133,0.0392266,9.022118,-0.105,0.1925,0.14875,-70.361328125,-33.837890625,258.88671875,bedroom_window_closed,run_4,0,2272,0,False,False,False,0,0,0,0,0,0,454.1981341625944,66.0,68.0,39.0,-0.0381644491187754,0.0355623275879498,0.170005273347273,-0.0271249999999999,0.08155,0.13545,0.515625,-0.8486328125,0.6015625,460.08618391825854,3.2115986832875696,66.55333333333333,2.0118330039529,68.51333333333334,1.8418573448416304,0.0,-10.0,15.103565107533257,12.453538418884028,Good,16,0,2025-10-13 16:00:00+00:00,Abnormal
2025-10-13 16:05:15+00:00,454.1981341625944,39,66,69,25.5,52,1011.9,11.25,-0.1569064,0.0,8.9044382,0.09625,-0.07,0.20125,-70.361328125,-33.837890625,258.349609375,bedroom_window_closed,run_4,0,2272,0,False,False,False,0,0,0,0,0,0,454.1981341625944,66.0,69.0,39.0,0.0052042430616511,-0.0078063645924767,0.0398991968059918,0.174125,-0.18095,0.18795,0.515625,-0.8486328125,0.064453125,460.0222123500666,3.2327486314412432,66.56,2.008304904790106,68.52,1.841796613391535,0.0,0.0,14.919016265507771,12.31466610698047,Good,16,0,2025-10-13 16:00:00+00:00,Abnormal
2025-10-13 16:05:20+00:00,454.1981341625944,39,66,68,25.9,52,1011.95,10.83,-0.1569064,0.0392266,8.9044382,-0.06125,0.105,-0.11375,-72.509765625,-32.763671875,281.982421875,bedroom_window_closed,run_4,0,2272,0,False,False,False,0,0,0,0,0,0,454.1981341625944,66.0,68.0,39.0,0.0052042430616511,0.0355623275879498,0.0398991968059918,0.016625,-0.00595,-0.12705,-1.6328125,0.2255859375,23.697265625,459.95824078187474,3.25249468432691,66.56666666666666,2.0047482784517423,68.52,1.841796613391535,0.0,0.0,15.288103125373905,12.593760224260626,Good,16,0,2025-10-13 16:00:00+00:00,Abnormal
2025-10-13 16:05:26+00:00,454.1981341625944,40,66,68,25.8,52,1011.89,11.33,-0.1569064,0.0,8.9828914,-0.14875,0.06125,-0.18375,-72.509765625,-32.763671875,281.982421875,bedroom_window_closed,run_4,0,2272,0,False,False,False,0,0,0,0,0,0,454.1981341625944,66.0,68.0,40.0,0.0052042430616511,-0.0078063645924767,0.1266365811668452,-0.070875,-0.0497,-0.19705,-1.6328125,0.2255859375,23.697265625,459.8942692136828,3.270862267806942,66.56666666666666,2.0047482784517423,68.51333333333334,1.8418573448416304,0.0,0.0,15.195835469417164,12.523479959098507,Good,16,0,2025-10-13 16:00:00+00:00,Abnormal
2025-10-13 16:05:31+00:00,454.1981341625944,39,66,67,25.3,52,1011.92,11.08,-0.196133,-0.0392266,8.9436648,-0.14,-0.035,0.0175,-70.8984375,-31.689453125,256.201171875,bedroom_window_closed,run_4,0,2272,0,False,False,False,0,0,0,0,0,0,454.1981341625944,66.0,67.0,39.0,-0.0381644491187754,-0.0511750567729033,0.0832678889864195,-0.062125,-0.14595,0.0042,-0.021484375,1.2998046875,-2.083984375,459.8302976454909,3.28787448426036,66.57333333333334,2.0011629728355067,68.50666666666666,1.845533940551332,0.0,0.0,14.734456598345078,12.177132517254302,Good,16,0,2025-10-13 16:00:00+00:00,Abnormal
2025-10-13 16:05:36+00:00,452.7987561083962,39,66,67,25.0,52,1011.92,11.08,-0.196133,-0.0392266,8.9828914,0.09625,0.0525,0.13125,-71.435546875,-32.763671875,266.943359375,bedroom_window_closed,run_4,0,2265,0,False,False,False,0,0,0,0,0,0,452.7987561083962,66.0,67.0,39.0,-0.0381644491187754,-0.0511750567729033,0.1266365811668452,0.174125,-0.05845,0.11795,-0.55859375,0.2255859375,8.658203125,459.75699689027095,3.321310488011991,66.57333333333334,2.0011629728355067,68.49333333333334,1.8491669325723064,-6.996890270990832,0.0,14.457596798385136,11.97331883681371,Good,16,0,2025-10-13 16:00:00+00:00,Abnormal
2025-10-13 16:05:42+00:00,452.7987561083962,40,67,69,25.2,52,1011.89,11.33,-0.1569064,0.0392266,8.9044382,-0.00875,0.0,-0.16625,-71.435546875,-33.30078125,246.533203125,bedroom_window_closed,run_4,0,2265,0,False,False,False,0,0,0,0,0,0,452.7987561083962,67.0,69.0,40.0,0.0052042430616511,0.0355623275879498,0.0398991968059918,0.0691249999999999,-0.11095,-0.17955,-0.55859375,-0.3115234375,-11.751953125,459.6836961350511,3.3528003175047534,66.59333333333333,1.9902334241927555,68.50666666666666,1.845533940551332,0.0,5.0,14.642172705039618,12.108864395222286,Good,16,0,2025-10-13 16:00:00+00:00,Abnormal
2025-10-13 16:05:47+00:00,452.7987561083962,39,66,67,25.1,52,1011.89,11.33,-0.196133,0.0,8.9044382,0.07875,0.0525,0.2975,-71.435546875,-33.30078125,246.533203125,bedroom_window_closed,run_4,0,2265,0,False,False,False,0,0,0,0,0,0,452.7987561083962,66.0,67.0,39.0,-0.0381644491187754,-0.0078063645924767,0.0398991968059918,0.156625,-0.05845,0.2842,-0.55859375,-0.3115234375,-11.751953125,459.6103953798311,3.3823983293064264,66.60666666666667,1.9794130601367148,68.50666666666666,1.845533940551332,0.0,-5.0,14.549886105092662,12.040926944375622,Good,16,0,2025-10-13 16:00:00+00:00,Abnormal
2025-10-13 16:05:52+00:00,452.7987561083962,40,69,70,25.1,52,1011.91,11.16,-0.196133,0.0392266,8.9044382,-0.105,-0.09625,0.00875,-70.361328125,-33.837890625,261.572265625,bedroom_window_closed,run_4,0,2265,0,False,False,False,0,0,0,0,0,0,452.7987561083962,69.0,70.0,40.0,-0.0381644491187754,0.0355623275879498,0.0398991968059918,-0.0271249999999999,-0.2072,-0.00455,0.515625,-0.8486328125,3.287109375,459.5370946246113,3.410153783172137,66.64666666666666,1.96662306098095,68.53333333333333,1.8379543146225583,0.0,15.0,14.549886105092662,12.040926944375622,Good,16,0,2025-10-13 16:00:00+00:00,Abnormal
2025-10-13 16:05:58+00:00,452.7987561083962,39,68,69,25.9,52,1011.97,10.66,-0.1569064,0.0,8.825985,0.02625,0.0,-0.06125,-72.509765625,-32.763671875,258.349609375,bedroom_window_closed,run_4,0,2265,0,False,False,False,0,0,0,0,0,0,452.7987561083962,68.0,69.0,39.0,0.0052042430616511,-0.0078063645924767,-0.0468381875548616,0.104125,-0.11095,-0.07455,-1.6328125,0.2255859375,0.064453125,459.4637938693914,3.436111329602837,66.67333333333333,1.957592915386482,68.54,1.837820419033728,0.0,-5.0,15.288103125373905,12.593760224260626,Good,16,0,2025-10-13 16:00:00+00:00,Abnormal
2025-10-13 16:06:03+00:00,452.7987561083962,40,68,70,25.0,52,1011.91,11.16,-0.1176798,0.0,8.9436648,0.1925,0.02625,0.5162500000000001,-70.8984375,-33.30078125,261.03515625,bedroom_window_closed,run_4,0,2265,0,False,False,False,0,0,0,0,0,0,452.7987561083962,68.0,70.0,40.0,0.0485729352420777,-0.0078063645924767,0.0832678889864195,0.270375,-0.0847,0.5029500000000001,-0.021484375,-0.3115234375,2.75,459.3904931141715,3.460311429874502,66.68666666666667,1.9597858623834885,68.54666666666667,1.8413106896795743,0.0,0.0,14.457596798385136,11.97331883681371,Good,16,0,2025-10-13 16:00:00+00:00,Abnormal
2025-10-13 16:06:09+00:00,452.7987561083962,40,67,70,25.6,52,1011.89,11.33,-0.2745862,0.0,8.9044382,0.11375,0.21,-0.2625,-71.97265625,-30.615234375,262.646484375,bedroom_window_closed,run_4,0,2265,0,False,False,False,0,0,0,0,0,0,452.7987561083962,67.0,70.0,40.0,-0.1249018334796286,-0.0078063645924767,0.0398991968059918,0.191625,0.0990499999999999,-0.2758,-1.095703125,2.3740234375,4.361328125,459.3265215459796,3.492948467759606,66.68666666666667,1.9597858623834885,68.55333333333333,1.844770103232546,0.0,-5.0,15.011292039603148,12.383934251003136,Good,16,0,2025-10-13 16:00:00+00:00,Abnormal
2025-10-13 16:06:14+00:00,452.7987561083962,39,65,69,25.8,52,1011.98,10.58,-0.196133,0.0,8.8652116,-0.14,0.035,0.14875,-71.97265625,-30.615234375,262.646484375,bedroom_window_closed,run_4,0,2265,0,False,False,False,0,0,0,0,0,0,452.7987561083962,65.0,69.0,39.0,-0.0381644491187754,-0.0078063645924767,-0.0034694953744339,-0.062125,-0.07595,0.13545,-1.095703125,2.3740234375,4.361328125,459.25322079075966,3.5138758839988133,66.66666666666667,1.9616000408742655,68.54666666666667,1.8413106896795743,0.0,-10.0,15.195835469417164,12.523479959098507,Good,16,0,2025-10-13 16:00:00+00:00,Abnormal
2025-10-13 16:06:19+00:00,454.1981341625944,40,66,70,25.5,52,1011.89,11.33,-0.1176798,-0.0392266,8.8652116,0.035,-0.21,-0.0875,-69.287109375,-33.837890625,256.201171875,bedroom_window_closed,run_4,0,2272,0,False,False,False,0,0,0,0,0,0,454.1981341625944,66.0,70.0,40.0,0.0485729352420777,-0.0511750567729033,-0.0034694953744339,0.112875,-0.32095,-0.1008,1.58984375,-0.8486328125,-2.083984375,459.1892492225678,3.5180014464128764,66.66666666666667,1.9616000408742655,68.55333333333333,1.844770103232546,6.996890270990832,5.0,14.919016265507771,12.31466610698047,Good,16,0,2025-10-13 16:00:00+00:00,Abnormal
2025-10-13 16:06:25+00:00,452.7987561083962,40,67,70,25.3,52,1011.94,10.91,-0.1569064,0.0,8.8652116,-0.0525,0.0525,-0.0525,-70.361328125,-32.763671875,262.109375,bedroom_window_closed,run_4,0,2265,0,False,False,False,0,0,0,0,0,0,452.7987561083962,67.0,70.0,40.0,0.0052042430616511,-0.0078063645924767,-0.0034694953744339,0.025375,-0.05845,-0.0658,0.515625,0.2255859375,3.82421875,459.1159484673478,3.535917068331278,66.66666666666667,1.9616000408742655,68.55333333333333,1.844770103232546,-6.996890270990832,5.0,14.734456598345078,12.177132517254302,Good,16,0,2025-10-13 16:00:00+00:00,Abnormal
2025-10-13 16:06:30+00:00,452.7987561083962,39,66,69,25.4,52,1011.92,11.08,-0.196133,0.0392266,9.0613446,-0.07,0.245,0.35875,-70.8984375,-33.837890625,262.646484375,bedroom_window_closed,run_4,0,2265,0,False,False,False,0,0,0,0,0,0,452.7987561083962,66.0,69.0,39.0,-0.0381644491187754,0.0355623275879498,0.2133739655276987,0.0078749999999999,0.13405,0.34545,-0.021484375,-0.8486328125,4.361328125,459.042647712128,3.552219971936315,66.65333333333334,1.9592721106521669,68.54666666666667,1.8413106896795743,0.0,-5.0,14.826737785128106,12.24573264247144,Good,16,0,2025-10-13 16:00:00+00:00,Abnormal
2025-10-13 16:06:35+00:00,452.7987561083962,40,66,69,25.9,52,1011.94,10.91,-0.1176798,0.0784532,8.8652116,-0.14875,-0.04375,-0.06125,-70.8984375,-31.15234375,281.982421875,bedroom_window_closed,run_4,0,2265,0,False,False,False,0,0,0,0,0,0,452.7987561083962,66.0,69.0,40.0,0.0485729352420777,0.0789310197683764,-0.0034694953744339,-0.070875,-0.1547,-0.07455,-0.021484375,1.8369140625,23.697265625,458.969346956908,3.5669322704087634,66.64,1.956849954637917,68.54,1.837820419033728,0.0,0.0,15.288103125373905,12.593760224260626,Good,16,0,2025-10-13 16:00:00+00:00,Abnormal
2025-10-13 16:06:41+00:00,452.7987561083962,39,65,68,25.5,52,1011.94,10.91,-0.1176798,-0.0392266,8.8652116,0.0175,-0.13125,-0.35,-70.8984375,-31.15234375,281.982421875,bedroom_window_closed,run_4,0,2265,0,False,False,False,0,0,0,0,0,0,452.7987561083962,65.0,68.0,39.0,0.0485729352420777,-0.0511750567729033,-0.0034694953744339,0.095375,-0.2422,-0.3632999999999999,-0.021484375,1.8369140625,23.697265625,458.8960462016881,3.5800735735592086,66.63333333333334,1.960744505451929,68.53333333333333,1.8379543146225583,0.0,-5.0,14.919016265507771,12.31466610698047,Good,16,0,2025-10-13 16:00:00+00:00,Abnormal
2025-10-13 16:06:46+00:00,451.3993780541981,39,66,68,25.3,52,1011.89,11.33,-0.1569064,0.0,8.9044382,-0.1225,-0.14,0.175,-71.97265625,-33.837890625,266.40625,bedroom_window_closed,run_4,0,2258,0,False,False,False,0,0,0,0,0,0,451.3993780541981,66.0,68.0,39.0,0.0052042430616511,-0.0078063645924767,0.0398991968059918,-0.044625,-0.25095,0.1616999999999999,-1.095703125,-0.8486328125,8.12109375,458.8134162594402,3.6091878441272214,66.64666666666666,1.9494851038216088,68.53333333333333,1.8379543146225583,-6.996890270990548,5.0,14.734456598345078,12.177132517254302,Good,16,0,2025-10-13 16:00:00+00:00,Abnormal
2025-10-13 16:06:51+00:00,451.3993780541981,39,66,68,25.2,52,1011.97,10.66,-0.2353596,0.0,8.8652116,0.0525,-0.14875,0.105,-72.509765625,-32.2265625,266.40625,bedroom_window_closed,run_4,0,2258,0,False,False,False,0,0,0,0,0,0,451.3993780541981,66.0,68.0,39.0,-0.081533141299202,-0.0078063645924767,-0.0034694953744339,0.130375,-0.2597,0.0916999999999999,-1.6328125,0.7626953125,8.12109375,458.7307863171923,3.6361793045041138,66.66,1.9380679509631016,68.53333333333333,1.8379543146225583,0.0,0.0,14.642172705039618,12.108864395222286,Good,16,0,2025-10-13 16:00:00+00:00,Abnormal
2025-10-13 16:06:57+00:00,451.3993780541981,40,66,68,25.3,52,1011.95,10.83,-0.0392266,0.0,8.8652116,-0.175,0.0525,-0.07875,-73.046875,-33.30078125,265.869140625,bedroom_window_closed,run_4,0,2258,0,False,False,False,0,0,0,0,0,0,451.3993780541981,66.0,68.0,40.0,0.135310319602931,-0.0078063645924767,-0.0034694953744339,-0.0971249999999999,-0.05845,-0.09205,-2.169921875,-0.3115234375,7.583984375,458.6574855619724,3.672470642861192,66.67333333333333,1.9264902421875456,68.54,1.834164952730632,0.0,0.0,14.734456598345078,12.177132517254302,Good,16,0,2025-10-13 16:00:00+00:00,Abnormal
2025-10-13 16:07:02+00:00,452.7987561083962,40,66,67,25.3,52,1011.93,11.0,-0.1176798,0.0,8.825985,-0.1225,0.105,0.00875,-71.97265625,-32.763671875,275.537109375,bedroom_window_closed,run_4,0,2265,0,False,False,False,0,0,0,0,0,0,452.7987561083962,66.0,67.0,40.0,0.0485729352420777,-0.0078063645924767,-0.0468381875548616,-0.044625,-0.00595,-0.00455,-1.095703125,0.2255859375,17.251953125,458.5841848067525,3.678985648281321,66.68666666666667,1.914749065048183,68.54666666666667,1.8266728718521237,6.996890270990548,0.0,14.734456598345078,12.177132517254302,Good,16,0,2025-10-13 16:00:00+00:00,Abnormal
2025-10-13 16:07:07+00:00,452.7987561083962,39,65,66,25.3,52,1011.99,10.5,-0.1569064,0.0,8.9828914,0.21875,0.035,-0.21875,-71.97265625,-32.763671875,275.537109375,bedroom_window_closed,run_4,0,2265,0,False,False,False,0,0,0,0,0,0,452.7987561083962,65.0,66.0,39.0,0.0052042430616511,-0.0078063645924767,0.1266365811668452,0.296625,-0.07595,-0.23205,-1.095703125,0.2255859375,17.251953125,458.52021323856064,3.695675206697241,66.68666666666667,1.914749065048183,68.54666666666667,1.8266728718521237,0.0,-5.0,14.734456598345078,12.177132517254302,Good,16,0,2025-10-13 16:00:00+00:00,Abnormal
2025-10-13 16:07:13+00:00,452.7987561083962,40,65,66,25.8,52,1011.94,10.91,-0.196133,0.0,8.9436648,-0.21,0.14,-0.06125,-71.97265625,-32.763671875,264.2578125,bedroom_window_closed,run_4,0,2265,0,False,False,False,0,0,0,0,0,0,452.7987561083962,65.0,66.0,40.0,-0.0381644491187754,-0.0078063645924767,0.0832678889864195,-0.132125,0.02905,-0.07455,-1.095703125,0.2255859375,5.97265625,458.4469124833408,3.699412199040333,66.68666666666667,1.914749065048183,68.54666666666667,1.8266728718521237,0.0,0.0,15.195835469417164,12.523479959098507,Good,16,0,2025-10-13 16:00:00+00:00,Abnormal
2025-10-13 16:07:18+00:00,452.7987561083962,39,63,65,25.6,52,1011.94,10.91,-0.1569064,0.0,8.7867584,-0.00875,0.245,0.2625,-70.361328125,-32.763671875,268.017578125,bedroom_window_closed,run_4,0,2265,0,False,False,False,0,0,0,0,0,0,452.7987561083962,63.0,65.0,39.0,0.0052042430616511,-0.0078063645924767,-0.0902068797352873,0.0691249999999999,0.13405,0.2492,0.515625,0.2255859375,9.732421875,458.3829409151488,3.713630235648092,66.67333333333333,1.9334451869209328,68.53333333333333,1.8452429921892597,0.0,-10.0,15.011292039603148,12.383934251003136,Good,16,0,2025-10-13 16:00:00+00:00,Abnormal
2025-10-13 16:07:23+00:00,452.7987561083962,40,64,66,25.4,52,1011.93,11.0,-0.196133,0.0392266,8.9044382,0.1575,-0.28875,-0.2625,-71.435546875,-31.689453125,290.0390625,bedroom_window_closed,run_4,0,2265,0,False,False,False,0,0,0,0,0,0,452.7987561083962,64.0,66.0,40.0,-0.0381644491187754,0.0355623275879498,0.0398991968059918,0.235375,-0.3997,-0.2758,-0.55859375,1.2998046875,31.75390625,458.31896934695686,3.726688715432208,66.66666666666667,1.9409631134069096,68.52666666666667,1.8526116760862816,0.0,5.0,14.826737785128106,12.24573264247144,Good,16,0,2025-10-13 16:00:00+00:00,Abnormal
2025-10-13 16:07:29+00:00,451.3993780541981,39,64,67,25.5,52,1011.98,10.58,-0.1176798,-0.0392266,8.825985,2.09125,-0.11375,0.0,-71.435546875,-31.689453125,290.0390625,bedroom_window_closed,run_4,0,2258,0,False,False,False,0,0,0,0,0,0,451.3993780541981,64.0,67.0,39.0,0.0485729352420777,-0.0511750567729033,-0.0468381875548616,2.169125,-0.2247,-0.0133,-0.55859375,1.2998046875,31.75390625,458.24566859173694,3.754020683505935,66.66,1.9484290695137336,68.52666666666667,1.8526116760862816,-6.996890270990548,0.0,14.919016265507771,12.31466610698047,Good,16,0,2025-10-13 16:00:00+00:00,Abnormal
2025-10-13 16:07:34+00:00,451.3993780541981,39,65,68,25.9,52,1011.95,10.83,-0.1569064,0.0392266,8.9044382,-0.42875,0.07,0.25375,-71.435546875,-33.30078125,264.2578125,bedroom_window_closed,run_4,0,2258,0,False,False,False,0,0,0,0,0,0,451.3993780541981,65.0,68.0,39.0,0.0052042430616511,0.0355623275879498,0.0398991968059918,-0.350875,-0.04095,0.2404499999999999,-0.55859375,-0.3115234375,5.97265625,458.1630386494892,3.7674631669587137,66.65333333333334,1.9524091697171224,68.52666666666667,1.8526116760862816,0.0,5.0,15.288103125373905,12.593760224260626,Good,16,0,2025-10-13 16:00:00+00:00,Abnormal
2025-10-13 16:07:39+00:00,451.3993780541981,40,66,69,25.3,52,1011.96,10.75,-0.1569064,-0.0392266,8.825985,0.175,-0.02625,-0.39375,-70.8984375,-32.2265625,264.794921875,bedroom_window_closed,run_4,0,2258,0,False,False,False,0,0,0,0,0,0,451.3993780541981,66.0,69.0,40.0,0.0052042430616511,-0.0511750567729033,-0.0468381875548616,0.2528749999999999,-0.1372,-0.4070499999999999,-0.021484375,0.7626953125,6.509765625,458.08973789426926,3.791467806593601,66.64666666666666,1.9529247268684713,68.52666666666667,1.8526116760862816,0.0,5.0,14.734456598345078,12.177132517254302,Good,16,0,2025-10-13 16:00:00+00:00,Abnormal
2025-10-13 16:07:45+00:00,451.3993780541981,38,64,67,25.7,52,1011.86,11.58,-0.196133,0.0392266,8.7475318,0.06125,-0.09625,-0.04375,-70.361328125,-33.30078125,256.201171875,bedroom_window_closed,run_4,0,2258,0,False,False,False,0,0,0,0,0,0,451.3993780541981,64.0,67.0,38.0,-0.0381644491187754,0.0355623275879498,-0.1335755719157131,0.139125,-0.2072,-0.05705,0.515625,-0.3115234375,-2.083984375,458.01643713904934,3.813903436144421,66.60666666666667,1.9452115244158736,68.49333333333334,1.834591799107116,0.0,-10.0,15.103565107533257,12.453538418884028,Good,16,0,2025-10-13 16:00:00+00:00,Abnormal
2025-10-13 16:07:50+00:00,451.3993780541981,39,65,68,25.8,52,1011.92,11.08,-0.196133,-0.0392266,8.9044382,-0.04375,0.06125,0.07875,-70.8984375,-33.30078125,285.205078125,bedroom_window_closed,run_4,0,2258,0,False,False,False,0,0,0,0,0,0,451.3993780541981,65.0,68.0,39.0,-0.0381644491187754,-0.0511750567729033,0.0398991968059918,0.034125,-0.0497,0.06545,-0.021484375,-0.3115234375,26.919921875,457.9431363838294,3.834797594370027,66.58,1.939591045251229,68.47333333333333,1.8233999758790305,0.0,5.0,15.195835469417164,12.523479959098507,Good,16,0,2025-10-13 16:00:00+00:00,Abnormal
2025-10-13 16:07:55+00:00,451.3993780541981,40,66,67,25.1,52,1011.94,10.91,-0.2353596,0.0,8.825985,0.0,-0.04375,0.07875,-70.8984375,-33.30078125,285.205078125,bedroom_window_closed,run_4,0,2258,0,False,False,False,0,0,0,0,0,0,451.3993780541981,66.0,67.0,40.0,-0.081533141299202,-0.0078063645924767,-0.0468381875548616,0.077875,-0.1547,0.06545,-0.021484375,-0.3115234375,26.919921875,457.8698356286095,3.8541753511083914,66.56666666666666,1.936636074257704,68.44,1.8040967547975335,0.0,5.0,14.549886105092662,12.040926944375622,Good,16,0,2025-10-13 16:00:00+00:00,Abnormal
2025-10-13 16:08:01+00:00,451.3993780541981,39,65,65,25.9,52,1012.01,10.33,-0.1569064,0.0,8.9436648,-0.0175,-0.13125,0.07,-71.435546875,-33.30078125,261.03515625,bedroom_window_closed,run_4,0,2258,0,False,False,False,0,0,0,0,0,0,451.3993780541981,65.0,65.0,39.0,0.0052042430616511,-0.0078063645924767,0.0832678889864195,0.060375,-0.2422,0.0567,-0.55859375,-0.3115234375,2.75,457.8058640604175,3.881492036948595,66.56,1.940317555134999,68.41333333333333,1.8252026334748968,0.0,-5.0,15.288103125373905,12.593760224260626,Good,16,0,2025-10-13 16:00:00+00:00,Abnormal
2025-10-13 16:08:06+00:00,451.3993780541981,40,67,67,25.1,52,1011.97,10.66,-0.196133,0.0392266,8.9436648,-0.6825000000000001,0.25375,0.3675,-70.8984375,-32.763671875,265.33203125,bedroom_window_closed,run_4,0,2258,0,False,False,False,0,0,0,0,0,0,451.3993780541981,67.0,67.0,40.0,-0.0381644491187754,0.0355623275879498,0.0832678889864195,-0.6046250000000001,0.1427999999999999,0.3542,-0.021484375,0.2255859375,7.046875,457.7325633051977,3.898040031558144,66.57333333333334,1.9363934741681137,68.40666666666667,1.8285457113084072,0.0,10.0,14.549886105092662,12.040926944375622,Good,16,0,2025-10-13 16:00:00+00:00,Abnormal
2025-10-13 16:08:11+00:00,451.3993780541981,40,68,69,25.8,52,1011.98,10.58,-0.1176798,0.0,8.9436648,-0.105,0.21,0.14,-70.361328125,-32.2265625,265.33203125,bedroom_window_closed,run_4,0,2258,0,False,False,False,0,0,0,0,0,0,451.3993780541981,68.0,69.0,40.0,0.0485729352420777,-0.0078063645924767,0.0832678889864195,-0.0271249999999999,0.0990499999999999,0.1267,0.515625,0.7626953125,7.046875,457.65926254997777,3.913136033939745,66.59333333333333,1.935526797051096,68.42666666666666,1.81842422626474,0.0,5.0,15.195835469417164,12.523479959098507,Good,16,0,2025-10-13 16:00:00+00:00,Abnormal
2025-10-13 16:08:17+00:00,451.3993780541981,40,69,69,25.5,52,1011.98,10.58,-0.1569064,0.0,8.8652116,-0.245,0.28,-0.2625,-70.8984375,-33.30078125,261.03515625,bedroom_window_closed,run_4,0,2258,0,False,False,False,0,0,0,0,0,0,451.3993780541981,69.0,69.0,40.0,0.0052042430616511,-0.0078063645924767,-0.0034694953744339,-0.167125,0.16905,-0.2758,-0.021484375,-0.3115234375,2.75,457.58596179475785,3.926796790051523,66.62,1.9409746392819107,68.45333333333333,1.7970395739729577,0.0,5.0,14.919016265507771,12.31466610698047,Good,16,0,2025-10-13 16:00:00+00:00,Abnormal
2025-10-13 16:08:22+00:00,451.3993780541981,40,69,69,25.2,52,1011.94,10.91,-0.196133,0.0392266,8.9044382,0.0525,0.1225,0.6125,-70.8984375,-33.30078125,261.03515625,bedroom_window_closed,run_4,0,2258,0,False,False,False,0,0,0,0,0,0,451.3993780541981,69.0,69.0,40.0,-0.0381644491187754,0.0355623275879498,0.0398991968059918,0.130375,0.0115499999999999,0.5992000000000001,-0.021484375,-0.3115234375,2.75,457.5126610395381,3.9390372324152536,66.64,1.9499784889537957,68.47333333333333,1.7862136725812463,0.0,0.0,14.642172705039618,12.108864395222286,Good,16,0,2025-10-13 16:00:00+00:00,Abnormal
2025-10-13 16:08:27+00:00,451.3993780541981,39,68,69,25.3,52,1011.97,10.66,-0.1569064,0.0,8.9044382,-0.4375,0.0525,0.48125,-70.8984375,-32.763671875,265.33203125,bedroom_window_closed,run_4,0,2258,0,False,False,False,0,0,0,0,0,0,451.3993780541981,68.0,69.0,39.0,0.0052042430616511,-0.0078063645924767,0.0398991968059918,-0.359625,-0.05845,0.46795,-0.021484375,0.2255859375,7.046875,457.4393602843181,3.949870565487139,66.65333333333334,1.9524091697171233,68.49333333333334,1.7750949182170357,0.0,-5.0,14.734456598345078,12.177132517254302,Good,16,0,2025-10-13 16:00:00+00:00,Abnormal
2025-10-13 16:08:33+00:00,451.3993780541981,39,68,68,25.9,52,1011.96,10.75,-0.2353596,0.0392266,8.825985,0.27125,0.0875,-0.11375,-70.8984375,-34.375,271.240234375,bedroom_window_closed,run_4,0,2258,0,False,False,False,0,0,0,0,0,0,451.3993780541981,68.0,68.0,39.0,-0.081533141299202,0.0355623275879498,-0.0468381875548616,0.349125,-0.02345,-0.12705,-0.021484375,-1.3857421875,12.955078125,457.36605952909815,3.9593083395465904,66.67333333333333,1.9507240667986483,68.50666666666666,1.7637158252689424,0.0,0.0,15.288103125373905,12.593760224260626,Good,16,0,2025-10-13 16:00:00+00:00,Abnormal
2025-10-13 16:08:38+00:00,451.3993780541981,41,68,69,25.5,52,1011.95,10.83,-0.196133,0.0,9.0613446,-0.0875,-0.1925,0.13125,-69.82421875,-32.763671875,307.763671875,bedroom_window_closed,run_4,0,2258,0,False,False,False,0,0,0,0,0,0,451.3993780541981,68.0,69.0,41.0,-0.0381644491187754,-0.0078063645924767,0.2133739655276987,-0.0096249999999999,-0.30345,0.11795,1.052734375,0.2255859375,49.478515625,457.2834295868503,3.953592070481823,66.7,1.9412512397520625,68.53333333333333,1.7404260323406666,0.0,0.0,14.919016265507771,12.31466610698047,Good,16,0,2025-10-13 16:00:00+00:00,Abnormal
2025-10-13 16:08:43+00:00,450.0,40,67,69,25.2,52,1011.97,10.66,-0.1569064,0.0392266,8.9436648,-0.14875,0.245,0.1575,-69.82421875,-32.763671875,307.763671875,bedroom_window_closed,run_4,0,2251,0,False,False,False,0,0,0,0,0,0,450.0,67.0,69.0,40.0,0.0052042430616511,0.0355623275879498,0.0832678889864195,-0.070875,0.13405,0.1442,1.052734375,0.2255859375,49.478515625,457.2007996446024,3.975515573279035,66.70666666666666,1.9405481363138677,68.54666666666667,1.7362563548490682,-6.996890270990548,-5.0,14.642172705039618,12.108864395222286,Good,16,0,2025-10-13 16:00:00+00:00,Abnormal
2025-10-13 16:08:49+00:00,450.0,41,68,70,25.4,52,1011.97,10.66,-0.196133,0.0,8.9044382,-0.21,0.14,0.21875,-71.97265625,-33.837890625,263.720703125,bedroom_window_closed,run_4,0,2251,0,False,False,False,0,0,0,0,0,0,450.0,68.0,70.0,41.0,-0.0381644491187754,-0.0078063645924767,0.0398991968059918,-0.132125,0.02905,0.20545,-1.095703125,-0.8486328125,5.435546875,457.1274988893825,4.0063310939867804,66.72,1.94253000460532,68.56666666666666,1.735599104217084,0.0,5.0,14.826737785128106,12.24573264247144,Good,16,0,2025-10-13 16:00:00+00:00,Abnormal
2025-10-13 16:08:54+00:00,451.3993780541981,40,67,70,25.7,52,1011.99,10.5,-0.1569064,0.0392266,8.9436648,-0.0875,0.06125,-0.11375,-69.82421875,-33.30078125,263.18359375,bedroom_window_closed,run_4,0,2258,0,False,False,False,0,0,0,0,0,0,451.3993780541981,67.0,70.0,40.0,0.0052042430616511,0.0355623275879498,0.0832678889864195,-0.0096249999999999,-0.0497,-0.12705,1.052734375,-0.3115234375,4.8984375,457.05419813416256,4.0099012064283865,66.72666666666667,1.9417582382800416,68.58666666666667,1.7347094864088908,6.996890270990548,-5.0,15.103565107533257,12.453538418884028,Good,16,0,2025-10-13 16:00:00+00:00,Abnormal
2025-10-13 16:08:59+00:00,451.3993780541981,39,66,69,25.6,52,1011.95,10.83,-0.196133,-0.0392266,8.825985,-0.0175,-0.0175,0.00875,-70.361328125,-33.30078125,266.943359375,bedroom_window_closed,run_4,0,2258,0,False,False,False,0,0,0,0,0,0,451.3993780541981,66.0,69.0,39.0,-0.0381644491187754,-0.0511750567729033,-0.0468381875548616,0.060375,-0.12845,-0.00455,0.515625,-0.3115234375,8.658203125,456.98089737894264,4.012120189343754,66.71333333333334,1.939821712788296,68.59333333333333,1.7343612508776027,0.0,-5.0,15.011292039603148,12.383934251003136,Good,16,0,2025-10-13 16:00:00+00:00,Abnormal
2025-10-13 16:09:05+00:00,451.3993780541981,40,68,70,25.2,52,1012.02,10.25,-0.196133,0.0,8.9044382,0.07,-0.35875,-0.13125,-71.435546875,-33.30078125,275.537109375,bedroom_window_closed,run_4,0,2258,0,False,False,False,0,0,0,0,0,0,451.3993780541981,68.0,70.0,40.0,-0.0381644491187754,-0.0078063645924767,0.0398991968059918,0.147875,-0.4697,-0.14455,-0.55859375,-0.3115234375,17.251953125,456.9169258107508,4.02416753496036,66.71333333333334,1.939821712788296,68.6,1.7378533390904372,0.0,10.0,14.642172705039618,12.108864395222286,Good,16,0,2025-10-13 16:00:00+00:00,Abnormal
2025-10-13 16:09:10+00:00,451.3993780541981,39,67,69,25.7,52,1011.95,10.83,-0.196133,0.0,8.9436648,0.11375,-0.06125,0.28875,-71.435546875,-33.30078125,275.537109375,bedroom_window_closed,run_4,0,2258,0,False,False,False,0,0,0,0,0,0,451.3993780541981,67.0,69.0,39.0,-0.0381644491187754,-0.0078063645924767,0.0832678889864195,0.191625,-0.1722,0.27545,-0.55859375,-0.3115234375,17.251953125,456.8436250555309,4.023862036064602,66.71333333333334,1.939821712788296,68.59333333333333,1.7343612508776027,0.0,-5.0,15.103565107533257,12.453538418884028,Good,16,0,2025-10-13 16:00:00+00:00,Abnormal
2025-10-13 16:09:15+00:00,451.3993780541981,40,68,70,25.7,52,1011.98,10.58,-0.196133,0.0392266,8.8652116,-0.035,0.28875,0.07875,-70.8984375,-33.837890625,265.33203125,bedroom_window_closed,run_4,0,2258,0,False,False,False,0,0,0,0,0,0,451.3993780541981,68.0,70.0,40.0,-0.0381644491187754,0.0355623275879498,-0.0034694953744339,0.0428749999999999,0.1778,0.06545,-0.021484375,-0.8486328125,7.046875,456.7796534873389,4.033683266760744,66.73333333333333,1.9375022551765764,68.60666666666667,1.7374542306430063,0.0,5.0,15.103565107533257,12.453538418884028,Good,16,0,2025-10-13 16:00:00+00:00,Abnormal
2025-10-13 16:09:21+00:00,450.0,40,66,68,25.4,52,1011.94,10.91,-0.0784532,0.0392266,8.8652116,0.7175,-0.105,0.32375,-71.435546875,-33.30078125,261.03515625,bedroom_window_closed,run_4,0,2251,0,False,False,False,0,0,0,0,0,0,450.0,66.0,68.0,40.0,0.0919416274225043,0.0355623275879498,-0.0034694953744339,0.795375,-0.21595,0.31045,-0.55859375,-0.3115234375,2.75,456.706352732119,4.056403632304336,66.73333333333333,1.9375022551765764,68.6,1.7378533390904372,-6.996890270990548,-10.0,14.826737785128106,12.24573264247144,Good,16,0,2025-10-13 16:00:00+00:00,Abnormal
2025-10-13 16:09:26+00:00,450.0,40,65,67,25.0,52,1012.03,10.16,-0.196133,0.0,8.825985,-0.28875,-0.06125,-0.14,-69.82421875,-32.2265625,293.26171875,bedroom_window_closed,run_4,0,2251,0,False,False,False,0,0,0,0,0,0,450.0,65.0,67.0,40.0,-0.0381644491187754,-0.0078063645924767,-0.0468381875548616,-0.210875,-0.1722,-0.1533,1.052734375,0.7626953125,34.9765625,456.6237227898711,4.065985309374543,66.73333333333333,1.9375022551765764,68.59333333333333,1.742083403895926,0.0,-5.0,14.457596798385136,11.97331883681371,Good,16,0,2025-10-13 16:00:00+00:00,Abnormal
2025-10-13 16:09:31+00:00,450.0,39,65,66,25.0,52,1011.87,11.5,-0.196133,-0.0392266,8.7867584,-0.21875,0.175,-0.11375,-69.82421875,-32.2265625,293.26171875,bedroom_window_closed,run_4,0,2251,0,False,False,False,0,0,0,0,0,0,450.0,65.0,66.0,39.0,-0.0381644491187754,-0.0511750567729033,-0.0902068797352873,-0.140875,0.0640499999999999,-0.12705,1.052734375,0.7626953125,34.9765625,456.55042203465126,4.08571085262532,66.72666666666667,1.9417582382800416,68.58,1.7542661327259874,0.0,0.0,14.457596798385136,11.97331883681371,Good,16,0,2025-10-13 16:00:00+00:00,Abnormal
2025-10-13 16:09:37+00:00,450.0,40,67,67,25.5,52,1011.92,11.08,-0.1569064,0.0,8.825985,-0.1575,0.23625,-0.0875,-70.361328125,-32.2265625,264.794921875,bedroom_window_closed,run_4,0,2251,0,False,False,False,0,0,0,0,0,0,450.0,67.0,67.0,40.0,0.0052042430616511,-0.0078063645924767,-0.0468381875548616,-0.079625,0.1252999999999999,-0.1008,0.515625,0.7626953125,6.509765625,456.47712127943134,4.104023840601373,66.74666666666667,1.9288925315346872,68.58666666666667,1.7462776006731682,0.0,10.0,14.919016265507771,12.31466610698047,Good,16,0,2025-10-13 16:00:00+00:00,Abnormal
2025-10-13 16:09:42+00:00,451.3993780541981,39,66,67,25.1,53,1011.95,10.83,-0.1569064,0.0,8.9044382,-0.1225,0.02625,0.20125,-70.361328125,-32.2265625,264.2578125,bedroom_window_closed,run_4,0,2258,0,False,False,False,0,0,0,0,0,0,451.3993780541981,66.0,67.0,39.0,0.0052042430616511,-0.0078063645924767,0.0398991968059918,-0.044625,-0.0847,0.18795,0.515625,0.7626953125,5.97265625,456.40382052421154,4.095808135960218,66.75333333333333,1.9245383536631229,68.58,1.7504361872508936,6.996890270990548,-5.0,14.845450725416438,12.27248323176746,Good,16,0,2025-10-13 16:00:00+00:00,Abnormal
2025-10-13 16:09:47+00:00,450.0,39,65,67,25.5,53,1011.98,10.58,-0.0784532,-0.0392266,8.7867584,0.07875,0.2625,0.035,-70.361328125,-32.763671875,268.5546875,bedroom_window_closed,run_4,0,2251,0,False,False,False,0,0,0,0,0,0,450.0,65.0,67.0,39.0,0.0919416274225043,-0.0511750567729033,-0.0902068797352873,0.156625,0.15155,0.0217,0.515625,0.2255859375,10.26953125,456.3305197689916,4.111445798629583,66.75333333333333,1.9245383536631229,68.57333333333334,1.7545594168347336,-6.996890270990548,-5.0,15.215428813530206,12.551486609037784,Good,16,0,2025-10-13 16:00:00+00:00,Abnormal
2025-10-13 16:09:53+00:00,450.0,39,66,68,25.8,53,1011.97,10.66,-0.196133,-0.0392266,8.8652116,-0.0175,0.11375,0.0,-69.82421875,-33.837890625,241.69921875,bedroom_window_closed,run_4,0,2251,0,False,False,False,0,0,0,0,0,0,450.0,66.0,68.0,39.0,-0.0381644491187754,-0.0511750567729033,-0.0034694953744339,0.060375,0.0027999999999999,-0.0133,1.052734375,-0.8486328125,-16.5859375,456.2572190137717,4.125713356656419,66.75333333333333,1.9245383536631229,68.56666666666666,1.7548271551691,0.0,5.0,15.49288469578152,12.764316112158095,Good,16,0,2025-10-13 16:00:00+00:00,Abnormal
2025-10-13 16:09:58+00:00,451.3993780541981,39,66,68,25.0,53,1011.97,10.66,-0.1176798,0.0392266,8.825985,0.00875,0.2975,-0.00875,-69.82421875,-33.837890625,241.69921875,bedroom_window_closed,run_4,0,2258,0,False,False,False,0,0,0,0,0,0,451.3993780541981,66.0,68.0,39.0,0.0485729352420777,0.0355623275879498,-0.0468381875548616,0.086625,0.18655,-0.02205,1.052734375,-0.8486328125,-16.5859375,456.19324744557974,4.126150209331023,66.76666666666667,1.9122237192788705,68.57333333333334,1.7507301129561617,6.996890270990548,0.0,14.752949611247312,12.203574968290896,Good,16,0,2025-10-13 16:00:00+00:00,Abnormal
2025-10-13 16:10:03+00:00,451.3993780541981,38,67,69,25.3,53,1011.98,10.58,-0.196133,0.0,8.825985,0.04375,0.02625,0.175,-70.8984375,-33.30078125,265.33203125,bedroom_window_closed,run_4,0,2258,0,False,False,False,0,0,0,0,0,0,451.3993780541981,67.0,69.0,38.0,-0.0381644491187754,-0.0078063645924767,-0.0468381875548616,0.121625,-0.0847,0.1616999999999999,-0.021484375,-0.3115234375,7.046875,456.1292758773877,4.125588533110215,66.78666666666666,1.8987338298454488,68.58666666666667,1.7462776006731682,0.0,5.0,15.030445042960366,12.411308142586114,Good,16,0,2025-10-13 16:00:00+00:00,Abnormal
2025-10-13 16:10:09+00:00,451.3993780541981,38,67,69,25.9,54,1011.99,10.5,-0.1569064,0.0392266,8.9044382,0.28875,0.30625,0.27125,-70.8984375,-33.30078125,261.572265625,bedroom_window_closed,run_4,0,2258,0,False,False,False,0,0,0,0,0,0,451.3993780541981,67.0,69.0,38.0,0.0052042430616511,0.0355623275879498,0.0398991968059918,0.366625,0.1953,0.25795,-0.021484375,-0.3115234375,3.287109375,456.065304309196,4.124027920007011,66.82666666666667,1.838246416600124,68.61333333333333,1.7215049864419163,0.0,0.0,15.87773529978425,13.07813561750142,Good,16,0,2025-10-13 16:00:00+00:00,Abnormal
2025-10-13 16:10:14+00:00,451.3993780541981,38,67,69,25.0,54,1011.93,11.0,-0.1569064,-0.0392266,8.7867584,0.09625,0.035,-0.035,-71.435546875,-33.30078125,263.18359375,bedroom_window_closed,run_4,0,2258,0,False,False,False,0,0,0,0,0,0,451.3993780541981,67.0,69.0,38.0,0.0052042430616511,-0.0511750567729033,-0.0902068797352873,0.174125,-0.07595,-0.0483,-0.55859375,-0.3115234375,4.8984375,456.001332741004,4.121467235265009,66.87333333333333,1.750538427876425,68.64666666666666,1.6794720593716814,0.0,0.0,15.0434406904376,12.433831099768083,Good,16,0,2025-10-13 16:00:00+00:00,Abnormal
2025-10-13 16:10:19+00:00,450.0,38,66,68,25.7,53,1011.92,11.08,-0.196133,0.0,8.9044382,0.11375,0.3675,0.18375,-71.435546875,-33.30078125,263.18359375,bedroom_window_closed,run_4,0,2251,0,False,False,False,0,0,0,0,0,0,450.0,66.0,68.0,38.0,-0.0381644491187754,-0.0078063645924767,0.0398991968059918,0.191625,0.25655,0.17045,-0.55859375,-0.3115234375,4.8984375,455.92803198578406,4.1298224070828455,66.89333333333333,1.722907900356155,68.66,1.6662057528222984,-6.996890270990548,-5.0,15.4004020380279,12.693029542324105,Good,16,0,2025-10-13 16:00:00+00:00,Abnormal
2025-10-13 16:10:25+00:00,450.0,38,64,67,25.4,53,1012.01,10.33,-0.196133,0.0392266,8.9436648,0.0,0.11375,0.07875,-71.435546875,-33.30078125,263.18359375,bedroom_window_closed,run_4,0,2251,0,False,False,False,0,0,0,0,0,0,450.0,64.0,67.0,38.0,-0.0381644491187754,0.0355623275879498,0.0832678889864195,0.077875,0.0027999999999999,0.06545,-0.55859375,-0.3115234375,4.8984375,455.85473123056414,4.136853385663734,66.9,1.7096253367174763,68.66666666666667,1.6574690281927478,0.0,-10.0,15.122938246560675,12.481227500980506,Good,16,0,2025-10-13 16:00:00+00:00,Abnormal
2025-10-13 16:10:30+00:00,451.3993780541981,37,64,66,25.7,53,1011.95,10.83,-0.1569064,0.0392266,8.9436648,-0.07,0.4375,0.09625,-71.435546875,-34.375,263.720703125,bedroom_window_closed,run_4,0,2258,0,False,False,False,0,0,0,0,0,0,451.3993780541981,64.0,66.0,37.0,0.0052042430616511,0.0355623275879498,0.0832678889864195,0.0078749999999999,0.32655,0.08295,-0.55859375,-1.3857421875,5.435546875,455.7907596623722,4.131019199434124,66.90666666666667,1.696212388035302,68.66666666666667,1.6574690281927478,6.996890270990548,0.0,15.4004020380279,12.693029542324105,Good,16,0,2025-10-13 16:00:00+00:00,Abnormal
2025-10-13 16:10:35+00:00,450.0,36,65,66,25.0,53,1011.92,11.08,-0.2353596,0.0,8.9436648,-0.0525,-0.06125,-0.0525,-70.8984375,-33.30078125,268.017578125,bedroom_window_closed,run_4,0,2251,0,False,False,False,0,0,0,0,0,0,450.0,65.0,66.0,36.0,-0.081533141299202,-0.0078063645924767,0.0832678889864195,0.025375,-0.1722,-0.0658,-0.021484375,-0.3115234375,9.732421875,455.72678809418034,4.1459722740355955,66.92666666666666,1.6551593798504654,68.67333333333333,1.6445829999874566,-6.996890270990548,5.0,14.752949611247312,12.203574968290896,Good,16,0,2025-10-13 16:00:00+00:00,Abnormal
2025-10-13 16:10:41+00:00,450.0,36,66,66,25.6,53,1011.94,10.91,-0.1176798,0.0,8.8652116,-0.35875,-0.1575,0.245,-71.97265625,-33.837890625,266.943359375,bedroom_window_closed,run_4,0,2251,0,False,False,False,0,0,0,0,0,0,450.0,66.0,66.0,36.0,0.0485729352420777,-0.0078063645924767,-0.0034694953744339,-0.280875,-0.26845,0.2317,-1.095703125,-0.8486328125,8.658203125,455.6534873389604,4.149398541308206,66.94,1.6394056870437694,68.67333333333333,1.6445829999874566,0.0,5.0,15.307916743981709,12.622086832753196,Good,16,0,2025-10-13 16:00:00+00:00,Abnormal
2025-10-13 16:10:46+00:00,450.0,36,66,66,25.4,53,1011.97,10.66,-0.1569064,-0.0392266,8.825985,-0.14875,0.2975,-0.07,-71.97265625,-33.837890625,266.943359375,bedroom_window_closed,run_4,0,2251,0,False,False,False,0,0,0,0,0,0,450.0,66.0,66.0,36.0,0.0052042430616511,-0.0511750567729033,-0.0468381875548616,-0.070875,0.18655,-0.0833,-1.095703125,-0.8486328125,8.658203125,455.5895157707685,4.1621621545975,66.94666666666667,1.6334862732578277,68.67333333333333,1.6445829999874566,0.0,0.0,15.122938246560675,12.481227500980506,Good,16,0,2025-10-13 16:00:00+00:00,Abnormal
2025-10-13 16:10:51+00:00,450.0,35,66,66,25.8,53,1011.93,11.0,-0.1569064,0.0,8.8652116,-0.18375,0.1575,0.07875,-71.435546875,-33.30078125,256.73828125,bedroom_window_closed,run_4,0,2251,0,False,False,False,0,0,0,0,0,0,450.0,66.0,66.0,35.0,0.0052042430616511,-0.0078063645924767,-0.0034694953744339,-0.105875,0.0465499999999999,0.06545,-0.55859375,-0.3115234375,-1.546875,455.5162150155486,4.163142631009847,66.94666666666667,1.6334862732578277,68.66666666666667,1.6534148785547642,0.0,0.0,15.49288469578152,12.764316112158095,Good,16,0,2025-10-13 16:00:00+00:00,Abnormal
2025-10-13 16:10:57+00:00,450.0,37,69,69,25.0,53,1011.96,10.75,-0.1569064,0.0392266,8.8652116,-0.28,0.0525,-0.23625,-73.046875,-32.763671875,263.720703125,bedroom_window_closed,run_4,0,2251,0,False,False,False,0,0,0,0,0,0,450.0,69.0,69.0,37.0,0.0052042430616511,0.0355623275879498,-0.0034694953744339,-0.202125,-0.05845,-0.24955,-2.169921875,0.2255859375,5.435546875,455.4429142603287,4.1628237061942555,66.96666666666667,1.6401696862070774,68.68,1.6479395310467084,0.0,15.0,14.752949611247312,12.203574968290896,Good,16,0,2025-10-13 16:00:00+00:00,Abnormal
2025-10-13 16:11:02+00:00,450.0,37,68,69,25.9,53,1011.99,10.5,-0.2353596,-0.0392266,8.825985,-0.1225,0.105,-0.0875,-72.509765625,-33.30078125,271.240234375,bedroom_window_closed,run_4,0,2251,0,False,False,False,0,0,0,0,0,0,450.0,68.0,69.0,37.0,-0.081533141299202,-0.0511750567729033,-0.0468381875548616,-0.044625,-0.00595,-0.1008,-1.6328125,-0.3115234375,12.955078125,455.3789426921368,4.172297276160474,66.97333333333333,1.642336961013895,68.68666666666667,1.6471927172843466,0.0,-5.0,15.585364717355294,12.835947920881024,Good,16,0,2025-10-13 16:00:00+00:00,Abnormal
2025-10-13 16:11:08+00:00,450.0,38,68,69,25.4,53,1011.97,10.66,-0.1569064,0.0392266,8.8652116,-0.2275,0.16625,0.14875,-71.435546875,-33.837890625,247.607421875,bedroom_window_closed,run_4,0,2251,0,False,False,False,0,0,0,0,0,0,450.0,68.0,69.0,38.0,0.0052042430616511,0.0355623275879498,-0.0034694953744339,-0.149625,0.0553,0.13545,-0.55859375,-0.8486328125,-10.677734375,455.3056419369169,4.169550312780326,66.98,1.6444741718900528,68.69333333333333,1.6464183892024895,0.0,0.0,15.122938246560675,12.481227500980506,Good,16,0,2025-10-13 16:00:00+00:00,Abnormal
2025-10-13 16:11:13+00:00,450.0,38,67,69,25.9,53,1011.91,11.16,-0.1176798,0.0,8.9044382,0.07,0.25375,0.56,-71.435546875,-33.837890625,247.607421875,bedroom_window_closed,run_4,0,2251,0,False,False,False,0,0,0,0,0,0,450.0,67.0,69.0,38.0,0.0485729352420777,-0.0078063645924767,0.0398991968059918,0.147875,0.1427999999999999,0.5467000000000001,-0.55859375,-0.8486328125,-10.677734375,455.232341181697,4.165503203540998,66.98,1.6444741718900528,68.7,1.6456165079613894,0.0,-5.0,15.585364717355294,12.835947920881024,Good,16,0,2025-10-13 16:00:00+00:00,Abnormal
2025-10-13 16:11:18+00:00,450.0,39,66,69,25.8,53,1012.0,10.41,-0.1176798,0.0392266,8.8652116,-0.1225,0.06125,0.30625,-69.287109375,-31.689453125,262.109375,bedroom_window_closed,run_4,0,2251,0,False,False,False,0,0,0,0,0,0,450.0,66.0,69.0,39.0,0.0485729352420777,0.0355623275879498,-0.0034694953744339,-0.044625,-0.0497,0.29295,1.58984375,1.2998046875,3.82421875,455.1683696135051,4.171721238980828,66.98666666666666,1.6384092246664417,68.71333333333334,1.6398423015793586,0.0,-5.0,15.49288469578152,12.764316112158095,Good,16,0,2025-10-13 16:00:00+00:00,Abnormal
2025-10-13 16:11:24+00:00,448.8005330964016,39,66,68,25.3,53,1012.02,10.25,-0.1176798,-0.0392266,8.8652116,0.035,0.28,0.27125,-71.97265625,-33.837890625,264.794921875,bedroom_window_closed,run_4,0,2245,0,False,False,False,0,0,0,0,0,0,448.8005330964016,66.0,68.0,39.0,0.0485729352420777,-0.0511750567729033,-0.0034694953744339,0.112875,0.16905,0.25795,-1.095703125,-0.8486328125,6.509765625,455.0964015992892,4.187915118260476,66.98,1.640387906326284,68.7,1.6374394809247592,-5.997334517992101,0.0,15.030445042960366,12.411308142586114,Good,16,0,2025-10-13 16:00:00+00:00,Abnormal
2025-10-13 16:11:29+00:00,448.8005330964016,39,65,68,25.5,53,1012.01,10.33,-0.196133,-0.0392266,8.825985,-0.11375,0.14875,-0.42875,-71.97265625,-33.30078125,262.109375,bedroom_window_closed,run_4,0,2245,0,False,False,False,0,0,0,0,0,0,448.8005330964016,65.0,68.0,39.0,-0.0381644491187754,-0.0511750567729033,-0.0468381875548616,-0.035875,0.0377999999999999,-0.44205,-1.095703125,-0.3115234375,3.82421875,455.0151043980452,4.191000343548729,66.97333333333333,1.6464183892025448,68.69333333333333,1.638245364626504,0.0,-5.0,15.215428813530206,12.551486609037784,Good,16,0,2025-10-13 16:00:00+00:00,Abnormal
2025-10-13 16:11:34+00:00,450.0,39,65,68,25.4,53,1012.04,10.08,-0.1176798,0.0,8.8652116,0.0,0.16625,0.105,-71.97265625,-33.30078125,262.109375,bedroom_window_closed,run_4,0,2251,0,False,False,False,0,0,0,0,0,0,450.0,65.0,68.0,39.0,0.0485729352420777,-0.0078063645924767,-0.0034694953744339,0.077875,0.0553,0.0916999999999999,-1.095703125,-0.3115234375,3.82421875,454.95113282985335,4.193846032537076,66.96666666666667,1.6523997869548583,68.69333333333333,1.638245364626504,5.997334517992101,0.0,15.122938246560675,12.481227500980506,Good,16,0,2025-10-13 16:00:00+00:00,Abnormal
2025-10-13 16:11:40+00:00,450.0,39,64,67,25.7,53,1012.01,10.33,-0.1176798,-0.0392266,8.8652116,-0.13125,0.315,0.14875,-71.97265625,-33.30078125,262.109375,bedroom_window_closed,run_4,0,2251,0,False,False,False,0,0,0,0,0,0,450.0,64.0,67.0,39.0,0.0485729352420777,-0.0511750567729033,-0.0034694953744339,-0.053375,0.20405,0.13545,-1.095703125,-0.3115234375,3.82421875,454.8871612616614,4.195707992166182,66.94666666666667,1.6700547218726882,68.68,1.643861879597705,0.0,-5.0,15.4004020380279,12.693029542324105,Good,16,0,2025-10-13 16:00:00+00:00,Abnormal
2025-10-13 16:11:45+00:00,450.0,40,66,68,25.3,53,1012.06,9.91,-0.196133,0.0392266,8.9044382,-0.07,0.04375,-0.2275,-71.97265625,-32.2265625,267.48046875,bedroom_window_closed,run_4,0,2251,0,False,False,False,0,0,0,0,0,0,450.0,66.0,68.0,40.0,-0.0381644491187754,0.0355623275879498,0.0398991968059918,0.0078749999999999,-0.0672,-0.2408,-1.095703125,0.7626953125,9.1953125,454.8138605064416,4.184312493117537,66.93333333333334,1.6695724110664458,68.66666666666667,1.6411923422470711,0.0,10.0,15.030445042960366,12.411308142586114,Good,16,0,2025-10-13 16:00:00+00:00,Abnormal
2025-10-13 16:11:50+00:00,450.0,39,64,66,25.2,53,1011.92,11.08,-0.196133,0.0,8.7867584,-0.1575,0.0,-0.02625,-70.361328125,-34.375,269.62890625,bedroom_window_closed,run_4,0,2251,0,False,False,False,0,0,0,0,0,0,450.0,64.0,66.0,39.0,-0.0381644491187754,-0.0078063645924767,-0.0902068797352873,-0.079625,-0.11095,-0.03955,0.515625,-1.3857421875,11.34375,454.7405597512216,4.1715894335786725,66.91333333333333,1.6866497775281717,68.64666666666666,1.655321565575245,0.0,-10.0,14.937949202616542,12.341727172053483,Good,16,0,2025-10-13 16:00:00+00:00,Abnormal
2025-10-13 16:11:56+00:00,450.0,38,65,66,25.5,53,1011.92,11.08,-0.2745862,0.0,8.8652116,-0.06125,0.07875,0.49,-72.509765625,-33.30078125,258.88671875,bedroom_window_closed,run_4,0,2251,0,False,False,False,0,0,0,0,0,0,450.0,65.0,66.0,38.0,-0.1249018334796286,-0.0078063645924767,-0.0034694953744339,0.016625,-0.0322,0.4767,-1.6328125,-0.3115234375,0.6015625,454.6765881830297,4.170210692338652,66.90666666666667,1.6922510589544546,68.63333333333334,1.6685671491120948,0.0,5.0,15.215428813530206,12.551486609037784,Good,16,0,2025-10-13 16:00:00+00:00,Abnormal
2025-10-13 16:12:01+00:00,450.0,38,66,67,25.1,53,1011.94,10.91,-0.196133,0.0,8.8652116,0.04375,0.035,-0.0525,-72.509765625,-33.30078125,258.88671875,bedroom_window_closed,run_4,0,2251,0,False,False,False,0,0,0,0,0,0,450.0,66.0,67.0,38.0,-0.0381644491187754,-0.0078063645924767,-0.0034694953744339,0.121625,-0.07595,-0.0658,-1.6328125,-0.3115234375,0.6015625,454.60328742780985,4.155007242858965,66.90666666666667,1.6922510589544546,68.62666666666667,1.6731061282330426,0.0,5.0,14.845450725416438,12.27248323176746,Good,16,0,2025-10-13 16:00:00+00:00,Abnormal
2025-10-13 16:12:06+00:00,448.8005330964016,36,63,65,25.7,53,1012.07,9.83,-0.196133,0.0392266,8.825985,0.00875,0.0,-0.3325,-71.435546875,-34.912109375,291.11328125,bedroom_window_closed,run_4,0,2245,0,False,False,False,0,0,0,0,0,0,448.8005330964016,63.0,65.0,36.0,-0.0381644491187754,0.0355623275879498,-0.0468381875548616,0.086625,-0.11095,-0.3458,-0.55859375,-1.9228515625,32.828125,454.5313194135939,4.1614394826274514,66.88666666666667,1.720530067638041,68.6,1.6987954674616723,-5.997334517992101,-15.0,15.4004020380279,12.693029542324105,Good,16,0,2025-10-13 16:00:00+00:00,Abnormal
2025-10-13 16:12:12+00:00,448.8005330964016,36,63,64,25.1,53,1012.04,10.08,-0.196133,0.0,8.9044382,-0.0525,-0.105,-0.32375,-71.435546875,-32.763671875,269.091796875,bedroom_window_closed,run_4,0,2245,0,False,False,False,0,0,0,0,0,0,448.8005330964016,63.0,64.0,36.0,-0.0381644491187754,-0.0078063645924767,0.0398991968059918,0.025375,-0.21595,-0.3370499999999999,-0.55859375,0.2255859375,10.806640625,454.45935139937814,4.166610569120776,66.87333333333333,1.7428537373767683,68.57333333333334,1.7391916145254551,0.0,0.0,14.845450725416438,12.27248323176746,Good,16,0,2025-10-13 16:00:00+00:00,Abnormal
2025-10-13 16:12:17+00:00,448.8005330964016,37,63,65,25.0,53,1011.95,10.83,-0.1176798,-0.0392266,8.7867584,0.13125,0.245,0.00875,-73.046875,-32.763671875,264.794921875,bedroom_window_closed,run_4,0,2245,0,False,False,False,0,0,0,0,0,0,448.8005330964016,63.0,65.0,37.0,0.0485729352420777,-0.0511750567729033,-0.0902068797352873,0.209125,0.13405,-0.00455,-2.169921875,0.2255859375,6.509765625,454.3780541981341,4.157188774501221,66.86,1.7647936548773413,68.56,1.758889216286134,0.0,0.0,14.752949611247312,12.203574968290896,Good,16,0,2025-10-13 16:00:00+00:00,Abnormal
2025-10-13 16:12:22+00:00,448.8005330964016,39,64,66,25.1,53,1011.99,10.5,-0.1569064,0.0,8.9436648,-0.11375,0.16625,-0.0175,-70.8984375,-32.763671875,279.833984375,bedroom_window_closed,run_4,0,2245,0,False,False,False,0,0,0,0,0,0,448.8005330964016,64.0,66.0,39.0,0.0052042430616511,-0.0078063645924767,0.0832678889864195,-0.035875,0.0553,-0.0308,-0.021484375,0.2255859375,21.548828125,454.30608618391824,4.159696519132453,66.86,1.7647936548773413,68.56666666666666,1.7471613282507683,0.0,5.0,14.845450725416438,12.27248323176746,Good,16,0,2025-10-13 16:00:00+00:00,Abnormal
2025-10-13 16:12:28+00:00,448.8005330964016,39,65,67,25.7,53,1011.95,10.83,-0.0784532,0.0784532,8.8652116,1.77625,0.2275,-0.14,-70.8984375,-32.763671875,279.833984375,bedroom_window_closed,run_4,0,2245,0,False,False,False,0,0,0,0,0,0,448.8005330964016,65.0,67.0,39.0,0.0919416274225043,0.0789310197683764,-0.0034694953744339,1.854125,0.11655,-0.1533,-0.021484375,0.2255859375,21.548828125,454.2341181697023,4.160949824679995,66.86,1.7647936548773413,68.56666666666666,1.7471613282507683,0.0,5.0,15.4004020380279,12.693029542324105,Good,16,0,2025-10-13 16:00:00+00:00,Abnormal
2025-10-13 16:12:33+00:00,448.8005330964016,39,65,67,25.3,53,1011.89,11.33,-0.196133,0.0392266,8.9436648,-0.2625,0.385,0.11375,-71.435546875,-32.763671875,261.572265625,bedroom_window_closed,run_4,0,2245,0,False,False,False,0,0,0,0,0,0,448.8005330964016,65.0,67.0,39.0,-0.0381644491187754,0.0355623275879498,0.0832678889864195,-0.184625,0.27405,0.10045,-0.55859375,0.2255859375,3.287109375,454.1621501554865,4.160949824679994,66.86,1.7647936548773413,68.56,1.7512411705940898,0.0,0.0,15.030445042960366,12.411308142586114,Good,16,0,2025-10-13 16:00:00+00:00,Abnormal
2025-10-13 16:12:38+00:00,448.8005330964016,40,66,68,25.5,53,1012.02,10.25,-0.196133,0.0392266,8.9044382,-0.0525,0.06125,0.13125,-72.509765625,-33.30078125,266.40625,bedroom_window_closed,run_4,0,2245,0,False,False,False,0,0,0,0,0,0,448.8005330964016,66.0,68.0,40.0,-0.0381644491187754,0.0355623275879498,0.0398991968059918,0.025375,-0.0497,0.11795,-1.6328125,-0.3115234375,8.12109375,454.0808529542425,4.1456520283054425,66.86666666666666,1.7596013378060875,68.55333333333333,1.7514583249343867,0.0,5.0,15.215428813530206,12.551486609037784,Good,16,0,2025-10-13 16:00:00+00:00,Abnormal
2025-10-13 16:12:44+00:00,448.8005330964016,40,67,69,25.7,53,1012.03,10.16,-0.196133,0.0392266,8.825985,-0.175,-0.0525,0.105,-69.82421875,-33.30078125,263.18359375,bedroom_window_closed,run_4,0,2245,0,False,False,False,0,0,0,0,0,0,448.8005330964016,67.0,69.0,40.0,-0.0381644491187754,0.0355623275879498,-0.0468381875548616,-0.0971249999999999,-0.16345,0.0916999999999999,1.052734375,-0.3115234375,4.8984375,454.00888494002663,4.142972640158075,66.88,1.752926603669525,68.55333333333333,1.7514583249343867,0.0,5.0,15.4004020380279,12.693029542324105,Good,16,0,2025-10-13 16:00:00+00:00,Abnormal
2025-10-13 16:12:49+00:00,448.8005330964016,40,67,69,25.2,53,1012.02,10.25,-0.1176798,0.0,8.7867584,0.0875,0.175,-0.0875,-70.361328125,-30.615234375,248.681640625,bedroom_window_closed,run_4,0,2245,0,False,False,False,0,0,0,0,0,0,448.8005330964016,67.0,69.0,40.0,0.0485729352420777,-0.0078063645924767,-0.0902068797352873,0.165375,0.0640499999999999,-0.1008,0.515625,2.3740234375,-9.603515625,453.9369169258107,4.139031957134647,66.88,1.752926603669525,68.54666666666667,1.7478142310124432,0.0,0.0,14.937949202616542,12.341727172053483,Good,16,0,2025-10-13 16:00:00+00:00,Abnormal
2025-10-13 16:12:54+00:00,448.8005330964016,40,66,68,25.2,53,1012.01,10.33,-0.196133,0.0,8.825985,-0.035,0.20125,0.06125,-70.361328125,-30.615234375,248.681640625,bedroom_window_closed,run_4,0,2245,0,False,False,False,0,0,0,0,0,0,448.8005330964016,66.0,68.0,40.0,-0.0381644491187754,-0.0078063645924767,-0.0468381875548616,0.0428749999999999,0.0903,0.04795,0.515625,2.3740234375,-9.603515625,453.8556197245669,4.119180184587923,66.87333333333333,1.7543681501509334,68.54,1.7479806182022164,0.0,-5.0,14.937949202616542,12.341727172053483,Good,16,0,2025-10-13 16:00:00+00:00,Abnormal
2025-10-13 16:13:00+00:00,448.8005330964016,38,65,66,25.2,53,1011.96,10.75,-0.1569064,0.0,8.9436648,-0.09625,0.0525,0.04375,-71.435546875,-32.763671875,266.40625,bedroom_window_closed,run_4,0,2245,0,False,False,False,0,0,0,0,0,0,448.8005330964016,65.0,66.0,38.0,0.0052042430616511,-0.0078063645924767,0.0832678889864195,-0.018375,-0.05845,0.0304499999999999,-0.55859375,0.2255859375,8.12109375,453.77432252332295,4.097608822178944,66.84666666666666,1.7522245369074454,68.50666666666666,1.7484285050113797,0.0,-5.0,14.937949202616542,12.341727172053483,Good,16,0,2025-10-13 16:00:00+00:00,Abnormal
2025-10-13 16:13:05+00:00,448.8005330964016,38,65,66,25.4,53,1011.95,10.83,-0.1569064,0.0,8.8652116,-0.32375,0.1575,-0.06125,-71.435546875,-33.837890625,270.703125,bedroom_window_closed,run_4,0,2245,0,False,False,False,0,0,0,0,0,0,448.8005330964016,65.0,66.0,38.0,0.0052042430616511,-0.0078063645924767,-0.0034694953744339,-0.2458749999999999,0.0465499999999999,-0.07455,-0.55859375,-0.8486328125,12.41796875,453.693025322079,4.074290556854362,66.8,1.7066785514127596,68.46666666666667,1.7365655631899224,0.0,0.0,15.122938246560675,12.481227500980506,Good,16,0,2025-10-13 16:00:00+00:00,Abnormal
2025-10-13 16:13:10+00:00,448.8005330964016,37,64,66,25.6,53,1011.94,10.91,-0.1176798,0.0392266,8.825985,-0.175,0.0525,0.105,-73.046875,-30.615234375,279.833984375,bedroom_window_closed,run_4,0,2245,0,False,False,False,0,0,0,0,0,0,448.8005330964016,64.0,66.0,37.0,0.0485729352420777,0.0355623275879498,-0.0468381875548616,-0.0971249999999999,-0.05845,0.0916999999999999,-2.169921875,2.3740234375,21.548828125,453.6117281208352,4.049195208843795,66.75333333333333,1.6866497775281588,68.43333333333334,1.7355991042170842,0.0,-5.0,15.307916743981709,12.622086832753196,Good,16,0,2025-10-13 16:00:00+00:00,Abnormal
2025-10-13 16:13:16+00:00,448.8005330964016,38,64,68,25.9,53,1012.0,10.41,-0.1569064,-0.0392266,8.8652116,0.02625,0.25375,0.0525,-73.046875,-30.615234375,279.833984375,bedroom_window_closed,run_4,0,2245,0,False,False,False,0,0,0,0,0,0,448.8005330964016,64.0,68.0,38.0,0.0052042430616511,-0.0511750567729033,-0.0034694953744339,0.104125,0.1427999999999999,0.0392,-2.169921875,2.3740234375,21.548828125,453.5397601066192,4.038043616690381,66.70666666666666,1.6650641064977605,68.40666666666667,1.7109856912885169,0.0,0.0,15.585364717355294,12.835947920881024,Good,16,0,2025-10-13 16:00:00+00:00,Abnormal
2025-10-13 16:13:21+00:00,448.8005330964016,37,65,68,25.3,53,1011.99,10.5,-0.1176798,-0.0392266,8.9044382,-0.175,0.11375,0.5162500000000001,-72.509765625,-32.2265625,261.572265625,bedroom_window_closed,run_4,0,2245,0,False,False,False,0,0,0,0,0,0,448.8005330964016,65.0,68.0,37.0,0.0485729352420777,-0.0511750567729033,0.0398991968059918,-0.0971249999999999,0.0027999999999999,0.5029500000000001,-1.6328125,0.7626953125,3.287109375,453.4677920924034,4.02556609050733,66.68,1.6601123920874727,68.38666666666667,1.697952445032752,0.0,5.0,15.030445042960366,12.411308142586114,Good,16,0,2025-10-13 16:00:00+00:00,Abnormal
2025-10-13 16:13:26+00:00,448.8005330964016,39,66,69,25.2,53,1011.96,10.75,-0.196133,-0.0392266,8.9436648,0.21,-0.1575,0.175,-70.8984375,-32.763671875,270.703125,bedroom_window_closed,run_4,0,2245,0,False,False,False,0,0,0,0,0,0,448.8005330964016,66.0,69.0,39.0,-0.0381644491187754,-0.0511750567729033,0.0832678889864195,0.287875,-0.26845,0.1616999999999999,-0.021484375,0.2255859375,12.41796875,453.3958240781874,4.011750258374662,66.65333333333334,1.6384092246664153,68.36666666666666,1.6725845718193153,0.0,5.0,14.937949202616542,12.341727172053483,Good,16,0,2025-10-13 16:00:00+00:00,Abnormal
2025-10-13 16:13:32+00:00,448.8005330964016,38,65,67,25.6,53,1012.02,10.25,-0.1176798,-0.0392266,8.825985,-0.14,0.13125,-0.0875,-69.287109375,-33.837890625,268.5546875,bedroom_window_closed,run_4,0,2245,0,False,False,False,0,0,0,0,0,0,448.8005330964016,65.0,67.0,38.0,0.0485729352420777,-0.0511750567729033,-0.0468381875548616,-0.062125,0.0203,-0.1008,1.58984375,-0.8486328125,10.26953125,453.3238560639715,3.996582241099766,66.63333333333334,1.640169686207051,68.35333333333334,1.675471151472983,0.0,-5.0,15.307916743981709,12.622086832753196,Good,16,0,2025-10-13 16:00:00+00:00,Abnormal
2025-10-13 16:13:37+00:00,448.8005330964016,39,65,68,25.1,53,1012.02,10.25,-0.1569064,0.0392266,8.9436648,0.14875,-0.07875,0.39375,-69.287109375,-33.837890625,268.5546875,bedroom_window_closed,run_4,0,2245,0,False,False,False,0,0,0,0,0,0,448.8005330964016,65.0,68.0,39.0,0.0052042430616511,0.0355623275879498,0.0832678889864195,0.226625,-0.1897,0.38045,1.58984375,-0.8486328125,10.26953125,453.2425588627277,3.9633798961505904,66.62,1.645290207158534,68.35333333333334,1.675471151472983,0.0,0.0,14.845450725416438,12.27248323176746,Good,16,0,2025-10-13 16:00:00+00:00,Abnormal
2025-10-13 16:13:42+00:00,447.4011550422034,39,65,67,25.0,53,1011.94,10.91,-0.1176798,0.0392266,8.8652116,0.09625,0.02625,0.1225,-69.287109375,-33.837890625,268.5546875,bedroom_window_closed,run_4,0,2238,0,False,False,False,0,0,0,0,0,0,447.4011550422034,65.0,67.0,39.0,0.0485729352420777,0.0355623275879498,-0.0034694953744339,0.174125,-0.0847,0.1091999999999999,1.58984375,-0.8486328125,10.26953125,453.1519324744558,3.940272686027656,66.6,1.6466357812136565,68.34,1.6782461282880865,-6.996890270990548,0.0,14.752949611247312,12.203574968290896,Good,16,0,2025-10-13 16:00:00+00:00,Abnormal
2025-10-13 16:13:48+00:00,447.4011550422034,40,65,67,25.4,53,1012.0,10.41,-0.1569064,0.0392266,8.9436648,-0.27125,-0.14,0.1925,-71.97265625,-33.837890625,262.646484375,bedroom_window_closed,run_4,0,2238,0,False,False,False,0,0,0,0,0,0,447.4011550422034,65.0,67.0,40.0,0.0052042430616511,0.0355623275879498,0.0832678889864195,-0.193375,-0.25095,0.1792,-1.095703125,-0.8486328125,4.361328125,453.06130608618383,3.914917745148416,66.57333333333334,1.6398832282321456,68.32,1.676205366155967,0.0,0.0,15.122938246560675,12.481227500980506,Good,16,0,2025-10-13 16:00:00+00:00,Abnormal
2025-10-13 16:13:53+00:00,448.8005330964016,39,64,66,25.2,53,1012.09,9.66,-0.1176798,0.0,8.825985,-0.28,0.07875,0.0525,-71.97265625,-33.837890625,268.5546875,bedroom_window_closed,run_4,0,2245,0,False,False,False,0,0,0,0,0,0,448.8005330964016,64.0,66.0,39.0,0.0485729352420777,-0.0078063645924767,-0.0468381875548616,-0.202125,-0.0322,0.0392,-1.095703125,-0.8486328125,10.26953125,452.970679697912,3.8542876237860817,66.54666666666667,1.6490252018483638,68.3,1.6859068417900465,6.996890270990548,-5.0,14.937949202616542,12.341727172053483,Good,16,0,2025-10-13 16:00:00+00:00,Abnormal
2025-10-13 16:13:58+00:00,447.4011550422034,39,63,66,25.2,53,1011.99,10.5,-0.1569064,0.0,8.9828914,-0.13125,-0.0525,0.105,-71.97265625,-33.837890625,269.091796875,bedroom_window_closed,run_4,0,2238,0,False,False,False,0,0,0,0,0,0,447.4011550422034,63.0,66.0,39.0,0.0052042430616511,-0.0078063645924767,0.1266365811668452,-0.053375,-0.16345,0.0916999999999999,-1.095703125,-0.8486328125,10.806640625,452.88005330964023,3.8240413363152586,66.51333333333334,1.669853775966492,68.28,1.6953152980290718,-6.996890270990548,-5.0,14.937949202616542,12.341727172053483,Good,16,0,2025-10-13 16:00:00+00:00,Abnormal
2025-10-13 16:14:04+00:00,447.4011550422034,40,65,68,25.1,53,1011.99,10.5,-0.196133,-0.0392266,8.9044382,-0.16625,0.0,-0.0175,-71.97265625,-33.837890625,269.091796875,bedroom_window_closed,run_4,0,2238,0,False,False,False,0,0,0,0,0,0,447.4011550422034,65.0,68.0,40.0,-0.0381644491187754,-0.0511750567729033,0.0398991968059918,-0.088375,-0.11095,-0.0308,-1.095703125,-0.8486328125,10.806640625,452.78942692136826,3.7913737179025846,66.49333333333334,1.6698939670821813,68.27333333333333,1.6944309359982384,0.0,10.0,14.845450725416438,12.27248323176746,Good,16,0,2025-10-13 16:00:00+00:00,Abnormal
2025-10-13 16:14:09+00:00,447.4011550422034,40,65,69,25.4,53,1012.05,10.0,-0.1569064,0.0392266,8.8652116,0.0875,0.09625,-0.02625,-70.361328125,-32.763671875,256.73828125,bedroom_window_closed,run_4,0,2238,0,False,False,False,0,0,0,0,0,0,447.4011550422034,65.0,69.0,40.0,0.0052042430616511,0.0355623275879498,-0.0034694953744339,0.165375,-0.0147,-0.03955,0.515625,0.2255859375,-1.546875,452.69880053309635,3.756221594599363,66.48666666666666,1.6738681106650817,68.28666666666666,1.6922113988341931,0.0,0.0,15.122938246560675,12.481227500980506,Good,16,0,2025-10-13 16:00:00+00:00,Abnormal
2025-10-13 16:14:14+00:00,447.4011550422034,40,66,69,25.3,53,1011.97,10.66,-0.1569064,0.0,8.8652116,-0.2625,0.21,0.02625,-69.82421875,-33.30078125,264.794921875,bedroom_window_closed,run_4,0,2238,0,False,False,False,0,0,0,0,0,0,447.4011550422034,66.0,69.0,40.0,0.0052042430616511,-0.0078063645924767,-0.0034694953744339,-0.184625,0.0990499999999999,0.0129499999999999,1.052734375,-0.3115234375,6.509765625,452.60817414482455,3.7185145069831513,66.48,1.6738012839805552,68.29333333333334,1.6930440662577824,0.0,5.0,15.030445042960366,12.411308142586114,Good,16,0,2025-10-13 16:00:00+00:00,Abnormal
2025-10-13 16:14:20+00:00,447.4011550422034,40,67,70,25.5,53,1011.97,10.66,-0.196133,0.0,8.8652116,-0.06125,0.1225,-0.0525,-71.435546875,-34.375,266.40625,bedroom_window_closed,run_4,0,2238,0,False,False,False,0,0,0,0,0,0,447.4011550422034,67.0,70.0,40.0,-0.0381644491187754,-0.0078063645924767,-0.0034694953744339,0.016625,0.0115499999999999,-0.0658,-0.55859375,-1.3857421875,8.12109375,452.51754775655263,3.6781738786429266,66.48666666666666,1.6738681106650817,68.32,1.6881744240172285,0.0,5.0,15.215428813530206,12.551486609037784,Good,16,0,2025-10-13 16:00:00+00:00,Abnormal
2025-10-13 16:14:25+00:00,447.4011550422034,39,67,68,25.3,53,1011.96,10.75,-0.1569064,-0.0392266,8.8652116,0.105,-0.04375,0.13125,-71.435546875,-33.30078125,245.458984375,bedroom_window_closed,run_4,0,2238,0,False,False,False,0,0,0,0,0,0,447.4011550422034,67.0,68.0,39.0,0.0052042430616511,-0.0511750567729033,-0.0034694953744339,0.182875,-0.1547,0.11795,-0.55859375,-0.3115234375,-12.826171875,452.4269213682808,3.635112033541139,66.48666666666666,1.6738681106650817,68.32,1.6881744240172285,0.0,0.0,15.030445042960366,12.411308142586114,Good,16,0,2025-10-13 16:00:00+00:00,Abnormal
2025-10-13 16:14:30+00:00,446.0017769880053,40,67,68,25.1,53,1011.95,10.83,-0.1569064,0.0392266,8.825985,-0.14,0.105,-0.20125,-71.435546875,-33.30078125,245.458984375,bedroom_window_closed,run_4,0,2231,0,False,False,False,0,0,0,0,0,0,446.0017769880053,67.0,68.0,40.0,0.0052042430616511,0.0355623275879498,-0.0468381875548616,-0.062125,-0.00595,-0.21455,-0.55859375,-0.3115234375,-12.826171875,452.3269657929809,3.603933146952826,66.48666666666666,1.6738681106650817,68.31333333333333,1.6874454171302975,-6.996890270990832,0.0,14.845450725416438,12.27248323176746,Good,16,0,2025-10-13 16:00:00+00:00,Abnormal
2025-10-13 16:14:36+00:00,447.4011550422034,39,65,67,25.3,53,1011.99,10.5,-0.1176798,-0.0392266,8.825985,-0.21,0.0525,-0.35875,-69.82421875,-33.837890625,269.091796875,bedroom_window_closed,run_4,0,2238,0,False,False,False,0,0,0,0,0,0,447.4011550422034,65.0,67.0,39.0,0.0485729352420777,-0.0511750567729033,-0.0468381875548616,-0.132125,-0.05845,-0.37205,1.052734375,-0.8486328125,10.806640625,452.236339404709,3.555085821309416,66.46,1.6653999660681458,68.28,1.6633434430074356,6.996890270990832,-10.0,15.030445042960366,12.411308142586114,Good,16,0,2025-10-13 16:00:00+00:00,Abnormal
2025-10-13 16:14:41+00:00,447.4011550422034,39,65,66,25.2,53,1011.93,11.0,-0.1569064,0.0,8.9044382,0.44625,0.07,0.105,-71.97265625,-32.763671875,264.2578125,bedroom_window_closed,run_4,0,2238,0,False,False,False,0,0,0,0,0,0,447.4011550422034,65.0,66.0,39.0,0.0052042430616511,-0.0078063645924767,0.0398991968059918,0.524125,-0.04095,0.0916999999999999,-1.095703125,0.2255859375,5.97265625,452.1363838294091,3.477491317775665,66.43333333333334,1.65645642101453,68.24666666666667,1.658561949549073,0.0,0.0,14.937949202616542,12.341727172053483,Good,16,0,2025-10-13 16:00:00+00:00,Abnormal
2025-10-13 16:14:46+00:00,446.0017769880053,38,63,64,25.7,53,1011.98,10.58,-0.1569064,-0.0392266,8.9044382,0.07875,0.385,0.0875,-70.8984375,-32.2265625,263.720703125,bedroom_window_closed,run_4,0,2231,0,False,False,False,0,0,0,0,0,0,446.0017769880053,63.0,64.0,38.0,0.0052042430616511,-0.0511750567729033,0.0398991968059918,0.156625,0.27405,0.0741999999999999,-0.021484375,0.7626953125,5.435546875,452.0364282541093,3.436388946670886,66.39333333333333,1.6664742618247308,68.2,1.6789258310921813,-6.996890270990832,-10.0,15.4004020380279,12.693029542324105,Good,16,0,2025-10-13 16:00:00+00:00,Abnormal
2025-10-13 16:14:52+00:00,446.0017769880053,39,64,66,25.2,53,1011.96,10.75,-0.1569064,0.0,8.9436648,-0.25375,0.41125,0.02625,-70.8984375,-33.837890625,298.6328125,bedroom_window_closed,run_4,0,2231,0,False,False,False,0,0,0,0,0,0,446.0017769880053,64.0,66.0,39.0,0.0052042430616511,-0.0078063645924767,0.0832678889864195,-0.1758749999999999,0.3003,0.0129499999999999,-0.021484375,-0.8486328125,40.34765625,451.93647267880937,3.39182484473742,66.36,1.6639889003243296,68.16,1.6591418498284558,0.0,5.0,14.937949202616542,12.341727172053483,Good,16,0,2025-10-13 16:00:00+00:00,Abnormal
2025-10-13 16:14:57+00:00,446.0017769880053,38,64,67,25.9,53,1011.98,10.58,-0.1569064,0.0,8.9044382,-0.315,0.105,0.37625,-70.8984375,-33.837890625,298.6328125,bedroom_window_closed,run_4,0,2231,0,False,False,False,0,0,0,0,0,0,446.0017769880053,64.0,67.0,38.0,0.0052042430616511,-0.0078063645924767,0.0398991968059918,-0.237125,-0.00595,0.36295,-0.021484375,-0.8486328125,40.34765625,451.8365171035095,3.34366060163613,66.32666666666667,1.6608264566219848,68.12666666666667,1.6314717967876375,0.0,0.0,15.585364717355294,12.835947920881024,Good,16,0,2025-10-13 16:00:00+00:00,Abnormal
2025-10-13 16:15:02+00:00,446.0017769880053,38,64,67,25.4,53,1011.99,10.5,-0.1569064,0.0392266,8.8652116,-0.14,0.00875,0.06125,-71.435546875,-33.30078125,264.2578125,bedroom_window_closed,run_4,0,2231,0,False,False,False,0,0,0,0,0,0,446.0017769880053,64.0,67.0,38.0,0.0052042430616511,0.0355623275879498,-0.0034694953744339,-0.062125,-0.1022,0.04795,-0.55859375,-0.3115234375,5.97265625,451.73656152820973,3.291738190905958,66.29333333333334,1.6569830539758634,68.09333333333333,1.602626479598241,0.0,0.0,15.122938246560675,12.481227500980506,Good,16,0,2025-10-13 16:00:00+00:00,Abnormal
2025-10-13 16:15:08+00:00,446.0017769880053,38,65,66,25.6,53,1012.01,10.33,-0.196133,-0.0392266,8.8652116,0.4025,-0.0875,0.04375,-70.8984375,-33.30078125,271.77734375,bedroom_window_closed,run_4,0,2231,0,False,False,False,0,0,0,0,0,0,446.0017769880053,65.0,66.0,38.0,-0.0381644491187754,-0.0511750567729033,-0.0034694953744339,0.480375,-0.19845,0.0304499999999999,-0.021484375,-0.3115234375,13.4921875,451.63660595290986,3.235876708557273,66.26,1.632020199901265,68.05333333333333,1.5791709092515047,0.0,5.0,15.307916743981709,12.622086832753196,Good,16,0,2025-10-13 16:00:00+00:00,Abnormal
2025-10-13 16:15:13+00:00,446.0017769880053,38,64,65,25.1,53,1011.99,10.5,-0.196133,-0.0392266,8.8652116,-0.2275,0.21,0.48125,-70.8984375,-32.763671875,248.681640625,bedroom_window_closed,run_4,0,2231,0,False,False,False,0,0,0,0,0,0,446.0017769880053,64.0,65.0,38.0,-0.0381644491187754,-0.0511750567729033,-0.0034694953744339,-0.149625,0.0990499999999999,0.46795,-0.021484375,0.2255859375,-9.603515625,451.53665037761,3.175868304177228,66.22666666666667,1.6267341461046292,68.01333333333334,1.5800206721383765,0.0,-5.0,14.845450725416438,12.27248323176746,Good,16,0,2025-10-13 16:00:00+00:00,Abnormal
2025-10-13 16:15:18+00:00,446.0017769880053,39,65,66,25.1,53,1012.0,10.41,-0.1569064,0.0392266,8.8652116,-0.13125,0.0875,-0.06125,-70.8984375,-32.763671875,248.681640625,bedroom_window_closed,run_4,0,2231,0,False,False,False,0,0,0,0,0,0,446.0017769880053,65.0,66.0,39.0,0.0052042430616511,0.0355623275879498,-0.0034694953744339,-0.053375,-0.02345,-0.07455,-0.021484375,0.2255859375,-9.603515625,451.43669480231006,3.111473052261759,66.19333333333333,1.599902122285827,67.97333333333333,1.5541529843877169,0.0,5.0,14.845450725416438,12.27248323176746,Good,16,0,2025-10-13 16:00:00+00:00,Abnormal
2025-10-13 16:15:24+00:00,446.0017769880053,39,65,67,25.1,53,1012.02,10.25,-0.2353596,-0.0392266,8.9436648,-0.27125,-0.07,0.175,-71.435546875,-34.375,262.646484375,bedroom_window_closed,run_4,0,2231,0,False,False,False,0,0,0,0,0,0,446.0017769880053,65.0,67.0,39.0,-0.081533141299202,-0.0511750567729033,0.0832678889864195,-0.193375,-0.18095,0.1616999999999999,-0.55859375,-1.3857421875,4.361328125,451.3367392270101,3.04241241145972,66.16,1.5719009139323334,67.95333333333333,1.5471847855463838,0.0,0.0,14.845450725416438,12.27248323176746,Good,16,0,2025-10-13 16:00:00+00:00,Abnormal
2025-10-13 16:15:29+00:00,447.4011550422034,38,64,65,25.9,53,1011.95,10.83,-0.2353596,0.0,8.8652116,-0.5337500000000001,0.20125,0.4375,-69.82421875,-33.837890625,262.646484375,bedroom_window_closed,run_4,0,2238,0,False,False,False,0,0,0,0,0,0,447.4011550422034,64.0,65.0,38.0,-0.081533141299202,-0.0078063645924767,-0.0034694953744339,-0.455875,0.0903,0.4242,1.052734375,-0.8486328125,4.361328125,451.2367836517103,2.9205370846043572,66.12666666666667,1.564268238839594,67.92666666666666,1.5634099140289237,6.996890270990832,-5.0,15.585364717355294,12.835947920881024,Good,16,0,2025-10-13 16:00:00+00:00,Abnormal
2025-10-13 16:15:34+00:00,446.0017769880053,38,64,65,25.1,53,1011.99,10.5,-0.1176798,-0.0392266,8.7083052,-0.18375,0.16625,0.28,-69.287109375,-32.763671875,268.017578125,bedroom_window_closed,run_4,0,2231,0,False,False,False,0,0,0,0,0,0,446.0017769880053,64.0,65.0,38.0,0.0485729352420777,-0.0511750567729033,-0.1769442640961408,-0.105875,0.0553,0.2667,1.58984375,0.2255859375,9.732421875,451.13682807641055,2.839773389367771,66.1,1.5662120336110303,67.89333333333333,1.572185529066914,-6.996890270990832,0.0,14.845450725416438,12.27248323176746,Good,16,0,2025-10-13 16:00:00+00:00,Abnormal
2025-10-13 16:15:40+00:00,446.0017769880053,39,64,65,0.0,0,1012.01,10.33,-0.1569064,0.0,8.9436648,0.0525,-0.0525,-0.2275,-71.435546875,-33.837890625,258.88671875,bedroom_window_closed,run_4,0,2231,0,False,False,False,0,0,0,0,0,0,446.0017769880053,64.0,65.0,39.0,0.0052042430616511,-0.0078063645924767,0.0832678889864195,0.130375,-0.16345,-0.2408,-0.55859375,-0.8486328125,0.6015625,451.03687250111057,2.752993389086285,66.08,1.5737784226153753,67.86666666666666,1.5871407183848132,0.0,0.0,-96.07763018544566,0.0,Good,16,0,2025-10-13 16:00:00+00:00,Abnormal
2025-10-13 16:15:45+00:00,446.0017769880053,40,67,68,25.8,53,1012.03,10.16,-0.1569064,0.0,8.7867584,-0.21,0.035,-0.0525,-71.435546875,-33.837890625,258.88671875,bedroom_window_closed,run_4,0,2231,0,False,False,False,0,0,0,0,0,0,446.0017769880053,67.0,68.0,40.0,0.0052042430616511,-0.0078063645924767,-0.0902068797352873,-0.132125,-0.07595,-0.0658,-0.55859375,-0.8486328125,0.6015625,450.94624611283865,2.6924365873394462,66.07333333333334,1.5676968387018797,67.85333333333334,1.5774700102092027,0.0,15.0,15.49288469578152,12.764316112158095,Good,16,0,2025-10-13 16:00:00+00:00,Abnormal
2025-10-13 16:15:51+00:00,446.0017769880053,40,67,68,25.2,53,1012.0,10.41,-0.1569064,0.0,8.7475318,0.04375,0.035,-0.0175,-70.8984375,-32.763671875,265.33203125,bedroom_window_closed,run_4,0,2231,0,False,False,False,0,0,0,0,0,0,446.0017769880053,67.0,68.0,40.0,0.0052042430616511,-0.0078063645924767,-0.1335755719157131,0.121625,-0.07595,-0.0308,-0.021484375,0.2255859375,7.046875,450.8742780986228,2.679242593927279,66.07333333333334,1.5676968387018797,67.84666666666666,1.5747021308471822,0.0,0.0,14.937949202616542,12.341727172053483,Good,16,0,2025-10-13 16:00:00+00:00,Abnormal
2025-10-13 16:15:56+00:00,446.0017769880053,40,68,69,25.8,52,1012.01,10.33,-0.196133,-0.0392266,8.9828914,-0.21,0.0525,-0.07,-71.97265625,-33.30078125,264.794921875,bedroom_window_closed,run_4,0,2231,0,False,False,False,0,0,0,0,0,0,446.0017769880053,68.0,69.0,40.0,-0.0381644491187754,-0.0511750567729033,0.1266365811668452,-0.132125,-0.05845,-0.0833,-1.095703125,-0.3115234375,6.509765625,450.8196357174588,2.6945360698866274,66.06666666666666,1.557259107666876,67.84,1.5676254860231542,0.0,5.0,15.195835469417164,12.523479959098507,Good,16,0,2025-10-13 16:00:00+00:00,Abnormal
2025-10-13 16:16:01+00:00,446.0017769880053,40,68,69,25.1,52,1012.02,10.25,-0.2745862,-0.0392266,8.9436648,-0.3325,-0.06125,0.42,-70.8984375,-32.763671875,265.869140625,bedroom_window_closed,run_4,0,2231,0,False,False,False,0,0,0,0,0,0,446.0017769880053,68.0,69.0,40.0,-0.1249018334796286,-0.0511750567729033,0.0832678889864195,-0.254625,-0.1722,0.4067,-0.021484375,0.2255859375,7.583984375,450.75699689027095,2.6966093833111917,66.07333333333334,1.5634099140289217,67.84666666666666,1.570434329127681,0.0,0.0,14.549886105092662,12.040926944375622,Good,16,0,2025-10-13 16:00:00+00:00,Abnormal
2025-10-13 16:16:07+00:00,446.0017769880053,40,68,70,25.0,52,1011.98,10.58,-0.196133,0.0392266,8.8652116,-0.06125,-0.0175,-0.35875,-70.8984375,-32.763671875,265.869140625,bedroom_window_closed,run_4,0,2231,0,False,False,False,0,0,0,0,0,0,446.0017769880053,68.0,70.0,40.0,-0.0381644491187754,0.0355623275879498,-0.0034694953744339,0.016625,-0.12845,-0.37205,-0.021484375,0.2255859375,7.583984375,450.70235450910707,2.7094248193158372,66.09333333333333,1.568766739440207,67.86666666666666,1.5786608319620674,0.0,0.0,14.457596798385136,11.97331883681371,Good,16,0,2025-10-13 16:00:00+00:00,Abnormal
2025-10-13 16:16:12+00:00,446.0017769880053,39,67,69,25.0,52,1012.02,10.25,-0.1176798,0.0,8.7867584,-0.245,0.09625,0.04375,-73.046875,-33.837890625,265.869140625,bedroom_window_closed,run_4,0,2231,0,False,False,False,0,0,0,0,0,0,446.0017769880053,67.0,69.0,39.0,0.0485729352420777,-0.0078063645924767,-0.0902068797352873,-0.167125,-0.0147,0.0304499999999999,-2.169921875,-0.8486328125,7.583984375,450.6570413149711,2.730881045491562,66.1,1.5704913094378925,67.86666666666666,1.5786608319620674,0.0,-5.0,14.457596798385136,11.97331883681371,Good,16,0,2025-10-13 16:00:00+00:00,Abnormal
2025-10-13 16:16:17+00:00,447.4011550422034,39,67,69,25.6,52,1012.02,10.25,-0.2353596,0.0,8.8652116,-0.14,0.0,0.02625,-71.435546875,-33.30078125,268.5546875,bedroom_window_closed,run_4,0,2238,0,False,False,False,0,0,0,0,0,0,447.4011550422034,67.0,69.0,39.0,-0.081533141299202,-0.0078063645924767,-0.0034694953744339,-0.062125,-0.11095,0.0129499999999999,-0.55859375,-0.3115234375,10.26953125,450.6210573078632,2.7380228589684457,66.1,1.5704913094378925,67.86666666666666,1.5786608319620674,6.996890270990832,0.0,15.011292039603148,12.383934251003136,Good,16,0,2025-10-13 16:00:00+00:00,Abnormal
2025-10-13 16:16:23+00:00,444.6023989338072,40,67,69,25.6,53,1012.02,10.25,-0.196133,0.0,8.8652116,-0.21875,-0.14875,0.07875,-69.287109375,-34.375,266.40625,bedroom_window_closed,run_4,0,2224,0,False,False,False,0,0,0,0,0,0,444.6023989338072,67.0,69.0,40.0,-0.0381644491187754,-0.0078063645924767,-0.0034694953744339,-0.140875,-0.2597,0.06545,1.58984375,-1.3857421875,8.12109375,450.5664149266993,2.7757973826792877,66.09333333333333,1.5644827464634796,67.86,1.5716874187578398,-13.99378054198138,0.0,15.307916743981709,12.622086832753196,Good,16,0,2025-10-13 16:00:00+00:00,Abnormal
2025-10-13 16:16:28+00:00,446.0017769880053,39,66,67,25.7,53,1011.97,10.66,-0.1176798,0.0,8.9044382,0.035,0.14875,0.3325,-72.509765625,-34.375,250.830078125,bedroom_window_closed,run_4,0,2231,0,False,False,False,0,0,0,0,0,0,446.0017769880053,66.0,67.0,39.0,0.0485729352420777,-0.0078063645924767,0.0398991968059918,0.112875,0.0377999999999999,0.3192,-1.6328125,-1.3857421875,-7.455078125,450.5211017325632,2.7945262830706565,66.09333333333333,1.5644827464634796,67.84666666666666,1.570434329127681,6.996890270990548,-5.0,15.4004020380279,12.693029542324105,Good,16,0,2025-10-13 16:00:00+00:00,Abnormal
2025-10-13 16:16:33+00:00,444.6023989338072,40,67,68,25.0,53,1011.99,10.5,-0.0784532,0.0392266,8.9044382,-0.04375,0.09625,-0.035,-72.509765625,-34.375,250.830078125,bedroom_window_closed,run_4,0,2224,0,False,False,False,0,0,0,0,0,0,444.6023989338072,67.0,68.0,40.0,0.0919416274225043,0.0355623275879498,0.0398991968059918,0.034125,-0.0147,-0.0483,-1.6328125,-1.3857421875,-7.455078125,450.4664593513994,2.8296045918190753,66.09333333333333,1.5644827464634796,67.84666666666666,1.570434329127681,-6.996890270990548,5.0,14.752949611247312,12.203574968290896,Good,16,0,2025-10-13 16:00:00+00:00,Abnormal
2025-10-13 16:16:39+00:00,444.6023989338072,39,65,65,25.6,53,1011.97,10.66,-0.196133,-0.0392266,8.9044382,-0.42,0.34125,-0.00875,-70.361328125,-33.30078125,259.9609375,bedroom_window_closed,run_4,0,2224,0,False,False,False,0,0,0,0,0,0,444.6023989338072,65.0,65.0,39.0,-0.0381644491187754,-0.0511750567729033,0.0398991968059918,-0.342125,0.2303,-0.02205,0.515625,-0.3115234375,1.67578125,450.41181697023546,2.8632037105243264,66.08666666666667,1.5670117188678452,67.84,1.580417071789966,0.0,-10.0,15.307916743981709,12.622086832753196,Good,16,0,2025-10-13 16:00:00+00:00,Abnormal
2025-10-13 16:16:44+00:00,446.0017769880053,39,65,65,25.5,53,1012.05,10.0,-0.1569064,0.0,8.7867584,-0.06125,-0.16625,0.315,-70.8984375,-32.763671875,261.03515625,bedroom_window_closed,run_4,0,2231,0,False,False,False,0,0,0,0,0,0,446.0017769880053,65.0,65.0,39.0,0.0052042430616511,-0.0078063645924767,-0.0902068797352873,0.016625,-0.2772,0.3017,-0.021484375,0.2255859375,2.75,450.3665037760994,2.8789159139122997,66.07333333333334,1.5676968387018797,67.82666666666667,1.5959120035397647,6.996890270990548,0.0,15.215428813530206,12.551486609037784,Good,16,0,2025-10-13 16:00:00+00:00,Abnormal
2025-10-13 16:16:49+00:00,446.0017769880053,38,67,67,25.3,53,1012.0,10.41,-0.196133,-0.0392266,8.8652116,0.20125,0.105,0.1225,-73.583984375,-32.763671875,259.9609375,bedroom_window_closed,run_4,0,2231,0,False,False,False,0,0,0,0,0,0,446.0017769880053,67.0,67.0,38.0,-0.0381644491187754,-0.0511750567729033,-0.0034694953744339,0.279125,-0.00595,0.1091999999999999,-2.70703125,0.2255859375,1.67578125,450.3211905819635,2.893828616001485,66.08,1.5695081091532443,67.82666666666667,1.5959120035397647,0.0,10.0,15.030445042960366,12.411308142586114,Good,16,0,2025-10-13 16:00:00+00:00,Abnormal
2025-10-13 16:16:55+00:00,446.0017769880053,38,68,68,25.8,53,1012.06,9.91,-0.2353596,0.0,8.9044382,-0.09625,-0.11375,-0.30625,-70.361328125,-30.615234375,294.873046875,bedroom_window_closed,run_4,0,2231,0,False,False,False,0,0,0,0,0,0,446.0017769880053,68.0,68.0,38.0,-0.081533141299202,-0.0078063645924767,0.0398991968059918,-0.018375,-0.2247,-0.31955,0.515625,2.3740234375,36.587890625,450.2758773878276,2.907954116934277,66.08666666666667,1.5755543039365705,67.82,1.5930638245196231,0.0,5.0,15.49288469578152,12.764316112158095,Good,16,0,2025-10-13 16:00:00+00:00,Abnormal
2025-10-13 16:17:00+00:00,444.6023989338072,39,69,70,25.9,53,1012.09,9.66,-0.1176798,0.0,8.825985,0.0525,0.21,0.07875,-70.361328125,-30.615234375,294.873046875,bedroom_window_closed,run_4,0,2224,0,False,False,False,0,0,0,0,0,0,444.6023989338072,69.0,70.0,39.0,0.0485729352420777,-0.0078063645924767,-0.0468381875548616,0.130375,0.0990499999999999,0.06545,0.515625,2.3740234375,36.587890625,450.2119058196357,2.926577794054806,66.09333333333333,1.5857869837849106,67.81333333333333,1.581718828332446,-6.996890270990548,5.0,15.585364717355294,12.835947920881024,Good,16,0,2025-10-13 16:00:00+00:00,Abnormal
2025-10-13 16:17:05+00:00,444.6023989338072,38,67,68,25.4,53,1011.99,10.5,-0.1569064,0.0,8.9436648,-0.18375,-0.1225,-0.13125,-70.8984375,-33.30078125,259.9609375,bedroom_window_closed,run_4,0,2224,0,False,False,False,0,0,0,0,0,0,444.6023989338072,67.0,68.0,38.0,0.0052042430616511,-0.0078063645924767,0.0832678889864195,-0.105875,-0.23345,-0.14455,-0.021484375,-0.3115234375,1.67578125,450.13993780541983,2.930929718456299,66.09333333333333,1.5857869837849106,67.80666666666667,1.5787883667340985,0.0,-10.0,15.122938246560675,12.481227500980506,Good,16,0,2025-10-13 16:00:00+00:00,Abnormal
2025-10-13 16:17:11+00:00,444.6023989338072,39,68,70,25.0,53,1011.95,10.83,-0.1569064,0.0392266,8.9044382,0.2275,-0.02625,0.42875,-69.287109375,-33.30078125,263.720703125,bedroom_window_closed,run_4,0,2224,0,False,False,False,0,0,0,0,0,0,444.6023989338072,68.0,70.0,39.0,0.0052042430616511,0.0355623275879498,0.0398991968059918,0.305375,-0.1372,0.41545,1.58984375,-0.3115234375,5.435546875,450.0679697912039,2.9334982754697676,66.1,1.5917151274583268,67.81333333333333,1.5859562638021618,0.0,5.0,14.752949611247312,12.203574968290896,Good,16,0,2025-10-13 16:00:00+00:00,Abnormal
2025-10-13 16:17:16+00:00,444.6023989338072,38,67,68,0.0,0,1012.08,9.75,-0.196133,0.0,8.9044382,0.0,0.0875,0.00875,-70.8984375,-33.30078125,250.830078125,bedroom_window_closed,run_4,0,2224,0,False,False,False,0,0,0,0,0,0,444.6023989338072,67.0,68.0,38.0,-0.0381644491187754,-0.0078063645924767,0.0398991968059918,0.077875,-0.02345,-0.00455,-0.021484375,-0.3115234375,-7.455078125,449.98667258995994,2.914679257223508,66.09333333333333,1.5857869837849106,67.8,1.575824062676372,0.0,-5.0,-96.07763018544566,0.0,Good,16,0,2025-10-13 16:00:00+00:00,Abnormal
2025-10-13 16:17:21+00:00,444.6023989338072,39,67,69,25.7,52,1012.05,10.0,-0.196133,-0.0392266,8.825985,-0.0175,-0.27125,0.25375,-70.8984375,-33.30078125,250.830078125,bedroom_window_closed,run_4,0,2224,0,False,False,False,0,0,0,0,0,0,444.6023989338072,67.0,69.0,39.0,-0.0381644491187754,-0.0511750567729033,-0.0468381875548616,0.060375,-0.3822,0.2404499999999999,-0.021484375,-0.3115234375,-7.455078125,449.9147045757441,2.913453251289285,66.1,1.5874930639809834,67.81333333333333,1.577470010209202,0.0,0.0,15.103565107533257,12.453538418884028,Good,16,0,2025-10-13 16:00:00+00:00,Abnormal
2025-10-13 16:17:27+00:00,444.6023989338072,39,67,69,25.7,53,1012.1,9.58,-0.1176798,-0.0392266,8.9044382,0.11375,0.035,-0.27125,-70.8984375,-31.15234375,251.3671875,bedroom_window_closed,run_4,0,2224,0,False,False,False,0,0,0,0,0,0,444.6023989338072,67.0,69.0,39.0,0.0485729352420777,-0.0511750567729033,0.0398991968059918,0.191625,-0.07595,-0.2845499999999999,-0.021484375,1.8369140625,-6.91796875,449.84273656152817,2.910435742321996,66.11333333333333,1.58659090300938,67.83333333333333,1.573337693847457,0.0,0.0,15.4004020380279,12.693029542324105,Good,16,0,2025-10-13 16:00:00+00:00,Abnormal
2025-10-13 16:17:32+00:00,444.6023989338072,38,67,68,25.5,53,1012.04,10.08,-0.196133,0.0,8.7867584,-0.1575,0.34125,-0.245,-69.82421875,-33.30078125,261.03515625,bedroom_window_closed,run_4,0,2224,0,False,False,False,0,0,0,0,0,0,444.6023989338072,67.0,68.0,38.0,-0.0381644491187754,-0.0078063645924767,-0.0902068797352873,-0.079625,0.2303,-0.2583,1.052734375,-0.3115234375,2.75,449.7707685473123,2.9056211488597112,66.11333333333333,1.58659090300938,67.83333333333333,1.573337693847457,0.0,0.0,15.215428813530206,12.551486609037784,Good,16,0,2025-10-13 16:00:00+00:00,Abnormal
2025-10-13 16:17:37+00:00,444.6023989338072,39,68,69,25.6,53,1012.02,10.25,-0.196133,-0.0392266,8.9828914,-1.61,0.035,0.11375,-71.435546875,-33.837890625,265.869140625,bedroom_window_closed,run_4,0,2224,0,False,False,False,0,0,0,0,0,0,444.6023989338072,68.0,69.0,39.0,-0.0381644491187754,-0.0511750567729033,0.1266365811668452,-1.5321250000000002,-0.07595,0.10045,-0.55859375,-0.8486328125,7.583984375,449.69880053309635,2.8990005172463205,66.11333333333333,1.58659090300938,67.83333333333333,1.573337693847457,0.0,5.0,15.307916743981709,12.622086832753196,Good,16,0,2025-10-13 16:00:00+00:00,Abnormal
2025-10-13 16:17:43+00:00,444.6023989338072,39,67,68,25.1,53,1012.02,10.25,-0.196133,-0.0392266,8.7867584,0.06125,0.3325,0.245,-70.361328125,-32.2265625,257.275390625,bedroom_window_closed,run_4,0,2224,0,False,False,False,0,0,0,0,0,0,444.6023989338072,67.0,68.0,39.0,-0.0381644491187754,-0.0511750567729033,-0.0902068797352873,0.139125,0.22155,0.2317,0.515625,0.7626953125,-1.009765625,449.62683251888046,2.89056143769099,66.1,1.5704913094378925,67.82,1.5632954351143822,0.0,-5.0,14.845450725416438,12.27248323176746,Good,16,0,2025-10-13 16:00:00+00:00,Abnormal
2025-10-13 16:17:48+00:00,444.6023989338072,38,66,67,25.3,53,1012.02,10.25,-0.1569064,-0.0392266,8.8652116,-0.3325,0.1575,0.3675,-70.361328125,-32.2265625,257.275390625,bedroom_window_closed,run_4,0,2224,0,False,False,False,0,0,0,0,0,0,444.6023989338072,66.0,67.0,38.0,0.0052042430616511,-0.0511750567729033,-0.0034694953744339,-0.254625,0.0465499999999999,0.3542,0.515625,0.7626953125,-1.009765625,449.55486450466464,2.8802879263914103,66.07333333333334,1.53743736345005,67.79333333333334,1.5426668561561083,0.0,-5.0,15.030445042960366,12.411308142586114,Good,16,0,2025-10-13 16:00:00+00:00,Abnormal
2025-10-13 16:17:53+00:00,444.6023989338072,38,66,67,25.2,53,1012.04,10.08,-0.1569064,0.0,8.7867584,-0.30625,-0.0525,-0.06125,-70.361328125,-34.912109375,264.2578125,bedroom_window_closed,run_4,0,2224,0,False,False,False,0,0,0,0,0,0,444.6023989338072,66.0,67.0,38.0,0.0052042430616511,-0.0078063645924767,-0.0902068797352873,-0.228375,-0.16345,-0.07455,0.515625,-1.9228515625,5.97265625,449.48289649044864,2.8681602710699785,66.06,1.529267052584539,67.78,1.5408095144213445,0.0,0.0,14.937949202616542,12.341727172053483,Good,16,0,2025-10-13 16:00:00+00:00,Abnormal
2025-10-13 16:17:59+00:00,444.6023989338072,38,66,67,25.2,53,1011.99,10.5,-0.2353596,0.0,8.8652116,-0.23625,0.00875,0.0875,-70.361328125,-32.2265625,264.794921875,bedroom_window_closed,run_4,0,2224,0,False,False,False,0,0,0,0,0,0,444.6023989338072,66.0,67.0,38.0,-0.081533141299202,-0.0078063645924767,-0.0034694953744339,-0.158375,-0.1022,0.0741999999999999,0.515625,0.7626953125,6.509765625,449.41892492225674,2.8692971961860305,66.03333333333333,1.4945838084986025,67.74666666666667,1.5025109483421188,0.0,0.0,14.937949202616542,12.341727172053483,Good,16,0,2025-10-13 16:00:00+00:00,Abnormal
2025-10-13 16:18:04+00:00,446.0017769880053,38,65,66,25.2,53,1012.04,10.08,-0.2353596,0.0784532,8.7475318,0.21875,0.13125,-0.1225,-70.361328125,-33.30078125,265.33203125,bedroom_window_closed,run_4,0,2231,0,False,False,False,0,0,0,0,0,0,446.0017769880053,65.0,66.0,38.0,-0.081533141299202,0.0789310197683764,-0.1335755719157131,0.296625,0.0203,-0.1358,0.515625,-0.3115234375,7.046875,449.35628609506887,2.8403148537256393,66.0,1.4608997870898746,67.70666666666666,1.467988015726783,6.996890270990548,-5.0,14.937949202616542,12.341727172053483,Good,16,0,2025-10-13 16:00:00+00:00,Abnormal
2025-10-13 16:18:09+00:00,444.6023989338072,37,64,65,25.5,53,1012.04,10.08,-0.196133,0.0,8.8652116,0.175,0.3675,0.14,-71.97265625,-34.375,262.109375,bedroom_window_closed,run_4,0,2224,0,False,False,False,0,0,0,0,0,0,444.6023989338072,64.0,65.0,37.0,-0.0381644491187754,-0.0078063645924767,-0.0034694953744339,0.2528749999999999,0.25655,0.1267,-1.095703125,-1.3857421875,3.82421875,449.2923145268769,2.8385918831437045,65.97333333333333,1.4606547519007795,67.68,1.4806129693814152,-6.996890270990548,-5.0,15.215428813530206,12.551486609037784,Good,16,0,2025-10-13 16:00:00+00:00,Abnormal
2025-10-13 16:18:15+00:00,444.6023989338072,37,66,67,25.9,53,1012.02,10.25,-0.1569064,0.0,8.9044382,0.0525,0.0175,-0.06125,-71.97265625,-34.375,262.109375,bedroom_window_closed,run_4,0,2224,0,False,False,False,0,0,0,0,0,0,444.6023989338072,66.0,67.0,37.0,0.0052042430616511,-0.0078063645924767,0.0398991968059918,0.130375,-0.09345,-0.07455,-1.095703125,-1.3857421875,3.82421875,449.22834295868506,2.835415249254144,65.96,1.4511277724860414,67.66666666666667,1.4776485340419685,0.0,10.0,15.585364717355294,12.835947920881024,Good,16,0,2025-10-13 16:00:00+00:00,Abnormal
2025-10-13 16:18:20+00:00,444.6023989338072,36,65,65,25.6,53,1011.99,10.5,-0.196133,-0.1569064,8.8652116,0.0,0.34125,-0.13125,-70.8984375,-32.763671875,261.572265625,bedroom_window_closed,run_4,0,2224,0,False,False,False,0,0,0,0,0,0,444.6023989338072,65.0,65.0,36.0,-0.0381644491187754,-0.1812811333141832,-0.0034694953744339,0.077875,0.2303,-0.14455,-0.021484375,0.2255859375,3.287109375,449.1643713904931,2.830780058262271,65.94,1.4434764151428252,67.64,1.4894708758255932,0.0,-5.0,15.307916743981709,12.622086832753196,Good,16,0,2025-10-13 16:00:00+00:00,Abnormal
2025-10-13 16:18:25+00:00,444.6023989338072,37,67,67,25.0,53,1012.07,9.83,-0.0784532,0.0392266,8.9044382,-0.46375,0.105,0.0175,-70.8984375,-32.2265625,265.33203125,bedroom_window_closed,run_4,0,2224,0,False,False,False,0,0,0,0,0,0,444.6023989338072,67.0,67.0,37.0,0.0919416274225043,0.0355623275879498,0.0398991968059918,-0.3858749999999999,-0.00595,0.0042,-0.021484375,0.7626953125,7.046875,449.1003998223012,2.8246791298670626,65.93333333333334,1.4361893402434225,67.62,1.477663673805943,0.0,10.0,14.752949611247312,12.203574968290896,Good,16,0,2025-10-13 16:00:00+00:00,Abnormal
2025-10-13 16:18:31+00:00,444.6023989338072,36,66,66,25.5,53,1012.06,9.91,-0.196133,0.0,8.9044382,-0.27125,0.14,0.21875,-69.82421875,-33.30078125,265.33203125,bedroom_window_closed,run_4,0,2224,0,False,False,False,0,0,0,0,0,0,444.6023989338072,66.0,66.0,36.0,-0.0381644491187754,-0.0078063645924767,0.0398991968059918,-0.193375,0.02905,0.20545,1.052734375,-0.3115234375,7.046875,449.03642825410935,2.817102941153649,65.93333333333334,1.4361893402434225,67.60666666666667,1.4832246145713943,0.0,-5.0,15.215428813530206,12.551486609037784,Good,16,0,2025-10-13 16:00:00+00:00,Abnormal
2025-10-13 16:18:36+00:00,444.6023989338072,37,66,66,25.5,53,1012.02,10.25,-0.196133,0.0,8.8652116,-0.0175,0.0,-0.5425000000000001,-69.82421875,-33.30078125,265.33203125,bedroom_window_closed,run_4,0,2224,0,False,False,False,0,0,0,0,0,0,444.6023989338072,66.0,66.0,37.0,-0.0381644491187754,-0.0078063645924767,-0.0034694953744339,0.060375,-0.11095,-0.5558000000000001,1.052734375,-0.3115234375,7.046875,448.9724566859174,2.8080395512359373,65.93333333333334,1.4361893402434225,67.58666666666667,1.4845362490421454,0.0,0.0,15.215428813530206,12.551486609037784,Good,16,0,2025-10-13 16:00:00+00:00,Abnormal
2025-10-13 16:18:41+00:00,444.6023989338072,36,64,65,25.0,53,1012.09,9.66,-0.1569064,0.0,8.9044382,-0.0525,0.11375,-0.1225,-69.82421875,-33.30078125,265.33203125,bedroom_window_closed,run_4,0,2224,0,False,False,False,0,0,0,0,0,0,444.6023989338072,64.0,65.0,36.0,0.0052042430616511,-0.0078063645924767,0.0398991968059918,0.025375,0.0027999999999999,-0.1358,1.052734375,-0.3115234375,7.046875,448.9084851177255,2.7974745052373406,65.92,1.4448241341157195,67.56666666666666,1.4990675699974654,0.0,-10.0,14.752949611247312,12.203574968290896,Good,16,0,2025-10-13 16:00:00+00:00,Abnormal
2025-10-13 16:18:47+00:00,446.0017769880053,36,63,65,25.2,53,1012.01,10.33,-0.196133,-0.0392266,8.9436648,-0.0875,0.02625,0.1575,-68.212890625,-33.837890625,265.869140625,bedroom_window_closed,run_4,0,2231,0,False,False,False,0,0,0,0,0,0,446.0017769880053,63.0,65.0,36.0,-0.0381644491187754,-0.0511750567729033,0.0832678889864195,-0.0096249999999999,-0.0847,0.1442,2.6640625,-0.8486328125,7.583984375,448.8538427365616,2.773404824993265,65.9,1.4643412518990118,67.54666666666667,1.5131932840812412,6.996890270990548,-5.0,14.937949202616542,12.341727172053483,Good,16,0,2025-10-13 16:00:00+00:00,Abnormal
2025-10-13 16:18:52+00:00,447.4011550422034,38,64,67,25.6,53,1012.13,9.33,-0.196133,0.0392266,8.9044382,-0.1225,0.21,-0.35875,-72.509765625,-34.375,259.423828125,bedroom_window_closed,run_4,0,2238,0,False,False,False,0,0,0,0,0,0,447.4011550422034,64.0,67.0,38.0,-0.0381644491187754,0.0355623275879498,0.0398991968059918,-0.044625,0.0990499999999999,-0.37205,-1.6328125,-1.3857421875,1.138671875,448.8085295424256,2.7408361434580875,65.88666666666667,1.472507183317432,67.54666666666667,1.5131932840812412,6.996890270990832,5.0,15.307916743981709,12.622086832753196,Good,16,0,2025-10-13 16:00:00+00:00,Abnormal
2025-10-13 16:18:57+00:00,446.0017769880053,38,64,66,25.5,53,1012.07,9.83,-0.1569064,-0.0392266,8.825985,-0.28875,0.3675,-0.0175,-70.8984375,-33.837890625,249.21875,bedroom_window_closed,run_4,0,2231,0,False,False,False,0,0,0,0,0,0,446.0017769880053,64.0,66.0,38.0,0.0052042430616511,-0.0511750567729033,-0.0468381875548616,-0.210875,0.25655,-0.0308,-0.021484375,-0.8486328125,-9.06640625,448.7632163482897,2.7305912910896137,65.87333333333333,1.4805071989001803,67.54,1.5178136872691264,-6.996890270990832,0.0,15.215428813530206,12.551486609037784,Good,16,0,2025-10-13 16:00:00+00:00,Abnormal
2025-10-13 16:19:03+00:00,446.0017769880053,38,63,65,25.8,53,1011.99,10.5,-0.1176798,0.0392266,8.9044382,-0.2275,0.00875,0.0,-70.8984375,-33.837890625,249.21875,bedroom_window_closed,run_4,0,2231,0,False,False,False,0,0,0,0,0,0,446.0017769880053,63.0,65.0,38.0,0.0485729352420777,0.0355623275879498,0.0398991968059918,-0.149625,-0.1022,-0.0133,-0.021484375,-0.8486328125,-9.06640625,448.7179031541537,2.7195478853399595,65.84666666666666,1.4960200742769274,67.51333333333334,1.5271004532064014,0.0,-5.0,15.49288469578152,12.764316112158095,Good,16,0,2025-10-13 16:00:00+00:00,Abnormal
2025-10-13 16:19:08+00:00,446.0017769880053,39,66,66,25.1,53,1012.09,9.66,-0.196133,0.0,8.825985,-0.27125,0.1575,0.14,-72.509765625,-32.763671875,260.498046875,bedroom_window_closed,run_4,0,2231,0,False,False,False,0,0,0,0,0,0,446.0017769880053,66.0,66.0,39.0,-0.0381644491187754,-0.0078063645924767,-0.0468381875548616,-0.193375,0.0465499999999999,0.1267,-1.6328125,0.2255859375,2.212890625,448.6725899600178,2.7076961554675973,65.84666666666666,1.4960200742769274,67.50666666666666,1.5315328403802055,0.0,15.0,14.845450725416438,12.27248323176746,Good,16,0,2025-10-13 16:00:00+00:00,Abnormal
2025-10-13 16:19:13+00:00,446.0017769880053,38,65,65,25.4,53,1012.07,9.83,-0.196133,-0.0392266,8.9044382,-0.6300000000000001,-0.1575,0.23625,-72.509765625,-34.375,264.794921875,bedroom_window_closed,run_4,0,2231,0,False,False,False,0,0,0,0,0,0,446.0017769880053,65.0,65.0,38.0,-0.0381644491187754,-0.0511750567729033,0.0398991968059918,-0.5521250000000001,-0.26845,0.2229499999999999,-1.6328125,-1.3857421875,6.509765625,448.6272767658818,2.69502543735775,65.82,1.4749360127173148,67.47333333333333,1.53131371711464,0.0,-5.0,15.122938246560675,12.481227500980506,Good,16,0,2025-10-13 16:00:00+00:00,Abnormal
2025-10-13 16:19:19+00:00,446.0017769880053,38,65,65,25.8,53,1012.02,10.25,-0.2353596,0.0,8.7475318,-0.27125,0.04375,-0.28875,-70.8984375,-32.2265625,265.869140625,bedroom_window_closed,run_4,0,2231,0,False,False,False,0,0,0,0,0,0,446.0017769880053,65.0,65.0,38.0,-0.081533141299202,-0.0078063645924767,-0.1335755719157131,-0.193375,-0.0672,-0.30205,-0.021484375,0.7626953125,7.583984375,448.5819635717458,2.6815241214039105,65.8,1.465486610894523,67.44666666666667,1.53935690689347,0.0,0.0,15.49288469578152,12.764316112158095,Good,16,0,2025-10-13 16:00:00+00:00,Abnormal
2025-10-13 16:19:24+00:00,446.0017769880053,40,65,66,25.1,53,1012.06,9.91,-0.1176798,0.0392266,8.7867584,-0.13125,-0.0175,-0.00875,-71.435546875,-32.763671875,266.943359375,bedroom_window_closed,run_4,0,2231,0,False,False,False,0,0,0,0,0,0,446.0017769880053,65.0,66.0,40.0,0.0485729352420777,0.0355623275879498,-0.0902068797352873,-0.053375,-0.12845,-0.02205,-0.55859375,0.2255859375,8.658203125,448.53665037761,2.667179594127673,65.78,1.4556992830541142,67.42,1.529442588289019,0.0,0.0,14.845450725416438,12.27248323176746,Good,16,0,2025-10-13 16:00:00+00:00,Abnormal
2025-10-13 16:19:29+00:00,446.0017769880053,40,64,66,25.3,53,1011.98,10.58,-0.2353596,0.0,8.7867584,0.02625,0.02625,0.14,-71.435546875,-32.763671875,266.943359375,bedroom_window_closed,run_4,0,2231,0,False,False,False,0,0,0,0,0,0,446.0017769880053,64.0,66.0,40.0,-0.081533141299202,-0.0078063645924767,-0.0902068797352873,0.104125,-0.0847,0.1267,-0.55859375,0.2255859375,8.658203125,448.491337183474,2.651978172795822,65.76,1.459428958841687,67.39333333333333,1.518992365881405,0.0,-5.0,15.030445042960366,12.411308142586114,Good,16,0,2025-10-13 16:00:00+00:00,Abnormal
2025-10-13 16:19:35+00:00,446.0017769880053,40,65,67,25.4,53,1012.04,10.08,-0.1569064,0.0,8.825985,-0.20125,-0.06125,0.105,-70.8984375,-33.30078125,268.017578125,bedroom_window_closed,run_4,0,2231,0,False,False,False,0,0,0,0,0,0,446.0017769880053,65.0,67.0,40.0,0.0052042430616511,-0.0078063645924767,-0.0468381875548616,-0.123375,-0.1722,0.0916999999999999,-0.021484375,-0.3115234375,9.732421875,448.446023989338,2.6359050321728645,65.76,1.459428958841687,67.38,1.5135628441598314,0.0,5.0,15.122938246560675,12.481227500980506,Good,16,0,2025-10-13 16:00:00+00:00,Abnormal
2025-10-13 16:19:40+00:00,447.4011550422034,40,64,67,25.2,53,1011.96,10.75,-0.196133,0.0,8.7475318,-0.2625,0.07,0.14875,-70.361328125,-32.2265625,259.9609375,bedroom_window_closed,run_4,0,2238,0,False,False,False,0,0,0,0,0,0,447.4011550422034,64.0,67.0,40.0,-0.0381644491187754,-0.0078063645924767,-0.1335755719157131,-0.184625,-0.04095,0.13545,0.515625,0.7626953125,1.67578125,448.4007107952021,2.5944549702343567,65.74666666666667,1.4663412288932816,67.36,1.498455580761904,6.996890270990832,-5.0,14.937949202616542,12.341727172053483,Good,16,0,2025-10-13 16:00:00+00:00,Abnormal
2025-10-13 16:19:46+00:00,446.0017769880053,39,63,67,25.6,53,1012.03,10.16,-0.1569064,0.0,8.9044382,-0.02625,0.34125,0.385,-71.97265625,-32.2265625,260.498046875,bedroom_window_closed,run_4,0,2231,0,False,False,False,0,0,0,0,0,0,446.0017769880053,63.0,67.0,39.0,0.0052042430616511,-0.0078063645924767,0.0398991968059918,0.051625,0.2303,0.3717,-1.095703125,0.7626953125,2.212890625,448.3553976010662,2.5764191115211132,65.72,1.47970611992448,67.34,1.482922925402489,-6.996890270990832,-5.0,15.307916743981709,12.622086832753196,Good,16,0,2025-10-13 16:00:00+00:00,Abnormal
2025-10-13 16:19:51+00:00,446.0017769880053,39,63,67,25.5,53,1012.05,10.0,-0.1569064,0.0,8.825985,0.105,0.30625,-0.385,-71.97265625,-32.763671875,228.80859375,bedroom_window_closed,run_4,0,2231,0,False,False,False,0,0,0,0,0,0,446.0017769880053,63.0,67.0,39.0,0.0052042430616511,-0.0078063645924767,-0.0468381875548616,0.182875,0.1953,-0.3983,-1.095703125,0.2255859375,-29.4765625,448.31008440693023,2.557447976370797,65.7,1.496079888761532,67.32666666666667,1.4768762002827718,0.0,0.0,15.215428813530206,12.551486609037784,Good,16,0,2025-10-13 16:00:00+00:00,Abnormal
2025-10-13 16:19:56+00:00,446.0017769880053,40,66,69,25.3,53,1012.05,10.0,-0.1569064,0.0392266,8.9436648,-0.21,-0.00875,0.07875,-71.435546875,-32.763671875,228.80859375,bedroom_window_closed,run_4,0,2231,0,False,False,False,0,0,0,0,0,0,446.0017769880053,66.0,69.0,40.0,0.0052042430616511,0.0355623275879498,0.0832678889864195,-0.132125,-0.1197,0.06545,-0.55859375,0.2255859375,-29.4765625,448.2647712127943,2.537520587792202,65.7,1.496079888761532,67.32666666666667,1.4768762002827718,0.0,15.0,15.030445042960366,12.411308142586114,Good,16,0,2025-10-13 16:00:00+00:00,Abnormal
2025-10-13 16:20:02+00:00,446.0017769880053,40,67,69,25.3,53,1011.98,10.58,-0.1569064,-0.0392266,8.825985,0.0525,0.00875,-0.14875,-71.435546875,-34.375,263.720703125,bedroom_window_closed,run_4,0,2231,0,False,False,False,0,0,0,0,0,0,446.0017769880053,67.0,69.0,40.0,0.0052042430616511,-0.0511750567729033,-0.0468381875548616,0.130375,-0.1022,-0.16205,-0.55859375,-1.3857421875,5.435546875,448.2194580186584,2.5166142300896723,65.71333333333334,1.4987093627233614,67.33333333333333,1.4821835274176598,0.0,5.0,15.030445042960366,12.411308142586114,Good,16,0,2025-10-13 16:00:00+00:00,Abnormal
2025-10-13 16:20:07+00:00,446.0017769880053,39,65,68,25.5,53,1012.09,9.66,-0.1569064,0.0,8.9044382,-0.0875,0.105,-0.2625,-69.287109375,-33.30078125,264.2578125,bedroom_window_closed,run_4,0,2231,0,False,False,False,0,0,0,0,0,0,446.0017769880053,65.0,68.0,39.0,0.0052042430616511,-0.0078063645924767,0.0398991968059918,-0.0096249999999999,-0.00595,-0.2758,1.58984375,-0.3115234375,5.97265625,448.1834740115504,2.5094194637158895,65.70666666666666,1.4996494743309086,67.33333333333333,1.4821835274176598,0.0,-10.0,15.215428813530206,12.551486609037784,Good,16,0,2025-10-13 16:00:00+00:00,Abnormal
2025-10-13 16:20:12+00:00,446.0017769880053,39,65,67,25.5,53,1012.1,9.58,-0.1569064,0.0392266,8.825985,-0.04375,-0.07,-0.14,-71.435546875,-34.375,259.9609375,bedroom_window_closed,run_4,0,2231,0,False,False,False,0,0,0,0,0,0,446.0017769880053,65.0,67.0,39.0,0.0052042430616511,0.0355623275879498,-0.0468381875548616,0.034125,-0.18095,-0.1533,-0.55859375,-1.3857421875,1.67578125,448.1474900044425,2.501682999224121,65.7,1.5005591798888387,67.32666666666667,1.481413557975498,0.0,0.0,15.215428813530206,12.551486609037784,Good,16,0,2025-10-13 16:00:00+00:00,Abnormal
2025-10-13 16:20:18+00:00,446.0017769880053,38,62,65,25.2,53,1012.04,10.08,-0.1569064,0.0392266,8.8652116,-0.1575,-0.0175,0.25375,-71.435546875,-34.375,259.9609375,bedroom_window_closed,run_4,0,2231,0,False,False,False,0,0,0,0,0,0,446.0017769880053,62.0,65.0,38.0,0.0052042430616511,0.0355623275879498,-0.0034694953744339,-0.079625,-0.12845,0.2404499999999999,-0.55859375,-1.3857421875,1.67578125,448.1115059973345,2.4933997943134556,65.67333333333333,1.5304369103184186,67.30666666666667,1.4924717872689883,0.0,-15.0,14.937949202616542,12.341727172053483,Good,16,0,2025-10-13 16:00:00+00:00,Abnormal
2025-10-13 16:20:23+00:00,446.0017769880053,38,62,64,25.0,53,1012.08,9.75,-0.2353596,0.0,8.825985,0.02625,0.09625,-0.2975,-70.361328125,-30.078125,277.685546875,bedroom_window_closed,run_4,0,2231,0,False,False,False,0,0,0,0,0,0,446.0017769880053,62.0,64.0,38.0,-0.081533141299202,-0.0078063645924767,-0.0468381875548616,0.104125,-0.0147,-0.3107999999999999,0.515625,2.9111328125,19.400390625,448.06619280319853,2.4692905641812284,65.64666666666666,1.5592833781078737,67.28666666666666,1.5165160826982595,0.0,0.0,14.752949611247312,12.203574968290896,Good,16,0,2025-10-13 16:00:00+00:00,Abnormal
2025-10-13 16:20:28+00:00,447.4011550422034,39,63,66,25.2,53,1012.08,9.75,-0.1569064,0.0392266,8.8652116,-0.21875,-0.09625,-0.02625,-71.435546875,-32.763671875,255.6640625,bedroom_window_closed,run_4,0,2238,0,False,False,False,0,0,0,0,0,0,447.4011550422034,63.0,66.0,39.0,0.0052042430616511,0.0355623275879498,-0.0034694953744339,-0.140875,-0.2072,-0.03955,-0.55859375,0.2255859375,-2.62109375,448.0302087960906,2.439004748246708,65.63333333333334,1.5733376938474086,67.28666666666666,1.5165160826982595,6.996890270990832,5.0,14.937949202616542,12.341727172053483,Good,16,0,2025-10-13 16:00:00+00:00,Abnormal
2025-10-13 16:20:34+00:00,446.0017769880053,39,64,66,25.7,53,1012.02,10.25,-0.1569064,0.0,8.825985,-0.6212500000000001,0.28875,0.0175,-71.97265625,-33.837890625,258.349609375,bedroom_window_closed,run_4,0,2231,0,False,False,False,0,0,0,0,0,0,446.0017769880053,64.0,66.0,39.0,0.0052042430616511,-0.0078063645924767,-0.0468381875548616,-0.543375,0.1778,0.0042,-1.095703125,-0.8486328125,0.064453125,447.9848956019546,2.4128158650952756,65.62666666666667,1.5781505898094703,67.28666666666666,1.5165160826982595,-6.996890270990832,5.0,15.4004020380279,12.693029542324105,Good,16,0,2025-10-13 16:00:00+00:00,Abnormal
2025-10-13 16:20:39+00:00,447.4011550422034,38,64,67,0.0,0,1012.18,8.91,-0.1569064,0.0392266,8.8652116,0.11375,0.1575,0.14875,-70.8984375,-32.2265625,268.5546875,bedroom_window_closed,run_4,0,2238,0,False,False,False,0,0,0,0,0,0,447.4011550422034,64.0,67.0,38.0,0.0052042430616511,0.0355623275879498,-0.0034694953744339,0.191625,0.0465499999999999,0.13545,-0.021484375,0.7626953125,10.26953125,447.9489115948468,2.380575267710431,65.63333333333334,1.5690661809143474,67.3,1.5050251397038663,6.996890270990832,0.0,-96.07763018544566,0.0,Good,16,0,2025-10-13 16:00:00+00:00,Abnormal
2025-10-13 16:20:44+00:00,446.0017769880053,39,65,68,25.7,53,1012.08,9.75,-0.1569064,0.0,8.8652116,0.035,0.0,-0.21875,-70.8984375,-32.2265625,268.5546875,bedroom_window_closed,run_4,0,2231,0,False,False,False,0,0,0,0,0,0,446.0017769880053,65.0,68.0,39.0,0.0052042430616511,-0.0078063645924767,-0.0034694953744339,0.112875,-0.11095,-0.23205,-0.021484375,0.7626953125,10.26953125,447.9035984007108,2.3521602247579727,65.64,1.5641967297611976,67.31333333333333,1.5022875919570966,-6.996890270990832,5.0,15.4004020380279,12.693029542324105,Good,16,0,2025-10-13 16:00:00+00:00,Abnormal
2025-10-13 16:20:50+00:00,447.4011550422034,39,65,67,25.7,53,1012.15,9.16,-0.196133,0.0,8.7867584,0.04375,0.27125,-0.00875,-69.82421875,-32.763671875,257.275390625,bedroom_window_closed,run_4,0,2238,0,False,False,False,0,0,0,0,0,0,447.4011550422034,65.0,67.0,39.0,-0.0381644491187754,-0.0078063645924767,-0.0902068797352873,0.121625,0.1603,-0.02205,1.052734375,0.2255859375,-1.009765625,447.8769435806309,2.33487047877391,65.64666666666666,1.5592833781078737,67.31333333333333,1.5022875919570966,6.996890270990832,0.0,15.4004020380279,12.693029542324105,Good,16,0,2025-10-13 16:00:00+00:00,Abnormal
2025-10-13 16:20:55+00:00,446.0017769880053,39,65,67,25.4,53,1012.1,9.58,-0.1569064,0.0392266,8.9044382,-0.11375,0.0175,-0.11375,-72.509765625,-32.763671875,262.646484375,bedroom_window_closed,run_4,0,2231,0,False,False,False,0,0,0,0,0,0,446.0017769880053,65.0,67.0,39.0,0.0052042430616511,0.0355623275879498,0.0398991968059918,-0.035875,-0.09345,-0.12705,-1.6328125,0.2255859375,4.361328125,447.84095957352287,2.321775935288782,65.64666666666666,1.5592833781078737,67.30666666666667,1.501438534665266,-6.996890270990832,0.0,15.122938246560675,12.481227500980506,Good,16,0,2025-10-13 16:00:00+00:00,Abnormal
2025-10-13 16:21:00+00:00,446.0017769880053,39,64,66,25.9,53,1012.09,9.66,-0.1569064,0.0,8.9436648,-0.105,0.245,0.41125,-70.361328125,-33.837890625,261.572265625,bedroom_window_closed,run_4,0,2231,0,False,False,False,0,0,0,0,0,0,446.0017769880053,64.0,66.0,39.0,0.0052042430616511,-0.0078063645924767,0.0832678889864195,-0.0271249999999999,0.13405,0.39795,0.515625,-0.8486328125,3.287109375,447.80497556641495,2.308042407900434,65.63333333333334,1.5647830077353184,67.28666666666666,1.49870936272337,0.0,-5.0,15.585364717355294,12.835947920881024,Good,16,0,2025-10-13 16:00:00+00:00,Abnormal
2025-10-13 16:21:06+00:00,446.0017769880053,39,63,65,25.4,53,1012.06,9.91,-0.1569064,0.0,8.825985,0.04375,0.175,-0.04375,-71.435546875,-31.15234375,273.388671875,bedroom_window_closed,run_4,0,2231,0,False,False,False,0,0,0,0,0,0,446.0017769880053,63.0,65.0,39.0,0.0052042430616511,-0.0078063645924767,-0.0468381875548616,0.121625,0.0640499999999999,-0.05705,-0.55859375,1.8369140625,15.103515625,447.7689915593069,2.2936584186822815,65.62666666666667,1.5738921390374985,67.27333333333333,1.5101298520399062,0.0,-5.0,15.122938246560675,12.481227500980506,Good,16,0,2025-10-13 16:00:00+00:00,Abnormal
2025-10-13 16:21:11+00:00,446.0017769880053,39,65,68,25.9,53,1012.07,9.83,-0.1569064,0.0,8.9828914,0.41125,0.28,-0.14,-71.435546875,-31.15234375,273.388671875,bedroom_window_closed,run_4,0,2231,0,False,False,False,0,0,0,0,0,0,446.0017769880053,65.0,68.0,39.0,0.0052042430616511,-0.0078063645924767,0.1266365811668452,0.489125,0.16905,-0.1533,-0.55859375,1.8369140625,15.103515625,447.73300755219896,2.2786116493298985,65.62666666666667,1.5738921390374985,67.27333333333333,1.5101298520399062,0.0,10.0,15.585364717355294,12.835947920881024,Good,16,0,2025-10-13 16:00:00+00:00,Abnormal
2025-10-13 16:21:16+00:00,446.0017769880053,38,65,69,25.6,53,1012.05,10.0,-0.2353596,0.0,8.825985,-0.21875,0.14,2.135,-70.361328125,-33.30078125,265.33203125,bedroom_window_closed,run_4,0,2231,0,False,False,False,0,0,0,0,0,0,446.0017769880053,65.0,69.0,38.0,-0.081533141299202,-0.0078063645924767,-0.0468381875548616,-0.140875,0.02905,2.1216999999999997,0.515625,-0.3115234375,7.046875,447.69702354509104,2.262888878685003,65.62,1.5744179706508592,67.28666666666666,1.5165160826982598,0.0,0.0,15.307916743981709,12.622086832753196,Good,16,0,2025-10-13 16:00:00+00:00,Abnormal
2025-10-13 16:21:22+00:00,446.0017769880053,39,65,70,25.7,53,1012.09,9.66,-0.196133,-0.0392266,8.7867584,0.385,0.0,0.44625,-70.8984375,-33.837890625,270.166015625,bedroom_window_closed,run_4,0,2231,0,False,False,False,0,0,0,0,0,0,446.0017769880053,65.0,70.0,39.0,-0.0381644491187754,-0.0511750567729033,-0.0902068797352873,0.462875,-0.11095,0.43295,-0.021484375,-0.8486328125,11.880859375,447.66103953798313,2.2464759130770053,65.62,1.5744179706508592,67.32,1.520861642039767,0.0,0.0,15.4004020380279,12.693029542324105,Good,16,0,2025-10-13 16:00:00+00:00,Abnormal
2025-10-13 16:21:27+00:00,447.4011550422034,39,64,69,25.5,53,1012.04,10.08,-0.196133,0.0,8.9044382,-0.27125,-0.035,0.1225,-70.361328125,-32.2265625,263.18359375,bedroom_window_closed,run_4,0,2238,0,False,False,False,0,0,0,0,0,0,447.4011550422034,64.0,69.0,39.0,-0.0381644491187754,-0.0078063645924767,0.0398991968059918,-0.193375,-0.14595,0.1091999999999999,0.515625,0.7626953125,4.8984375,447.63438471790306,2.2254435397619265,65.6,1.5758240626763214,67.33333333333333,1.5267927812469249,6.996890270990832,-5.0,15.215428813530206,12.551486609037784,Good,16,0,2025-10-13 16:00:00+00:00,Abnormal
2025-10-13 16:21:32+00:00,446.0017769880053,39,65,70,25.5,53,1012.02,10.25,-0.196133,0.0,8.9828914,-0.11375,-0.035,0.04375,-70.361328125,-32.2265625,263.18359375,bedroom_window_closed,run_4,0,2231,0,False,False,False,0,0,0,0,0,0,446.0017769880053,65.0,70.0,39.0,-0.0381644491187754,-0.0078063645924767,0.1266365811668452,-0.035875,-0.14595,0.0304499999999999,0.515625,0.7626953125,4.8984375,447.59840071079515,2.2077247682719774,65.58,1.564153822744965,67.34,1.5362728365064693,-6.996890270990832,5.0,15.215428813530206,12.551486609037784,Good,16,0,2025-10-13 16:00:00+00:00,Abnormal
2025-10-13 16:21:38+00:00,446.0017769880053,38,64,68,25.7,53,1012.05,10.0,-0.1569064,0.0392266,8.8652116,0.105,0.3325,-0.035,-69.82421875,-32.763671875,287.890625,bedroom_window_closed,run_4,0,2231,0,False,False,False,0,0,0,0,0,0,446.0017769880053,64.0,68.0,38.0,0.0052042430616511,0.0355623275879498,-0.0034694953744339,0.182875,0.22155,-0.0483,1.052734375,0.2255859375,29.60546875,447.5624167036872,2.1892672925340944,65.54666666666667,1.543927992664186,67.33333333333333,1.5311822281033916,0.0,-5.0,15.4004020380279,12.693029542324105,Good,16,0,2025-10-13 16:00:00+00:00,Abnormal
2025-10-13 16:21:43+00:00,447.4011550422034,37,63,67,25.6,53,1012.14,9.25,-0.196133,0.0,8.7867584,-0.07,0.02625,-0.07875,-71.97265625,-33.837890625,265.33203125,bedroom_window_closed,run_4,0,2238,0,False,False,False,0,0,0,0,0,0,447.4011550422034,63.0,67.0,37.0,-0.0381644491187754,-0.0078063645924767,-0.0902068797352873,0.0078749999999999,-0.0847,-0.09205,-1.095703125,-0.8486328125,7.046875,447.5357618836072,2.166458715376057,65.50666666666666,1.5315328403801611,67.32,1.5252681577413996,6.996890270990832,-5.0,15.307916743981709,12.622086832753196,Good,16,0,2025-10-13 16:00:00+00:00,Abnormal
2025-10-13 16:21:48+00:00,447.4011550422034,37,63,66,25.4,53,1012.14,9.25,-0.1176798,-0.0392266,8.825985,-0.1225,-0.0525,0.245,-70.361328125,-33.837890625,260.498046875,bedroom_window_closed,run_4,0,2238,0,False,False,False,0,0,0,0,0,0,447.4011550422034,63.0,66.0,37.0,0.0485729352420777,-0.0511750567729033,-0.0468381875548616,-0.044625,-0.16345,0.2317,0.515625,-0.8486328125,2.212890625,447.5091070635273,2.143073717162922,65.47333333333333,1.5313137171145947,67.3,1.5227580064831143,0.0,0.0,15.122938246560675,12.481227500980506,Good,16,0,2025-10-13 16:00:00+00:00,Abnormal
2025-10-13 16:21:54+00:00,447.4011550422034,39,65,67,25.0,53,1012.09,9.66,-0.1569064,0.0,8.9828914,-0.14875,0.1225,0.27125,-74.12109375,-34.912109375,266.40625,bedroom_window_closed,run_4,0,2238,0,False,False,False,0,0,0,0,0,0,447.4011550422034,65.0,67.0,39.0,0.0052042430616511,-0.0078063645924767,0.1266365811668452,-0.070875,0.0115499999999999,0.25795,-3.244140625,-1.9228515625,8.12109375,447.48245224344737,2.1190932149050106,65.45333333333333,1.517622065528951,67.29333333333334,1.5218615705184002,0.0,10.0,14.752949611247312,12.203574968290896,Good,16,0,2025-10-13 16:00:00+00:00,Abnormal
2025-10-13 16:21:59+00:00,447.4011550422034,38,65,67,25.0,53,1012.1,9.58,-0.0392266,-0.0392266,8.8652116,0.14,-0.0875,-2.24,-74.12109375,-34.912109375,266.40625,bedroom_window_closed,run_4,0,2238,0,False,False,False,0,0,0,0,0,0,447.4011550422034,65.0,67.0,38.0,0.135310319602931,-0.0511750567729033,-0.0034694953744339,0.217875,-0.19845,-2.2533000000000003,-3.244140625,-1.9228515625,8.12109375,447.45579742336736,2.094496754405392,65.43333333333334,1.503537960348818,67.28,1.515556911395132,0.0,0.0,14.752949611247312,12.203574968290896,Good,16,0,2025-10-13 16:00:00+00:00,Abnormal
2025-10-13 16:22:04+00:00,447.4011550422034,39,68,69,25.2,53,1012.11,9.5,-0.1569064,0.0,8.9044382,0.30625,0.23625,-0.14,-71.435546875,-32.763671875,262.109375,bedroom_window_closed,run_4,0,2238,0,False,False,False,0,0,0,0,0,0,447.4011550422034,68.0,69.0,39.0,0.0052042430616511,-0.0078063645924767,0.0398991968059918,0.384125,0.1252999999999999,-0.1533,-0.55859375,0.2255859375,3.82421875,447.4384717903153,2.084032574367616,65.44,1.5127201154379493,67.28,1.515556911395132,0.0,15.0,14.937949202616542,12.341727172053483,Good,16,0,2025-10-13 16:00:00+00:00,Abnormal
2025-10-13 16:22:10+00:00,447.4011550422034,39,68,68,25.3,53,1012.08,9.75,-0.196133,0.0,8.825985,-0.28,0.0,0.37625,-70.8984375,-32.2265625,265.869140625,bedroom_window_closed,run_4,0,2238,0,False,False,False,0,0,0,0,0,0,447.4011550422034,68.0,68.0,39.0,-0.0381644491187754,-0.0078063645924767,-0.0468381875548616,-0.202125,-0.11095,0.36295,-0.021484375,0.7626953125,7.583984375,447.4211461572634,2.0733698424269615,65.44,1.5127201154379493,67.26666666666667,1.5001864164549774,0.0,0.0,15.030445042960366,12.411308142586114,Good,16,0,2025-10-13 16:00:00+00:00,Abnormal
2025-10-13 16:22:15+00:00,448.8005330964016,37,66,66,25.5,53,1012.05,10.0,-0.196133,-0.0784532,8.9044382,-0.13125,0.07875,-0.16625,-71.435546875,-32.2265625,263.18359375,bedroom_window_closed,run_4,0,2245,0,False,False,False,0,0,0,0,0,0,448.8005330964016,66.0,66.0,37.0,-0.0381644491187754,-0.09454374895333,0.0398991968059918,-0.053375,-0.0322,-0.17955,-0.55859375,0.7626953125,4.8984375,447.4038205242114,2.0506372649819005,65.43333333333334,1.5079950984674422,67.24,1.486764876723084,6.996890270990548,-10.0,15.215428813530206,12.551486609037784,Good,16,0,2025-10-13 16:00:00+00:00,Abnormal
2025-10-13 16:22:20+00:00,447.4011550422034,37,66,66,25.8,53,1012.11,9.5,-0.196133,0.0392266,8.8652116,0.0875,0.035,-0.0875,-71.435546875,-32.2265625,263.18359375,bedroom_window_closed,run_4,0,2238,0,False,False,False,0,0,0,0,0,0,447.4011550422034,66.0,66.0,37.0,-0.0381644491187754,0.0355623275879498,-0.0034694953744339,0.165375,-0.07595,-0.1008,-0.55859375,0.7626953125,4.8984375,447.3771657041314,2.024167441580577,65.43333333333334,1.5079950984674422,67.22,1.4831039462680713,-6.996890270990548,0.0,15.49288469578152,12.764316112158095,Good,16,0,2025-10-13 16:00:00+00:00,Abnormal
2025-10-13 16:22:26+00:00,447.4011550422034,35,65,65,25.8,53,1012.09,9.66,-0.196133,0.0,8.7867584,-0.00875,0.0875,-0.175,-70.8984375,-32.2265625,292.1875,bedroom_window_closed,run_4,0,2238,0,False,False,False,0,0,0,0,0,0,447.4011550422034,65.0,65.0,35.0,-0.0381644491187754,-0.0078063645924767,-0.0902068797352873,0.0691249999999999,-0.02345,-0.1883,-0.021484375,0.7626953125,33.90234375,447.3505108840515,1.9969887268268656,65.41333333333333,1.4935506393503493,67.18666666666667,1.4763762396132405,0.0,-5.0,15.49288469578152,12.764316112158095,Good,16,0,2025-10-13 16:00:00+00:00,Abnormal
2025-10-13 16:22:31+00:00,447.4011550422034,35,65,65,25.9,53,1012.14,9.25,-0.1569064,0.0,8.9044382,0.035,0.21875,-0.0525,-71.97265625,-33.30078125,269.091796875,bedroom_window_closed,run_4,0,2238,0,False,False,False,0,0,0,0,0,0,447.4011550422034,65.0,65.0,35.0,0.0052042430616511,-0.0078063645924767,0.0398991968059918,0.112875,0.1077999999999999,-0.0658,-1.095703125,-0.3115234375,10.806640625,447.3238560639715,1.969071766871039,65.4,1.4882086885483243,67.16,1.4795246833325475,0.0,0.0,15.585364717355294,12.835947920881024,Good,16,0,2025-10-13 16:00:00+00:00,Abnormal
2025-10-13 16:22:36+00:00,447.4011550422034,36,64,65,25.0,53,1012.14,9.25,-0.1176798,0.0392266,8.9436648,-0.09625,-0.20125,-0.21,-70.8984375,-33.837890625,266.40625,bedroom_window_closed,run_4,0,2238,0,False,False,False,0,0,0,0,0,0,447.4011550422034,64.0,65.0,36.0,0.0485729352420777,0.0355623275879498,0.0832678889864195,-0.018375,-0.3122,-0.2233,-0.021484375,-0.8486328125,8.12109375,447.2972012438916,1.940384697837004,65.37333333333333,1.4771033991908418,67.12666666666667,1.4714129020812945,0.0,-5.0,14.752949611247312,12.203574968290896,Good,16,0,2025-10-13 16:00:00+00:00,Abnormal
2025-10-13 16:22:42+00:00,447.4011550422034,37,65,65,25.2,53,1012.19,8.83,-0.1569064,0.0392266,8.9044382,0.0175,0.07875,0.0,-70.8984375,-33.837890625,266.40625,bedroom_window_closed,run_4,0,2238,0,False,False,False,0,0,0,0,0,0,447.4011550422034,65.0,65.0,37.0,0.0052042430616511,0.0355623275879498,0.0398991968059918,0.095375,-0.0322,-0.0133,-0.021484375,-0.8486328125,8.12109375,447.2798756108396,1.9276502408502711,65.36666666666666,1.476512609312289,67.10666666666667,1.479827065293912,0.0,5.0,14.937949202616542,12.341727172053483,Good,16,0,2025-10-13 16:00:00+00:00,Abnormal
2025-10-13 16:22:47+00:00,447.4011550422034,36,64,65,25.3,53,1012.21,8.66,-0.1176798,0.0,8.825985,-0.42875,0.0875,0.21,-70.8984375,-33.837890625,266.40625,bedroom_window_closed,run_4,0,2238,0,False,False,False,0,0,0,0,0,0,447.4011550422034,64.0,65.0,36.0,0.0485729352420777,-0.0078063645924767,-0.0468381875548616,-0.350875,-0.02345,0.1966999999999999,-0.021484375,-0.8486328125,8.12109375,447.2625499777876,1.9146732729502207,65.36,1.480431643929757,67.09333333333333,1.4897712389889497,0.0,-5.0,15.030445042960366,12.411308142586114,Good,16,0,2025-10-13 16:00:00+00:00,Abnormal
2025-10-13 16:22:52+00:00,447.4011550422034,38,66,68,25.8,53,1012.12,9.41,-0.1176798,0.0,8.825985,-0.00875,0.035,0.13125,-71.97265625,-32.2265625,262.646484375,bedroom_window_closed,run_4,0,2238,0,False,False,False,0,0,0,0,0,0,447.4011550422034,66.0,68.0,38.0,0.0485729352420777,-0.0078063645924767,-0.0468381875548616,0.0691249999999999,-0.07595,0.11795,-1.095703125,0.7626953125,4.361328125,447.24522434473573,1.9014488288932223,65.36666666666666,1.4810510809050883,67.10666666666667,1.4888699677138648,0.0,10.0,15.49288469578152,12.764316112158095,Good,16,0,2025-10-13 16:00:00+00:00,Abnormal
2025-10-13 16:22:58+00:00,447.4011550422034,39,67,69,25.2,53,1012.07,9.83,-0.0392266,0.0,8.8652116,-0.02625,-0.09625,1.7675,-71.435546875,-32.2265625,265.869140625,bedroom_window_closed,run_4,0,2238,0,False,False,False,0,0,0,0,0,0,447.4011550422034,67.0,69.0,39.0,0.135310319602931,-0.0078063645924767,-0.0034694953744339,0.051625,-0.2072,1.7542,-0.55859375,0.7626953125,7.583984375,447.22789871168374,1.8879717082887113,65.36666666666666,1.4810510809050883,67.12,1.496842313923327,0.0,5.0,14.937949202616542,12.341727172053483,Good,16,0,2025-10-13 16:00:00+00:00,Abnormal
2025-10-13 16:23:03+00:00,448.8005330964016,40,69,70,25.6,53,1012.19,8.83,-0.196133,-0.0392266,8.8652116,-0.25375,0.28,0.0875,-69.82421875,-33.837890625,240.087890625,bedroom_window_closed,run_4,0,2245,0,False,False,False,0,0,0,0,0,0,448.8005330964016,69.0,70.0,40.0,-0.0381644491187754,-0.0511750567729033,-0.0034694953744339,-0.1758749999999999,0.16905,0.0741999999999999,1.052734375,-0.8486328125,-18.197265625,447.2105730786316,1.8611680875956205,65.38666666666667,1.5096409043063306,67.14,1.5151583078959914,6.996890270990548,10.0,15.307916743981709,12.622086832753196,Good,16,0,2025-10-13 16:00:00+00:00,Abnormal
2025-10-13 16:23:08+00:00,447.4011550422034,40,70,70,25.4,53,1012.09,9.66,-0.1176798,0.0,8.7867584,-0.09625,0.2975,0.25375,-69.82421875,-33.837890625,240.087890625,bedroom_window_closed,run_4,0,2238,0,False,False,False,0,0,0,0,0,0,447.4011550422034,70.0,70.0,40.0,0.0485729352420777,-0.0078063645924767,-0.0902068797352873,-0.018375,0.18655,0.2404499999999999,1.052734375,-0.8486328125,-18.197265625,447.19324744557974,1.847069951025926,65.42,1.5555486310700002,67.16,1.5329928617229864,-6.996890270990548,5.0,15.122938246560675,12.481227500980506,Good,16,0,2025-10-13 16:00:00+00:00,Abnormal
2025-10-13 16:23:14+00:00,447.4011550422034,39,69,70,25.6,53,1012.11,9.5,-0.1569064,-0.0392266,8.825985,-0.0175,0.175,0.105,-70.8984375,-32.763671875,264.2578125,bedroom_window_closed,run_4,0,2238,0,False,False,False,0,0,0,0,0,0,447.4011550422034,69.0,70.0,39.0,0.0052042430616511,-0.0511750567729033,-0.0468381875548616,0.060375,0.0640499999999999,0.0916999999999999,-0.021484375,0.2255859375,5.97265625,447.1759218125277,1.8326984949334104,65.44,1.5821148025101546,67.17333333333333,1.548962270789954,0.0,-5.0,15.307916743981709,12.622086832753196,Good,16,0,2025-10-13 16:00:00+00:00,Abnormal
2025-10-13 16:23:19+00:00,447.4011550422034,37,68,68,25.1,53,1012.2,8.75,-0.1569064,0.0392266,8.9044382,0.0875,0.1225,0.16625,-71.97265625,-33.837890625,270.166015625,bedroom_window_closed,run_4,0,2238,0,False,False,False,0,0,0,0,0,0,447.4011550422034,68.0,68.0,37.0,0.0052042430616511,0.0355623275879498,0.0398991968059918,0.165375,0.0115499999999999,0.15295,-1.095703125,-0.8486328125,11.880859375,447.14926699244774,1.7996370955826388,65.45333333333333,1.5952390015403326,67.17333333333333,1.548962270789954,0.0,-5.0,14.845450725416438,12.27248323176746,Good,16,0,2025-10-13 16:00:00+00:00,Abnormal
2025-10-13 16:23:24+00:00,447.4011550422034,37,68,69,25.9,53,1012.07,9.83,-0.1176798,0.0392266,8.7867584,0.04375,0.1575,0.0175,-70.8984375,-33.837890625,264.2578125,bedroom_window_closed,run_4,0,2238,0,False,False,False,0,0,0,0,0,0,447.4011550422034,68.0,69.0,37.0,0.0485729352420777,0.0355623275879498,-0.0902068797352873,0.121625,0.0465499999999999,0.0042,-0.021484375,-0.8486328125,5.97265625,447.1226121723678,1.765551778555181,65.46,1.603812571686691,67.17333333333333,1.548962270789954,0.0,0.0,15.585364717355294,12.835947920881024,Good,16,0,2025-10-13 16:00:00+00:00,Abnormal
2025-10-13 16:23:30+00:00,447.4011550422034,37,67,68,25.5,53,1012.17,9.0,-0.1176798,0.0,8.9044382,0.035,0.09625,0.035,-70.8984375,-33.837890625,264.2578125,bedroom_window_closed,run_4,0,2238,0,False,False,False,0,0,0,0,0,0,447.4011550422034,67.0,68.0,37.0,0.0485729352420777,-0.0078063645924767,0.0398991968059918,0.112875,-0.0147,0.0217,-0.021484375,-0.8486328125,5.97265625,447.0959573522878,1.730382037070984,65.46,1.603812571686691,67.16666666666667,1.5431888307454409,0.0,-5.0,15.215428813530206,12.551486609037784,Good,16,0,2025-10-13 16:00:00+00:00,Abnormal
2025-10-13 16:23:35+00:00,447.4011550422034,37,66,67,25.8,53,1012.21,8.66,-0.1569064,0.0,8.8652116,0.5425000000000001,-1.9862500000000003,0.14,-71.97265625,-33.837890625,271.77734375,bedroom_window_closed,run_4,0,2238,0,False,False,False,0,0,0,0,0,0,447.4011550422034,66.0,67.0,37.0,0.0052042430616511,-0.0078063645924767,-0.0034694953744339,0.6203750000000001,-2.0972000000000004,0.1267,-1.095703125,-0.8486328125,13.4921875,447.0693025322079,1.6940603325067294,65.45333333333333,1.5994406180997602,67.15333333333334,1.5358650434745258,0.0,-5.0,15.49288469578152,12.764316112158095,Good,16,0,2025-10-13 16:00:00+00:00,Abnormal
2025-10-13 16:23:40+00:00,447.4011550422034,37,64,67,25.3,53,1012.23,8.5,-0.1569064,0.0,8.9436648,-0.00875,0.00875,0.35875,-71.435546875,-32.2265625,271.77734375,bedroom_window_closed,run_4,0,2238,0,False,False,False,0,0,0,0,0,0,447.4011550422034,64.0,67.0,37.0,0.0052042430616511,-0.0078063645924767,0.0832678889864195,0.0691249999999999,-0.1022,0.34545,-0.55859375,0.7626953125,13.4921875,447.0519768991559,1.6770906674539705,65.44,1.6031847498905036,67.14666666666666,1.5343348543228184,0.0,-10.0,15.030445042960366,12.411308142586114,Good,16,0,2025-10-13 16:00:00+00:00,Abnormal
2025-10-13 16:23:46+00:00,447.4011550422034,38,65,69,25.8,53,1012.16,9.08,-0.1569064,-0.0392266,8.7475318,-0.27125,-0.13125,0.16625,-70.361328125,-32.763671875,266.40625,bedroom_window_closed,run_4,0,2238,0,False,False,False,0,0,0,0,0,0,447.4011550422034,65.0,69.0,38.0,0.0052042430616511,-0.0511750567729033,-0.1335755719157131,-0.193375,-0.2422,0.15295,0.515625,0.2255859375,8.12109375,447.0346512661039,1.659765471143225,65.44666666666667,1.599230799443202,67.16,1.5417239544346204,0.0,5.0,15.49288469578152,12.764316112158095,Good,16,0,2025-10-13 16:00:00+00:00,Abnormal
2025-10-13 16:23:51+00:00,448.8005330964016,38,65,68,25.3,53,1012.23,8.5,-0.1569064,0.0784532,8.9436648,-0.07875,0.42875,-0.06125,-70.361328125,-32.763671875,254.052734375,bedroom_window_closed,run_4,0,2245,0,False,False,False,0,0,0,0,0,0,448.8005330964016,65.0,68.0,38.0,0.0052042430616511,0.0789310197683764,0.0832678889864195,-0.000875,0.3178,-0.07455,0.515625,0.2255859375,-4.232421875,447.017325633052,1.6271415697854736,65.45333333333333,1.5952390015403326,67.17333333333333,1.5402722093016148,6.996890270990548,0.0,15.030445042960366,12.411308142586114,Good,16,0,2025-10-13 16:00:00+00:00,Abnormal
2025-10-13 16:23:56+00:00,447.4011550422034,38,66,67,25.3,53,1012.1,9.58,-0.1176798,0.1176798,8.8652116,-0.04375,-0.11375,0.00875,-70.361328125,-32.763671875,254.052734375,bedroom_window_closed,run_4,0,2238,0,False,False,False,0,0,0,0,0,0,447.4011550422034,66.0,67.0,38.0,0.0485729352420777,0.122299711948803,-0.0034694953744339,0.034125,-0.2247,-0.00455,0.515625,0.2255859375,-4.232421875,447.0,1.6089031144731532,65.46,1.5954213009473028,67.18,1.5373209504516816,-6.996890270990548,5.0,15.030445042960366,12.411308142586114,Good,16,0,2025-10-13 16:00:00+00:00,Abnormal
2025-10-13 16:24:02+00:00,447.4011550422034,38,67,67,0.0,0,1012.21,8.66,-0.1176798,0.0,8.8652116,-0.63875,0.35875,1.155,-72.509765625,-33.30078125,265.869140625,bedroom_window_closed,run_4,0,2238,0,False,False,False,0,0,0,0,0,0,447.4011550422034,67.0,67.0,38.0,0.0485729352420777,-0.0078063645924767,-0.0034694953744339,-0.560875,0.2478,1.1417,-1.6328125,-0.3115234375,7.583984375,446.982674366948,1.590265509607934,65.46666666666667,1.5997762707112215,67.18666666666667,1.5343348543228212,0.0,5.0,-96.07763018544566,0.0,Good,16,0,2025-10-13 16:00:00+00:00,Abnormal
2025-10-13 16:24:07+00:00,447.4011550422034,37,67,68,25.3,53,1012.09,9.66,-0.1569064,0.0392266,8.825985,-0.06125,0.2625,-0.16625,-71.435546875,-33.837890625,264.2578125,bedroom_window_closed,run_4,0,2238,0,False,False,False,0,0,0,0,0,0,447.4011550422034,67.0,68.0,37.0,0.0052042430616511,0.0355623275879498,-0.0468381875548616,0.016625,0.15155,-0.17955,-0.55859375,-0.8486328125,5.97265625,446.9653487338961,1.5712145512263582,65.47333333333333,1.6040915247224552,67.2,1.5326425834454307,0.0,0.0,15.030445042960366,12.411308142586114,Good,16,0,2025-10-13 16:00:00+00:00,Abnormal
2025-10-13 16:24:12+00:00,447.4011550422034,38,69,69,25.3,53,1012.15,9.16,-0.1569064,-0.0392266,8.825985,-0.21875,0.0175,-0.21,-70.8984375,-32.763671875,261.572265625,bedroom_window_closed,run_4,0,2238,0,False,False,False,0,0,0,0,0,0,447.4011550422034,69.0,69.0,38.0,0.0052042430616511,-0.0511750567729033,-0.0468381875548616,-0.140875,-0.09345,-0.2233,-0.021484375,0.2255859375,3.287109375,446.9480231008441,1.5517350149339302,65.49333333333334,1.629207682702759,67.22,1.536447571816,0.0,10.0,15.030445042960366,12.411308142586114,Good,16,0,2025-10-13 16:00:00+00:00,Abnormal
2025-10-13 16:24:18+00:00,447.4011550422034,38,67,67,25.5,53,1012.18,8.91,-0.0392266,0.0784532,8.6690786,-0.1225,0.14875,-0.035,-70.8984375,-33.30078125,269.091796875,bedroom_window_closed,run_4,0,2238,0,False,False,False,0,0,0,0,0,0,447.4011550422034,67.0,67.0,38.0,0.135310319602931,0.0789310197683764,-0.2203129562765665,-0.044625,0.0377999999999999,-0.0483,-0.021484375,-0.3115234375,10.806640625,446.9306974677921,1.5318105505604334,65.48,1.608367382653449,67.20666666666666,1.5295596009004084,0.0,-10.0,15.215428813530206,12.551486609037784,Good,16,0,2025-10-13 16:00:00+00:00,Abnormal
2025-10-13 16:24:23+00:00,447.4011550422034,39,67,67,25.8,53,1012.07,9.83,-0.196133,0.0,8.825985,-0.14,0.00875,0.46375,-70.8984375,-33.30078125,269.091796875,bedroom_window_closed,run_4,0,2238,0,False,False,False,0,0,0,0,0,0,447.4011550422034,67.0,67.0,39.0,-0.0381644491187754,-0.0078063645924767,-0.0468381875548616,-0.062125,-0.1022,0.45045,-0.021484375,-0.3115234375,10.806640625,446.9133718347401,1.5114235623061478,65.47333333333333,1.5999021222857557,67.19333333333333,1.5225229268025815,0.0,0.0,15.49288469578152,12.764316112158095,Good,16,0,2025-10-13 16:00:00+00:00,Abnormal
2025-10-13 16:24:29+00:00,447.4011550422034,39,65,67,25.2,53,1012.16,9.08,-0.1569064,-0.0392266,8.9044382,-0.2975,0.1925,-0.55125,-69.82421875,-33.30078125,257.275390625,bedroom_window_closed,run_4,0,2238,0,False,False,False,0,0,0,0,0,0,447.4011550422034,65.0,67.0,39.0,0.0052042430616511,-0.0511750567729033,0.0398991968059918,-0.219625,0.08155,-0.56455,1.052734375,-0.3115234375,-1.009765625,446.8960462016882,1.4905550718540557,65.45333333333333,1.5868023930066102,67.18,1.5153354779513113,0.0,-10.0,14.937949202616542,12.341727172053483,Good,16,0,2025-10-13 16:00:00+00:00,Abnormal
2025-10-13 16:24:34+00:00,447.4011550422034,39,65,67,25.1,53,1012.16,9.08,-0.196133,0.0,8.7867584,0.00875,0.21,0.46375,-71.97265625,-33.837890625,265.869140625,bedroom_window_closed,run_4,0,2238,0,False,False,False,0,0,0,0,0,0,447.4011550422034,65.0,67.0,39.0,-0.0381644491187754,-0.0078063645924767,-0.0902068797352873,0.086625,0.0990499999999999,0.45045,-1.095703125,-0.8486328125,7.583984375,446.8787205686362,1.4691845613860726,65.44,1.5821148025101546,67.16666666666667,1.5079950984674677,0.0,0.0,14.845450725416438,12.27248323176746,Good,16,0,2025-10-13 16:00:00+00:00,Abnormal
2025-10-13 16:24:39+00:00,450.0,38,63,65,25.7,53,1012.13,9.33,-0.1176798,-0.0392266,8.7867584,0.35,0.04375,-0.28,-70.8984375,-31.15234375,264.2578125,bedroom_window_closed,run_4,0,2251,0,False,False,False,0,0,0,0,0,0,450.0,63.0,65.0,38.0,0.0485729352420777,-0.0511750567729033,-0.0902068797352873,0.427875,-0.0672,-0.2933,-0.021484375,1.8369140625,5.97265625,446.8787205686362,1.4691845613860726,65.42,1.5939061806616055,67.14,1.5107223037985158,12.994224788982647,-10.0,15.4004020380279,12.693029542324105,Good,16,0,2025-10-13 16:00:00+00:00,Abnormal
2025-10-13 16:24:45+00:00,447.4011550422034,39,65,66,25.5,53,1012.19,8.83,-0.1569064,0.0,8.9828914,-0.09625,0.06125,0.28875,-69.287109375,-32.763671875,292.1875,bedroom_window_closed,run_4,0,2238,0,False,False,False,0,0,0,0,0,0,447.4011550422034,65.0,66.0,39.0,0.0052042430616511,-0.0078063645924767,0.1266365811668452,-0.018375,-0.0497,0.27545,1.58984375,0.2255859375,33.90234375,446.8693913816081,1.4613212449595938,65.41333333333333,1.5935552530485415,67.12666666666667,1.511906510846094,-12.994224788982647,10.0,15.215428813530206,12.551486609037784,Good,16,0,2025-10-13 16:00:00+00:00,Abnormal
2025-10-13 16:24:50+00:00,448.8005330964016,40,68,69,25.2,53,1012.28,8.08,-0.1569064,0.0392266,8.8652116,-0.0175,0.09625,0.14875,-69.287109375,-32.763671875,292.1875,bedroom_window_closed,run_4,0,2245,0,False,False,False,0,0,0,0,0,0,448.8005330964016,68.0,69.0,40.0,0.0052042430616511,0.0355623275879498,-0.0034694953744339,0.060375,-0.0147,0.13545,1.58984375,0.2255859375,33.90234375,446.86939138160824,1.4613212449595938,65.43333333333334,1.6071011322305129,67.13333333333334,1.5179758098480287,6.996890270990548,15.0,14.937949202616542,12.341727172053483,Good,16,0,2025-10-13 16:00:00+00:00,Abnormal
2025-10-13 16:24:55+00:00,448.8005330964016,40,68,68,25.5,53,1012.21,8.66,-0.1569064,0.0392266,8.8652116,-0.35875,0.00875,-0.2275,-71.435546875,-31.689453125,261.572265625,bedroom_window_closed,run_4,0,2245,0,False,False,False,0,0,0,0,0,0,448.8005330964016,68.0,68.0,40.0,0.0052042430616511,0.0355623275879498,-0.0034694953744339,-0.280875,-0.1022,-0.2408,-0.55859375,1.2998046875,3.287109375,446.8613949355842,1.4472897927679236,65.45333333333333,1.620285278828106,67.13333333333334,1.5179758098480287,0.0,0.0,15.215428813530206,12.551486609037784,Good,16,0,2025-10-13 16:00:00+00:00,Abnormal
2025-10-13 16:25:01+00:00,448.8005330964016,40,67,68,25.9,53,1012.15,9.16,-0.2353596,0.0784532,8.825985,-0.27125,0.3325,0.2975,-73.046875,-33.837890625,263.720703125,bedroom_window_closed,run_4,0,2245,0,False,False,False,0,0,0,0,0,0,448.8005330964016,67.0,68.0,40.0,-0.081533141299202,0.0789310197683764,-0.0468381875548616,-0.193375,0.22155,0.2842,-2.169921875,-0.8486328125,5.435546875,446.8533984895603,1.4330760492503,65.47333333333333,1.6207408475305962,67.14,1.519581362342335,0.0,-5.0,15.585364717355294,12.835947920881024,Good,16,0,2025-10-13 16:00:00+00:00,Abnormal
2025-10-13 16:25:06+00:00,448.8005330964016,40,65,66,25.1,53,1012.14,9.25,-0.0784532,0.0,8.9436648,-0.11375,0.25375,0.2975,-71.435546875,-33.30078125,261.03515625,bedroom_window_closed,run_4,0,2245,0,False,False,False,0,0,0,0,0,0,448.8005330964016,65.0,66.0,40.0,0.0919416274225043,-0.0078063645924767,0.0832678889864195,-0.035875,0.1427999999999999,0.2842,-0.55859375,-0.3115234375,2.75,446.8454020435362,1.4186745352702106,65.46666666666667,1.6206166142214002,67.12666666666667,1.5207586709016994,0.0,-10.0,14.845450725416438,12.27248323176746,Good,16,0,2025-10-13 16:00:00+00:00,Abnormal
2025-10-13 16:25:11+00:00,448.8005330964016,40,63,65,25.6,53,1012.19,8.83,-0.196133,0.0,8.9044382,0.0,-0.20125,0.14,-71.435546875,-33.30078125,261.03515625,bedroom_window_closed,run_4,0,2245,0,False,False,False,0,0,0,0,0,0,448.8005330964016,63.0,65.0,40.0,-0.0381644491187754,-0.0078063645924767,0.0398991968059918,0.077875,-0.3122,0.1267,-0.55859375,-0.3115234375,2.75,446.83740559751226,1.404079473006466,65.46,1.628727011457707,67.12,1.527905967098421,0.0,-10.0,15.307916743981709,12.622086832753196,Good,16,0,2025-10-13 16:00:00+00:00,Abnormal
2025-10-13 16:25:17+00:00,447.4011550422034,39,62,64,25.7,53,1012.2,8.75,-0.1569064,0.0,8.825985,0.07,0.06125,-0.27125,-72.509765625,-33.30078125,253.515625,bedroom_window_closed,run_4,0,2238,0,False,False,False,0,0,0,0,0,0,447.4011550422034,62.0,64.0,39.0,0.0052042430616511,-0.0078063645924767,-0.0468381875548616,0.147875,-0.0497,-0.2845499999999999,-1.6328125,-0.3115234375,-4.76953125,446.82007996446026,1.3806311640453388,65.44,1.6526570024614398,67.10666666666667,1.5463603800717298,-6.996890270990548,-5.0,15.4004020380279,12.693029542324105,Good,16,0,2025-10-13 16:00:00+00:00,Abnormal
2025-10-13 16:25:22+00:00,448.8005330964016,39,63,64,25.8,53,1012.22,8.58,-0.1569064,0.0,8.9044382,-0.07875,0.0875,0.44625,-70.361328125,-33.837890625,258.88671875,bedroom_window_closed,run_4,0,2245,0,False,False,False,0,0,0,0,0,0,448.8005330964016,63.0,64.0,39.0,0.0052042430616511,-0.0078063645924767,0.0398991968059918,-0.000875,-0.02345,0.43295,0.515625,-0.8486328125,0.6015625,446.81208351843634,1.3654802998976605,65.42,1.663948566577211,67.08666666666667,1.5670117188677957,6.996890270990548,5.0,15.49288469578152,12.764316112158095,Good,16,0,2025-10-13 16:00:00+00:00,Abnormal
2025-10-13 16:25:27+00:00,448.8005330964016,38,62,62,25.8,53,1012.18,8.91,-0.1569064,-0.0392266,8.7867584,-0.9625,-0.02625,0.035,-71.435546875,-33.30078125,268.5546875,bedroom_window_closed,run_4,0,2245,0,False,False,False,0,0,0,0,0,0,448.8005330964016,62.0,62.0,38.0,0.0052042430616511,-0.0511750567729033,-0.0902068797352873,-0.884625,-0.1372,0.0217,-0.55859375,-0.3115234375,10.26953125,446.8120835184362,1.3654802998976605,65.41333333333333,1.6756714237455768,67.06666666666666,1.61231280237632,0.0,-5.0,15.49288469578152,12.764316112158095,Good,16,0,2025-10-13 16:00:00+00:00,Abnormal
2025-10-13 16:25:33+00:00,447.4011550422034,38,64,64,25.8,53,1012.14,9.25,-0.1569064,0.0392266,8.7475318,-0.07875,0.32375,0.06125,-71.435546875,-33.30078125,268.5546875,bedroom_window_closed,run_4,0,2238,0,False,False,False,0,0,0,0,0,0,447.4011550422034,64.0,64.0,38.0,0.0052042430616511,0.0355623275879498,-0.1335755719157131,-0.000875,0.2128,0.04795,-0.55859375,-0.3115234375,10.26953125,446.80275433140815,1.356554927527062,65.42,1.6679771134539887,67.06666666666666,1.61231280237632,-6.996890270990548,10.0,15.49288469578152,12.764316112158095,Good,16,0,2025-10-13 16:00:00+00:00,Abnormal
2025-10-13 16:25:38+00:00,448.8005330964016,38,64,65,0.0,0,1012.19,8.83,-0.196133,0.0,8.7867584,0.28875,0.3325,0.09625,-71.435546875,-33.30078125,268.5546875,bedroom_window_closed,run_4,0,2245,0,False,False,False,0,0,0,0,0,0,448.8005330964016,64.0,65.0,38.0,-0.0381644491187754,-0.0078063645924767,-0.0902068797352873,0.366625,0.22155,0.08295,-0.55859375,-0.3115234375,10.26953125,446.80275433140827,1.356554927527062,65.42666666666666,1.6602201950935485,67.06666666666666,1.61231280237632,6.996890270990548,0.0,-96.07763018544566,0.0,Good,16,0,2025-10-13 16:00:00+00:00,Abnormal
2025-10-13 16:25:43+00:00,447.4011550422034,39,65,66,25.3,53,1012.2,8.75,-0.196133,0.0392266,8.9828914,-0.27125,0.06125,0.04375,-69.287109375,-33.30078125,265.869140625,bedroom_window_closed,run_4,0,2238,0,False,False,False,0,0,0,0,0,0,447.4011550422034,65.0,66.0,39.0,-0.0381644491187754,0.0355623275879498,0.1266365811668452,-0.193375,-0.0497,0.0304499999999999,1.58984375,-0.3115234375,7.583984375,446.7934251443802,1.347505420281529,65.43333333333334,1.6564564210144357,67.06666666666666,1.61231280237632,-6.996890270990548,5.0,15.030445042960366,12.411308142586114,Good,16,0,2025-10-13 16:00:00+00:00,Abnormal
2025-10-13 16:25:49+00:00,448.8005330964016,37,63,64,25.3,53,1012.17,9.0,-0.1569064,0.0,8.8652116,-0.25375,0.39375,-0.04375,-69.82421875,-34.375,268.5546875,bedroom_window_closed,run_4,0,2245,0,False,False,False,0,0,0,0,0,0,448.8005330964016,63.0,64.0,37.0,0.0052042430616511,-0.0078063645924767,-0.0034694953744339,-0.1758749999999999,0.2828,-0.05705,1.052734375,-1.3857421875,10.26953125,446.7934251443803,1.347505420281529,65.42,1.6679771134539887,67.04666666666667,1.6316363370754428,6.996890270990548,-10.0,15.030445042960366,12.411308142586114,Good,16,0,2025-10-13 16:00:00+00:00,Abnormal
2025-10-13 16:25:54+00:00,448.8005330964016,37,62,63,25.7,53,1012.21,8.66,-0.1176798,0.0,8.825985,-0.30625,0.18375,0.25375,-70.8984375,-33.30078125,244.384765625,bedroom_window_closed,run_4,0,2245,0,False,False,False,0,0,0,0,0,0,448.8005330964016,62.0,63.0,37.0,0.0485729352420777,-0.0078063645924767,-0.0468381875548616,-0.228375,0.0727999999999999,0.2404499999999999,-0.021484375,-0.3115234375,-13.900390625,446.7934251443802,1.347505420281529,65.4,1.690875631938714,67.02,1.6647550558483948,0.0,-5.0,15.4004020380279,12.693029542324105,Good,16,0,2025-10-13 16:00:00+00:00,Abnormal
2025-10-13 16:25:59+00:00,448.8005330964016,37,63,64,25.2,53,1012.17,9.0,-0.1569064,0.0392266,8.9044382,-0.39375,0.11375,0.0875,-70.8984375,-33.30078125,244.384765625,bedroom_window_closed,run_4,0,2245,0,False,False,False,0,0,0,0,0,0,448.8005330964016,63.0,64.0,37.0,0.0052042430616511,0.0355623275879498,0.0398991968059918,-0.315875,0.0027999999999999,0.0741999999999999,-0.021484375,-0.3115234375,-13.900390625,446.7934251443803,1.347505420281529,65.38,1.701440368881212,66.99333333333334,1.6809100549925398,0.0,5.0,14.937949202616542,12.341727172053483,Good,16,0,2025-10-13 16:00:00+00:00,Abnormal
2025-10-13 16:26:05+00:00,447.4011550422034,37,62,64,25.6,53,1012.22,8.58,-0.1176798,-0.0392266,8.9044382,0.11375,0.11375,0.21875,-71.97265625,-33.837890625,253.515625,bedroom_window_closed,run_4,0,2238,0,False,False,False,0,0,0,0,0,0,447.4011550422034,62.0,64.0,37.0,0.0485729352420777,-0.0511750567729033,0.0398991968059918,0.191625,0.0027999999999999,0.20545,-1.095703125,-0.8486328125,-4.76953125,446.78409595735224,1.3383292600399377,65.34666666666666,1.7183832992992347,66.96,1.6903992618399817,-6.996890270990548,-5.0,15.307916743981709,12.622086832753196,Good,16,0,2025-10-13 16:00:00+00:00,Abnormal
2025-10-13 16:26:10+00:00,447.4011550422034,38,62,64,25.5,53,1012.2,8.75,-0.196133,0.0392266,8.825985,-0.0875,0.14,0.035,-70.8984375,-33.837890625,260.498046875,bedroom_window_closed,run_4,0,2238,0,False,False,False,0,0,0,0,0,0,447.4011550422034,62.0,64.0,38.0,-0.0381644491187754,0.0355623275879498,-0.0468381875548616,-0.0096249999999999,0.02905,0.0217,-0.021484375,-0.8486328125,2.212890625,446.7747667703243,1.3290238234022709,65.31333333333333,1.734516030856183,66.92666666666666,1.699177324300781,0.0,0.0,15.215428813530206,12.551486609037784,Good,16,0,2025-10-13 16:00:00+00:00,Abnormal
2025-10-13 16:26:15+00:00,448.8005330964016,39,62,65,25.7,53,1012.13,9.33,-0.196133,-0.0392266,8.9436648,-0.27125,0.13125,0.0875,-70.8984375,-34.912109375,257.8125,bedroom_window_closed,run_4,0,2245,0,False,False,False,0,0,0,0,0,0,448.8005330964016,62.0,65.0,39.0,-0.0381644491187754,-0.0511750567729033,0.0832678889864195,-0.193375,0.0203,0.0741999999999999,-0.021484375,-1.9228515625,-0.47265625,446.7747667703243,1.3290238234022709,65.28666666666666,1.7545211651659258,66.90666666666667,1.704107421176227,6.996890270990548,0.0,15.4004020380279,12.693029542324105,Good,16,0,2025-10-13 16:00:00+00:00,Abnormal
2025-10-13 16:26:21+00:00,447.4011550422034,40,65,68,0.0,0,1012.17,9.0,-0.1569064,0.0392266,8.9044382,-0.35875,0.0525,0.35,-73.046875,-31.689453125,280.908203125,bedroom_window_closed,run_4,0,2238,0,False,False,False,0,0,0,0,0,0,447.4011550422034,65.0,68.0,40.0,0.0052042430616511,0.0355623275879498,0.0398991968059918,-0.280875,-0.05845,0.3367,-2.169921875,1.2998046875,22.623046875,446.76543758329626,1.3195863754841264,65.28666666666666,1.7545211651659258,66.92,1.704789935690562,-6.996890270990548,15.0,-96.07763018544566,0.0,Good,16,0,2025-10-13 16:00:00+00:00,Abnormal
2025-10-13 16:26:26+00:00,450.0,39,64,67,25.3,53,1012.24,8.41,-0.1569064,0.0392266,9.022118,-0.1925,0.13125,-0.09625,-73.046875,-31.689453125,280.908203125,bedroom_window_closed,run_4,0,2251,0,False,False,False,0,0,0,0,0,0,450.0,64.0,67.0,39.0,0.0052042430616511,0.0355623275879498,0.170005273347273,-0.114625,0.0203,-0.10955,-2.169921875,1.2998046875,22.623046875,446.7734340293203,1.3355392821730665,65.28,1.757515024232288,66.92666666666666,1.7031225435093942,12.994224788982647,-5.0,15.030445042960366,12.411308142586114,Good,16,0,2025-10-13 16:00:00+00:00,Abnormal
2025-10-13 16:26:31+00:00,448.8005330964016,39,65,68,25.2,53,1012.21,8.66,-0.1176798,-0.0392266,8.9436648,-0.20125,0.1225,-0.07875,-70.8984375,-33.837890625,253.515625,bedroom_window_closed,run_4,0,2245,0,False,False,False,0,0,0,0,0,0,448.8005330964016,65.0,68.0,39.0,0.0485729352420777,-0.0511750567729033,0.0832678889864195,-0.123375,0.0115499999999999,-0.09205,-0.021484375,-0.8486328125,-4.76953125,446.7734340293203,1.3355392821730665,65.28666666666666,1.7545211651659258,66.94,1.703647882451703,-5.997334517992101,5.0,14.937949202616542,12.341727172053483,Good,16,0,2025-10-13 16:00:00+00:00,Abnormal
2025-10-13 16:26:37+00:00,448.8005330964016,40,65,68,25.6,53,1012.15,9.16,-0.1176798,0.0,8.9436648,-0.035,-0.07,-0.23625,-70.8984375,-33.837890625,263.720703125,bedroom_window_closed,run_4,0,2245,0,False,False,False,0,0,0,0,0,0,448.8005330964016,65.0,68.0,40.0,0.0485729352420777,-0.0078063645924767,0.0832678889864195,0.0428749999999999,-0.18095,-0.24955,-0.021484375,-0.8486328125,5.435546875,446.7734340293203,1.3355392821730665,65.29333333333334,1.751496643493662,66.94,1.703647882451703,0.0,0.0,15.307916743981709,12.622086832753196,Good,16,0,2025-10-13 16:00:00+00:00,Abnormal
2025-10-13 16:26:42+00:00,447.4011550422034,40,66,68,25.5,53,1012.17,9.0,-0.1569064,-0.0784532,8.825985,-0.06125,-2.23125,0.175,-70.8984375,-34.375,263.720703125,bedroom_window_closed,run_4,0,2238,0,False,False,False,0,0,0,0,0,0,447.4011550422034,66.0,68.0,40.0,0.0052042430616511,-0.09454374895333,-0.0468381875548616,0.016625,-2.3422,0.1616999999999999,-0.021484375,-1.3857421875,5.435546875,446.76410484229234,1.3261387633835982,65.3,1.7522756057930102,66.94,1.703647882451703,-6.996890270990548,5.0,15.215428813530206,12.551486609037784,Good,16,0,2025-10-13 16:00:00+00:00,Abnormal
2025-10-13 16:26:47+00:00,447.4011550422034,40,66,68,25.2,53,1012.22,8.58,-0.196133,0.0,8.8652116,0.09625,0.07875,0.06125,-71.97265625,-31.689453125,265.33203125,bedroom_window_closed,run_4,0,2238,0,False,False,False,0,0,0,0,0,0,447.4011550422034,66.0,68.0,40.0,-0.0381644491187754,-0.0078063645924767,-0.0034694953744339,0.174125,-0.0322,0.04795,-1.095703125,1.2998046875,7.046875,446.7547756552644,1.3166045836053455,65.3,1.7522756057930102,66.93333333333334,1.6974780609296332,0.0,0.0,14.937949202616542,12.341727172053483,Good,16,0,2025-10-13 16:00:00+00:00,Abnormal
2025-10-13 16:26:53+00:00,447.4011550422034,39,65,67,25.9,53,1012.18,8.91,-0.1569064,-0.1569064,8.7867584,-0.13125,-0.1925,0.32375,-71.97265625,-31.689453125,265.33203125,bedroom_window_closed,run_4,0,2238,0,False,False,False,0,0,0,0,0,0,447.4011550422034,65.0,67.0,39.0,0.0052042430616511,-0.1812811333141832,-0.0902068797352873,-0.053375,-0.30345,0.31045,-1.095703125,1.2998046875,7.046875,446.7454464682363,1.3069338176409058,65.3,1.7522756057930102,66.93333333333334,1.6974780609296332,0.0,-5.0,15.585364717355294,12.835947920881024,Good,16,0,2025-10-13 16:00:00+00:00,Abnormal
2025-10-13 16:26:58+00:00,448.8005330964016,40,66,69,25.1,53,1012.22,8.58,-0.2353596,0.0,8.8652116,-0.14875,0.0875,0.105,-71.97265625,-32.2265625,261.03515625,bedroom_window_closed,run_4,0,2245,0,False,False,False,0,0,0,0,0,0,448.8005330964016,66.0,69.0,40.0,-0.081533141299202,-0.0078063645924767,-0.0034694953744339,-0.070875,-0.02345,0.0916999999999999,-1.095703125,0.7626953125,2.75,446.7454464682363,1.3069338176409058,65.30666666666667,1.7530286990481208,66.94,1.703647882451703,6.996890270990548,5.0,14.845450725416438,12.27248323176746,Good,16,0,2025-10-13 16:00:00+00:00,Abnormal
2025-10-13 16:27:03+00:00,447.4011550422034,38,66,69,25.5,53,1012.19,8.83,-0.1176798,-0.0392266,8.825985,0.02625,0.21875,-0.0175,-70.8984375,-34.375,264.2578125,bedroom_window_closed,run_4,0,2238,0,False,False,False,0,0,0,0,0,0,447.4011550422034,66.0,69.0,38.0,0.0485729352420777,-0.0511750567729033,-0.0468381875548616,0.104125,0.1077999999999999,-0.0308,-0.021484375,-1.3857421875,5.97265625,446.7454464682363,1.3069338176409058,65.31333333333333,1.7537559565848435,66.95333333333333,1.7119268419835805,-6.996890270990548,0.0,15.215428813530206,12.551486609037784,Good,16,0,2025-10-13 16:00:00+00:00,Abnormal
2025-10-13 16:27:09+00:00,447.4011550422034,37,65,68,25.7,53,1012.26,8.25,-0.1569064,0.0,8.9436648,-0.1225,0.0875,0.14875,-71.97265625,-33.30078125,266.943359375,bedroom_window_closed,run_4,0,2238,0,False,False,False,0,0,0,0,0,0,447.4011550422034,65.0,68.0,37.0,0.0052042430616511,-0.0078063645924767,0.0832678889864195,-0.044625,-0.02345,0.13545,-1.095703125,-0.3115234375,8.658203125,446.7454464682363,1.3069338176409058,65.31333333333333,1.7537559565848435,66.96,1.714055593375207,0.0,-5.0,15.4004020380279,12.693029542324105,Good,16,0,2025-10-13 16:00:00+00:00,Abnormal
2025-10-13 16:27:14+00:00,448.8005330964016,38,65,68,25.1,53,1012.18,8.91,-0.2353596,0.0,8.825985,0.00875,0.1575,0.00875,-71.97265625,-33.30078125,266.943359375,bedroom_window_closed,run_4,0,2245,0,False,False,False,0,0,0,0,0,0,448.8005330964016,65.0,68.0,38.0,-0.081533141299202,-0.0078063645924767,-0.0468381875548616,0.086625,0.0465499999999999,-0.00455,-1.095703125,-0.3115234375,8.658203125,446.7454464682363,1.3069338176409058,65.32,1.7506278835254316,66.97333333333333,1.7143166077965195,6.996890270990548,0.0,14.845450725416438,12.27248323176746,Good,16,0,2025-10-13 16:00:00+00:00,Abnormal
2025-10-13 16:27:19+00:00,447.4011550422034,36,63,66,25.4,53,1012.19,8.83,-0.1176798,0.0,8.8652116,-0.175,-0.035,-0.16625,-71.97265625,-33.30078125,266.943359375,bedroom_window_closed,run_4,0,2238,0,False,False,False,0,0,0,0,0,0,447.4011550422034,63.0,66.0,36.0,0.0485729352420777,-0.0078063645924767,-0.0034694953744339,-0.0971249999999999,-0.14595,-0.17955,-1.095703125,-0.3115234375,8.658203125,446.7454464682363,1.3069338176409058,65.32,1.7506278835254316,66.97333333333333,1.7143166077965195,-6.996890270990548,-10.0,15.122938246560675,12.481227500980506,Good,16,0,2025-10-13 16:00:00+00:00,Abnormal
2025-10-13 16:27:25+00:00,447.4011550422034,36,64,65,25.4,53,1012.19,8.83,-0.1569064,0.0392266,8.9828914,-0.21,-0.00875,0.1575,-72.509765625,-32.763671875,261.572265625,bedroom_window_closed,run_4,0,2238,0,False,False,False,0,0,0,0,0,0,447.4011550422034,64.0,65.0,36.0,0.0052042430616511,0.0355623275879498,0.1266365811668452,-0.132125,-0.1197,0.1442,-1.6328125,0.2255859375,3.287109375,446.7454464682363,1.3069338176409058,65.31333333333333,1.7537559565848435,66.95333333333333,1.71974973466716,0.0,5.0,15.122938246560675,12.481227500980506,Good,16,0,2025-10-13 16:00:00+00:00,Abnormal
2025-10-13 16:27:30+00:00,447.4011550422034,38,67,67,25.4,53,1012.26,8.25,-0.1176798,-0.0392266,8.9436648,0.5162500000000001,0.13125,-0.04375,-71.435546875,-32.763671875,261.572265625,bedroom_window_closed,run_4,0,2238,0,False,False,False,0,0,0,0,0,0,447.4011550422034,67.0,67.0,38.0,0.0485729352420777,-0.0511750567729033,0.0832678889864195,0.5941250000000001,0.0203,-0.05705,-0.55859375,0.2255859375,3.287109375,446.7454464682363,1.3069338176409058,65.32666666666667,1.7589528102862428,66.94,1.7115086166788829,0.0,15.0,15.122938246560675,12.481227500980506,Good,16,0,2025-10-13 16:00:00+00:00,Abnormal
2025-10-13 16:27:35+00:00,447.4011550422034,39,67,67,25.6,53,1012.17,9.0,-0.196133,0.0,8.825985,-0.11375,-0.11375,0.07,-71.97265625,-33.30078125,265.869140625,bedroom_window_closed,run_4,0,2238,0,False,False,False,0,0,0,0,0,0,447.4011550422034,67.0,67.0,39.0,-0.0381644491187754,-0.0078063645924767,-0.0468381875548616,-0.035875,-0.2247,0.0567,-1.095703125,-0.3115234375,7.583984375,446.74544646823625,1.3069338176409058,65.33333333333333,1.763411377642906,66.92666666666666,1.703122543509394,0.0,0.0,15.307916743981709,12.622086832753196,Good,16,0,2025-10-13 16:00:00+00:00,Abnormal
2025-10-13 16:27:41+00:00,447.4011550422034,37,66,66,25.1,53,1012.18,8.91,-0.2745862,0.0,8.9436648,-0.105,0.0525,0.035,-71.97265625,-33.30078125,265.869140625,bedroom_window_closed,run_4,0,2238,0,False,False,False,0,0,0,0,0,0,447.4011550422034,66.0,66.0,37.0,-0.1249018334796286,-0.0078063645924767,0.0832678889864195,-0.0271249999999999,-0.05845,0.0217,-1.095703125,-0.3115234375,7.583984375,446.7454464682363,1.3069338176409058,65.32666666666667,1.7589528102862428,66.9,1.685906841789973,0.0,-5.0,14.845450725416438,12.27248323176746,Good,16,0,2025-10-13 16:00:00+00:00,Abnormal
2025-10-13 16:27:46+00:00,447.4011550422034,37,68,69,25.9,53,1012.16,9.08,-0.196133,0.0,8.9436648,-0.09625,0.0875,-0.00875,-71.435546875,-32.763671875,281.982421875,bedroom_window_closed,run_4,0,2238,0,False,False,False,0,0,0,0,0,0,447.4011550422034,68.0,69.0,37.0,-0.0381644491187754,-0.0078063645924767,0.0832678889864195,-0.018375,-0.02345,-0.02205,-0.55859375,0.2255859375,23.697265625,446.7454464682363,1.3069338176409058,65.33333333333333,1.76721320320792,66.90666666666667,1.6922510589543298,0.0,10.0,15.585364717355294,12.835947920881024,Good,16,0,2025-10-13 16:00:00+00:00,Abnormal
2025-10-13 16:27:51+00:00,447.4011550422034,39,70,70,25.8,53,1012.27,8.16,-0.1176798,0.0,8.9044382,0.34125,0.2275,0.16625,-71.97265625,-34.375,258.349609375,bedroom_window_closed,run_4,0,2238,0,False,False,False,0,0,0,0,0,0,447.4011550422034,70.0,70.0,39.0,0.0485729352420777,-0.0078063645924767,0.0398991968059918,0.4191249999999999,0.11655,0.15295,-1.095703125,-1.3857421875,0.064453125,446.75477565526427,1.306584201148343,65.35333333333334,1.802819070109959,66.92,1.7087221961523693,0.0,10.0,15.49288469578152,12.764316112158095,Good,16,0,2025-10-13 16:00:00+00:00,Abnormal
2025-10-13 16:27:57+00:00,446.0017769880053,38,68,68,25.7,53,1012.16,9.08,-0.196133,0.0,8.9044382,-0.06125,0.14,0.04375,-70.8984375,-33.30078125,264.2578125,bedroom_window_closed,run_4,0,2231,0,False,False,False,0,0,0,0,0,0,446.0017769880053,68.0,68.0,38.0,-0.0381644491187754,-0.0078063645924767,0.0398991968059918,0.016625,0.02905,0.0304499999999999,-0.021484375,-0.3115234375,5.97265625,446.7454464682363,1.3069338176409058,65.37333333333333,1.8154691987562557,66.92666666666666,1.7109856912884458,-6.996890270990832,-10.0,15.4004020380279,12.693029542324105,Good,16,0,2025-10-13 16:00:00+00:00,Abnormal
2025-10-13 16:28:02+00:00,447.4011550422034,39,68,68,0.0,0,1012.31,7.83,-0.1176798,0.0,8.7867584,-0.25375,0.25375,0.56,-69.82421875,-28.466796875,242.7734375,bedroom_window_closed,run_4,0,2238,0,False,False,False,0,0,0,0,0,0,447.4011550422034,68.0,68.0,39.0,0.0485729352420777,-0.0078063645924767,-0.0902068797352873,-0.1758749999999999,0.1427999999999999,0.5467000000000001,1.052734375,4.5224609375,-15.51171875,446.7454464682363,1.3069338176409058,65.39333333333333,1.827811493175844,66.94,1.711508616678883,6.996890270990832,0.0,-96.07763018544566,0.0,Good,16,0,2025-10-13 16:00:00+00:00,Abnormal
2025-10-13 16:28:07+00:00,446.0017769880053,38,66,66,25.1,53,1012.25,8.33,-0.196133,-0.0392266,8.9436648,0.035,-0.11375,-0.00875,-69.82421875,-28.466796875,242.7734375,bedroom_window_closed,run_4,0,2231,0,False,False,False,0,0,0,0,0,0,446.0017769880053,66.0,66.0,38.0,-0.0381644491187754,-0.0511750567729033,0.0832678889864195,0.112875,-0.2247,-0.02205,1.052734375,4.5224609375,-15.51171875,446.7454464682363,1.3069338176409058,65.41333333333333,1.817833605052878,66.95333333333333,1.6961728205392546,-6.996890270990832,-10.0,14.845450725416438,12.27248323176746,Good,16,0,2025-10-13 16:00:00+00:00,Abnormal
2025-10-13 16:28:13+00:00,446.0017769880053,39,65,65,25.9,53,1012.21,8.66,-0.1569064,-0.0784532,8.9044382,-0.09625,0.13125,0.13125,-72.509765625,-33.30078125,260.498046875,bedroom_window_closed,run_4,0,2231,0,False,False,False,0,0,0,0,0,0,446.0017769880053,65.0,65.0,39.0,0.0052042430616511,-0.09454374895333,0.0398991968059918,-0.018375,0.0203,0.11795,-1.6328125,-0.3115234375,2.212890625,446.7454464682363,1.3069338176409058,65.42,1.8144461317714176,66.94666666666667,1.7019005036677115,0.0,-5.0,15.585364717355294,12.835947920881024,Good,16,0,2025-10-13 16:00:00+00:00,Abnormal
2025-10-13 16:28:18+00:00,446.0017769880053,38,63,65,25.6,53,1012.21,8.66,-0.1569064,0.0,8.9044382,-0.04375,0.07,0.0175,-70.361328125,-32.763671875,272.8515625,bedroom_window_closed,run_4,0,2231,0,False,False,False,0,0,0,0,0,0,446.0017769880053,63.0,65.0,38.0,0.0052042430616511,-0.0078063645924767,0.0398991968059918,0.034125,-0.04095,0.0042,0.515625,0.2255859375,14.56640625,446.7454464682363,1.3069338176409058,65.41333333333333,1.8215218457244728,66.93333333333334,1.7092981670010838,0.0,-10.0,15.307916743981709,12.622086832753196,Good,16,0,2025-10-13 16:00:00+00:00,Abnormal
2025-10-13 16:28:23+00:00,447.4011550422034,39,65,67,25.1,53,1012.24,8.41,-0.1569064,0.0,8.825985,-0.16625,-0.07875,-0.58625,-69.82421875,-32.763671875,262.646484375,bedroom_window_closed,run_4,0,2238,0,False,False,False,0,0,0,0,0,0,447.4011550422034,65.0,67.0,39.0,0.0052042430616511,-0.0078063645924767,-0.0468381875548616,-0.088375,-0.1897,-0.59955,1.052734375,0.2255859375,4.361328125,446.75477565526427,1.306584201148343,65.42,1.8181412442085485,66.93333333333334,1.7092981670010838,6.996890270990832,10.0,14.845450725416438,12.27248323176746,Good,16,0,2025-10-13 16:00:00+00:00,Abnormal
2025-10-13 16:28:29+00:00,447.4011550422034,40,66,68,25.6,53,1012.21,8.66,-0.196133,0.0,8.9828914,-0.07,0.1225,-0.20125,-69.287109375,-32.763671875,248.681640625,bedroom_window_closed,run_4,0,2238,0,False,False,False,0,0,0,0,0,0,447.4011550422034,66.0,68.0,40.0,-0.0381644491187754,-0.0078063645924767,0.1266365811668452,0.0078749999999999,0.0115499999999999,-0.21455,1.58984375,0.2255859375,-9.603515625,446.7641048422922,1.3061674126957368,65.42666666666666,1.8184242262646688,66.94666666666667,1.7097692715592658,0.0,5.0,15.307916743981709,12.622086832753196,Good,16,0,2025-10-13 16:00:00+00:00,Abnormal
2025-10-13 16:28:34+00:00,447.4011550422034,39,64,66,25.6,53,1012.19,8.83,-0.1569064,0.0,8.9044382,-0.11375,0.2625,0.035,-69.287109375,-32.763671875,248.681640625,bedroom_window_closed,run_4,0,2238,0,False,False,False,0,0,0,0,0,0,447.4011550422034,64.0,66.0,39.0,0.0052042430616511,-0.0078063645924767,0.0398991968059918,-0.035875,0.15155,0.0217,1.58984375,0.2255859375,-9.603515625,446.7734340293203,1.30568338795701,65.42666666666666,1.8184242262646688,66.95333333333333,1.704068036998518,0.0,-10.0,15.307916743981709,12.622086832753196,Good,16,0,2025-10-13 16:00:00+00:00,Abnormal
2025-10-13 16:28:39+00:00,447.4011550422034,39,65,66,25.6,53,1012.22,8.58,-0.1569064,0.0,8.8652116,-0.30625,0.21875,-0.3675,-70.361328125,-34.375,259.423828125,bedroom_window_closed,run_4,0,2238,0,False,False,False,0,0,0,0,0,0,447.4011550422034,65.0,66.0,39.0,0.0052042430616511,-0.0078063645924767,-0.0034694953744339,-0.228375,0.1077999999999999,-0.3807999999999999,0.515625,-1.3857421875,1.138671875,446.78276321634826,1.305132052125882,65.42666666666666,1.8184242262646688,66.95333333333333,1.704068036998518,0.0,5.0,15.307916743981709,12.622086832753196,Good,16,0,2025-10-13 16:00:00+00:00,Abnormal
2025-10-13 16:28:45+00:00,446.0017769880053,40,67,69,25.8,53,1012.21,8.66,-0.196133,0.0784532,8.7867584,-0.23625,0.175,-0.105,-70.361328125,-33.30078125,260.498046875,bedroom_window_closed,run_4,0,2231,0,False,False,False,0,0,0,0,0,0,446.0017769880053,67.0,69.0,40.0,-0.0381644491187754,0.0789310197683764,-0.0902068797352873,-0.158375,0.0640499999999999,-0.1183,0.515625,-0.3115234375,2.212890625,446.7827632163484,1.305132052125882,65.44,1.822602313899132,66.96666666666667,1.712240443923468,-6.996890270990832,10.0,15.49288469578152,12.764316112158095,Good,16,0,2025-10-13 16:00:00+00:00,Abnormal
2025-10-13 16:28:50+00:00,447.4011550422034,40,65,67,25.4,53,1012.21,8.66,-0.196133,0.0392266,8.8652116,-0.37625,0.07875,0.23625,-71.97265625,-32.2265625,257.275390625,bedroom_window_closed,run_4,0,2238,0,False,False,False,0,0,0,0,0,0,447.4011550422034,65.0,67.0,40.0,-0.0381644491187754,0.0355623275879498,-0.0034694953744339,-0.2983749999999999,-0.0322,0.2229499999999999,-1.095703125,0.7626953125,-1.009765625,446.78276321634826,1.305132052125882,65.44666666666667,1.8191253398918772,66.98,1.7045930845489927,6.996890270990832,-10.0,15.122938246560675,12.481227500980506,Good,16,0,2025-10-13 16:00:00+00:00,Abnormal
2025-10-13 16:28:55+00:00,446.0017769880053,38,64,66,25.1,53,1012.17,9.0,-0.1176798,0.0,8.8652116,0.105,0.0175,0.25375,-71.97265625,-32.2265625,257.275390625,bedroom_window_closed,run_4,0,2231,0,False,False,False,0,0,0,0,0,0,446.0017769880053,64.0,66.0,38.0,0.0485729352420777,-0.0078063645924767,-0.0034694953744339,0.182875,-0.09345,0.2404499999999999,-1.095703125,0.7626953125,-1.009765625,446.78276321634826,1.305132052125882,65.44666666666667,1.8191253398918772,66.98666666666666,1.698742790816451,-6.996890270990832,-5.0,14.845450725416438,12.27248323176746,Good,16,0,2025-10-13 16:00:00+00:00,Abnormal
2025-10-13 16:29:01+00:00,446.0017769880053,39,64,67,25.9,53,1012.19,8.83,-0.1569064,0.0,8.9044382,0.035,0.14875,-0.0875,-71.97265625,-32.2265625,257.275390625,bedroom_window_closed,run_4,0,2231,0,False,False,False,0,0,0,0,0,0,446.0017769880053,64.0,67.0,39.0,0.0052042430616511,-0.0078063645924767,0.0398991968059918,0.112875,0.0377999999999999,-0.1008,-1.095703125,0.7626953125,-1.009765625,446.7827632163484,1.305132052125882,65.44666666666667,1.8191253398918772,67.0,1.6908756319387308,0.0,0.0,15.585364717355294,12.835947920881024,Good,16,0,2025-10-13 16:00:00+00:00,Abnormal
2025-10-13 16:29:06+00:00,446.0017769880053,39,64,67,25.2,53,1012.2,8.75,-0.1569064,0.0784532,8.8652116,-0.105,0.1925,0.105,-71.435546875,-33.837890625,268.017578125,bedroom_window_closed,run_4,0,2231,0,False,False,False,0,0,0,0,0,0,446.0017769880053,64.0,67.0,39.0,0.0052042430616511,0.0789310197683764,-0.0034694953744339,-0.0271249999999999,0.08155,0.0916999999999999,-0.55859375,-0.8486328125,9.732421875,446.7827632163484,1.305132052125882,65.42666666666666,1.8184242262646688,66.99333333333334,1.6888766238416943,0.0,0.0,14.937949202616542,12.341727172053483,Good,16,0,2025-10-13 16:00:00+00:00,Abnormal
2025-10-13 16:29:12+00:00,446.0017769880053,38,64,65,25.0,53,1012.2,8.75,-0.1569064,-0.0392266,8.7867584,-0.30625,-0.14875,0.00875,-70.8984375,-33.30078125,266.943359375,bedroom_window_closed,run_4,0,2231,0,False,False,False,0,0,0,0,0,0,446.0017769880053,64.0,65.0,38.0,0.0052042430616511,-0.0511750567729033,-0.0902068797352873,-0.228375,-0.2597,-0.00455,-0.021484375,-0.3115234375,8.658203125,446.7827632163484,1.305132052125882,65.40666666666667,1.817501296276915,66.97333333333333,1.6946289675935664,0.0,0.0,14.752949611247312,12.203574968290896,Good,16,0,2025-10-13 16:00:00+00:00,Abnormal
2025-10-13 16:29:17+00:00,446.0017769880053,38,63,64,25.3,53,1012.24,8.41,-0.1569064,0.0,8.8652116,-0.28,0.0175,-0.1225,-71.97265625,-33.837890625,254.052734375,bedroom_window_closed,run_4,0,2231,0,False,False,False,0,0,0,0,0,0,446.0017769880053,63.0,64.0,38.0,0.0052042430616511,-0.0078063645924767,-0.0034694953744339,-0.202125,-0.09345,-0.1358,-1.095703125,-0.8486328125,-4.232421875,446.78276321634826,1.305132052125882,65.37333333333333,1.8154691987562563,66.94,1.7036478824517027,0.0,-5.0,15.030445042960366,12.411308142586114,Good,16,0,2025-10-13 16:00:00+00:00,Abnormal
2025-10-13 16:29:22+00:00,446.0017769880053,38,63,64,25.9,53,1012.23,8.5,-0.196133,0.0392266,8.8652116,-2.1612500000000003,-0.0175,0.1225,-71.97265625,-33.837890625,254.052734375,bedroom_window_closed,run_4,0,2231,0,False,False,False,0,0,0,0,0,0,446.0017769880053,63.0,64.0,38.0,-0.0381644491187754,0.0355623275879498,-0.0034694953744339,-2.083375,-0.12845,0.1091999999999999,-1.095703125,-0.8486328125,-4.232421875,446.78276321634826,1.305132052125882,65.34,1.812817896213455,66.90666666666667,1.7119660453676588,0.0,0.0,15.585364717355294,12.835947920881024,Good,16,0,2025-10-13 16:00:00+00:00,Abnormal
2025-10-13 16:29:28+00:00,447.4011550422034,39,64,66,25.1,53,1012.24,8.41,-0.1176798,0.0,8.825985,-0.14,0.035,0.16625,-69.82421875,-33.30078125,262.109375,bedroom_window_closed,run_4,0,2238,0,False,False,False,0,0,0,0,0,0,447.4011550422034,64.0,66.0,39.0,0.0485729352420777,-0.0078063645924767,-0.0468381875548616,-0.062125,-0.07595,0.15295,1.052734375,-0.3115234375,3.82421875,446.7920924033763,1.3045133198578442,65.31333333333333,1.8028190701099556,66.88,1.694523353622711,6.996890270990832,5.0,14.845450725416438,12.27248323176746,Good,16,0,2025-10-13 16:00:00+00:00,Abnormal
2025-10-13 16:29:33+00:00,446.0017769880053,39,63,65,25.3,53,1012.21,8.66,-0.196133,0.0,8.8652116,-0.1225,-0.035,0.1925,-71.97265625,-33.30078125,261.572265625,bedroom_window_closed,run_4,0,2231,0,False,False,False,0,0,0,0,0,0,446.0017769880053,63.0,65.0,39.0,-0.0381644491187754,-0.0078063645924767,-0.0034694953744339,-0.044625,-0.14595,0.1792,-1.095703125,-0.3115234375,3.287109375,446.7920924033762,1.3045133198578442,65.28666666666666,1.8072808254674897,66.85333333333334,1.6924096901411645,-6.996890270990832,-5.0,15.030445042960366,12.411308142586114,Good,16,0,2025-10-13 16:00:00+00:00,Abnormal
2025-10-13 16:29:38+00:00,447.4011550422034,40,64,66,25.1,53,1012.26,8.25,-0.1569064,0.0784532,8.9044382,0.0525,-0.0525,0.2275,-70.361328125,-33.837890625,257.275390625,bedroom_window_closed,run_4,0,2238,0,False,False,False,0,0,0,0,0,0,447.4011550422034,64.0,66.0,40.0,0.0052042430616511,0.0789310197683764,0.0398991968059918,0.130375,-0.16345,0.2142,0.515625,-0.8486328125,-1.009765625,446.7920924033763,1.3045133198578442,65.26666666666667,1.8047910387387895,66.83333333333333,1.6845793558819282,6.996890270990832,5.0,14.845450725416438,12.27248323176746,Good,16,0,2025-10-13 16:00:00+00:00,Abnormal
2025-10-13 16:29:44+00:00,446.0017769880053,40,66,69,25.8,53,1012.24,8.41,-0.1176798,0.0,8.825985,-0.14,0.07,0.25375,-70.361328125,-33.837890625,257.275390625,bedroom_window_closed,run_4,0,2231,0,False,False,False,0,0,0,0,0,0,446.0017769880053,66.0,69.0,40.0,0.0485729352420777,-0.0078063645924767,-0.0468381875548616,-0.062125,-0.04095,0.2404499999999999,0.515625,-0.8486328125,-1.009765625,446.80142159040423,1.293707748800864,65.26,1.8001864183853653,66.83333333333333,1.6845793558819282,-6.996890270990832,10.0,15.49288469578152,12.764316112158095,Good,16,0,2025-10-13 16:00:00+00:00,Abnormal
2025-10-13 16:29:49+00:00,446.0017769880053,40,67,70,0.0,0,1012.26,8.25,-0.1569064,0.0,8.9044382,-0.00875,0.1575,-0.1225,-69.82421875,-33.30078125,267.48046875,bedroom_window_closed,run_4,0,2231,0,False,False,False,0,0,0,0,0,0,446.0017769880053,67.0,70.0,40.0,0.0052042430616511,-0.0078063645924767,0.0398991968059918,0.0691249999999999,0.0465499999999999,-0.1358,1.052734375,-0.3115234375,9.1953125,446.80142159040435,1.293707748800864,65.26666666666667,1.8047910387387895,66.85333333333334,1.7042649487857078,0.0,5.0,-96.07763018544566,0.0,Good,16,0,2025-10-13 16:00:00+00:00,Abnormal
2025-10-13 16:29:54+00:00,446.0017769880053,39,66,69,25.8,53,1012.24,8.41,-0.196133,0.0392266,8.825985,-0.0875,-0.07875,0.23625,-69.287109375,-32.763671875,264.2578125,bedroom_window_closed,run_4,0,2231,0,False,False,False,0,0,0,0,0,0,446.0017769880053,66.0,69.0,39.0,-0.0381644491187754,0.0355623275879498,-0.0468381875548616,-0.0096249999999999,-0.1897,0.2229499999999999,1.58984375,0.2255859375,5.97265625,446.8107507774322,1.2827428585765206,65.26,1.8001864183853653,66.86,1.710724168651291,0.0,-5.0,15.49288469578152,12.764316112158095,Good,16,0,2025-10-13 16:00:00+00:00,Abnormal
2025-10-13 16:30:00+00:00,446.0017769880053,40,68,70,25.5,53,1012.2,8.75,-0.196133,0.0,8.8652116,0.0875,0.07,0.0175,-69.287109375,-33.30078125,269.62890625,bedroom_window_closed,run_4,0,2231,0,False,False,False,0,0,0,0,0,0,446.0017769880053,68.0,70.0,40.0,-0.0381644491187754,-0.0078063645924767,-0.0034694953744339,0.165375,-0.04095,0.0042,1.58984375,-0.3115234375,11.34375,446.82007996446015,1.2716145278548552,65.28,1.8138912156690707,66.89333333333333,1.7229079003560306,0.0,10.0,15.215428813530206,12.551486609037784,Good,16,0,2025-10-13 16:00:00+00:00,Abnormal
2025-10-13 16:30:05+00:00,446.0017769880053,40,68,70,25.7,53,1012.22,8.58,-0.196133,-0.0392266,8.7475318,-0.02625,0.11375,0.14875,-70.361328125,-32.2265625,270.703125,bedroom_window_closed,run_4,0,2231,0,False,False,False,0,0,0,0,0,0,446.0017769880053,68.0,70.0,40.0,-0.0381644491187754,-0.0511750567729033,-0.1335755719157131,0.051625,0.0027999999999999,0.13545,0.515625,0.7626953125,12.41796875,446.82007996446026,1.2716145278548552,65.3,1.827272879045763,66.92666666666666,1.7343612508775317,0.0,0.0,15.4004020380279,12.693029542324105,Good,16,0,2025-10-13 16:00:00+00:00,Abnormal
2025-10-13 16:30:10+00:00,446.0017769880053,39,67,68,25.6,53,1012.21,8.66,-0.1569064,0.0392266,8.9044382,0.07,0.07875,0.02625,-70.361328125,-32.2265625,270.703125,bedroom_window_closed,run_4,0,2231,0,False,False,False,0,0,0,0,0,0,446.0017769880053,67.0,68.0,39.0,0.0052042430616511,0.0355623275879498,0.0398991968059918,0.147875,-0.0322,0.0129499999999999,0.515625,0.7626953125,12.41796875,446.82007996446026,1.2716145278548552,65.3,1.827272879045763,66.93333333333334,1.7365655631898516,0.0,-5.0,15.307916743981709,12.622086832753196,Good,16,0,2025-10-13 16:00:00+00:00,Abnormal
2025-10-13 16:30:16+00:00,446.0017769880053,40,68,69,25.1,53,1012.24,8.41,-0.196133,0.0,8.9044382,0.13125,0.0175,-0.0525,-70.8984375,-32.2265625,265.33203125,bedroom_window_closed,run_4,0,2231,0,False,False,False,0,0,0,0,0,0,446.0017769880053,68.0,69.0,40.0,-0.0381644491187754,-0.0078063645924767,0.0398991968059918,0.209125,-0.09345,-0.0658,-0.021484375,0.7626953125,7.046875,446.82007996446026,1.2716145278548552,65.3,1.827272879045763,66.94,1.74259699738684,0.0,5.0,14.845450725416438,12.27248323176746,Good,16,0,2025-10-13 16:00:00+00:00,Abnormal
2025-10-13 16:30:21+00:00,446.0017769880053,40,67,69,25.4,53,1012.24,8.41,-0.1569064,0.0,8.8652116,-0.09625,0.1925,-0.1575,-70.8984375,-32.763671875,264.794921875,bedroom_window_closed,run_4,0,2231,0,False,False,False,0,0,0,0,0,0,446.0017769880053,67.0,69.0,40.0,0.0052042430616511,-0.0078063645924767,-0.0034694953744339,-0.018375,0.08155,-0.1708,-0.021484375,0.2255859375,6.509765625,446.8294091514882,1.260318427213848,65.28666666666666,1.8072808254674897,66.93333333333334,1.732696492887586,0.0,-5.0,15.122938246560675,12.481227500980506,Good,16,0,2025-10-13 16:00:00+00:00,Abnormal
2025-10-13 16:30:26+00:00,446.0017769880053,40,66,69,25.5,53,1012.21,8.66,-0.196133,-0.0392266,8.9044382,-0.0875,0.0525,-0.3325,-71.97265625,-33.837890625,259.9609375,bedroom_window_closed,run_4,0,2231,0,False,False,False,0,0,0,0,0,0,446.0017769880053,66.0,69.0,40.0,-0.0381644491187754,-0.0511750567729033,0.0398991968059918,-0.0096249999999999,-0.05845,-0.3458,-1.095703125,-0.8486328125,1.67578125,446.8387383385163,1.2488500041233326,65.28,1.802757023535224,66.94,1.7387413483637193,0.0,-5.0,15.215428813530206,12.551486609037784,Good,16,0,2025-10-13 16:00:00+00:00,Abnormal
2025-10-13 16:30:32+00:00,446.0017769880053,40,66,69,25.9,53,1012.22,8.58,-0.196133,0.0392266,8.825985,-0.07,2.1612500000000003,0.2275,-71.97265625,-33.837890625,265.33203125,bedroom_window_closed,run_4,0,2231,0,False,False,False,0,0,0,0,0,0,446.0017769880053,66.0,69.0,40.0,-0.0381644491187754,0.0355623275879498,-0.0468381875548616,0.0078749999999999,2.0503000000000005,0.2142,-1.095703125,-0.8486328125,7.046875,446.8480675255442,1.2372044664984472,65.26666666666667,1.7898545802226655,66.93333333333334,1.728818763686059,0.0,0.0,15.585364717355294,12.835947920881024,Good,16,0,2025-10-13 16:00:00+00:00,Abnormal
2025-10-13 16:30:37+00:00,447.4011550422034,40,66,68,25.7,53,1012.26,8.25,-0.1569064,0.0392266,8.8652116,-0.00875,0.0175,-0.175,-71.97265625,-33.837890625,265.33203125,bedroom_window_closed,run_4,0,2238,0,False,False,False,0,0,0,0,0,0,447.4011550422034,66.0,68.0,40.0,0.0052042430616511,0.0355623275879498,-0.0034694953744339,0.0691249999999999,-0.09345,-0.1883,-1.095703125,-0.8486328125,7.046875,446.8667258996002,1.224145276491306,65.26,1.7852114344724952,66.93333333333334,1.728818763686059,6.996890270990832,0.0,15.4004020380279,12.693029542324105,Good,16,0,2025-10-13 16:00:00+00:00,Abnormal
2025-10-13 16:30:42+00:00,446.0017769880053,39,64,65,25.0,53,1012.17,9.0,-0.196133,0.0,8.7867584,-0.09625,0.11375,-0.18375,-70.361328125,-33.837890625,256.73828125,bedroom_window_closed,run_4,0,2231,0,False,False,False,0,0,0,0,0,0,446.0017769880053,64.0,65.0,39.0,-0.0381644491187754,-0.0078063645924767,-0.0902068797352873,-0.018375,0.0027999999999999,-0.19705,0.515625,-0.8486328125,-1.546875,446.8760550866282,1.2120455890696658,65.24,1.7823896183711845,66.90666666666667,1.7275760520624162,-6.996890270990832,-10.0,14.752949611247312,12.203574968290896,Good,16,0,2025-10-13 16:00:00+00:00,Abnormal
2025-10-13 16:30:48+00:00,446.0017769880053,40,66,66,25.7,53,1012.25,8.33,-0.196133,0.0,8.825985,-0.02625,0.20125,0.32375,-70.8984375,-32.2265625,269.62890625,bedroom_window_closed,run_4,0,2231,0,False,False,False,0,0,0,0,0,0,446.0017769880053,66.0,66.0,40.0,-0.0381644491187754,-0.0078063645924767,-0.0468381875548616,0.051625,0.0903,0.31045,-0.021484375,0.7626953125,11.34375,446.88538427365614,1.1997508601002496,65.23333333333333,1.777626298542586,66.88666666666667,1.7205300676379172,0.0,10.0,15.4004020380279,12.693029542324105,Good,16,0,2025-10-13 16:00:00+00:00,Abnormal
2025-10-13 16:30:53+00:00,446.0017769880053,39,63,63,25.3,53,1012.31,7.83,-0.1569064,-0.0392266,8.9828914,0.13125,0.175,0.07875,-72.509765625,-33.30078125,267.48046875,bedroom_window_closed,run_4,0,2231,0,False,False,False,0,0,0,0,0,0,446.0017769880053,63.0,63.0,39.0,0.0052042430616511,-0.0511750567729033,0.1266365811668452,0.209125,0.0640499999999999,0.06545,-1.6328125,-0.3115234375,9.1953125,446.8947134606842,1.1872550302863083,65.20666666666666,1.7809456302220792,66.85333333333334,1.7470460847873934,0.0,-15.0,15.030445042960366,12.411308142586114,Good,16,0,2025-10-13 16:00:00+00:00,Abnormal
2025-10-13 16:30:58+00:00,446.0017769880053,40,64,65,25.2,53,1012.18,8.91,-0.1569064,0.0784532,8.8652116,0.25375,0.42,-0.0525,-70.8984375,-33.30078125,235.25390625,bedroom_window_closed,run_4,0,2231,0,False,False,False,0,0,0,0,0,0,446.0017769880053,64.0,65.0,40.0,0.0052042430616511,0.0789310197683764,-0.0034694953744339,0.3316249999999999,0.30905,-0.0658,-0.021484375,-0.3115234375,-23.03125,446.90404264771206,1.1745516812255623,65.18,1.7687442935140254,66.82666666666667,1.744585744050463,0.0,5.0,14.937949202616542,12.341727172053483,Good,16,0,2025-10-13 16:00:00+00:00,Abnormal
2025-10-13 16:31:04+00:00,446.0017769880053,40,66,68,25.4,53,1012.22,8.58,-0.2353596,0.0392266,8.9436648,-0.00875,0.11375,0.1225,-70.8984375,-33.30078125,235.25390625,bedroom_window_closed,run_4,0,2231,0,False,False,False,0,0,0,0,0,0,446.0017769880053,66.0,68.0,40.0,-0.081533141299202,0.0355623275879498,0.0832678889864195,0.0691249999999999,0.0027999999999999,0.1091999999999999,-0.021484375,-0.3115234375,-23.03125,446.9133718347401,1.1616340047967977,65.17333333333333,1.763715825268842,66.82666666666667,1.744585744050463,0.0,10.0,15.122938246560675,12.481227500980506,Good,16,0,2025-10-13 16:00:00+00:00,Abnormal
2025-10-13 16:31:09+00:00,446.0017769880053,39,66,68,25.7,53,1012.2,8.75,-0.1569064,0.0392266,8.9828914,-0.035,0.04375,-0.04375,-69.82421875,-33.30078125,264.794921875,bedroom_window_closed,run_4,0,2231,0,False,False,False,0,0,0,0,0,0,446.0017769880053,66.0,68.0,39.0,0.0052042430616511,0.0355623275879498,0.1266365811668452,0.0428749999999999,-0.0672,-0.05705,1.052734375,-0.3115234375,6.509765625,446.922701021768,1.1484947690919178,65.17333333333333,1.763715825268842,66.83333333333333,1.7471613282506897,0.0,0.0,15.4004020380279,12.693029542324105,Good,16,0,2025-10-13 16:00:00+00:00,Abnormal
2025-10-13 16:31:14+00:00,446.0017769880053,39,66,68,25.9,53,1012.22,8.58,-0.0784532,-0.0392266,9.0613446,0.2275,-0.06125,0.14,-70.361328125,-33.30078125,261.03515625,bedroom_window_closed,run_4,0,2231,0,False,False,False,0,0,0,0,0,0,446.0017769880053,66.0,68.0,39.0,0.0919416274225043,-0.0511750567729033,0.2133739655276987,0.305375,-0.1722,0.1267,0.515625,-0.3115234375,2.75,446.9320302087961,1.1351262804038804,65.17333333333333,1.763715825268842,66.84,1.7497075498684649,0.0,0.0,15.585364717355294,12.835947920881024,Good,16,0,2025-10-13 16:00:00+00:00,Abnormal
2025-10-13 16:31:20+00:00,446.0017769880053,39,67,69,25.5,53,1012.17,9.0,-0.1569064,-0.0392266,8.825985,1.04125,0.16625,0.175,-71.97265625,-32.763671875,270.166015625,bedroom_window_closed,run_4,0,2231,0,False,False,False,0,0,0,0,0,0,446.0017769880053,67.0,69.0,39.0,0.0052042430616511,-0.0511750567729033,-0.0468381875548616,1.119125,0.0553,0.1616999999999999,-1.095703125,0.2255859375,11.880859375,446.94135939582407,1.1215203406966805,65.18,1.7687442935140254,66.85333333333334,1.758533047385462,0.0,5.0,15.215428813530206,12.551486609037784,Good,16,0,2025-10-13 16:00:00+00:00,Abnormal
2025-10-13 16:31:25+00:00,446.0017769880053,40,69,70,25.4,53,1012.2,8.75,-0.196133,0.0392266,8.9436648,0.02625,0.3325,0.3325,-71.97265625,-32.763671875,270.166015625,bedroom_window_closed,run_4,0,2231,0,False,False,False,0,0,0,0,0,0,446.0017769880053,69.0,70.0,40.0,-0.0381644491187754,0.0355623275879498,0.0832678889864195,0.104125,0.22155,0.3192,-1.095703125,0.2255859375,11.880859375,446.94135939582407,1.1215203406966805,65.20666666666666,1.7959561834785682,66.88,1.7757501486987497,0.0,10.0,15.122938246560675,12.481227500980506,Good,16,0,2025-10-13 16:00:00+00:00,Abnormal
2025-10-13 16:31:30+00:00,446.0017769880053,39,69,70,25.9,53,1012.21,8.66,-0.1569064,-0.0392266,8.9044382,-0.2625,0.04375,-0.30625,-71.97265625,-33.837890625,261.03515625,bedroom_window_closed,run_4,0,2231,0,False,False,False,0,0,0,0,0,0,446.0017769880053,69.0,70.0,39.0,0.0052042430616511,-0.0511750567729033,0.0398991968059918,-0.184625,-0.0672,-0.31955,-1.095703125,-0.8486328125,2.75,446.95068858285214,1.1076681998820974,65.24,1.8196540714094096,66.91333333333333,1.7871152063104414,0.0,0.0,15.585364717355294,12.835947920881024,Good,16,0,2025-10-13 16:00:00+00:00,Abnormal
2025-10-13 16:31:36+00:00,446.0017769880053,38,69,69,25.3,53,1012.19,8.83,-0.1176798,0.0392266,8.9828914,0.02625,0.07,-0.13125,-69.82421875,-32.2265625,262.109375,bedroom_window_closed,run_4,0,2231,0,False,False,False,0,0,0,0,0,0,446.0017769880053,69.0,69.0,38.0,0.0485729352420777,0.0355623275879498,0.1266365811668452,0.104125,-0.04095,-0.14455,1.052734375,0.7626953125,3.82421875,446.9600177698801,1.093560502105161,65.26,1.844382001224932,66.92666666666666,1.7952086366817144,0.0,0.0,15.030445042960366,12.411308142586114,Good,16,0,2025-10-13 16:00:00+00:00,Abnormal
2025-10-13 16:31:41+00:00,447.4011550422034,39,70,71,25.9,53,1012.31,7.83,-0.1176798,0.0,8.9436648,0.14,0.20125,0.0875,-73.046875,-33.837890625,260.498046875,bedroom_window_closed,run_4,0,2238,0,False,False,False,0,0,0,0,0,0,447.4011550422034,70.0,71.0,39.0,0.0485729352420777,-0.0078063645924767,0.0832678889864195,0.217875,0.0903,0.0741999999999999,-2.169921875,-0.8486328125,2.212890625,446.97867614393607,1.076812741852517,65.29333333333334,1.8843996308319615,66.96666666666667,1.8186825627309824,6.996890270990832,5.0,15.585364717355294,12.835947920881024,Good,16,0,2025-10-13 16:00:00+00:00,Abnormal
2025-10-13 16:31:46+00:00,446.0017769880053,39,65,66,25.0,53,1012.19,8.83,-0.196133,0.0,8.9044382,-0.2275,0.105,0.2625,-70.8984375,-31.689453125,279.833984375,bedroom_window_closed,run_4,0,2231,0,False,False,False,0,0,0,0,0,0,446.0017769880053,65.0,66.0,39.0,-0.0381644491187754,-0.0078063645924767,0.0398991968059918,-0.149625,-0.00595,0.2492,-0.021484375,1.2998046875,21.548828125,446.988005330964,1.0620478824670665,65.28,1.87931159751023,66.96,1.8203915796760135,-6.996890270990832,-25.0,14.752949611247312,12.203574968290896,Good,16,0,2025-10-13 16:00:00+00:00,Abnormal
2025-10-13 16:31:52+00:00,446.0017769880053,40,65,66,25.1,53,1012.21,8.66,-0.1569064,0.0,8.9044382,0.0875,0.18375,0.1575,-70.8984375,-31.689453125,279.833984375,bedroom_window_closed,run_4,0,2231,0,False,False,False,0,0,0,0,0,0,446.0017769880053,65.0,66.0,40.0,0.0052042430616511,-0.0078063645924767,0.0398991968059918,0.165375,0.0727999999999999,0.1442,-0.021484375,1.2998046875,21.548828125,446.997334517992,1.0469911616582166,65.27333333333333,1.878513858791815,66.96,1.8203915796760135,0.0,0.0,14.845450725416438,12.27248323176746,Good,16,0,2025-10-13 16:00:00+00:00,Abnormal
2025-10-13 16:31:57+00:00,447.4011550422034,38,66,67,25.8,53,1012.26,8.25,-0.1569064,-0.0392266,9.022118,-0.035,0.21875,0.14,-70.361328125,-32.763671875,262.109375,bedroom_window_closed,run_4,0,2238,0,False,False,False,0,0,0,0,0,0,447.4011550422034,66.0,67.0,38.0,0.0052042430616511,-0.0511750567729033,0.170005273347273,0.0428749999999999,0.1077999999999999,0.1267,0.515625,0.2255859375,3.82421875,447.015992892048,1.0288049942764923,65.27333333333333,1.878513858791815,66.96666666666667,1.8186825627309824,6.996890270990832,5.0,15.49288469578152,12.764316112158095,Good,16,0,2025-10-13 16:00:00+00:00,Abnormal
2025-10-13 16:32:02+00:00,447.4011550422034,39,67,68,25.5,53,1012.21,8.66,-0.196133,-0.0392266,8.9044382,-0.11375,0.23625,0.27125,-71.97265625,-33.30078125,264.794921875,bedroom_window_closed,run_4,0,2238,0,False,False,False,0,0,0,0,0,0,447.4011550422034,67.0,68.0,39.0,-0.0381644491187754,-0.0511750567729033,0.0398991968059918,-0.035875,0.1252999999999999,0.25795,-1.095703125,-0.3115234375,6.509765625,447.0346512661039,1.00994455150235,65.29333333333334,1.8808346949925416,66.98666666666666,1.8133978143554867,0.0,5.0,15.215428813530206,12.551486609037784,Good,16,0,2025-10-13 16:00:00+00:00,Abnormal
2025-10-13 16:32:08+00:00,447.4011550422034,38,65,66,25.2,53,1012.23,8.5,-0.196133,-0.0392266,8.9044382,-0.8575,0.4725,0.8137500000000001,-71.97265625,-33.30078125,262.109375,bedroom_window_closed,run_4,0,2238,0,False,False,False,0,0,0,0,0,0,447.4011550422034,65.0,66.0,38.0,-0.0381644491187754,-0.0511750567729033,0.0398991968059918,-0.779625,0.36155,0.8004500000000001,-1.095703125,-0.3115234375,3.82421875,447.04398045313184,1.0067978751621751,65.30666666666667,1.871534082251411,66.99333333333334,1.807874894208462,0.0,-10.0,14.937949202616542,12.341727172053483,Good,16,0,2025-10-13 16:00:00+00:00,Abnormal
2025-10-13 16:32:13+00:00,448.8005330964016,39,66,68,25.7,53,1012.24,8.41,-0.196133,-0.0392266,8.8652116,-0.3675,0.0525,-0.20125,-71.97265625,-32.763671875,240.087890625,bedroom_window_closed,run_4,0,2245,0,False,False,False,0,0,0,0,0,0,448.8005330964016,66.0,68.0,39.0,-0.0381644491187754,-0.0511750567729033,-0.0034694953744339,-0.289625,-0.05845,-0.21455,-1.095703125,0.2255859375,-18.197265625,447.0533096401599,1.0165658094456114,65.32,1.8692854752335224,67.0,1.8097424637871928,6.996890270990548,5.0,15.4004020380279,12.693029542324105,Good,16,0,2025-10-13 16:00:00+00:00,Abnormal
2025-10-13 16:32:18+00:00,446.0017769880053,39,65,68,25.3,53,1012.24,8.41,-0.1569064,-0.0392266,8.9436648,0.0175,0.175,0.46375,-70.361328125,-32.763671875,240.087890625,bedroom_window_closed,run_4,0,2231,0,False,False,False,0,0,0,0,0,0,446.0017769880053,65.0,68.0,39.0,0.0052042430616511,-0.0511750567729033,0.0832678889864195,0.095375,0.0640499999999999,0.45045,0.515625,0.2255859375,-18.197265625,447.0533096401599,1.0165658094456114,65.32666666666667,1.8663270704194148,67.01333333333334,1.8096930165962724,-13.99378054198138,-5.0,15.030445042960366,12.411308142586114,Good,16,0,2025-10-13 16:00:00+00:00,Abnormal
2025-10-13 16:32:24+00:00,446.0017769880053,38,64,67,25.0,53,1012.21,8.66,-0.1569064,0.0,8.9436648,0.13125,0.14,-0.32375,-70.8984375,-33.837890625,264.2578125,bedroom_window_closed,run_4,0,2231,0,False,False,False,0,0,0,0,0,0,446.0017769880053,64.0,67.0,38.0,0.0052042430616511,-0.0078063645924767,0.0832678889864195,0.209125,0.02905,-0.3370499999999999,-0.021484375,-0.8486328125,5.97265625,447.0533096401599,1.0165658094456114,65.33333333333333,1.8597346518767284,67.02666666666667,1.8021116125206424,0.0,-5.0,14.752949611247312,12.203574968290896,Good,16,0,2025-10-13 16:00:00+00:00,Abnormal
2025-10-13 16:32:29+00:00,446.0017769880053,40,65,68,25.6,53,1012.19,8.83,-0.1569064,0.0,8.8652116,-0.09625,0.245,0.1575,-72.509765625,-33.30078125,262.646484375,bedroom_window_closed,run_4,0,2231,0,False,False,False,0,0,0,0,0,0,446.0017769880053,65.0,68.0,40.0,0.0052042430616511,-0.0078063645924767,-0.0034694953744339,-0.018375,0.13405,0.1442,-1.6328125,-0.3115234375,4.361328125,447.05330964016,1.0165658094456114,65.32666666666667,1.8591210547450705,67.04,1.8018633159581283,0.0,5.0,15.307916743981709,12.622086832753196,Good,16,0,2025-10-13 16:00:00+00:00,Abnormal
2025-10-13 16:32:34+00:00,446.0017769880053,39,65,67,24.0,54,1012.23,8.5,-0.196133,-0.0392266,8.8652116,0.02625,0.27125,0.13125,-70.361328125,-32.763671875,269.62890625,bedroom_window_closed,run_4,0,2231,0,False,False,False,0,0,0,0,0,0,446.0017769880053,65.0,67.0,39.0,-0.0381644491187754,-0.0511750567729033,-0.0034694953744339,0.104125,0.1603,0.11795,0.515625,0.2255859375,11.34375,447.0533096401599,1.0165658094456114,65.32666666666667,1.8591210547450705,67.05333333333333,1.7940493235669837,0.0,0.0,14.116202707175889,11.750257127181357,Good,16,0,2025-10-13 16:00:00+00:00,Abnormal
2025-10-13 16:32:40+00:00,446.0017769880053,40,67,69,24.8,53,1012.19,8.83,-0.196133,0.0392266,8.9436648,-0.1925,-0.07,0.14,-70.361328125,-32.763671875,269.62890625,bedroom_window_closed,run_4,0,2231,0,False,False,False,0,0,0,0,0,0,446.0017769880053,67.0,69.0,40.0,-0.0381644491187754,0.0355623275879498,0.0832678889864195,-0.114625,-0.18095,0.1267,0.515625,0.2255859375,11.34375,447.0533096401599,1.0165658094456114,65.34,1.863928160611085,67.08,1.7930514652531977,0.0,10.0,14.567939471550911,12.066760078858852,Good,16,0,2025-10-13 16:00:00+00:00,Abnormal
2025-10-13 16:32:45+00:00,446.0017769880053,40,67,69,24.0,53,1012.27,8.16,-0.196133,-0.0392266,8.9436648,-0.2275,0.2975,-0.06125,-70.361328125,-32.763671875,269.62890625,bedroom_window_closed,run_4,0,2231,0,False,False,False,0,0,0,0,0,0,446.0017769880053,67.0,69.0,40.0,-0.0381644491187754,-0.0511750567729033,0.0832678889864195,-0.149625,0.18655,-0.07455,0.515625,0.2255859375,11.34375,447.0533096401599,1.0165658094456114,65.35333333333334,1.868627126477396,67.1,1.7976494719941198,0.0,0.0,13.827793411448068,11.532659772974291,Good,16,0,2025-10-13 16:00:00+00:00,Abnormal
2025-10-13 16:32:50+00:00,446.0017769880053,40,67,67,24.0,53,1012.21,8.66,-0.196133,0.0392266,8.9044382,0.06125,0.4375,-0.00875,-69.82421875,-32.763671875,263.720703125,bedroom_window_closed,run_4,0,2231,0,False,False,False,0,0,0,0,0,0,446.0017769880053,67.0,67.0,40.0,-0.0381644491187754,0.0355623275879498,0.0398991968059918,0.139125,0.32655,-0.02205,1.052734375,0.2255859375,5.435546875,447.0533096401599,1.0165658094456114,65.37333333333333,1.8700991132856768,67.10666666666667,1.7953955525611245,0.0,0.0,13.827793411448068,11.532659772974291,Good,16,0,2025-10-13 16:00:00+00:00,Abnormal
2025-10-13 16:32:56+00:00,446.0017769880053,39,65,65,24.5,53,1012.19,8.83,-0.1569064,-0.0392266,8.825985,-0.1225,0.18375,-0.16625,-73.046875,-33.837890625,263.18359375,bedroom_window_closed,run_4,0,2231,0,False,False,False,0,0,0,0,0,0,446.0017769880053,65.0,65.0,39.0,0.0052042430616511,-0.0511750567729033,-0.0468381875548616,-0.044625,0.0727999999999999,-0.17955,-2.169921875,-0.8486328125,4.8984375,447.0533096401599,1.0165658094456114,65.37333333333333,1.8700991132856768,67.09333333333333,1.803600674068,0.0,-10.0,14.29040448191926,11.864021724190405,Good,16,0,2025-10-13 16:00:00+00:00,Abnormal
2025-10-13 16:33:01+00:00,447.4011550422034,40,65,67,24.7,54,1012.26,8.25,-0.1569064,0.0392266,8.8652116,-0.1925,0.09625,1.96875,-73.583984375,-33.30078125,244.921875,bedroom_window_closed,run_4,0,2238,0,False,False,False,0,0,0,0,0,0,447.4011550422034,65.0,67.0,40.0,0.0052042430616511,0.0355623275879498,-0.0034694953744339,-0.114625,-0.0147,1.95545,-2.70703125,-0.3115234375,-13.36328125,447.0533096401599,1.0165658094456114,65.38,1.866950282065452,67.09333333333333,1.803600674068,6.996890270990832,0.0,14.765296265364135,12.225244177541509,Good,16,0,2025-10-13 16:00:00+00:00,Abnormal
2025-10-13 16:33:06+00:00,446.0017769880053,39,63,66,24.7,54,1012.19,8.83,-0.1176798,0.0,8.9044382,-0.2625,0.14875,-0.13125,-73.583984375,-33.30078125,244.921875,bedroom_window_closed,run_4,0,2231,0,False,False,False,0,0,0,0,0,0,446.0017769880053,63.0,66.0,39.0,0.0485729352420777,-0.0078063645924767,0.0398991968059918,-0.184625,0.0377999999999999,-0.14455,-2.70703125,-0.3115234375,-13.36328125,447.0533096401599,1.0165658094456114,65.38,1.866950282065452,67.08666666666667,1.8057947985819955,-6.996890270990832,-10.0,14.765296265364135,12.225244177541509,Good,16,0,2025-10-13 16:00:00+00:00,Abnormal
2025-10-13 16:33:12+00:00,446.0017769880053,40,63,66,24.0,54,1012.17,9.0,-0.196133,0.0784532,8.8652116,-0.13125,0.34125,-0.35875,-71.97265625,-33.30078125,261.572265625,bedroom_window_closed,run_4,0,2231,0,False,False,False,0,0,0,0,0,0,446.0017769880053,63.0,66.0,40.0,-0.0381644491187754,0.0789310197683764,-0.0034694953744339,-0.053375,0.2303,-0.37205,-1.095703125,-0.3115234375,3.287109375,447.0533096401599,1.0165658094456114,65.38,1.866950282065452,67.08,1.8079615129239957,0.0,0.0,14.116202707175889,11.750257127181357,Good,16,0,2025-10-13 16:00:00+00:00,Abnormal
2025-10-13 16:33:17+00:00,446.0017769880053,40,63,66,24.8,54,1012.26,8.25,-0.2745862,0.0392266,8.9436648,-0.21875,0.16625,0.0875,-71.97265625,-32.2265625,263.720703125,bedroom_window_closed,run_4,0,2231,0,False,False,False,0,0,0,0,0,0,446.0017769880053,63.0,66.0,40.0,-0.1249018334796286,0.0355623275879498,0.0832678889864195,-0.140875,0.0553,0.0741999999999999,-1.095703125,0.7626953125,5.435546875,447.0533096401599,1.0165658094456114,65.36,1.8763093862024045,67.06,1.8031664914734875,0.0,0.0,14.858013641999738,12.294434797327886,Good,16,0,2025-10-13 16:00:00+00:00,Abnormal
2025-10-13 16:33:22+00:00,446.0017769880053,39,63,66,24.8,54,1012.22,8.58,-0.1176798,0.0,8.8652116,0.0525,0.23625,0.1925,-70.8984375,-34.375,263.18359375,bedroom_window_closed,run_4,0,2231,0,False,False,False,0,0,0,0,0,0,446.0017769880053,63.0,66.0,39.0,0.0485729352420777,-0.0078063645924767,-0.0034694953744339,0.130375,0.1252999999999999,0.1792,-0.021484375,-1.3857421875,4.8984375,447.0533096401599,1.0165658094456114,65.33333333333333,1.8812628439808017,67.04,1.7981347531827738,0.0,0.0,14.858013641999738,12.294434797327886,Good,16,0,2025-10-13 16:00:00+00:00,Abnormal
2025-10-13 16:33:28+00:00,446.0017769880053,40,66,69,24.7,54,1012.21,8.66,-0.1569064,-0.0392266,8.9044382,-0.14875,0.1925,-0.20125,-71.435546875,-33.837890625,249.755859375,bedroom_window_closed,run_4,0,2231,0,False,False,False,0,0,0,0,0,0,446.0017769880053,66.0,69.0,40.0,0.0052042430616511,-0.0511750567729033,0.0398991968059918,-0.070875,0.08155,-0.21455,-0.55859375,-0.8486328125,-8.529296875,447.0533096401599,1.0165658094456114,65.34,1.881845445800147,67.04666666666667,1.803563462512648,0.0,15.0,14.765296265364135,12.225244177541509,Good,16,0,2025-10-13 16:00:00+00:00,Abnormal
2025-10-13 16:33:33+00:00,446.0017769880053,39,67,69,24.8,54,1012.2,8.75,-0.196133,0.0,8.9044382,-0.20125,0.1575,-0.035,-71.435546875,-33.837890625,249.755859375,bedroom_window_closed,run_4,0,2231,0,False,False,False,0,0,0,0,0,0,446.0017769880053,67.0,69.0,39.0,-0.0381644491187754,-0.0078063645924767,0.0398991968059918,-0.123375,0.0465499999999999,-0.0483,-0.55859375,-0.8486328125,-8.529296875,447.0533096401599,1.0165658094456114,65.35333333333334,1.8864997831346024,67.06,1.8105952152694704,0.0,5.0,14.858013641999738,12.294434797327886,Good,16,0,2025-10-13 16:00:00+00:00,Abnormal
2025-10-13 16:33:38+00:00,446.0017769880053,40,68,72,24.6,54,1012.17,9.0,-0.1569064,0.0392266,8.9044382,-0.1925,0.35,-0.02625,-71.97265625,-33.30078125,263.18359375,bedroom_window_closed,run_4,0,2231,0,False,False,False,0,0,0,0,0,0,446.0017769880053,68.0,72.0,40.0,0.0052042430616511,0.0355623275879498,0.0398991968059918,-0.114625,0.2390499999999999,-0.03955,-1.095703125,-0.3115234375,4.8984375,447.05330964016,1.0165658094456114,65.39333333333333,1.8785138587918255,67.10666666666667,1.84698799488343,0.0,5.0,14.67257632030846,12.156390094598043,Good,16,0,2025-10-13 16:00:00+00:00,Abnormal
2025-10-13 16:33:44+00:00,446.0017769880053,40,69,72,24.4,54,1012.15,9.16,-0.1176798,0.0,8.8652116,0.06125,-0.00875,-0.13125,-71.435546875,-32.2265625,264.794921875,bedroom_window_closed,run_4,0,2231,0,False,False,False,0,0,0,0,0,0,446.0017769880053,69.0,72.0,40.0,0.0485729352420777,-0.0078063645924767,-0.0034694953744339,0.139125,-0.1197,-0.14455,-0.55859375,0.7626953125,6.509765625,447.0533096401599,1.0165658094456114,65.44,1.880596792324608,67.16,1.8720121608047908,0.0,5.0,14.487128724509994,12.01968611219564,Good,16,0,2025-10-13 16:00:00+00:00,Abnormal
2025-10-13 16:33:49+00:00,447.4011550422034,39,68,70,24.3,54,1012.21,8.66,-0.1176798,0.0784532,8.8652116,0.21875,-0.0175,0.34125,-71.435546875,-33.30078125,262.109375,bedroom_window_closed,run_4,0,2238,0,False,False,False,0,0,0,0,0,0,447.4011550422034,68.0,70.0,39.0,0.0485729352420777,0.0789310197683764,-0.0034694953744339,0.296625,-0.12845,0.32795,-0.55859375,-0.3115234375,3.82421875,447.0533096401599,1.0165658094456114,65.47333333333333,1.881369866003635,67.18666666666667,1.8838296944450856,6.996890270990832,-5.0,14.394401073553732,11.951833509725184,Good,16,0,2025-10-13 16:00:00+00:00,Abnormal
2025-10-13 16:33:54+00:00,446.0017769880053,39,66,68,0.0,0,1012.24,8.41,-0.2353596,0.0392266,8.8652116,-0.06125,0.2275,-0.00875,-68.75,-33.837890625,264.794921875,bedroom_window_closed,run_4,0,2231,0,False,False,False,0,0,0,0,0,0,446.0017769880053,66.0,68.0,39.0,-0.081533141299202,0.0355623275879498,-0.0034694953744339,0.016625,0.11655,-0.02205,2.126953125,-0.8486328125,6.509765625,447.05330964016,1.0165658094456114,65.48666666666666,1.877942136133665,67.2,1.8824516357860337,-6.996890270990832,-10.0,-96.07763018544566,0.0,Good,16,0,2025-10-13 16:00:00+00:00,Abnormal
2025-10-13 16:34:00+00:00,446.0017769880053,37,63,65,0.0,0,1012.3,7.91,-0.2353596,-0.0392266,8.8652116,-0.07875,0.07875,-0.14,-68.75,-33.837890625,264.794921875,bedroom_window_closed,run_4,0,2231,0,False,False,False,0,0,0,0,0,0,446.0017769880053,63.0,65.0,37.0,-0.081533141299202,-0.0511750567729033,-0.0034694953744339,-0.000875,-0.0322,-0.1533,2.126953125,-0.8486328125,6.509765625,447.04398045313184,1.0197682659855734,65.48,1.8850168674586525,67.18666666666667,1.890941552575583,0.0,-15.0,-96.07763018544566,0.0,Good,16,0,2025-10-13 16:00:00+00:00,Abnormal
2025-10-13 16:34:05+00:00,446.0017769880053,38,66,67,24.2,54,1012.22,8.58,-0.1176798,0.0,8.825985,-0.06125,0.0525,0.0875,-69.82421875,-34.375,268.017578125,bedroom_window_closed,run_4,0,2231,0,False,False,False,0,0,0,0,0,0,446.0017769880053,66.0,67.0,38.0,0.0485729352420777,-0.0078063645924767,-0.0468381875548616,0.016625,-0.05845,0.0741999999999999,1.052734375,-1.3857421875,9.732421875,447.04398045313184,1.0197682659855734,65.48666666666666,1.8850762064834845,67.18,1.8898172916906115,0.0,15.0,14.301670853750462,11.88431203805824,Good,16,0,2025-10-13 16:00:00+00:00,Abnormal
2025-10-13 16:34:11+00:00,446.0017769880053,37,65,66,24.5,54,1012.22,8.58,-0.2353596,0.0784532,8.825985,-0.20125,0.2275,0.18375,-71.97265625,-32.763671875,262.109375,bedroom_window_closed,run_4,0,2231,0,False,False,False,0,0,0,0,0,0,446.0017769880053,65.0,66.0,37.0,-0.081533141299202,0.0789310197683764,-0.0468381875548616,-0.123375,0.11655,0.17045,-1.095703125,0.2255859375,3.82421875,447.0346512661039,1.0228750422165132,65.48666666666666,1.8850762064834845,67.17333333333333,1.8922188483423512,0.0,-5.0,14.57985380672599,12.08787119068456,Good,16,0,2025-10-13 16:00:00+00:00,Abnormal
2025-10-13 16:34:16+00:00,446.0017769880053,39,67,69,24.7,54,1012.24,8.41,-0.0784532,-0.0392266,8.8652116,-0.35875,-0.00875,0.28875,-71.435546875,-32.763671875,265.869140625,bedroom_window_closed,run_4,0,2231,0,False,False,False,0,0,0,0,0,0,446.0017769880053,67.0,69.0,39.0,0.0919416274225043,-0.0511750567729033,-0.0034694953744339,-0.280875,-0.1197,0.27545,-0.55859375,0.2255859375,7.583984375,447.0346512661039,1.0228750422165132,65.5,1.888680516646302,67.18666666666667,1.898026762941147,0.0,10.0,14.765296265364135,12.225244177541509,Good,16,0,2025-10-13 16:00:00+00:00,Abnormal
2025-10-13 16:34:21+00:00,446.0017769880053,39,69,70,24.4,54,1012.22,8.58,-0.1569064,0.0,8.9828914,-0.1225,0.21875,0.0525,-71.435546875,-32.763671875,265.869140625,bedroom_window_closed,run_4,0,2231,0,False,False,False,0,0,0,0,0,0,446.0017769880053,69.0,70.0,39.0,0.0052042430616511,-0.0078063645924767,0.1266365811668452,-0.044625,0.1077999999999999,0.0392,-0.55859375,0.2255859375,7.583984375,447.0346512661039,1.0228750422165132,65.53333333333333,1.906071777160142,67.21333333333334,1.909308412220269,0.0,10.0,14.487128724509994,12.01968611219564,Good,16,0,2025-10-13 16:00:00+00:00,Abnormal
2025-10-13 16:34:27+00:00,446.0017769880053,40,69,70,24.2,54,1012.24,8.41,-0.196133,-0.0392266,8.7867584,-0.245,0.25375,-0.27125,-73.046875,-32.2265625,265.869140625,bedroom_window_closed,run_4,0,2231,0,False,False,False,0,0,0,0,0,0,446.0017769880053,69.0,70.0,40.0,-0.0381644491187754,-0.0511750567729033,-0.0902068797352873,-0.167125,0.1427999999999999,-0.2845499999999999,-2.169921875,0.7626953125,7.583984375,447.034651266104,1.0228750422165132,65.57333333333334,1.915484997082684,67.24666666666667,1.9140479143282232,0.0,0.0,14.301670853750462,11.88431203805824,Good,16,0,2025-10-13 16:00:00+00:00,Abnormal
2025-10-13 16:34:32+00:00,446.0017769880053,40,68,70,0.0,0,1012.24,8.41,-0.1569064,0.0,8.8652116,-0.20125,0.07875,0.28875,-70.8984375,-33.30078125,265.869140625,bedroom_window_closed,run_4,0,2231,0,False,False,False,0,0,0,0,0,0,446.0017769880053,68.0,70.0,40.0,0.0052042430616511,-0.0078063645924767,-0.0034694953744339,-0.123375,-0.0322,0.27545,-0.021484375,-0.3115234375,7.583984375,447.034651266104,1.0228750422165132,65.59333333333333,1.9250962380428436,67.26,1.9262579782203173,0.0,-5.0,-96.07763018544566,0.0,Good,16,0,2025-10-13 16:00:00+00:00,Abnormal
2025-10-13 16:34:37+00:00,447.4011550422034,40,68,70,24.2,54,1012.2,8.75,-0.1569064,0.1176798,8.9828914,-0.21,0.2975,0.5337500000000001,-69.82421875,-32.763671875,256.201171875,bedroom_window_closed,run_4,0,2238,0,False,False,False,0,0,0,0,0,0,447.4011550422034,68.0,70.0,40.0,0.0052042430616511,0.122299711948803,0.1266365811668452,-0.132125,0.18655,0.5204500000000001,1.052734375,0.2255859375,-2.083984375,447.0439804531319,1.0197682659855734,65.61333333333333,1.9344515781680995,67.26666666666667,1.934035203925223,6.996890270990832,0.0,14.301670853750462,11.88431203805824,Good,16,0,2025-10-13 16:00:00+00:00,Abnormal
2025-10-13 16:34:43+00:00,446.0017769880053,40,68,70,24.9,54,1012.24,8.41,-0.196133,0.0,8.9044382,0.0525,0.0525,0.07,-70.8984375,-32.763671875,262.646484375,bedroom_window_closed,run_4,0,2231,0,False,False,False,0,0,0,0,0,0,446.0017769880053,68.0,70.0,40.0,-0.0381644491187754,-0.0078063645924767,0.0398991968059918,0.130375,-0.05845,0.0567,-0.021484375,0.2255859375,4.361328125,447.0439804531319,1.0197682659855734,65.63333333333334,1.9435547128135795,67.26666666666667,1.934035203925223,-6.996890270990832,0.0,14.95072845032199,12.363963315985872,Good,16,0,2025-10-13 16:00:00+00:00,Abnormal
2025-10-13 16:34:48+00:00,446.0017769880053,38,68,69,24.5,54,1012.17,9.0,-0.196133,0.0,8.8652116,0.09625,0.07875,0.28875,-70.8984375,-32.763671875,262.646484375,bedroom_window_closed,run_4,0,2231,0,False,False,False,0,0,0,0,0,0,446.0017769880053,68.0,69.0,38.0,-0.0381644491187754,-0.0078063645924767,-0.0034694953744339,0.174125,-0.0322,0.27545,-0.021484375,0.2255859375,4.361328125,447.034651266104,1.0228750422165132,65.66,1.9484290695136512,67.26666666666667,1.934035203925223,0.0,0.0,14.57985380672599,12.08787119068456,Good,16,0,2025-10-13 16:00:00+00:00,Abnormal
2025-10-13 16:34:53+00:00,446.0017769880053,40,70,70,24.5,54,1012.24,8.41,-0.196133,0.0,8.8652116,0.00875,-0.14,0.18375,-71.435546875,-32.763671875,265.33203125,bedroom_window_closed,run_4,0,2231,0,False,False,False,0,0,0,0,0,0,446.0017769880053,70.0,70.0,40.0,-0.0381644491187754,-0.0078063645924767,-0.0034694953744339,0.086625,-0.25095,0.17045,-0.55859375,0.2255859375,7.046875,447.034651266104,1.0228750422165132,65.69333333333333,1.979582583167241,67.26666666666667,1.934035203925223,0.0,10.0,14.57985380672599,12.08787119068456,Good,16,0,2025-10-13 16:00:00+00:00,Abnormal
2025-10-13 16:34:59+00:00,446.0017769880053,39,69,69,24.7,54,1012.24,8.41,-0.1176798,0.0392266,8.9436648,0.105,0.175,0.11375,-71.97265625,-32.2265625,262.646484375,bedroom_window_closed,run_4,0,2231,0,False,False,False,0,0,0,0,0,0,446.0017769880053,69.0,69.0,39.0,0.0485729352420777,0.0355623275879498,0.0832678889864195,0.182875,0.0640499999999999,0.10045,-1.095703125,0.7626953125,4.361328125,447.034651266104,1.0228750422165132,65.72666666666667,1.992929335879043,67.27333333333333,1.9382987997561612,0.0,-5.0,14.765296265364135,12.225244177541509,Good,16,0,2025-10-13 16:00:00+00:00,Abnormal
2025-10-13 16:35:04+00:00,446.0017769880053,40,70,72,24.4,54,1012.22,8.58,-0.196133,0.0392266,8.825985,-0.13125,0.02625,0.1575,-70.8984375,-33.837890625,268.5546875,bedroom_window_closed,run_4,0,2231,0,False,False,False,0,0,0,0,0,0,446.0017769880053,70.0,72.0,40.0,-0.0381644491187754,0.0355623275879498,-0.0468381875548616,-0.053375,-0.0847,0.1442,-0.021484375,-0.8486328125,10.26953125,447.0253220790759,1.0258870074079516,65.77333333333333,2.0105315556998886,67.30666666666667,1.9761893595471036,0.0,5.0,14.487128724509994,12.01968611219564,Good,16,0,2025-10-13 16:00:00+00:00,Abnormal
2025-10-13 16:35:09+00:00,446.0017769880053,40,67,69,24.9,54,1012.19,8.83,-0.1569064,0.0,8.9044382,0.02625,0.21,0.105,-70.8984375,-33.837890625,268.5546875,bedroom_window_closed,run_4,0,2231,0,False,False,False,0,0,0,0,0,0,446.0017769880053,67.0,69.0,40.0,0.0052042430616511,-0.0078063645924767,0.0398991968059918,0.104125,0.0990499999999999,0.0916999999999999,-0.021484375,-0.8486328125,10.26953125,447.0159928920479,1.028804994276491,65.8,1.9999999999999245,67.32666666666667,1.9780563528683324,0.0,-15.0,14.95072845032199,12.363963315985872,Good,16,0,2025-10-13 16:00:00+00:00,Abnormal
2025-10-13 16:35:15+00:00,446.0017769880053,39,66,68,24.4,54,1012.23,8.5,-0.196133,0.0,8.8652116,0.035,0.23625,0.105,-70.8984375,-32.763671875,258.349609375,bedroom_window_closed,run_4,0,2231,0,False,False,False,0,0,0,0,0,0,446.0017769880053,66.0,68.0,39.0,-0.0381644491187754,-0.0078063645924767,-0.0034694953744339,0.112875,0.1252999999999999,0.0916999999999999,-0.021484375,0.2255859375,0.064453125,447.00666370501995,1.0316298002815052,65.80666666666667,1.9989818437476636,67.33333333333333,1.9786330671242207,0.0,-5.0,14.487128724509994,12.01968611219564,Good,16,0,2025-10-13 16:00:00+00:00,Abnormal
2025-10-13 16:35:20+00:00,446.0017769880053,40,67,69,24.0,54,1012.26,8.25,-0.2745862,0.0,8.9436648,-0.25375,0.1575,0.3675,-71.97265625,-33.837890625,267.48046875,bedroom_window_closed,run_4,0,2231,0,False,False,False,0,0,0,0,0,0,446.0017769880053,67.0,69.0,40.0,-0.1249018334796286,-0.0078063645924767,0.0832678889864195,-0.1758749999999999,0.0465499999999999,0.3542,-1.095703125,-0.8486328125,9.1953125,446.997334517992,1.0343621888440555,65.82,2.0002348855359813,67.34666666666666,1.9831053767066376,0.0,5.0,14.116202707175889,11.750257127181357,Good,16,0,2025-10-13 16:00:00+00:00,Abnormal
2025-10-13 16:35:25+00:00,446.0017769880053,39,65,66,24.6,54,1012.24,8.41,-0.1176798,-0.0784532,8.8652116,-0.09625,-0.0875,0.21875,-71.97265625,-32.763671875,264.2578125,bedroom_window_closed,run_4,0,2231,0,False,False,False,0,0,0,0,0,0,446.0017769880053,65.0,66.0,39.0,0.0485729352420777,-0.09454374895333,-0.0034694953744339,-0.018375,-0.19845,0.20545,-1.095703125,0.2255859375,5.97265625,446.988005330964,1.0370028904937885,65.8,1.9932772919029111,67.32666666666667,1.9814463792681132,0.0,-10.0,14.67257632030846,12.156390094598043,Good,16,0,2025-10-13 16:00:00+00:00,Abnormal
2025-10-13 16:35:31+00:00,446.0017769880053,40,66,68,24.5,54,1012.26,8.25,-0.1569064,0.0392266,8.8652116,-0.0875,0.2275,0.07875,-71.97265625,-32.763671875,264.2578125,bedroom_window_closed,run_4,0,2231,0,False,False,False,0,0,0,0,0,0,446.0017769880053,66.0,68.0,40.0,0.0052042430616511,0.0355623275879498,-0.0034694953744339,-0.0096249999999999,0.11655,0.06545,-1.095703125,0.2255859375,5.97265625,446.978676143936,1.0395526039481973,65.78666666666666,1.9851349139033103,67.32666666666667,1.9814463792681132,0.0,5.0,14.57985380672599,12.08787119068456,Good,16,0,2025-10-13 16:00:00+00:00,Abnormal
2025-10-13 16:35:36+00:00,446.0017769880053,40,66,68,24.6,54,1012.25,8.33,-0.196133,0.0392266,8.8652116,-0.27125,-0.06125,-0.04375,-71.97265625,-32.763671875,264.2578125,bedroom_window_closed,run_4,0,2231,0,False,False,False,0,0,0,0,0,0,446.0017769880053,66.0,68.0,40.0,-0.0381644491187754,0.0355623275879498,-0.0034694953744339,-0.193375,-0.1722,-0.05705,-1.095703125,0.2255859375,5.97265625,446.9600177698801,1.0317207942867743,65.78666666666666,1.9851349139033103,67.34,1.97918700684231,0.0,0.0,14.67257632030846,12.156390094598043,Good,16,0,2025-10-13 16:00:00+00:00,Abnormal
2025-10-13 16:35:41+00:00,446.0017769880053,40,67,68,24.6,54,1012.29,8.0,-0.1569064,0.1176798,8.9044382,-0.04375,0.16625,0.04375,-71.435546875,-33.30078125,255.126953125,bedroom_window_closed,run_4,0,2231,0,False,False,False,0,0,0,0,0,0,446.0017769880053,67.0,68.0,40.0,0.0052042430616511,0.122299711948803,0.0398991968059918,0.034125,0.0553,0.0304499999999999,-0.55859375,-0.3115234375,-3.158203125,446.95068858285214,1.0340293572955923,65.79333333333334,1.987533855746912,67.35333333333334,1.9768345202261304,0.0,5.0,14.67257632030846,12.156390094598043,Good,16,0,2025-10-13 16:00:00+00:00,Abnormal
2025-10-13 16:35:47+00:00,447.4011550422034,40,67,69,0.0,0,1012.3,7.91,-0.196133,0.0,8.8652116,-0.21875,0.07,-0.1575,-70.8984375,-33.837890625,271.240234375,bedroom_window_closed,run_4,0,2238,0,False,False,False,0,0,0,0,0,0,447.4011550422034,67.0,69.0,40.0,-0.0381644491187754,-0.0078063645924767,-0.0034694953744339,-0.140875,-0.04095,-0.1708,-0.021484375,-0.8486328125,12.955078125,446.950688582852,1.0340293572955923,65.80666666666667,1.9888840979948956,67.38,1.9718488581691116,6.996890270990832,0.0,-96.07763018544566,0.0,Good,16,0,2025-10-13 16:00:00+00:00,Abnormal
2025-10-13 16:35:52+00:00,446.0017769880053,39,66,68,24.1,54,1012.19,8.83,-0.2353596,0.1176798,9.022118,0.25375,0.2275,-0.5950000000000001,-69.82421875,-34.375,257.8125,bedroom_window_closed,run_4,0,2231,0,False,False,False,0,0,0,0,0,0,446.0017769880053,66.0,68.0,39.0,-0.081533141299202,0.122299711948803,0.170005273347273,0.3316249999999999,0.11655,-0.6083000000000001,1.052734375,-1.3857421875,-0.47265625,446.94135939582407,1.0362482281940646,65.81333333333333,1.9878377402171103,67.4,1.962740174676296,-6.996890270990832,-5.0,14.208938064993433,11.817120356162745,Good,16,0,2025-10-13 16:00:00+00:00,Abnormal
2025-10-13 16:35:57+00:00,447.4011550422034,39,66,68,24.1,54,1012.32,7.75,-0.196133,-0.0392266,8.9044382,-0.30625,0.06125,0.35,-69.82421875,-34.375,257.8125,bedroom_window_closed,run_4,0,2238,0,False,False,False,0,0,0,0,0,0,447.4011550422034,66.0,68.0,39.0,-0.0381644491187754,-0.0511750567729033,0.0398991968059918,-0.228375,-0.0497,0.3367,1.052734375,-1.3857421875,-0.47265625,446.94135939582407,1.0362482281940646,65.82666666666667,1.9822929800139737,67.42,1.9533828856592177,6.996890270990832,0.0,14.208938064993433,11.817120356162745,Good,16,0,2025-10-13 16:00:00+00:00,Abnormal
2025-10-13 16:36:03+00:00,447.4011550422034,40,66,69,24.8,54,1012.22,8.58,-0.1569064,0.0,8.9044382,-0.28875,0.14875,-0.175,-70.8984375,-34.912109375,261.03515625,bedroom_window_closed,run_4,0,2238,0,False,False,False,0,0,0,0,0,0,447.4011550422034,66.0,69.0,40.0,0.0052042430616511,-0.0078063645924767,0.0398991968059918,-0.210875,0.0377999999999999,-0.1883,-0.021484375,-1.9228515625,2.75,446.94135939582407,1.0362482281940646,65.83333333333333,1.9811753906232883,67.44666666666667,1.9474184138872073,0.0,0.0,14.858013641999738,12.294434797327886,Good,16,0,2025-10-13 16:00:00+00:00,Abnormal
2025-10-13 16:36:08+00:00,448.8005330964016,39,64,66,24.8,54,1012.28,8.08,-0.2353596,-0.0392266,8.9044382,-0.28875,0.07875,0.13125,-69.287109375,-34.375,267.48046875,bedroom_window_closed,run_4,0,2245,0,False,False,False,0,0,0,0,0,0,448.8005330964016,64.0,66.0,39.0,-0.081533141299202,-0.0511750567729033,0.0398991968059918,-0.210875,-0.0322,0.11795,1.58984375,-1.3857421875,9.1953125,446.95068858285214,1.0466623460454128,65.83333333333333,1.9811753906232883,67.45333333333333,1.9406864718708872,6.996890270990548,-10.0,14.858013641999738,12.294434797327886,Good,16,0,2025-10-13 16:00:00+00:00,Abnormal
2025-10-13 16:36:13+00:00,447.4011550422034,39,64,66,24.8,54,1012.21,8.66,-0.2353596,0.0,8.8652116,0.105,0.1225,0.20125,-69.82421875,-32.763671875,268.017578125,bedroom_window_closed,run_4,0,2238,0,False,False,False,0,0,0,0,0,0,447.4011550422034,64.0,66.0,39.0,-0.081533141299202,-0.0078063645924767,-0.0034694953744339,0.182875,0.0115499999999999,0.18795,1.052734375,0.2255859375,9.732421875,446.950688582852,1.0466623460454128,65.82,1.986768311139312,67.44,1.9437734007740737,-6.996890270990548,0.0,14.858013641999738,12.294434797327886,Good,16,0,2025-10-13 16:00:00+00:00,Abnormal
2025-10-13 16:36:19+00:00,447.4011550422034,40,66,68,24.7,54,1012.14,9.25,-0.1176798,0.0392266,8.9436648,0.0525,0.23625,-0.13125,-70.361328125,-32.763671875,243.84765625,bedroom_window_closed,run_4,0,2238,0,False,False,False,0,0,0,0,0,0,447.4011550422034,66.0,68.0,40.0,0.0485729352420777,0.0355623275879498,0.0832678889864195,0.130375,0.1252999999999999,-0.14455,0.515625,0.2255859375,-14.4375,446.950688582852,1.0466623460454128,65.81333333333333,1.984458632131071,67.43333333333334,1.940098477631493,0.0,10.0,14.765296265364135,12.225244177541509,Good,16,0,2025-10-13 16:00:00+00:00,Abnormal
2025-10-13 16:36:24+00:00,448.8005330964016,40,67,68,0.0,0,1012.27,8.16,-0.1569064,0.0,8.8652116,-0.23625,0.16625,-0.09625,-70.361328125,-32.763671875,243.84765625,bedroom_window_closed,run_4,0,2245,0,False,False,False,0,0,0,0,0,0,448.8005330964016,67.0,68.0,40.0,0.0052042430616511,-0.0078063645924767,-0.0034694953744339,-0.158375,0.0553,-0.10955,0.515625,0.2255859375,-14.4375,446.95068858285214,1.0466623460454128,65.8,1.969567117635797,67.42,1.9291824606404413,6.996890270990548,5.0,-96.07763018544566,0.0,Good,16,0,2025-10-13 16:00:00+00:00,Abnormal
2025-10-13 16:36:29+00:00,447.4011550422034,40,66,67,24.1,54,1012.26,8.25,-0.2353596,-0.0392266,8.825985,-0.3675,0.0525,-0.34125,-70.361328125,-34.375,264.2578125,bedroom_window_closed,run_4,0,2238,0,False,False,False,0,0,0,0,0,0,447.4011550422034,66.0,67.0,40.0,-0.081533141299202,-0.0511750567729033,-0.0468381875548616,-0.289625,-0.05845,-0.35455,0.515625,-1.3857421875,5.97265625,446.950688582852,1.0466623460454128,65.77333333333333,1.9391642379731904,67.4,1.9177727573915104,-6.996890270990548,-5.0,14.208938064993433,11.817120356162745,Good,16,0,2025-10-13 16:00:00+00:00,Abnormal
2025-10-13 16:36:35+00:00,447.4011550422034,39,66,67,24.2,54,1012.26,8.25,-0.196133,0.0392266,8.9436648,-0.09625,0.32375,0.00875,-70.361328125,-32.2265625,262.646484375,bedroom_window_closed,run_4,0,2238,0,False,False,False,0,0,0,0,0,0,447.4011550422034,66.0,67.0,39.0,-0.0381644491187754,0.0355623275879498,0.0832678889864195,-0.018375,0.2128,-0.00455,0.515625,0.7626953125,4.361328125,446.950688582852,1.0466623460454128,65.75333333333333,1.9210479056827547,67.38,1.9060835140192176,0.0,0.0,14.301670853750462,11.88431203805824,Good,16,0,2025-10-13 16:00:00+00:00,Abnormal
2025-10-13 16:36:40+00:00,448.8005330964016,40,69,70,24.4,54,1012.24,8.41,-0.1176798,0.0,8.9044382,-0.07,0.27125,0.13125,-69.82421875,-34.375,265.33203125,bedroom_window_closed,run_4,0,2245,0,False,False,False,0,0,0,0,0,0,448.8005330964016,69.0,70.0,40.0,0.0485729352420777,-0.0078063645924767,0.0398991968059918,0.0078749999999999,0.1603,0.11795,1.052734375,-1.3857421875,7.046875,446.9600177698801,1.0568909627412069,65.76,1.9306082777579037,67.39333333333333,1.9174110994735931,6.996890270990548,15.0,14.487128724509994,12.01968611219564,Good,16,0,2025-10-13 16:00:00+00:00,Abnormal
2025-10-13 16:36:45+00:00,447.4011550422034,40,70,70,24.2,54,1012.31,7.83,-0.1569064,-0.0392266,8.9044382,-0.07,0.14875,-0.0175,-70.361328125,-31.689453125,241.162109375,bedroom_window_closed,run_4,0,2238,0,False,False,False,0,0,0,0,0,0,447.4011550422034,70.0,70.0,40.0,0.0052042430616511,-0.0511750567729033,0.0398991968059918,0.0078749999999999,0.0377999999999999,-0.0308,0.515625,1.2998046875,-17.123046875,446.9600177698801,1.0568909627412069,65.77333333333333,1.9529590925060176,67.4,1.9247592022320428,-6.996890270990548,5.0,14.301670853750462,11.88431203805824,Good,16,0,2025-10-13 16:00:00+00:00,Abnormal
2025-10-13 16:36:51+00:00,447.4011550422034,39,69,71,24.6,54,1012.25,8.33,-0.2353596,0.0392266,8.9044382,-0.14,0.20125,0.1575,-70.361328125,-31.689453125,241.162109375,bedroom_window_closed,run_4,0,2238,0,False,False,False,0,0,0,0,0,0,447.4011550422034,69.0,71.0,39.0,-0.081533141299202,0.0355623275879498,0.0398991968059918,-0.062125,0.0903,0.1442,0.515625,1.2998046875,-17.123046875,446.96001776988,1.0568909627412069,65.78666666666666,1.9681581573740905,67.42,1.946499180683732,0.0,-5.0,14.67257632030846,12.156390094598043,Good,16,0,2025-10-13 16:00:00+00:00,Abnormal
2025-10-13 16:36:56+00:00,447.4011550422034,40,69,71,24.4,54,1012.22,8.58,-0.1176798,0.0,8.8652116,0.0175,0.14875,0.2275,-69.82421875,-32.763671875,257.8125,bedroom_window_closed,run_4,0,2238,0,False,False,False,0,0,0,0,0,0,447.4011550422034,69.0,71.0,40.0,0.0485729352420777,-0.0078063645924767,-0.0034694953744339,0.095375,0.0377999999999999,0.2142,1.052734375,0.2255859375,-0.47265625,446.9600177698801,1.0568909627412069,65.80666666666667,1.9855067706923148,67.44666666666667,1.967987650240378,0.0,0.0,14.487128724509994,12.01968611219564,Good,16,0,2025-10-13 16:00:00+00:00,Abnormal
2025-10-13 16:37:01+00:00,447.4011550422034,42,70,72,24.1,54,1012.24,8.41,-0.196133,0.0,8.7475318,-0.07875,0.07875,-0.32375,-71.435546875,-32.2265625,260.498046875,bedroom_window_closed,run_4,0,2238,0,False,False,False,0,0,0,0,0,0,447.4011550422034,70.0,72.0,42.0,-0.0381644491187754,-0.0078063645924767,-0.1335755719157131,-0.000875,-0.0322,-0.3370499999999999,-0.55859375,0.7626953125,2.212890625,446.9600177698801,1.0568909627412069,65.84666666666666,2.0091624575330727,67.48,2.0024146497491415,0.0,5.0,14.208938064993433,11.817120356162745,Good,16,0,2025-10-13 16:00:00+00:00,Abnormal
2025-10-13 16:37:07+00:00,448.8005330964016,42,70,72,24.3,54,1012.28,8.08,-0.1176798,0.0,8.9044382,0.14875,-0.04375,0.00875,-73.046875,-32.763671875,252.978515625,bedroom_window_closed,run_4,0,2245,0,False,False,False,0,0,0,0,0,0,448.8005330964016,70.0,72.0,42.0,0.0485729352420777,-0.0078063645924767,0.0398991968059918,0.226625,-0.1547,-0.00455,-2.169921875,0.2255859375,-5.306640625,446.969346956908,1.0669394134249524,65.88,2.0363146076202887,67.5,2.0324547924175973,6.996890270990548,0.0,14.394401073553732,11.951833509725184,Good,16,0,2025-10-13 16:00:00+00:00,Abnormal
2025-10-13 16:37:12+00:00,450.0,42,70,70,24.3,54,1012.24,8.41,-0.196133,-0.0392266,8.7867584,-0.035,-0.0525,-0.21875,-73.046875,-32.763671875,252.978515625,bedroom_window_closed,run_4,0,2251,0,False,False,False,0,0,0,0,0,0,450.0,70.0,70.0,42.0,-0.0381644491187754,-0.0511750567729033,-0.0902068797352873,0.0428749999999999,-0.16345,-0.23205,-2.169921875,0.2255859375,-5.306640625,446.977343402932,1.0850961692876098,65.91333333333333,2.0625671977392352,67.51333333333334,2.0422933111284176,5.997334517992101,0.0,14.394401073553732,11.951833509725184,Good,16,0,2025-10-13 16:00:00+00:00,Abnormal
2025-10-13 16:37:17+00:00,448.8005330964016,41,70,70,24.0,54,1012.28,8.08,-0.196133,0.0,8.7867584,0.09625,-0.035,0.06125,-71.97265625,-33.837890625,250.29296875,bedroom_window_closed,run_4,0,2245,0,False,False,False,0,0,0,0,0,0,448.8005330964016,70.0,70.0,41.0,-0.0381644491187754,-0.0078063645924767,-0.0902068797352873,0.174125,-0.14595,0.04795,-1.095703125,-0.8486328125,-7.9921875,446.9866725899601,1.0947371664792895,65.94,2.0893787008832145,67.53333333333333,2.051899322028321,-5.997334517992101,0.0,14.116202707175889,11.750257127181357,Good,16,0,2025-10-13 16:00:00+00:00,Abnormal
2025-10-13 16:37:23+00:00,448.8005330964016,41,70,74,24.7,54,1012.23,8.5,-0.1569064,-0.0392266,8.7475318,-0.105,0.14875,0.04375,-69.287109375,-32.763671875,257.275390625,bedroom_window_closed,run_4,0,2245,0,False,False,False,0,0,0,0,0,0,448.8005330964016,70.0,74.0,41.0,0.0052042430616511,-0.0511750567729033,-0.1335755719157131,-0.0271249999999999,0.0377999999999999,0.0304499999999999,1.58984375,0.2255859375,-1.009765625,446.99600177698807,1.1042146507995452,65.96,2.113808865404539,67.58,2.1182175614378473,0.0,0.0,14.765296265364135,12.225244177541509,Good,16,0,2025-10-13 16:00:00+00:00,Abnormal
2025-10-13 16:37:28+00:00,448.8005330964016,39,69,75,24.3,54,1012.3,7.91,-0.1176798,-0.0392266,8.8652116,-0.13125,0.4375,0.105,-72.509765625,-34.375,252.978515625,bedroom_window_closed,run_4,0,2245,0,False,False,False,0,0,0,0,0,0,448.8005330964016,69.0,75.0,39.0,0.0485729352420777,-0.0511750567729033,-0.0034694953744339,-0.053375,0.32655,0.0916999999999999,-1.6328125,-1.3857421875,-5.306640625,447.0053309640159,1.1135327973213982,65.97333333333333,2.1266814639754448,67.62666666666667,2.2029469788214837,0.0,-5.0,14.394401073553732,11.951833509725184,Good,16,0,2025-10-13 16:00:00+00:00,Abnormal
2025-10-13 16:37:33+00:00,448.8005330964016,40,70,75,24.2,54,1012.19,8.83,-0.1176798,0.0392266,8.7867584,-0.105,0.105,0.14,-71.435546875,-30.078125,264.794921875,bedroom_window_closed,run_4,0,2245,0,False,False,False,0,0,0,0,0,0,448.8005330964016,70.0,75.0,40.0,0.0485729352420777,0.0355623275879498,-0.0902068797352873,-0.0271249999999999,-0.00595,0.1267,-0.55859375,2.9111328125,6.509765625,447.014660151044,1.1226955734664998,65.98,2.13777152990999,67.66666666666667,2.281135554574597,0.0,5.0,14.301670853750462,11.88431203805824,Good,16,0,2025-10-13 16:00:00+00:00,Abnormal
2025-10-13 16:37:39+00:00,446.0017769880053,39,68,72,24.6,54,1012.34,7.58,-0.2353596,0.0392266,8.9436648,-0.5162500000000001,-0.14,-0.035,-71.435546875,-30.078125,264.794921875,bedroom_window_closed,run_4,0,2231,0,False,False,False,0,0,0,0,0,0,446.0017769880053,68.0,72.0,39.0,-0.081533141299202,0.0355623275879498,0.0832678889864195,-0.438375,-0.25095,-0.0483,-0.55859375,2.9111328125,6.509765625,447.005330964016,1.125273586995878,65.98666666666666,2.1425277258248383,67.7,2.307705214212713,-13.99378054198138,-10.0,14.67257632030846,12.156390094598043,Good,16,0,2025-10-13 16:00:00+00:00,Abnormal
2025-10-13 16:37:44+00:00,446.0017769880053,39,67,69,24.4,54,1012.27,8.16,-0.196133,0.0,8.7867584,-0.14875,0.14,0.13125,-70.361328125,-34.912109375,252.44140625,bedroom_window_closed,run_4,0,2231,0,False,False,False,0,0,0,0,0,0,446.0017769880053,67.0,69.0,39.0,-0.0381644491187754,-0.0078063645924767,-0.0902068797352873,-0.070875,0.02905,0.11795,0.515625,-1.9228515625,-5.84375,446.9960017769879,1.1277680190538597,65.98666666666666,2.1425277258248383,67.71333333333334,2.309410763823207,0.0,-5.0,14.487128724509994,12.01968611219564,Good,16,0,2025-10-13 16:00:00+00:00,Abnormal
2025-10-13 16:37:49+00:00,446.0017769880053,40,69,72,24.1,54,1012.27,8.16,-0.1569064,0.0,8.8652116,-0.0875,-0.02625,-0.0525,-71.435546875,-32.2265625,260.498046875,bedroom_window_closed,run_4,0,2231,0,False,False,False,0,0,0,0,0,0,446.0017769880053,69.0,72.0,40.0,0.0052042430616511,-0.0078063645924767,-0.0034694953744339,-0.0096249999999999,-0.1372,-0.0658,-0.55859375,0.7626953125,2.212890625,446.98667258995994,1.130179423061472,66.01333333333334,2.155021190405316,67.74666666666667,2.3349882274588074,0.0,10.0,14.208938064993433,11.817120356162745,Good,16,0,2025-10-13 16:00:00+00:00,Abnormal
2025-10-13 16:37:55+00:00,446.0017769880053,40,70,72,24.0,54,1012.34,7.58,-0.196133,-0.0392266,8.7867584,-0.04375,0.1575,-0.175,-71.435546875,-33.30078125,254.052734375,bedroom_window_closed,run_4,0,2231,0,False,False,False,0,0,0,0,0,0,446.0017769880053,70.0,72.0,40.0,-0.0381644491187754,-0.0511750567729033,-0.0902068797352873,0.034125,0.0465499999999999,-0.1883,-0.55859375,-0.3115234375,-4.232421875,446.977343402932,1.132508329383611,66.04666666666667,2.1777910940254936,67.78,2.359814575811971,0.0,5.0,14.116202707175889,11.750257127181357,Good,16,0,2025-10-13 16:00:00+00:00,Abnormal
2025-10-13 16:38:00+00:00,446.0017769880053,40,70,72,24.8,54,1012.29,8.0,-0.1176798,0.0392266,8.9828914,-0.3675,0.37625,0.1575,-71.97265625,-33.837890625,265.869140625,bedroom_window_closed,run_4,0,2231,0,False,False,False,0,0,0,0,0,0,446.0017769880053,70.0,72.0,40.0,0.0485729352420777,0.0355623275879498,0.1266365811668452,-0.289625,0.2653,0.1442,-1.095703125,-0.8486328125,7.583984375,446.950688582852,1.1076681998821032,66.09333333333333,2.187047492346822,67.82666666666667,2.3736434958076664,0.0,0.0,14.858013641999738,12.294434797327886,Good,16,0,2025-10-13 16:00:00+00:00,Abnormal
2025-10-13 16:38:05+00:00,446.0017769880053,40,70,70,24.4,54,1012.29,8.0,-0.1569064,0.0,8.9044382,-0.3675,-0.21875,-0.55125,-71.97265625,-33.837890625,265.869140625,bedroom_window_closed,run_4,0,2231,0,False,False,False,0,0,0,0,0,0,446.0017769880053,70.0,70.0,40.0,0.0052042430616511,-0.0078063645924767,0.0398991968059918,-0.289625,-0.3297,-0.56455,-1.095703125,-0.8486328125,7.583984375,446.94135939582407,1.10973984325889,66.12666666666667,2.2082720222799903,67.85333333333334,2.3754523883287777,0.0,0.0,14.487128724509994,12.01968611219564,Good,16,0,2025-10-13 16:00:00+00:00,Abnormal
2025-10-13 16:38:11+00:00,446.0017769880053,40,70,70,0.0,0,1012.27,8.16,-0.1176798,0.0,8.825985,-0.00875,0.0875,0.2975,-70.361328125,-33.837890625,251.904296875,bedroom_window_closed,run_4,0,2231,0,False,False,False,0,0,0,0,0,0,446.0017769880053,70.0,70.0,40.0,0.0485729352420777,-0.0078063645924767,-0.0468381875548616,0.0691249999999999,-0.02345,0.2842,0.515625,-0.8486328125,-6.380859375,446.922701021768,1.1017707634126637,66.14,2.225628634519182,67.86,2.380090799689162,0.0,0.0,-96.07763018544566,0.0,Good,16,0,2025-10-13 16:00:00+00:00,Abnormal
2025-10-13 16:38:16+00:00,446.0017769880053,38,68,69,24.5,54,1012.35,7.5,-0.196133,0.0,8.825985,-0.30625,0.315,0.175,-71.435546875,-32.763671875,257.8125,bedroom_window_closed,run_4,0,2231,0,False,False,False,0,0,0,0,0,0,446.0017769880053,68.0,69.0,38.0,-0.0381644491187754,-0.0078063645924767,-0.0468381875548616,-0.228375,0.20405,0.1616999999999999,-0.55859375,0.2255859375,-0.47265625,446.9040426477122,1.0934231421132343,66.14,2.225628634519182,67.86666666666666,2.3818854036377433,0.0,-10.0,14.57985380672599,12.08787119068456,Good,16,0,2025-10-13 16:00:00+00:00,Abnormal
2025-10-13 16:38:21+00:00,446.0017769880053,39,69,70,24.8,54,1012.26,8.25,-0.3530394,0.0392266,8.8652116,-0.04375,0.09625,-0.04375,-70.361328125,-33.30078125,252.978515625,bedroom_window_closed,run_4,0,2231,0,False,False,False,0,0,0,0,0,0,446.0017769880053,69.0,70.0,39.0,-0.2116392178404818,0.0355623275879498,-0.0034694953744339,0.034125,-0.0147,-0.05705,0.515625,-0.3115234375,-5.306640625,446.88538427365614,1.084688239776678,66.15333333333334,2.2367782039756503,67.88,2.3882261536700677,0.0,5.0,14.858013641999738,12.294434797327886,Good,16,0,2025-10-13 16:00:00+00:00,Abnormal
2025-10-13 16:38:27+00:00,446.0017769880053,38,68,69,24.7,54,1012.28,8.08,-0.196133,0.0,8.8652116,-0.0175,0.035,-0.21,-69.82421875,-33.30078125,251.904296875,bedroom_window_closed,run_4,0,2231,0,False,False,False,0,0,0,0,0,0,446.0017769880053,68.0,69.0,38.0,-0.0381644491187754,-0.0078063645924767,-0.0034694953744339,0.060375,-0.07595,-0.2233,1.052734375,-0.3115234375,-6.380859375,446.8667258996002,1.0755566207848255,66.17333333333333,2.239806639145532,67.9,2.384935945279695,0.0,-5.0,14.765296265364135,12.225244177541509,Good,16,0,2025-10-13 16:00:00+00:00,Abnormal
2025-10-13 16:38:32+00:00,446.0017769880053,38,67,69,24.0,54,1012.3,7.91,-0.196133,0.0392266,8.9436648,-0.1575,0.02625,-0.07875,-69.82421875,-33.30078125,251.904296875,bedroom_window_closed,run_4,0,2231,0,False,False,False,0,0,0,0,0,0,446.0017769880053,67.0,69.0,38.0,-0.0381644491187754,0.0355623275879498,0.0832678889864195,-0.079625,-0.0847,-0.09205,1.052734375,-0.3115234375,-6.380859375,446.84806752554414,1.0660180902412095,66.2,2.2255381673267194,67.92666666666666,2.374632904633314,0.0,-5.0,14.116202707175889,11.750257127181357,Good,16,0,2025-10-13 16:00:00+00:00,Abnormal
2025-10-13 16:38:37+00:00,446.0017769880053,38,67,69,24.1,54,1012.24,8.41,-0.1569064,-0.0392266,8.8652116,-0.2975,0.02625,-0.09625,-71.435546875,-33.30078125,260.498046875,bedroom_window_closed,run_4,0,2231,0,False,False,False,0,0,0,0,0,0,446.0017769880053,67.0,69.0,38.0,0.0052042430616511,-0.0511750567729033,-0.0034694953744339,-0.219625,-0.0847,-0.10955,-0.55859375,-0.3115234375,2.212890625,446.8387383385162,1.0672678458177736,66.23333333333333,2.1995016722575533,67.96,2.354148131027169,0.0,0.0,14.208938064993433,11.817120356162745,Good,16,0,2025-10-13 16:00:00+00:00,Abnormal
2025-10-13 16:38:43+00:00,446.0017769880053,39,67,70,24.0,54,1012.31,7.83,-0.196133,0.0,8.9436648,-0.1575,0.035,0.16625,-70.8984375,-33.30078125,257.275390625,bedroom_window_closed,run_4,0,2231,0,False,False,False,0,0,0,0,0,0,446.0017769880053,67.0,70.0,39.0,-0.0381644491187754,-0.0078063645924767,0.0832678889864195,-0.079625,-0.07595,0.15295,-0.021484375,-0.3115234375,-1.009765625,446.82007996446015,1.0571573982755575,66.26,2.1842326989634766,68.0,2.33732480590997,0.0,0.0,14.116202707175889,11.750257127181357,Good,16,0,2025-10-13 16:00:00+00:00,Abnormal
2025-10-13 16:38:48+00:00,446.0017769880053,39,67,70,24.8,54,1012.26,8.25,-0.1176798,0.0,8.8652116,-0.5162500000000001,-0.0875,0.1225,-72.509765625,-33.30078125,252.44140625,bedroom_window_closed,run_4,0,2231,0,False,False,False,0,0,0,0,0,0,446.0017769880053,67.0,70.0,39.0,0.0485729352420777,-0.0078063645924767,-0.0034694953744339,-0.438375,-0.19845,0.1091999999999999,-1.6328125,-0.3115234375,-5.84375,446.80142159040423,1.0466145097141435,66.29333333333334,2.156764500268745,68.05333333333333,2.290296621177121,0.0,0.0,14.858013641999738,12.294434797327886,Good,16,0,2025-10-13 16:00:00+00:00,Abnormal
2025-10-13 16:38:53+00:00,444.6023989338072,39,67,69,24.6,54,1012.23,8.5,-0.1569064,0.0,8.9436648,-0.25375,0.21,-0.0875,-72.509765625,-33.30078125,252.44140625,bedroom_window_closed,run_4,0,2224,0,False,False,False,0,0,0,0,0,0,444.6023989338072,67.0,69.0,39.0,0.0052042430616511,-0.0078063645924767,0.0832678889864195,-0.1758749999999999,0.0990499999999999,-0.1008,-1.6328125,-0.3115234375,-5.84375,446.7827632163484,1.0607034770015171,66.31333333333333,2.1492519899562503,68.08666666666667,2.267176544836896,-6.996890270990548,0.0,14.67257632030846,12.156390094598043,Good,16,0,2025-10-13 16:00:00+00:00,Abnormal
2025-10-13 16:38:59+00:00,444.6023989338072,39,67,70,24.3,54,1012.29,8.0,-0.2353596,0.0,8.9044382,-0.0175,0.56,0.21875,-70.361328125,-32.763671875,290.0390625,bedroom_window_closed,run_4,0,2224,0,False,False,False,0,0,0,0,0,0,444.6023989338072,67.0,70.0,39.0,-0.081533141299202,-0.0078063645924767,0.0398991968059918,0.060375,0.44905,0.20545,0.515625,0.2255859375,31.75390625,446.75477565526427,1.0624897492810308,66.33333333333333,2.141525099996449,68.12,2.258228800506318,0.0,0.0,14.394401073553732,11.951833509725184,Good,16,0,2025-10-13 16:00:00+00:00,Abnormal
2025-10-13 16:39:04+00:00,446.0017769880053,38,67,68,24.6,54,1012.27,8.16,-0.1569064,0.0,8.8652116,-0.35,-0.42,-0.23625,-69.287109375,-32.2265625,251.3671875,bedroom_window_closed,run_4,0,2231,0,False,False,False,0,0,0,0,0,0,446.0017769880053,67.0,68.0,38.0,0.0052042430616511,-0.0078063645924767,-0.0034694953744339,-0.2721249999999999,-0.53095,-0.24955,1.58984375,0.7626953125,-6.91796875,446.7454464682363,1.0629196565734649,66.34666666666666,2.139392959962306,68.13333333333334,2.25152198088871,6.996890270990548,0.0,14.67257632030846,12.156390094598043,Good,16,0,2025-10-13 16:00:00+00:00,Abnormal
2025-10-13 16:39:10+00:00,446.0017769880053,39,68,70,24.8,54,1012.24,8.41,-0.1176798,0.0,8.8652116,-0.06125,-0.23625,0.06125,-70.8984375,-33.837890625,261.572265625,bedroom_window_closed,run_4,0,2231,0,False,False,False,0,0,0,0,0,0,446.0017769880053,68.0,70.0,39.0,0.0485729352420777,-0.0078063645924767,-0.0034694953744339,0.016625,-0.3472,0.04795,-0.021484375,-0.8486328125,3.287109375,446.72678809418034,1.051101608960079,66.38,2.1258081763612595,68.17333333333333,2.2307992568549873,0.0,5.0,14.858013641999738,12.294434797327886,Good,16,0,2025-10-13 16:00:00+00:00,Abnormal
2025-10-13 16:39:15+00:00,446.0017769880053,40,69,70,24.3,54,1012.22,8.58,-0.1176798,0.0,8.9044382,-0.035,0.2275,0.1225,-70.8984375,-33.837890625,261.572265625,bedroom_window_closed,run_4,0,2231,0,False,False,False,0,0,0,0,0,0,446.0017769880053,69.0,70.0,40.0,0.0485729352420777,-0.0078063645924767,0.0398991968059918,0.0428749999999999,0.11655,0.1091999999999999,-0.021484375,-0.8486328125,3.287109375,446.7081297201244,1.038811843208325,66.42666666666666,2.1057500908678564,68.22,2.194777205063366,0.0,5.0,14.394401073553732,11.951833509725184,Good,16,0,2025-10-13 16:00:00+00:00,Abnormal
2025-10-13 16:39:20+00:00,444.6023989338072,40,69,70,24.3,54,1012.3,7.91,-0.196133,0.0,8.9436648,0.5775,0.1925,-0.44625,-70.8984375,-33.837890625,261.572265625,bedroom_window_closed,run_4,0,2224,0,False,False,False,0,0,0,0,0,0,444.6023989338072,69.0,70.0,40.0,-0.0381644491187754,-0.0078063645924767,0.0832678889864195,0.655375,0.08155,-0.4595499999999999,-0.021484375,-0.8486328125,3.287109375,446.6801421590404,1.03861301263426,66.46666666666667,2.097191047765458,68.26,2.1719072742761583,-6.996890270990548,0.0,14.394401073553732,11.951833509725184,Good,16,0,2025-10-13 16:00:00+00:00,Abnormal
2025-10-13 16:39:26+00:00,444.6023989338072,39,68,69,24.7,54,1012.29,8.0,-0.1569064,0.0392266,8.9044382,-0.28,0.2625,0.37625,-69.82421875,-33.837890625,256.73828125,bedroom_window_closed,run_4,0,2224,0,False,False,False,0,0,0,0,0,0,444.6023989338072,68.0,69.0,39.0,0.0052042430616511,0.0355623275879498,0.0398991968059918,-0.202125,0.15155,0.36295,1.052734375,-0.8486328125,-1.546875,446.66148378498445,1.050643039292089,66.50666666666666,2.068448391235185,68.29333333333334,2.144281192952993,0.0,-5.0,14.765296265364135,12.225244177541509,Good,16,0,2025-10-13 16:00:00+00:00,Abnormal
2025-10-13 16:39:31+00:00,444.6023989338072,39,69,71,24.9,54,1012.27,8.16,-0.1569064,0.0,8.8652116,-0.2975,0.1925,0.175,-70.361328125,-32.763671875,256.201171875,bedroom_window_closed,run_4,0,2224,0,False,False,False,0,0,0,0,0,0,444.6023989338072,69.0,71.0,39.0,0.0052042430616511,-0.0078063645924767,-0.0034694953744339,-0.219625,0.08155,0.1616999999999999,0.515625,0.2255859375,-2.083984375,446.64282541092854,1.0622069756953287,66.55333333333333,2.0449205910532324,68.34,2.126313253895412,0.0,5.0,14.95072845032199,12.363963315985872,Good,16,0,2025-10-13 16:00:00+00:00,Abnormal
2025-10-13 16:39:36+00:00,447.4011550422034,39,69,71,24.8,54,1012.29,8.0,-0.1569064,0.0,8.825985,0.0525,0.2275,-0.39375,-70.8984375,-33.837890625,265.33203125,bedroom_window_closed,run_4,0,2238,0,False,False,False,0,0,0,0,0,0,447.4011550422034,69.0,71.0,39.0,0.0052042430616511,-0.0078063645924767,-0.0468381875548616,0.130375,0.11655,-0.4070499999999999,-0.021484375,-0.8486328125,7.046875,446.63349622390047,1.0491945505711688,66.6,2.0200338890106626,68.38,2.119484551748538,13.99378054198138,0.0,14.858013641999738,12.294434797327886,Good,16,0,2025-10-13 16:00:00+00:00,Abnormal
2025-10-13 16:39:42+00:00,446.0017769880053,40,69,70,24.5,54,1012.22,8.58,-0.2353596,-0.0392266,8.9044382,0.035,0.0,0.6212500000000001,-70.8984375,-33.837890625,265.33203125,bedroom_window_closed,run_4,0,2231,0,False,False,False,0,0,0,0,0,0,446.0017769880053,69.0,70.0,40.0,-0.081533141299202,-0.0511750567729033,0.0398991968059918,0.112875,-0.11095,0.6079500000000001,-0.021484375,-0.8486328125,7.046875,446.6241670368725,1.0485441668626114,66.62666666666667,2.025166052241089,68.39333333333333,2.1233652746255154,-6.996890270990832,0.0,14.57985380672599,12.08787119068456,Good,16,0,2025-10-13 16:00:00+00:00,Abnormal
2025-10-13 16:39:47+00:00,446.0017769880053,39,66,67,24.2,54,1012.3,7.91,-0.1569064,-0.0392266,8.8652116,-0.13125,0.04375,0.35875,-72.509765625,-34.375,253.515625,bedroom_window_closed,run_4,0,2231,0,False,False,False,0,0,0,0,0,0,446.0017769880053,66.0,67.0,39.0,0.0052042430616511,-0.0511750567729033,-0.0034694953744339,-0.053375,-0.0672,0.34545,-1.6328125,-1.3857421875,-4.76953125,446.59751221679255,1.012346052170218,66.64,2.0143112134001044,68.39333333333333,2.1233652746255154,0.0,-15.0,14.301670853750462,11.88431203805824,Good,16,0,2025-10-13 16:00:00+00:00,Abnormal
2025-10-13 16:39:52+00:00,446.0017769880053,39,65,67,24.0,54,1012.24,8.41,-0.196133,0.0392266,8.825985,-0.06125,0.11375,-0.2975,-72.509765625,-34.375,255.126953125,bedroom_window_closed,run_4,0,2231,0,False,False,False,0,0,0,0,0,0,446.0017769880053,65.0,67.0,39.0,-0.0381644491187754,0.0355623275879498,-0.0468381875548616,0.016625,0.0027999999999999,-0.3107999999999999,-1.6328125,-1.3857421875,-3.158203125,446.57885384273646,0.9971476572409104,66.64,2.0143112134001044,68.38666666666667,2.1261764739104607,0.0,-5.0,14.116202707175889,11.750257127181357,Good,16,0,2025-10-13 16:00:00+00:00,Abnormal
2025-10-13 16:39:58+00:00,446.0017769880053,40,67,69,24.0,54,1012.22,8.58,-0.1176798,0.0392266,8.8652116,-0.105,0.14,-0.27125,-71.97265625,-33.837890625,255.6640625,bedroom_window_closed,run_4,0,2231,0,False,False,False,0,0,0,0,0,0,446.0017769880053,67.0,69.0,40.0,0.0485729352420777,0.0355623275879498,-0.0034694953744339,-0.0271249999999999,0.02905,-0.2845499999999999,-1.095703125,-0.8486328125,-2.62109375,446.56019546868055,0.9813569322833782,66.65333333333334,2.009997384440708,68.39333333333333,2.1265236674623296,0.0,10.0,14.116202707175889,11.750257127181357,Good,16,0,2025-10-13 16:00:00+00:00,Abnormal
2025-10-13 16:40:03+00:00,446.0017769880053,40,67,70,24.8,54,1012.33,7.66,-0.2353596,0.0,8.9436648,0.09625,0.39375,0.32375,-71.97265625,-31.15234375,266.943359375,bedroom_window_closed,run_4,0,2231,0,False,False,False,0,0,0,0,0,0,446.0017769880053,67.0,70.0,40.0,-0.081533141299202,-0.0078063645924767,0.0832678889864195,0.174125,0.2828,0.31045,-1.095703125,1.8369140625,8.658203125,446.55086628165253,0.9799593060590426,66.66,2.0094742041591585,68.40666666666667,2.130307557801872,0.0,0.0,14.858013641999738,12.294434797327886,Good,16,0,2025-10-13 16:00:00+00:00,Abnormal
2025-10-13 16:40:08+00:00,446.0017769880053,39,67,69,24.6,54,1012.28,8.08,-0.1176798,0.0392266,8.8652116,-0.07,0.07875,2.19625,-71.97265625,-31.15234375,266.943359375,bedroom_window_closed,run_4,0,2231,0,False,False,False,0,0,0,0,0,0,446.0017769880053,67.0,69.0,39.0,0.0485729352420777,0.0355623275879498,-0.0034694953744339,0.0078749999999999,-0.0322,2.18295,-1.095703125,1.8369140625,8.658203125,446.5415370946246,0.9784701420194676,66.66666666666667,2.0089286158161683,68.41333333333333,2.130591078672548,0.0,0.0,14.67257632030846,12.156390094598043,Good,16,0,2025-10-13 16:00:00+00:00,Abnormal
2025-10-13 16:40:14+00:00,446.0017769880053,40,67,70,24.6,54,1012.29,8.0,-0.1569064,0.0392266,8.9044382,-0.035,0.1925,-0.06125,-70.8984375,-33.837890625,258.88671875,bedroom_window_closed,run_4,0,2231,0,False,False,False,0,0,0,0,0,0,446.0017769880053,67.0,70.0,40.0,0.0052042430616511,0.0355623275879498,0.0398991968059918,0.0428749999999999,0.08155,-0.07455,-0.021484375,-0.8486328125,0.6015625,446.5322079075966,0.976889021545576,66.68,2.004424635850709,68.43333333333334,2.131315460658324,0.0,0.0,14.67257632030846,12.156390094598043,Good,16,0,2025-10-13 16:00:00+00:00,Abnormal
2025-10-13 16:40:19+00:00,446.0017769880053,40,67,70,24.4,54,1012.24,8.41,-0.2353596,0.0392266,8.8652116,0.00875,0.035,0.1575,-70.8984375,-33.30078125,259.423828125,bedroom_window_closed,run_4,0,2231,0,False,False,False,0,0,0,0,0,0,446.0017769880053,67.0,70.0,40.0,-0.081533141299202,0.0355623275879498,-0.0034694953744339,0.086625,-0.07595,0.1442,-0.021484375,-0.3115234375,1.138671875,446.5135495335406,0.959853000007746,66.68666666666667,2.0038106873388495,68.44,2.134661219840276,0.0,0.0,14.487128724509994,12.01968611219564,Good,16,0,2025-10-13 16:00:00+00:00,Abnormal
2025-10-13 16:40:24+00:00,447.4011550422034,40,67,70,24.3,54,1012.27,8.16,-0.1569064,0.0,8.9044382,-0.06125,0.14875,-0.1925,-71.435546875,-31.689453125,249.755859375,bedroom_window_closed,run_4,0,2238,0,False,False,False,0,0,0,0,0,0,447.4011550422034,67.0,70.0,40.0,0.0052042430616511,-0.0078063645924767,0.0398991968059918,0.016625,0.0377999999999999,-0.2058,-0.55859375,1.2998046875,-8.529296875,446.5135495335406,0.959853000007746,66.69333333333333,2.00317421487072,68.44666666666667,2.1379808157886107,6.996890270990832,0.0,14.394401073553732,11.951833509725184,Good,16,0,2025-10-13 16:00:00+00:00,Abnormal
2025-10-13 16:40:30+00:00,446.0017769880053,39,66,68,24.4,54,1012.27,8.16,-0.1176798,0.0392266,8.9044382,-0.315,0.1575,-0.105,-70.361328125,-32.763671875,236.328125,bedroom_window_closed,run_4,0,2231,0,False,False,False,0,0,0,0,0,0,446.0017769880053,66.0,68.0,39.0,0.0485729352420777,0.0355623275879498,0.0398991968059918,-0.237125,0.0465499999999999,-0.1183,0.515625,0.2255859375,-21.95703125,446.5042203465126,0.9579668136835132,66.7,1.9991608978023496,68.44666666666667,2.1379808157886107,-6.996890270990832,-5.0,14.487128724509994,12.01968611219564,Good,16,0,2025-10-13 16:00:00+00:00,Abnormal
2025-10-13 16:40:35+00:00,446.0017769880053,40,67,70,24.3,54,1012.26,8.25,-0.1569064,0.0,8.825985,-0.00875,-0.14875,-0.0175,-70.361328125,-32.763671875,236.328125,bedroom_window_closed,run_4,0,2231,0,False,False,False,0,0,0,0,0,0,446.0017769880053,67.0,70.0,40.0,0.0052042430616511,-0.0078063645924767,-0.0468381875548616,0.0691249999999999,-0.2597,-0.0308,0.515625,0.2255859375,-21.95703125,446.48556197245665,0.9400290544080716,66.71333333333334,1.994410533986408,68.46,2.141410185810431,0.0,5.0,14.394401073553732,11.951833509725184,Good,16,0,2025-10-13 16:00:00+00:00,Abnormal
2025-10-13 16:40:40+00:00,446.0017769880053,39,67,71,24.0,54,1012.29,8.0,-0.1569064,-0.0392266,8.825985,-0.09625,0.035,0.0175,-70.8984375,-32.2265625,259.9609375,bedroom_window_closed,run_4,0,2231,0,False,False,False,0,0,0,0,0,0,446.0017769880053,67.0,71.0,39.0,0.0052042430616511,-0.0511750567729033,-0.0468381875548616,-0.018375,-0.07595,0.0042,-0.021484375,0.7626953125,1.67578125,446.4762327854287,0.9378227713852992,66.74,1.971031821902658,68.49333333333334,2.141775800455874,0.0,0.0,14.116202707175889,11.750257127181357,Good,16,0,2025-10-13 16:00:00+00:00,Abnormal
2025-10-13 16:40:46+00:00,446.0017769880053,40,68,70,24.1,54,1012.32,7.75,-0.1569064,0.0,8.9044382,-0.1225,-0.09625,0.245,-71.435546875,-31.689453125,257.275390625,bedroom_window_closed,run_4,0,2231,0,False,False,False,0,0,0,0,0,0,446.0017769880053,68.0,70.0,40.0,0.0052042430616511,-0.0078063645924767,0.0398991968059918,-0.044625,-0.2072,0.2317,-0.55859375,1.2998046875,-1.009765625,446.46690359840073,0.935517633306328,66.76666666666667,1.9607445054519088,68.52666666666667,2.125892364283545,0.0,5.0,14.208938064993433,11.817120356162745,Good,16,0,2025-10-13 16:00:00+00:00,Abnormal
2025-10-13 16:40:51+00:00,446.0017769880053,40,68,69,24.4,54,1012.29,8.0,-0.2353596,0.0392266,8.9044382,0.02625,-0.06125,0.14,-71.435546875,-33.30078125,265.869140625,bedroom_window_closed,run_4,0,2231,0,False,False,False,0,0,0,0,0,0,446.0017769880053,68.0,69.0,40.0,-0.081533141299202,0.0355623275879498,0.0398991968059918,0.104125,-0.1722,0.1267,-0.55859375,-0.3115234375,7.583984375,446.4575744113728,0.9331129075444952,66.77333333333333,1.9632416237890773,68.54,2.1225222427906396,0.0,0.0,14.487128724509994,12.01968611219564,Good,16,0,2025-10-13 16:00:00+00:00,Abnormal
2025-10-13 16:40:56+00:00,446.0017769880053,40,67,68,24.3,54,1012.32,7.75,-0.1569064,0.0,8.7867584,-0.14,-0.1925,-0.25375,-71.435546875,-33.30078125,233.10546875,bedroom_window_closed,run_4,0,2231,0,False,False,False,0,0,0,0,0,0,446.0017769880053,67.0,68.0,40.0,0.0052042430616511,-0.0078063645924767,-0.0902068797352873,-0.062125,-0.30345,-0.2670499999999999,-0.55859375,-0.3115234375,-25.1796875,446.4482452243447,0.9306078220851196,66.77333333333333,1.9632416237890773,68.54666666666667,2.1192206578995205,0.0,-5.0,14.394401073553732,11.951833509725184,Good,16,0,2025-10-13 16:00:00+00:00,Abnormal
2025-10-13 16:41:02+00:00,446.0017769880053,40,67,67,24.9,54,1012.29,8.0,-0.1569064,-0.0392266,8.8652116,0.02625,-0.175,-0.20125,-68.212890625,-33.30078125,233.10546875,bedroom_window_closed,run_4,0,2231,0,False,False,False,0,0,0,0,0,0,446.0017769880053,67.0,67.0,40.0,0.0052042430616511,-0.0511750567729033,-0.0034694953744339,0.104125,-0.28595,-0.21455,2.6640625,-0.3115234375,-25.1796875,446.4389160373167,0.9280015641833134,66.78,1.9622956012908797,68.55333333333333,2.1127184900844194,0.0,0.0,14.95072845032199,12.363963315985872,Good,16,0,2025-10-13 16:00:00+00:00,Abnormal
2025-10-13 16:41:07+00:00,446.0017769880053,39,67,67,24.4,54,1012.28,8.08,-0.1176798,0.0,8.7475318,-0.56,-0.0875,0.48125,-69.287109375,-33.30078125,258.88671875,bedroom_window_closed,run_4,0,2231,0,False,False,False,0,0,0,0,0,0,446.0017769880053,67.0,67.0,39.0,0.0485729352420777,-0.0078063645924767,-0.1335755719157131,-0.482125,-0.19845,0.46795,1.58984375,-0.3115234375,0.6015625,446.42958685028873,0.9252932789273576,66.77333333333333,1.9598201077104056,68.54,2.1161887991285453,0.0,0.0,14.487128724509994,12.01968611219564,Good,16,0,2025-10-13 16:00:00+00:00,Abnormal
2025-10-13 16:41:12+00:00,446.0017769880053,39,68,69,24.2,54,1012.27,8.16,-0.196133,0.0392266,8.9044382,-0.02625,-0.07875,-0.21875,-72.509765625,-32.2265625,254.58984375,bedroom_window_closed,run_4,0,2231,0,False,False,False,0,0,0,0,0,0,446.0017769880053,68.0,69.0,39.0,-0.0381644491187754,0.0355623275879498,0.0398991968059918,0.051625,-0.1897,-0.23205,-1.6328125,0.7626953125,-3.6953125,446.4202576632608,0.9224820677012666,66.76,1.944463832863787,68.53333333333333,2.11313141682848,0.0,5.0,14.301670853750462,11.88431203805824,Good,16,0,2025-10-13 16:00:00+00:00,Abnormal
2025-10-13 16:41:18+00:00,444.6023989338072,39,69,71,24.4,54,1012.26,8.25,-0.1569064,0.0392266,8.7867584,0.8662500000000001,-0.09625,0.0175,-70.8984375,-31.15234375,256.201171875,bedroom_window_closed,run_4,0,2224,0,False,False,False,0,0,0,0,0,0,444.6023989338072,69.0,71.0,39.0,0.0052042430616511,0.0355623275879498,-0.0902068797352873,0.944125,-0.2072,0.0042,-0.021484375,1.8369140625,-2.083984375,446.4109284762328,0.933749858159892,66.76666666666667,1.950448809706118,68.55333333333333,2.1222271025317787,-6.996890270990548,5.0,14.487128724509994,12.01968611219564,Good,16,0,2025-10-13 16:00:00+00:00,Abnormal
2025-10-13 16:41:23+00:00,446.0017769880053,39,71,72,0.0,0,1012.31,7.83,-0.1176798,0.0,8.825985,0.02625,0.09625,0.13125,-70.8984375,-31.15234375,256.201171875,bedroom_window_closed,run_4,0,2231,0,False,False,False,0,0,0,0,0,0,446.0017769880053,71.0,72.0,39.0,0.0485729352420777,-0.0078063645924767,-0.0468381875548616,0.104125,-0.0147,0.11795,-0.021484375,1.8369140625,-2.083984375,446.40159928920485,0.9307759340558172,66.78666666666666,1.978361693122422,68.58,2.140281609771853,6.996890270990548,10.0,-96.07763018544566,0.0,Good,16,0,2025-10-13 16:00:00+00:00,Abnormal
2025-10-13 16:41:28+00:00,446.0017769880053,39,69,71,24.9,54,1012.35,7.5,-0.1176798,0.0392266,8.7475318,0.13125,-0.11375,0.28875,-70.361328125,-33.837890625,255.6640625,bedroom_window_closed,run_4,0,2231,0,False,False,False,0,0,0,0,0,0,446.0017769880053,69.0,71.0,39.0,0.0485729352420777,0.0355623275879498,-0.1335755719157131,0.209125,-0.2247,0.27545,0.515625,-0.8486328125,-2.62109375,446.40159928920474,0.9307759340558172,66.80666666666667,1.9855067706923653,68.61333333333333,2.1387654554387585,0.0,-10.0,14.95072845032199,12.363963315985872,Good,16,0,2025-10-13 16:00:00+00:00,Abnormal
2025-10-13 16:41:34+00:00,446.0017769880053,41,70,70,24.6,54,1012.28,8.08,-0.1176798,-0.0392266,8.8652116,-0.2625,-0.04375,-0.0525,-72.509765625,-34.375,253.515625,bedroom_window_closed,run_4,0,2231,0,False,False,False,0,0,0,0,0,0,446.0017769880053,70.0,70.0,41.0,0.0485729352420777,-0.0511750567729033,-0.0034694953744339,-0.184625,-0.1547,-0.0658,-1.6328125,-1.3857421875,-4.76953125,446.40159928920474,0.9307759340558172,66.84,1.9969103652170552,68.64666666666666,2.1209617505282057,0.0,5.0,14.67257632030846,12.156390094598043,Good,16,0,2025-10-13 16:00:00+00:00,Abnormal
2025-10-13 16:41:39+00:00,446.0017769880053,40,69,69,24.6,54,1012.22,8.58,-0.1176798,0.0,8.6690786,-0.13125,0.13125,-0.00875,-70.361328125,-32.763671875,252.978515625,bedroom_window_closed,run_4,0,2231,0,False,False,False,0,0,0,0,0,0,446.0017769880053,69.0,69.0,40.0,0.0485729352420777,-0.0078063645924767,-0.2203129562765665,-0.053375,0.0203,-0.02205,0.515625,0.2255859375,-5.306640625,446.40159928920474,0.9307759340558172,66.88,1.979492172690984,68.67333333333333,2.099845525372081,0.0,-5.0,14.67257632030846,12.156390094598043,Good,16,0,2025-10-13 16:00:00+00:00,Abnormal
2025-10-13 16:41:44+00:00,446.0017769880053,41,69,71,24.2,54,1012.29,8.0,-0.2353596,0.0,8.8652116,0.07,-0.0525,0.23625,-70.361328125,-32.763671875,252.978515625,bedroom_window_closed,run_4,0,2231,0,False,False,False,0,0,0,0,0,0,446.0017769880053,69.0,71.0,41.0,-0.081533141299202,-0.0078063645924767,-0.0034694953744339,0.147875,-0.16345,0.2229499999999999,0.515625,0.2255859375,-5.306640625,446.3922701021768,0.9276980357433876,66.90666666666667,1.9809382451495317,68.7,2.10384754596059,0.0,0.0,14.301670853750462,11.88431203805824,Good,16,0,2025-10-13 16:00:00+00:00,Abnormal
2025-10-13 16:41:50+00:00,447.4011550422034,41,69,72,24.5,54,1012.26,8.25,-0.1176798,0.0392266,8.8652116,0.16625,0.105,0.1225,-70.8984375,-33.30078125,255.6640625,bedroom_window_closed,run_4,0,2238,0,False,False,False,0,0,0,0,0,0,447.4011550422034,69.0,72.0,41.0,0.0485729352420777,0.0355623275879498,-0.0034694953744339,0.244125,-0.00595,0.1091999999999999,-0.021484375,-0.3115234375,-2.62109375,446.3922701021768,0.9276980357433876,66.92666666666666,1.986858390520576,68.72666666666667,2.1202021768439017,6.996890270990832,0.0,14.57985380672599,12.08787119068456,Good,16,0,2025-10-13 16:00:00+00:00,Abnormal
2025-10-13 16:41:55+00:00,447.4011550422034,41,69,71,24.7,54,1012.24,8.41,-0.1569064,0.0,8.8652116,-0.20125,-0.14,0.0525,-71.435546875,-32.763671875,257.275390625,bedroom_window_closed,run_4,0,2238,0,False,False,False,0,0,0,0,0,0,447.4011550422034,69.0,71.0,41.0,0.0052042430616511,-0.0078063645924767,-0.0034694953744339,-0.123375,-0.25095,0.0392,-0.55859375,0.2255859375,-1.009765625,446.3922701021768,0.9276980357433876,66.96,1.9793565492334129,68.76,2.116347366217738,0.0,0.0,14.765296265364135,12.225244177541509,Good,16,0,2025-10-13 16:00:00+00:00,Abnormal
2025-10-13 16:42:00+00:00,447.4011550422034,41,68,70,24.6,54,1012.33,7.66,-0.196133,0.0392266,8.7867584,-0.11375,0.39375,-0.07875,-71.435546875,-32.2265625,223.974609375,bedroom_window_closed,run_4,0,2238,0,False,False,False,0,0,0,0,0,0,447.4011550422034,68.0,70.0,41.0,-0.0381644491187754,0.0355623275879498,-0.0902068797352873,-0.035875,0.2828,-0.09205,-0.55859375,0.7626953125,-34.310546875,446.3922701021768,0.9276980357433876,66.98,1.974569870755796,68.78666666666666,2.10651487573678,0.0,-5.0,14.67257632030846,12.156390094598043,Good,16,0,2025-10-13 16:00:00+00:00,Abnormal
2025-10-13 16:42:06+00:00,446.0017769880053,41,68,70,24.1,54,1012.27,8.16,-0.196133,0.0,8.8652116,-0.035,0.1925,0.11375,-71.435546875,-32.2265625,223.974609375,bedroom_window_closed,run_4,0,2231,0,False,False,False,0,0,0,0,0,0,446.0017769880053,68.0,70.0,41.0,-0.0381644491187754,-0.0078063645924767,-0.0034694953744339,0.0428749999999999,0.08155,0.10045,-0.55859375,0.7626953125,-34.310546875,446.3922701021768,0.9276980357433876,66.98666666666666,1.976325200350152,68.79333333333334,2.1087757403390777,-6.996890270990832,0.0,14.208938064993433,11.817120356162745,Good,16,0,2025-10-13 16:00:00+00:00,Abnormal
2025-10-13 16:42:11+00:00,447.4011550422034,41,70,72,24.4,54,1012.25,8.33,-0.1569064,0.0392266,8.8652116,-0.28,0.175,0.48125,-71.435546875,-33.30078125,249.755859375,bedroom_window_closed,run_4,0,2238,0,False,False,False,0,0,0,0,0,0,447.4011550422034,70.0,72.0,41.0,0.0052042430616511,0.0355623275879498,-0.0034694953744339,-0.202125,0.0640499999999999,0.46795,-0.55859375,-0.3115234375,-8.529296875,446.3922701021768,0.9276980357433876,67.02,1.9847404442073535,68.82666666666667,2.1197273050736607,6.996890270990832,10.0,14.487128724509994,12.01968611219564,Good,16,0,2025-10-13 16:00:00+00:00,Abnormal
2025-10-13 16:42:16+00:00,446.0017769880053,41,72,74,24.9,54,1012.25,8.33,-0.1569064,0.0,8.825985,-0.1225,0.25375,-0.06125,-71.435546875,-33.30078125,261.572265625,bedroom_window_closed,run_4,0,2231,0,False,False,False,0,0,0,0,0,0,446.0017769880053,72.0,74.0,41.0,0.0052042430616511,-0.0078063645924767,-0.0468381875548616,-0.044625,0.1427999999999999,-0.07455,-0.55859375,-0.3115234375,3.287109375,446.3922701021768,0.9276980357433876,67.07333333333334,2.010364642428246,68.88,2.1485753044578884,-6.996890270990832,10.0,14.95072845032199,12.363963315985872,Good,16,0,2025-10-13 16:00:00+00:00,Abnormal
2025-10-13 16:42:22+00:00,446.0017769880053,41,73,75,24.4,54,1012.36,7.41,-0.2353596,0.0784532,8.9044382,-0.1225,0.18375,0.2975,-69.82421875,-33.30078125,256.73828125,bedroom_window_closed,run_4,0,2231,0,False,False,False,0,0,0,0,0,0,446.0017769880053,73.0,75.0,41.0,-0.081533141299202,0.0789310197683764,0.0398991968059918,-0.044625,0.0727999999999999,0.2842,1.052734375,-0.3115234375,-1.546875,446.3922701021768,0.9276980357433876,67.13333333333334,2.051899322028355,68.93333333333334,2.2002643729702367,0.0,5.0,14.487128724509994,12.01968611219564,Good,16,0,2025-10-13 16:00:00+00:00,Abnormal
2025-10-13 16:42:27+00:00,447.4011550422034,39,72,74,24.0,54,1012.27,8.16,-0.0784532,-0.0392266,8.8652116,-0.1925,0.09625,-0.0875,-69.287109375,-34.912109375,248.681640625,bedroom_window_closed,run_4,0,2238,0,False,False,False,0,0,0,0,0,0,447.4011550422034,72.0,74.0,39.0,0.0919416274225043,-0.0511750567729033,-0.0034694953744339,-0.114625,-0.0147,-0.1008,1.58984375,-1.9228515625,-9.603515625,446.40159928920474,0.9307759340558172,67.18666666666667,2.0737628046674734,68.98,2.2329743609465025,6.996890270990832,-5.0,14.116202707175889,11.750257127181357,Good,16,0,2025-10-13 16:00:00+00:00,Abnormal
2025-10-13 16:42:32+00:00,447.4011550422034,40,72,74,24.7,54,1012.3,7.91,-0.196133,0.0784532,8.9044382,-0.0175,0.0875,0.035,-69.287109375,-34.912109375,248.681640625,bedroom_window_closed,run_4,0,2238,0,False,False,False,0,0,0,0,0,0,447.4011550422034,72.0,74.0,40.0,-0.0381644491187754,0.0789310197683764,0.0398991968059918,0.060375,-0.02345,0.0217,1.58984375,-1.9228515625,-9.603515625,446.4109284762327,0.933749858159892,67.24,2.094031146605265,69.04,2.2461899135017354,0.0,0.0,14.765296265364135,12.225244177541509,Good,16,0,2025-10-13 16:00:00+00:00,Abnormal
2025-10-13 16:42:38+00:00,446.0017769880053,39,69,72,24.4,54,1012.35,7.5,-0.1569064,0.0392266,8.9044382,0.245,-0.035,0.2275,-70.361328125,-33.837890625,250.830078125,bedroom_window_closed,run_4,0,2231,0,False,False,False,0,0,0,0,0,0,446.0017769880053,69.0,72.0,39.0,0.0052042430616511,0.0355623275879498,0.0398991968059918,0.322875,-0.14595,0.2142,0.515625,-0.8486328125,-7.455078125,446.4109284762328,0.933749858159892,67.28,2.069659376053424,69.09333333333333,2.2205467210784673,-6.996890270990832,-15.0,14.487128724509994,12.01968611219564,Good,16,0,2025-10-13 16:00:00+00:00,Abnormal
2025-10-13 16:42:43+00:00,446.0017769880053,40,68,70,24.2,54,1012.29,8.0,-0.0784532,-0.0392266,8.7867584,0.1225,0.1225,-0.06125,-71.435546875,-31.689453125,256.73828125,bedroom_window_closed,run_4,0,2231,0,False,False,False,0,0,0,0,0,0,446.0017769880053,68.0,70.0,40.0,0.0919416274225043,-0.0511750567729033,-0.0902068797352873,0.200375,0.0115499999999999,-0.07455,-0.55859375,1.2998046875,-1.546875,446.4109284762328,0.933749858159892,67.31333333333333,2.0403206310295614,69.13333333333334,2.1818859727791593,0.0,-5.0,14.301670853750462,11.88431203805824,Good,16,0,2025-10-13 16:00:00+00:00,Abnormal
2025-10-13 16:42:48+00:00,446.0017769880053,39,67,69,24.4,54,1012.27,8.16,-0.196133,0.1176798,8.8652116,-0.18375,0.09625,0.21,-70.361328125,-33.30078125,256.201171875,bedroom_window_closed,run_4,0,2231,0,False,False,False,0,0,0,0,0,0,446.0017769880053,67.0,69.0,39.0,-0.0381644491187754,0.122299711948803,-0.0034694953744339,-0.105875,-0.0147,0.1966999999999999,0.515625,-0.3115234375,-2.083984375,446.40159928920474,0.9307759340558172,67.33333333333333,2.022247625443759,69.15333333333334,2.1666683875402266,0.0,-5.0,14.487128724509994,12.01968611219564,Good,16,0,2025-10-13 16:00:00+00:00,Abnormal
2025-10-13 16:42:54+00:00,444.6023989338072,39,67,69,24.1,54,1012.24,8.41,-0.1569064,0.0,8.9436648,-0.14,0.20125,-0.09625,-70.361328125,-33.837890625,237.40234375,bedroom_window_closed,run_4,0,2224,0,False,False,False,0,0,0,0,0,0,444.6023989338072,67.0,69.0,39.0,0.0052042430616511,-0.0078063645924767,0.0832678889864195,-0.062125,0.0903,-0.10955,0.515625,-0.8486328125,-20.8828125,446.3922701021768,0.941758461816134,67.36,1.990851559731628,69.18,2.1396543658659692,-6.996890270990548,0.0,14.208938064993433,11.817120356162745,Good,16,0,2025-10-13 16:00:00+00:00,Abnormal
2025-10-13 16:42:59+00:00,446.0017769880053,39,67,69,24.5,54,1012.28,8.08,-0.1569064,0.0392266,8.8652116,0.56,-0.04375,0.18375,-70.361328125,-33.837890625,237.40234375,bedroom_window_closed,run_4,0,2231,0,False,False,False,0,0,0,0,0,0,446.0017769880053,67.0,69.0,39.0,0.0052042430616511,0.0355623275879498,-0.0034694953744339,0.6378750000000001,-0.1547,0.17045,0.515625,-0.8486328125,-20.8828125,446.3829409151488,0.93862323155127,67.38,1.9718488581691649,69.2,2.1236918594970735,6.996890270990548,0.0,14.57985380672599,12.08787119068456,Good,16,0,2025-10-13 16:00:00+00:00,Abnormal
2025-10-13 16:43:04+00:00,444.6023989338072,40,68,69,24.3,54,1012.34,7.58,-0.1569064,0.0392266,8.8652116,-0.41125,0.21,0.5950000000000001,-71.97265625,-34.375,248.14453125,bedroom_window_closed,run_4,0,2224,0,False,False,False,0,0,0,0,0,0,444.6023989338072,68.0,69.0,40.0,0.0052042430616511,0.0355623275879498,-0.0034694953744339,-0.333375,0.0990499999999999,0.5817000000000001,-1.095703125,-1.3857421875,-10.140625,446.3736117281208,0.9493304274035248,67.39333333333333,1.9692149720799743,69.2,2.1236918594970735,-6.996890270990548,5.0,14.394401073553732,11.951833509725184,Good,16,0,2025-10-13 16:00:00+00:00,Abnormal
2025-10-13 16:43:10+00:00,444.6023989338072,40,67,67,24.1,54,1012.31,7.83,-0.1569064,0.0392266,8.8652116,0.0,0.32375,-0.07875,-71.97265625,-33.837890625,259.9609375,bedroom_window_closed,run_4,0,2224,0,False,False,False,0,0,0,0,0,0,444.6023989338072,67.0,67.0,40.0,0.0052042430616511,0.0355623275879498,-0.0034694953744339,0.077875,0.2128,-0.09205,-1.095703125,-0.8486328125,1.67578125,446.36428254109273,0.9598269189189104,67.39333333333333,1.9692149720799743,69.18,2.1302235443712156,0.0,-5.0,14.208938064993433,11.817120356162745,Good,16,0,2025-10-13 16:00:00+00:00,Abnormal
2025-10-13 16:43:15+00:00,444.6023989338072,39,66,67,24.1,54,1012.31,7.83,-0.196133,-0.0392266,8.825985,0.5687500000000001,0.25375,0.28875,-71.435546875,-33.30078125,240.625,bedroom_window_closed,run_4,0,2224,0,False,False,False,0,0,0,0,0,0,444.6023989338072,66.0,67.0,39.0,-0.0381644491187754,-0.0511750567729033,-0.0468381875548616,0.6466250000000001,0.1427999999999999,0.27545,-0.55859375,-0.3115234375,-17.66015625,446.3549533540649,0.9701195454527124,67.39333333333333,1.9692149720799743,69.16666666666667,2.137604086454091,0.0,-5.0,14.208938064993433,11.817120356162745,Good,16,0,2025-10-13 16:00:00+00:00,Abnormal
2025-10-13 16:43:20+00:00,444.6023989338072,39,66,68,24.8,55,1012.27,8.16,-0.1569064,-0.0392266,8.9828914,-0.0875,-0.07875,0.41125,-71.435546875,-33.30078125,240.625,bedroom_window_closed,run_4,0,2224,0,False,False,False,0,0,0,0,0,0,444.6023989338072,66.0,68.0,39.0,0.0052042430616511,-0.0511750567729033,0.1266365811668452,-0.0096249999999999,-0.1897,0.39795,-0.55859375,-0.3115234375,-17.66015625,446.345624167037,0.980214729004918,67.38,1.9718488581691649,69.15333333333334,2.13860855053903,0.0,0.0,15.143400947991193,12.52210951579692,Good,16,0,2025-10-13 16:00:00+00:00,Abnormal
2025-10-13 16:43:26+00:00,443.4029320302088,40,69,70,24.9,55,1012.27,8.16,-0.196133,0.0,8.9044382,0.0175,0.28875,-0.13125,-70.361328125,-33.30078125,254.58984375,bedroom_window_closed,run_4,0,2218,0,False,False,False,0,0,0,0,0,0,443.4029320302088,69.0,70.0,40.0,-0.0381644491187754,-0.0078063645924767,0.0398991968059918,0.095375,0.1778,-0.14455,0.515625,-0.3115234375,-3.6953125,446.32829853398493,1.008881684765034,67.38666666666667,1.9756459029342055,69.15333333333334,2.13860855053903,-5.997334517992101,15.0,15.236321037605688,12.59292559961524,Good,16,0,2025-10-13 16:00:00+00:00,Abnormal
2025-10-13 16:43:31+00:00,443.4029320302088,40,69,70,24.6,55,1012.29,8.0,-0.1569064,0.0,8.8652116,-0.16625,-0.07875,-0.105,-70.8984375,-33.837890625,259.9609375,bedroom_window_closed,run_4,0,2218,0,False,False,False,0,0,0,0,0,0,443.4029320302088,69.0,70.0,40.0,0.0052042430616511,-0.0078063645924767,-0.0034694953744339,-0.088375,-0.1897,-0.1183,-0.021484375,-0.8486328125,1.67578125,446.31097290093294,1.0364647646689094,67.4,1.979763391733536,69.16666666666667,2.137604086454091,0.0,0.0,14.957553268326617,12.381508429683194,Good,16,0,2025-10-13 16:00:00+00:00,Abnormal
2025-10-13 16:43:36+00:00,443.4029320302088,40,69,69,24.9,55,1012.38,7.25,-0.2353596,-0.0392266,8.9044382,0.04375,0.02625,0.2975,-71.97265625,-34.375,256.201171875,bedroom_window_closed,run_4,0,2218,0,False,False,False,0,0,0,0,0,0,443.4029320302088,69.0,69.0,40.0,-0.081533141299202,-0.0511750567729033,0.0398991968059918,0.121625,-0.0847,0.2842,-1.095703125,-1.3857421875,-2.083984375,446.29364726788094,1.0630483425487836,67.40666666666667,1.983477613987642,69.16666666666667,2.137604086454091,0.0,0.0,15.236321037605688,12.59292559961524,Good,16,0,2025-10-13 16:00:00+00:00,Abnormal
2025-10-13 16:43:42+00:00,443.4029320302088,39,69,70,24.9,55,1012.27,8.16,-0.1569064,0.1176798,8.825985,0.0525,0.14875,-0.18375,-71.435546875,-32.763671875,252.978515625,bedroom_window_closed,run_4,0,2218,0,False,False,False,0,0,0,0,0,0,443.4029320302088,69.0,70.0,39.0,0.0052042430616511,0.122299711948803,-0.0468381875548616,0.130375,0.0377999999999999,-0.19705,-0.55859375,0.2255859375,-5.306640625,446.27632163482895,1.0887056371861716,67.42,1.987443806980714,69.17333333333333,2.1386399324399075,0.0,0.0,15.236321037605688,12.59292559961524,Good,16,0,2025-10-13 16:00:00+00:00,Abnormal
2025-10-13 16:43:47+00:00,444.6023989338072,39,69,71,24.1,55,1012.29,8.0,-0.1176798,0.0,8.8652116,-0.42875,0.07875,0.32375,-71.435546875,-32.763671875,252.978515625,bedroom_window_closed,run_4,0,2224,0,False,False,False,0,0,0,0,0,0,444.6023989338072,69.0,71.0,39.0,0.0485729352420777,-0.0078063645924767,-0.0034694953744339,-0.350875,-0.0322,0.31045,-0.55859375,0.2255859375,-5.306640625,446.266992447801,1.0970378117103363,67.44,1.988152830607422,69.18666666666667,2.1437803486937197,5.997334517992101,0.0,14.492890311914993,12.035955918313904,Good,16,0,2025-10-13 16:00:00+00:00,Abnormal
2025-10-13 16:43:52+00:00,443.4029320302088,40,70,72,24.0,55,1012.29,8.0,-0.196133,0.0392266,8.7867584,0.1925,-0.07875,0.175,-71.435546875,-32.763671875,252.44140625,bedroom_window_closed,run_4,0,2218,0,False,False,False,0,0,0,0,0,0,443.4029320302088,70.0,72.0,40.0,-0.0381644491187754,0.0355623275879498,-0.0902068797352873,0.270375,-0.1897,0.1616999999999999,-0.55859375,0.2255859375,-5.84375,446.249666814749,1.1215035996777016,67.46666666666667,1.9955207110619928,69.20666666666666,2.1559864111171665,-5.997334517992101,5.0,14.399950218582394,11.967854481388418,Good,16,0,2025-10-13 16:00:00+00:00,Abnormal
2025-10-13 16:43:58+00:00,443.4029320302088,39,69,71,0.0,0,1012.32,7.75,-0.1569064,0.0392266,8.8652116,-0.245,0.25375,0.14875,-70.361328125,-33.837890625,254.58984375,bedroom_window_closed,run_4,0,2218,0,False,False,False,0,0,0,0,0,0,443.4029320302088,69.0,71.0,39.0,0.0052042430616511,0.0355623275879498,-0.0034694953744339,-0.167125,0.1427999999999999,0.13545,0.515625,-0.8486328125,-3.6953125,446.22301199466904,1.141290862731891,67.48666666666666,1.9957561237768504,69.22666666666667,2.158630769931494,0.0,-5.0,-96.07763018544566,0.0,Good,16,0,2025-10-13 16:00:00+00:00,Abnormal
2025-10-13 16:44:03+00:00,443.4029320302088,39,69,71,24.6,55,1012.25,8.33,-0.1176798,-0.0392266,8.7867584,-0.11375,0.35,0.245,-72.509765625,-32.763671875,254.052734375,bedroom_window_closed,run_4,0,2218,0,False,False,False,0,0,0,0,0,0,443.4029320302088,69.0,71.0,39.0,0.0485729352420777,-0.0511750567729033,-0.0902068797352873,-0.035875,0.2390499999999999,0.2317,-1.6328125,0.2255859375,-4.232421875,446.20568636161704,1.1641687981969988,67.52,1.9788139624498648,69.26666666666667,2.135248022205215,0.0,0.0,14.957553268326617,12.381508429683194,Good,16,0,2025-10-13 16:00:00+00:00,Abnormal
2025-10-13 16:44:09+00:00,443.4029320302088,40,69,72,24.7,55,1012.27,8.16,-0.1569064,-0.0392266,8.825985,0.00875,0.07875,-0.04375,-71.435546875,-33.837890625,279.296875,bedroom_window_closed,run_4,0,2218,0,False,False,False,0,0,0,0,0,0,443.4029320302088,69.0,72.0,40.0,0.0052042430616511,-0.0511750567729033,-0.0468381875548616,0.086625,-0.0322,-0.05705,-0.55859375,-0.8486328125,21.01171875,446.18836072856504,1.186351028863413,67.54,1.9785086919938617,69.30666666666667,2.129834939146491,0.0,0.0,15.050478358265137,12.45163758823672,Good,16,0,2025-10-13 16:00:00+00:00,Abnormal
2025-10-13 16:44:14+00:00,444.6023989338072,40,70,72,24.7,55,1012.32,7.75,-0.196133,0.0392266,8.8652116,-0.0175,0.06125,-0.1925,-71.435546875,-33.837890625,279.296875,bedroom_window_closed,run_4,0,2224,0,False,False,False,0,0,0,0,0,0,444.6023989338072,70.0,72.0,40.0,-0.0381644491187754,0.0355623275879498,-0.0034694953744339,0.060375,-0.0497,-0.2058,-0.55859375,-0.8486328125,21.01171875,446.1790315415371,1.1933099083053742,67.58666666666667,1.9530965490097707,69.36666666666666,2.077093563944165,5.997334517992101,5.0,15.050478358265137,12.45163758823672,Good,16,0,2025-10-13 16:00:00+00:00,Abnormal
2025-10-13 16:44:19+00:00,443.4029320302088,39,69,73,24.7,55,1012.31,7.83,-0.1569064,0.0,8.7867584,-0.07875,-0.00875,0.48125,-70.8984375,-32.2265625,258.88671875,bedroom_window_closed,run_4,0,2218,0,False,False,False,0,0,0,0,0,0,443.4029320302088,69.0,73.0,39.0,0.0052042430616511,-0.0078063645924767,-0.0902068797352873,-0.000875,-0.1197,0.46795,-0.021484375,0.7626953125,0.6015625,446.16170590848515,1.2145774936875045,67.62,1.9340467710868936,69.42,2.0669011918601607,-5.997334517992101,-5.0,15.050478358265137,12.45163758823672,Good,16,0,2025-10-13 16:00:00+00:00,Abnormal
2025-10-13 16:44:25+00:00,444.6023989338072,40,72,75,24.6,55,1012.34,7.58,-0.196133,0.0392266,8.8652116,0.035,0.0175,0.1225,-70.8984375,-33.30078125,261.03515625,bedroom_window_closed,run_4,0,2224,0,False,False,False,0,0,0,0,0,0,444.6023989338072,72.0,75.0,40.0,-0.0381644491187754,0.0355623275879498,-0.0034694953744339,0.112875,-0.09345,0.1091999999999999,-0.021484375,-0.3115234375,2.75,446.15237672145713,1.2211705811721938,67.66,1.9621587892150631,69.46666666666667,2.1131314168285127,5.997334517992101,15.0,14.957553268326617,12.381508429683194,Good,16,0,2025-10-13 16:00:00+00:00,Abnormal
2025-10-13 16:44:30+00:00,443.4029320302088,40,72,76,24.2,55,1012.31,7.83,-0.2353596,-0.0392266,8.7867584,-0.1225,0.14875,0.175,-71.97265625,-32.2265625,264.2578125,bedroom_window_closed,run_4,0,2218,0,False,False,False,0,0,0,0,0,0,443.4029320302088,72.0,76.0,40.0,-0.081533141299202,-0.0511750567729033,-0.0902068797352873,-0.044625,0.0377999999999999,0.1616999999999999,-1.095703125,0.7626953125,5.97265625,446.13505108840513,1.2415867739129152,67.7,1.989064061041308,69.52,2.175889851140336,-5.997334517992101,0.0,14.585827904429593,12.104391890614872,Good,16,0,2025-10-13 16:00:00+00:00,Abnormal
2025-10-13 16:44:35+00:00,444.6023989338072,40,72,76,24.1,55,1012.31,7.83,-0.1569064,0.0,8.9436648,-0.11375,-0.02625,-0.00875,-69.82421875,-33.30078125,228.271484375,bedroom_window_closed,run_4,0,2224,0,False,False,False,0,0,0,0,0,0,444.6023989338072,72.0,76.0,40.0,0.0052042430616511,-0.0078063645924767,0.0832678889864195,-0.035875,-0.1372,-0.02205,1.052734375,-0.3115234375,-30.013671875,446.1257219013772,1.2478365854058795,67.74,2.0148109308935886,69.57333333333334,2.2356077103222116,5.997334517992101,0.0,14.492890311914993,12.035955918313904,Good,16,0,2025-10-13 16:00:00+00:00,Abnormal
2025-10-13 16:44:41+00:00,443.4029320302088,41,72,76,24.0,55,1012.29,8.0,-0.1569064,-0.0392266,8.8652116,-0.21,0.07,-0.07,-69.82421875,-33.30078125,228.271484375,bedroom_window_closed,run_4,0,2218,0,False,False,False,0,0,0,0,0,0,443.4029320302088,72.0,76.0,41.0,0.0052042430616511,-0.0511750567729033,-0.0034694953744339,-0.132125,-0.04095,-0.0833,1.052734375,-0.3115234375,-30.013671875,446.1083962683252,1.2674566859009653,67.77333333333333,2.0436402140261274,69.62,2.295808845490796,-5.997334517992101,0.0,14.399950218582394,11.967854481388418,Good,16,0,2025-10-13 16:00:00+00:00,Abnormal
2025-10-13 16:44:46+00:00,443.4029320302088,39,71,74,24.4,55,1012.32,7.75,-0.1569064,0.0784532,8.8652116,-0.1575,0.1225,0.00875,-70.361328125,-34.912109375,263.720703125,bedroom_window_closed,run_4,0,2218,0,False,False,False,0,0,0,0,0,0,443.4029320302088,71.0,74.0,39.0,0.0052042430616511,0.0789310197683764,-0.0034694953744339,-0.079625,0.0115499999999999,-0.00455,0.515625,-1.9228515625,5.435546875,446.0910706352732,1.2865427987604632,67.78666666666666,2.058169730566699,69.64666666666666,2.323318231810746,0.0,-5.0,14.771695587408525,12.242272892051115,Good,16,0,2025-10-13 16:00:00+00:00,Abnormal
2025-10-13 16:44:51+00:00,443.4029320302088,39,69,73,24.5,55,1012.3,7.91,-0.1569064,0.0,8.8652116,-0.32375,0.09625,-0.1225,-70.8984375,-34.375,266.943359375,bedroom_window_closed,run_4,0,2218,0,False,False,False,0,0,0,0,0,0,443.4029320302088,69.0,73.0,39.0,0.0052042430616511,-0.0078063645924767,-0.0034694953744339,-0.2458749999999999,-0.0147,-0.1358,-0.021484375,-1.3857421875,8.658203125,446.0737450022212,1.3051183513763986,67.78666666666666,2.058169730566699,69.66666666666667,2.3392382935869698,0.0,-10.0,14.864625678074711,12.31172065717872,Good,16,0,2025-10-13 16:00:00+00:00,Abnormal
2025-10-13 16:44:57+00:00,443.4029320302088,40,72,73,24.0,55,1012.34,7.58,-0.1176798,0.0,8.7867584,-0.245,0.07875,-0.04375,-71.97265625,-33.837890625,267.48046875,bedroom_window_closed,run_4,0,2218,0,False,False,False,0,0,0,0,0,0,443.4029320302088,72.0,73.0,40.0,0.0485729352420777,-0.0078063645924767,-0.0902068797352873,-0.167125,-0.0322,-0.05705,-1.095703125,-0.8486328125,9.1953125,446.05641936916913,1.3232048461240555,67.80666666666667,2.084447576751136,69.69333333333333,2.3543381824634197,0.0,15.0,14.399950218582394,11.967854481388418,Good,16,0,2025-10-13 16:00:00+00:00,Abnormal
2025-10-13 16:45:02+00:00,443.4029320302088,40,73,73,24.2,55,1012.32,7.75,-0.2353596,0.0392266,8.825985,0.42875,0.175,-0.6562500000000001,-71.97265625,-33.837890625,267.48046875,bedroom_window_closed,run_4,0,2218,0,False,False,False,0,0,0,0,0,0,443.4029320302088,73.0,73.0,40.0,-0.081533141299202,0.0355623275879498,-0.0468381875548616,0.506625,0.0640499999999999,-0.6695500000000001,-1.095703125,-0.8486328125,9.1953125,446.0297645490893,1.33614163982332,67.82666666666667,2.1197273050736247,69.70666666666666,2.367414886294355,0.0,5.0,14.585827904429593,12.104391890614872,Good,16,0,2025-10-13 16:00:00+00:00,Abnormal
2025-10-13 16:45:07+00:00,443.4029320302088,39,72,72,24.2,55,1012.29,8.0,-0.1569064,0.0,8.8652116,-0.18375,0.14875,0.14875,-71.435546875,-31.15234375,287.353515625,bedroom_window_closed,run_4,0,2218,0,False,False,False,0,0,0,0,0,0,443.4029320302088,72.0,72.0,39.0,0.0052042430616511,-0.0078063645924767,-0.0034694953744339,-0.105875,0.0377999999999999,0.13545,-0.55859375,1.8369140625,29.068359375,446.0124389160373,1.35324699480501,67.87333333333333,2.134084739034055,69.74666666666667,2.355022240641314,0.0,-5.0,14.585827904429593,12.104391890614872,Good,16,0,2025-10-13 16:00:00+00:00,Abnormal
2025-10-13 16:45:13+00:00,442.00355397601066,39,71,72,24.9,55,1012.33,7.66,-0.1569064,-0.0784532,8.8652116,0.09625,0.27125,0.42,-71.435546875,-33.837890625,258.88671875,bedroom_window_closed,run_4,0,2211,0,False,False,False,0,0,0,0,0,0,442.00355397601066,71.0,72.0,39.0,0.0052042430616511,-0.09454374895333,-0.0034694953744339,0.174125,0.1603,0.4067,-0.55859375,-0.8486328125,0.6015625,445.9857840959572,1.3922720790759884,67.91333333333333,2.136096504703122,69.78666666666666,2.341876339064957,-6.996890270990548,-5.0,15.236321037605688,12.59292559961524,Good,16,0,2025-10-13 16:00:00+00:00,Abnormal
2025-10-13 16:45:18+00:00,443.4029320302088,39,71,72,24.9,55,1012.36,7.41,-0.1569064,0.0784532,8.9436648,0.21875,0.3675,0.04375,-71.435546875,-32.763671875,264.2578125,bedroom_window_closed,run_4,0,2218,0,False,False,False,0,0,0,0,0,0,443.4029320302088,71.0,72.0,39.0,0.0052042430616511,0.0789310197683764,0.0832678889864195,0.296625,0.25655,0.0304499999999999,-0.55859375,0.2255859375,5.97265625,445.9591292758774,1.4032227713208574,67.94666666666667,2.1450322400751807,69.82,2.337525795716026,6.996890270990548,0.0,15.236321037605688,12.59292559961524,Good,16,0,2025-10-13 16:00:00+00:00,Abnormal
2025-10-13 16:45:23+00:00,443.4029320302088,40,72,74,24.9,55,1012.31,7.83,-0.2353596,0.0,8.9436648,0.175,0.21875,-0.07,-71.435546875,-32.763671875,264.2578125,bedroom_window_closed,run_4,0,2218,0,False,False,False,0,0,0,0,0,0,443.4029320302088,72.0,74.0,40.0,-0.081533141299202,-0.0078063645924767,0.0832678889864195,0.2528749999999999,0.1077999999999999,-0.0833,-0.55859375,0.2255859375,5.97265625,445.93247445579743,1.413582772330123,67.98,2.1689387501756254,69.86,2.3574243708822964,0.0,5.0,15.236321037605688,12.59292559961524,Good,16,0,2025-10-13 16:00:00+00:00,Abnormal
2025-10-13 16:45:29+00:00,443.4029320302088,38,69,73,24.0,55,1012.35,7.5,-0.1569064,0.0,8.8652116,-0.1575,0.11375,0.13125,-71.435546875,-32.763671875,264.2578125,bedroom_window_closed,run_4,0,2218,0,False,False,False,0,0,0,0,0,0,443.4029320302088,69.0,73.0,38.0,0.0052042430616511,-0.0078063645924767,-0.0034694953744339,-0.079625,0.0027999999999999,0.11795,-0.55859375,0.2255859375,5.97265625,445.9058196357175,1.4233649802492565,68.00666666666666,2.1566089048967765,69.90666666666667,2.349772705462823,0.0,-15.0,14.399950218582394,11.967854481388418,Good,16,0,2025-10-13 16:00:00+00:00,Abnormal
2025-10-13 16:45:34+00:00,443.4029320302088,38,69,72,24.1,55,1012.29,8.0,-0.2353596,0.0784532,8.9044382,-0.175,0.21,0.0175,-70.361328125,-31.689453125,260.498046875,bedroom_window_closed,run_4,0,2218,0,False,False,False,0,0,0,0,0,0,443.4029320302088,69.0,72.0,38.0,-0.081533141299202,0.0789310197683764,0.0398991968059918,-0.0971249999999999,0.0990499999999999,0.0042,0.515625,1.2998046875,2.212890625,445.8698356286095,1.417910517746795,68.02666666666667,2.1517798678193265,69.93333333333334,2.350686510224514,0.0,0.0,14.492890311914993,12.035955918313904,Good,16,0,2025-10-13 16:00:00+00:00,Abnormal
2025-10-13 16:45:39+00:00,443.4029320302088,38,68,71,24.8,55,1012.34,7.58,-0.1569064,0.0392266,8.9044382,-0.0875,-0.035,0.14,-71.97265625,-32.763671875,260.498046875,bedroom_window_closed,run_4,0,2218,0,False,False,False,0,0,0,0,0,0,443.4029320302088,68.0,71.0,38.0,0.0052042430616511,0.0355623275879498,0.0398991968059918,-0.0096249999999999,-0.14595,0.1267,-1.095703125,0.2255859375,2.212890625,445.8525099955575,1.4320943583268757,68.04666666666667,2.1373528966742223,69.95333333333333,2.346886175415888,0.0,-5.0,15.143400947991193,12.52210951579692,Good,16,0,2025-10-13 16:00:00+00:00,Abnormal
2025-10-13 16:45:45+00:00,443.4029320302088,39,70,73,24.3,55,1012.31,7.83,-0.1569064,-0.0784532,8.7867584,0.06125,0.1225,0.21875,-69.82421875,-32.2265625,256.73828125,bedroom_window_closed,run_4,0,2218,0,False,False,False,0,0,0,0,0,0,443.4029320302088,70.0,73.0,39.0,0.0052042430616511,-0.09454374895333,-0.0902068797352873,0.139125,0.0115499999999999,0.20545,1.052734375,0.7626953125,-1.546875,445.83518436250546,1.4459301095198345,68.08666666666667,2.1171611569866937,69.99333333333334,2.347343684117205,0.0,10.0,14.678762996227125,12.17316375990528,Good,16,0,2025-10-13 16:00:00+00:00,Abnormal
2025-10-13 16:45:50+00:00,443.4029320302088,40,70,73,24.5,55,1012.39,7.16,-0.1569064,0.0,8.8652116,0.0875,0.21875,0.2975,-69.82421875,-32.2265625,256.73828125,bedroom_window_closed,run_4,0,2218,0,False,False,False,0,0,0,0,0,0,443.4029320302088,70.0,73.0,40.0,0.0052042430616511,-0.0078063645924767,-0.0034694953744339,0.165375,0.1077999999999999,0.2842,1.052734375,0.7626953125,-1.546875,445.81785872945346,1.4594276712910814,68.12,2.1075766165505985,70.02666666666667,2.35433818246343,0.0,0.0,14.864625678074711,12.31172065717872,Good,16,0,2025-10-13 16:00:00+00:00,Abnormal
2025-10-13 16:45:55+00:00,443.4029320302088,39,71,72,24.2,55,1012.31,7.83,-0.1569064,0.0,8.825985,-0.2625,0.00875,-0.0175,-69.82421875,-32.2265625,256.73828125,bedroom_window_closed,run_4,0,2218,0,False,False,False,0,0,0,0,0,0,443.4029320302088,71.0,72.0,39.0,0.0052042430616511,-0.0078063645924767,-0.0468381875548616,-0.184625,-0.1022,-0.0308,1.052734375,0.7626953125,-1.546875,445.8005330964016,1.47259634302611,68.16,2.1049000040015295,70.06,2.346581120059655,0.0,5.0,14.585827904429593,12.104391890614872,Good,16,0,2025-10-13 16:00:00+00:00,Abnormal
2025-10-13 16:46:01+00:00,443.4029320302088,40,73,73,24.1,55,1012.35,7.5,-0.196133,0.0,8.9044382,-0.14875,0.18375,-0.07,-70.8984375,-33.837890625,257.275390625,bedroom_window_closed,run_4,0,2218,0,False,False,False,0,0,0,0,0,0,443.4029320302088,73.0,73.0,40.0,-0.0381644491187754,-0.0078063645924767,0.0398991968059918,-0.070875,0.0727999999999999,-0.0833,-0.021484375,-0.8486328125,-1.009765625,445.7832074633497,1.4854448717159892,68.2,2.139434787053276,70.08666666666667,2.357158642944773,0.0,10.0,14.492890311914993,12.035955918313904,Good,16,0,2025-10-13 16:00:00+00:00,Abnormal
2025-10-13 16:46:06+00:00,444.6023989338072,40,72,73,24.8,55,1012.27,8.16,-0.196133,0.0392266,8.7867584,-0.3325,0.0875,0.18375,-71.97265625,-34.375,262.646484375,bedroom_window_closed,run_4,0,2224,0,False,False,False,0,0,0,0,0,0,444.6023989338072,72.0,73.0,40.0,-0.0381644491187754,0.0355623275879498,-0.0902068797352873,-0.254625,-0.02345,0.17045,-1.095703125,-1.3857421875,4.361328125,445.7738782763216,1.4884542332239334,68.23333333333333,2.159470065078164,70.11333333333333,2.3673865370193043,5.997334517992101,-5.0,15.143400947991193,12.52210951579692,Good,16,0,2025-10-13 16:00:00+00:00,Abnormal
2025-10-13 16:46:11+00:00,443.4029320302088,39,69,72,24.8,55,1012.3,7.91,-0.1569064,0.0,8.9044382,-0.175,0.13125,-0.1575,-71.435546875,-30.078125,310.986328125,bedroom_window_closed,run_4,0,2218,0,False,False,False,0,0,0,0,0,0,443.4029320302088,69.0,72.0,39.0,0.0052042430616511,-0.0078063645924767,0.0398991968059918,-0.0971249999999999,0.0203,-0.1708,-0.55859375,2.9111328125,52.701171875,445.7565526432696,1.500857308253624,68.24666666666667,2.1579777591413114,70.14666666666666,2.358439555397939,-5.997334517992101,-15.0,15.143400947991193,12.52210951579692,Good,16,0,2025-10-13 16:00:00+00:00,Abnormal
2025-10-13 16:46:17+00:00,444.6023989338072,39,69,72,24.6,55,1012.32,7.75,-0.1176798,0.0,8.8652116,-0.0875,0.21,0.315,-71.435546875,-30.078125,310.986328125,bedroom_window_closed,run_4,0,2224,0,False,False,False,0,0,0,0,0,0,444.6023989338072,69.0,72.0,39.0,0.0485729352420777,-0.0078063645924767,-0.0034694953744339,-0.0096249999999999,0.0990499999999999,0.3017,-0.55859375,2.9111328125,52.701171875,445.74722345624167,1.5036693532179677,68.27333333333333,2.1422457847401986,70.19333333333333,2.3249353506684405,5.997334517992101,0.0,14.957553268326617,12.381508429683194,Good,16,0,2025-10-13 16:00:00+00:00,Abnormal
2025-10-13 16:46:22+00:00,444.6023989338072,41,72,74,24.8,55,1012.36,7.41,-0.1569064,-0.0392266,8.9044382,0.0,0.0875,-0.18375,-71.97265625,-31.689453125,262.646484375,bedroom_window_closed,run_4,0,2224,0,False,False,False,0,0,0,0,0,0,444.6023989338072,72.0,74.0,41.0,0.0052042430616511,-0.0511750567729033,0.0398991968059918,0.077875,-0.02345,-0.19705,-1.095703125,1.2998046875,4.361328125,445.7285650821857,1.5003693511820475,68.32,2.1467002929265706,70.24,2.330653622640042,0.0,15.0,15.143400947991193,12.52210951579692,Good,16,0,2025-10-13 16:00:00+00:00,Abnormal
2025-10-13 16:46:27+00:00,442.00355397601066,40,71,72,24.7,55,1012.24,8.41,-0.196133,0.0,8.825985,-0.20125,0.16625,-0.14875,-70.8984375,-33.837890625,261.03515625,bedroom_window_closed,run_4,0,2211,0,False,False,False,0,0,0,0,0,0,442.00355397601066,71.0,72.0,40.0,-0.0381644491187754,-0.0078063645924767,-0.0468381875548616,-0.123375,0.0553,-0.16205,-0.021484375,-0.8486328125,2.75,445.70191026210574,1.5306918455646163,68.37333333333333,2.1127502565453553,70.28,2.3087810200748886,-12.994224788982647,-5.0,15.050478358265137,12.45163758823672,Good,16,0,2025-10-13 16:00:00+00:00,Abnormal
2025-10-13 16:46:33+00:00,440.6041759218125,42,70,70,24.1,55,1012.27,8.16,-0.1569064,0.0,8.8652116,0.42875,0.06125,-0.07875,-71.435546875,-33.30078125,262.646484375,bedroom_window_closed,run_4,0,2204,0,False,False,False,0,0,0,0,0,0,440.6041759218125,70.0,70.0,42.0,0.0052042430616511,-0.0078063645924767,-0.0034694953744339,0.506625,-0.0497,-0.09205,-0.55859375,-0.3115234375,4.361328125,445.6659262549978,1.5860388364562974,68.42,2.070145732962955,70.30666666666667,2.2819592037559726,-6.996890270990832,-5.0,14.492890311914993,12.035955918313904,Good,16,0,2025-10-13 16:00:00+00:00,Abnormal
2025-10-13 16:46:38+00:00,442.00355397601066,41,68,69,24.5,55,1012.29,8.0,-0.1569064,0.0,8.8652116,-0.1925,-0.04375,0.0175,-69.287109375,-31.15234375,271.240234375,bedroom_window_closed,run_4,0,2211,0,False,False,False,0,0,0,0,0,0,442.00355397601066,68.0,69.0,41.0,0.0052042430616511,-0.0078063645924767,-0.0034694953744339,-0.114625,-0.1547,0.0042,1.58984375,1.8369140625,12.955078125,445.63927143491776,1.6137121374103764,68.45333333333333,2.0219821050418956,70.32666666666667,2.256970311903692,6.996890270990832,-10.0,14.864625678074711,12.31172065717872,Good,16,0,2025-10-13 16:00:00+00:00,Abnormal
2025-10-13 16:46:43+00:00,440.6041759218125,41,67,70,24.3,55,1012.32,7.75,-0.1176798,0.0,8.9044382,-0.175,0.0875,0.06125,-69.287109375,-31.15234375,271.240234375,bedroom_window_closed,run_4,0,2204,0,False,False,False,0,0,0,0,0,0,440.6041759218125,67.0,70.0,41.0,0.0485729352420777,-0.0078063645924767,0.0398991968059918,-0.0971249999999999,-0.02345,0.04795,1.58984375,1.8369140625,12.955078125,445.60328742780985,1.6649415245316472,68.48,1.9754194185525944,70.35333333333334,2.228963302731122,-6.996890270990832,-5.0,14.678762996227125,12.17316375990528,Good,16,0,2025-10-13 16:00:00+00:00,Abnormal
2025-10-13 16:46:49+00:00,440.6041759218125,40,65,69,24.3,55,1012.34,7.58,-0.1176798,-0.0392266,8.825985,0.09625,0.1225,-0.1925,-70.361328125,-34.375,264.2578125,bedroom_window_closed,run_4,0,2204,0,False,False,False,0,0,0,0,0,0,440.6041759218125,65.0,69.0,40.0,0.0485729352420777,-0.0511750567729033,-0.0468381875548616,0.174125,0.0115499999999999,-0.2058,0.515625,-1.3857421875,5.97265625,445.5673034207018,1.71388057335933,68.47333333333333,1.9855067706924003,70.35333333333334,2.228963302731122,0.0,-10.0,14.678762996227125,12.17316375990528,Good,16,0,2025-10-13 16:00:00+00:00,Abnormal
2025-10-13 16:46:54+00:00,439.40470901821413,40,66,70,24.1,55,1012.36,7.41,-0.1569064,0.0,8.8652116,-0.23625,-0.07,0.14875,-71.435546875,-33.30078125,261.572265625,bedroom_window_closed,run_4,0,2198,0,False,False,False,0,0,0,0,0,0,439.40470901821413,66.0,70.0,40.0,0.0052042430616511,-0.0078063645924767,-0.0034694953744339,-0.158375,-0.18095,0.13545,-0.55859375,-0.3115234375,3.287109375,445.52332296756987,1.7857926760463108,68.46666666666667,1.9921546349331165,70.36,2.22638238483201,-5.997334517991817,5.0,14.492890311914993,12.035955918313904,Good,16,0,2025-10-13 16:00:00+00:00,Abnormal
2025-10-13 16:46:59+00:00,439.40470901821413,39,66,69,24.6,55,1012.35,7.5,-0.1569064,0.0,8.8652116,-0.21875,0.04375,-0.175,-72.509765625,-33.837890625,262.646484375,bedroom_window_closed,run_4,0,2198,0,False,False,False,0,0,0,0,0,0,439.40470901821413,66.0,69.0,39.0,0.0052042430616511,-0.0078063645924767,-0.0034694953744339,-0.140875,-0.0672,-0.1883,-1.6328125,-0.8486328125,4.361328125,445.4793425144379,1.8538688788298936,68.45333333333333,2.0019677121167514,70.34,2.225025450423858,0.0,0.0,14.957553268326617,12.381508429683194,Good,16,0,2025-10-13 16:00:00+00:00,Abnormal
2025-10-13 16:47:05+00:00,439.40470901821413,40,67,69,24.8,55,1012.37,7.33,-0.196133,0.0,8.9044382,-0.23625,0.1575,0.02625,-72.509765625,-33.837890625,262.646484375,bedroom_window_closed,run_4,0,2198,0,False,False,False,0,0,0,0,0,0,439.40470901821413,67.0,69.0,40.0,-0.0381644491187754,-0.0078063645924767,0.0398991968059918,-0.158375,0.0465499999999999,0.0129499999999999,-1.6328125,-0.8486328125,4.361328125,445.4353620613061,1.9185175615455272,68.44,2.0049602918292715,70.32,2.223486590346341,0.0,5.0,15.143400947991193,12.52210951579692,Good,16,0,2025-10-13 16:00:00+00:00,Abnormal
2025-10-13 16:47:10+00:00,440.6041759218125,39,65,68,24.1,55,1012.36,7.41,-0.1176798,0.0,8.8652116,-0.25375,-0.07,-0.1225,-70.8984375,-34.375,256.201171875,bedroom_window_closed,run_4,0,2204,0,False,False,False,0,0,0,0,0,0,440.6041759218125,65.0,68.0,39.0,0.0485729352420777,-0.0078063645924767,-0.0034694953744339,-0.1758749999999999,-0.18095,-0.1358,-0.021484375,-1.3857421875,-2.083984375,445.3900488671701,1.951756668902331,68.42,2.024248970017642,70.30666666666667,2.231400880196902,5.997334517991817,-10.0,14.492890311914993,12.035955918313904,Good,16,0,2025-10-13 16:00:00+00:00,Abnormal
2025-10-13 16:47:15+00:00,439.40470901821413,40,66,70,24.3,55,1012.4,7.08,-0.196133,0.0,8.8652116,0.5075000000000001,0.0175,-0.2275,-71.435546875,-32.2265625,257.8125,bedroom_window_closed,run_4,0,2198,0,False,False,False,0,0,0,0,0,0,439.40470901821413,66.0,70.0,40.0,-0.0381644491187754,-0.0078063645924767,-0.0034694953744339,0.5853750000000001,-0.09345,-0.2408,-0.55859375,0.7626953125,-0.47265625,445.34606841403814,2.0112997898803417,68.42,2.024248970017642,70.32,2.223486590346341,-5.997334517991817,5.0,14.678762996227125,12.17316375990528,Good,16,0,2025-10-13 16:00:00+00:00,Abnormal
2025-10-13 16:47:21+00:00,439.40470901821413,39,66,69,24.1,55,1012.37,7.33,-0.196133,0.0392266,8.7867584,0.06125,0.49875,-0.13125,-71.97265625,-33.837890625,262.109375,bedroom_window_closed,run_4,0,2198,0,False,False,False,0,0,0,0,0,0,439.40470901821413,66.0,69.0,39.0,-0.0381644491187754,0.0355623275879498,-0.0902068797352873,0.139125,0.3878,-0.14455,-1.095703125,-0.8486328125,3.82421875,445.3020879609063,2.0681888383152818,68.44,1.9847742589676132,70.34666666666666,2.182870060316016,0.0,0.0,14.492890311914993,12.035955918313904,Good,16,0,2025-10-13 16:00:00+00:00,Abnormal
2025-10-13 16:47:26+00:00,440.6041759218125,40,67,69,24.4,55,1012.34,7.58,-0.1569064,-0.0392266,8.7867584,-0.20125,0.32375,0.32375,-69.82421875,-30.615234375,293.26171875,bedroom_window_closed,run_4,0,2204,0,False,False,False,0,0,0,0,0,0,440.6041759218125,67.0,69.0,40.0,0.0052042430616511,-0.0511750567729033,-0.0902068797352873,-0.123375,0.2128,0.31045,1.052734375,2.3740234375,34.9765625,445.2661039537983,2.102602958632937,68.44666666666667,1.9781920654665353,70.36,2.168350748021014,5.997334517991817,5.0,14.771695587408525,12.242272892051115,Good,16,0,2025-10-13 16:00:00+00:00,Abnormal
2025-10-13 16:47:31+00:00,440.6041759218125,40,66,68,24.1,55,1012.39,7.16,-0.196133,0.0,9.022118,0.02625,0.1575,0.07,-69.82421875,-30.615234375,293.26171875,bedroom_window_closed,run_4,0,2204,0,False,False,False,0,0,0,0,0,0,440.6041759218125,66.0,68.0,40.0,-0.0381644491187754,-0.0078063645924767,0.170005273347273,0.104125,0.0465499999999999,0.0567,1.052734375,2.3740234375,34.9765625,445.2301199466904,2.135852582533866,68.45333333333333,1.968158157374177,70.37333333333333,2.14740882303398,0.0,-5.0,14.492890311914993,12.035955918313904,Good,16,0,2025-10-13 16:00:00+00:00,Abnormal
2025-10-13 16:47:37+00:00,440.6041759218125,40,66,68,24.4,55,1012.29,8.0,-0.2353596,0.0392266,8.9436648,0.1925,-0.11375,-0.0525,-71.97265625,-33.30078125,264.2578125,bedroom_window_closed,run_4,0,2204,0,False,False,False,0,0,0,0,0,0,440.6041759218125,66.0,68.0,40.0,-0.081533141299202,0.0355623275879498,0.0832678889864195,0.270375,-0.2247,-0.0658,-1.095703125,-0.3115234375,5.97265625,445.1941359395824,2.167991288941385,68.44666666666667,1.9747964525699375,70.36666666666666,2.1532453005603247,0.0,0.0,14.771695587408525,12.242272892051115,Good,16,0,2025-10-13 16:00:00+00:00,Abnormal
2025-10-13 16:47:42+00:00,440.6041759218125,39,67,68,24.1,55,1012.35,7.5,-0.196133,0.0,8.825985,0.0175,0.105,0.20125,-69.287109375,-34.912109375,263.18359375,bedroom_window_closed,run_4,0,2204,0,False,False,False,0,0,0,0,0,0,440.6041759218125,67.0,68.0,39.0,-0.0381644491187754,-0.0078063645924767,-0.0468381875548616,0.095375,-0.00595,0.18795,1.58984375,-1.9228515625,4.8984375,445.1581519324745,2.1990677855581007,68.43333333333334,1.9777848997349845,70.35333333333334,2.1617065923707632,0.0,5.0,14.492890311914993,12.035955918313904,Good,16,0,2025-10-13 16:00:00+00:00,Abnormal
2025-10-13 16:47:47+00:00,440.6041759218125,39,68,69,24.4,55,1012.31,7.83,-0.196133,0.0,8.8652116,-0.07875,0.245,0.25375,-72.509765625,-33.837890625,259.423828125,bedroom_window_closed,run_4,0,2204,0,False,False,False,0,0,0,0,0,0,440.6041759218125,68.0,69.0,39.0,-0.0381644491187754,-0.0078063645924767,-0.0034694953744339,-0.000875,0.13405,0.2404499999999999,-1.6328125,-0.8486328125,1.138671875,445.12216792536645,2.22912649797575,68.42666666666666,1.977547347676987,70.34666666666666,2.164343962375752,0.0,5.0,14.771695587408525,12.242272892051115,Good,16,0,2025-10-13 16:00:00+00:00,Abnormal
2025-10-13 16:47:53+00:00,440.6041759218125,40,69,70,24.2,55,1012.29,8.0,-0.1176798,0.0,8.825985,0.105,0.18375,-0.16625,-70.361328125,-33.837890625,230.95703125,bedroom_window_closed,run_4,0,2204,0,False,False,False,0,0,0,0,0,0,440.6041759218125,69.0,70.0,40.0,0.0485729352420777,-0.0078063645924767,-0.0468381875548616,0.182875,0.0727999999999999,-0.17955,0.515625,-0.8486328125,-27.328125,445.0861839182585,2.2582080693373663,68.43333333333334,1.9777848997349845,70.34666666666666,2.164343962375752,0.0,5.0,14.585827904429593,12.104391890614872,Good,16,0,2025-10-13 16:00:00+00:00,Abnormal
2025-10-13 16:47:58+00:00,442.00355397601066,40,69,72,25.1,54,1012.32,7.75,-0.1176798,0.0,8.8652116,-1.9075,0.49875,-0.09625,-70.361328125,-33.837890625,230.95703125,bedroom_window_closed,run_4,0,2211,0,False,False,False,0,0,0,0,0,0,442.00355397601066,69.0,72.0,40.0,0.0485729352420777,-0.0078063645924767,-0.0034694953744339,-1.829625,0.3878,-0.10955,0.515625,-0.8486328125,-27.328125,445.05019991115057,2.2640691195244576,68.44,1.9779998032043749,70.36,2.168350748021014,6.996890270990832,0.0,15.13615036245328,12.5040395191593,Good,16,0,2025-10-13 16:00:00+00:00,Abnormal
2025-10-13 16:48:03+00:00,440.6041759218125,39,68,72,25.5,54,1012.29,8.0,-0.1176798,-0.0392266,8.7867584,-0.2625,0.035,0.2975,-71.97265625,-33.30078125,255.6640625,bedroom_window_closed,run_4,0,2204,0,False,False,False,0,0,0,0,0,0,440.6041759218125,68.0,72.0,39.0,0.0485729352420777,-0.0511750567729033,-0.0902068797352873,-0.184625,-0.07595,0.2842,-1.095703125,-0.3115234375,-2.62109375,445.01421590404266,2.291570108531724,68.44,1.9779998032043749,70.37333333333333,2.172267755959139,-6.996890270990832,-5.0,15.50696337165066,12.7883071110951,Good,16,0,2025-10-13 16:00:00+00:00,Abnormal
2025-10-13 16:48:09+00:00,439.40470901821413,40,68,70,25.2,54,1012.36,7.41,-0.1569064,0.0,8.8652116,-0.14,0.0175,0.02625,-71.97265625,-32.763671875,258.349609375,bedroom_window_closed,run_4,0,2198,0,False,False,False,0,0,0,0,0,0,439.40470901821413,68.0,70.0,40.0,0.0052042430616511,-0.0078063645924767,-0.0034694953744339,-0.062125,-0.09345,0.0129499999999999,-1.095703125,0.2255859375,0.064453125,444.9702354509107,2.3353770219369117,68.44,1.9779998032043749,70.38,2.16955752764755,-5.997334517991817,0.0,15.22885746647574,12.57458994888468,Good,16,0,2025-10-13 16:00:00+00:00,Abnormal
2025-10-13 16:48:14+00:00,439.40470901821413,39,69,70,25.8,54,1012.33,7.66,-0.1569064,0.0,8.8652116,-0.035,0.35875,0.07,-71.97265625,-34.375,257.8125,bedroom_window_closed,run_4,0,2198,0,False,False,False,0,0,0,0,0,0,439.40470901821413,69.0,70.0,39.0,0.0052042430616511,-0.0078063645924767,-0.0034694953744339,0.0428749999999999,0.2478,0.0567,-1.095703125,-1.3857421875,-0.47265625,444.9262549977787,2.37755832375506,68.43333333333334,1.974388586582635,70.38,2.16955752764755,0.0,5.0,15.78504616872723,13.005152265217683,Good,16,0,2025-10-13 16:00:00+00:00,Abnormal
2025-10-13 16:48:19+00:00,439.40470901821413,39,67,69,25.8,54,1012.39,7.16,-0.1569064,0.0,8.9044382,0.0525,-0.02625,-0.0175,-70.361328125,-33.30078125,268.5546875,bedroom_window_closed,run_4,0,2198,0,False,False,False,0,0,0,0,0,0,439.40470901821413,67.0,69.0,39.0,0.0052042430616511,-0.0078063645924767,0.0398991968059918,0.130375,-0.1372,-0.0308,0.515625,-0.3115234375,10.26953125,444.8822745446468,2.418199083432597,68.42,1.9772871388673512,70.38,2.16955752764755,0.0,-10.0,15.78504616872723,13.005152265217683,Good,16,0,2025-10-13 16:00:00+00:00,Abnormal
2025-10-13 16:48:25+00:00,440.6041759218125,39,67,69,25.1,54,1012.31,7.83,-0.1176798,0.0,8.9044382,-0.1225,0.0175,0.09625,-70.361328125,-33.30078125,268.5546875,bedroom_window_closed,run_4,0,2204,0,False,False,False,0,0,0,0,0,0,440.6041759218125,67.0,69.0,39.0,0.0485729352420777,-0.0078063645924767,0.0398991968059918,-0.044625,-0.09345,0.08295,0.515625,-0.3115234375,10.26953125,444.8462905375389,2.4414759935717743,68.4,1.9763704785430307,70.36,2.168350748021014,5.997334517991817,0.0,15.13615036245328,12.5040395191593,Good,16,0,2025-10-13 16:00:00+00:00,Abnormal
2025-10-13 16:48:30+00:00,440.6041759218125,39,68,69,25.0,54,1012.28,8.08,-0.196133,-0.0392266,8.9828914,-0.0875,0.16625,-0.04375,-70.8984375,-32.763671875,260.498046875,bedroom_window_closed,run_4,0,2204,0,False,False,False,0,0,0,0,0,0,440.6041759218125,68.0,69.0,39.0,-0.0381644491187754,-0.0511750567729033,0.1266365811668452,-0.0096249999999999,0.0553,-0.05705,-0.021484375,0.2255859375,2.212890625,444.810306530431,2.4640040927735596,68.40666666666667,1.9733005318030885,70.36,2.168350748021014,0.0,5.0,15.0434406904376,12.433831099768083,Good,16,0,2025-10-13 16:00:00+00:00,Abnormal
2025-10-13 16:48:35+00:00,442.00355397601066,40,69,72,25.1,54,1012.39,7.16,0.0,-0.0392266,8.9044382,-0.455,0.0175,0.13125,-73.046875,-32.763671875,259.9609375,bedroom_window_closed,run_4,0,2211,0,False,False,False,0,0,0,0,0,0,442.00355397601066,69.0,72.0,40.0,0.1786790117833576,-0.0511750567729033,0.0398991968059918,-0.377125,-0.09345,0.11795,-2.169921875,0.2255859375,1.67578125,444.7836517103509,2.4726392650798417,68.42666666666666,1.9639252116963364,70.38666666666667,2.16372369393922,6.996890270990832,5.0,15.13615036245328,12.5040395191593,Good,16,0,2025-10-13 16:00:00+00:00,Abnormal
2025-10-13 16:48:41+00:00,442.00355397601066,39,68,72,25.8,54,1012.37,7.33,-0.196133,0.0,8.8652116,0.28875,0.0175,0.34125,-71.435546875,-33.30078125,258.88671875,bedroom_window_closed,run_4,0,2211,0,False,False,False,0,0,0,0,0,0,442.00355397601066,68.0,72.0,39.0,-0.0381644491187754,-0.0078063645924767,-0.0034694953744339,0.366625,-0.09345,0.32795,-0.55859375,-0.3115234375,0.6015625,444.75699689027095,2.480956107173326,68.43333333333334,1.9607445054519443,70.40666666666667,2.1646850342577526,0.0,-5.0,15.78504616872723,13.005152265217683,Good,16,0,2025-10-13 16:00:00+00:00,Abnormal
2025-10-13 16:48:46+00:00,444.6023989338072,40,69,72,0.0,0,1012.34,7.58,-0.1569064,0.0,8.8652116,-0.0175,0.175,0.04375,-71.435546875,-33.30078125,258.88671875,bedroom_window_closed,run_4,0,2224,0,False,False,False,0,0,0,0,0,0,444.6023989338072,69.0,72.0,40.0,0.0052042430616511,-0.0078063645924767,-0.0034694953744339,0.060375,0.0640499999999999,0.0304499999999999,-0.55859375,-0.3115234375,0.6015625,444.747667703243,2.4788741025520893,68.46,1.9408363242643436,70.44666666666667,2.1379808157886795,12.994224788982647,5.0,-96.07763018544566,0.0,Good,16,0,2025-10-13 16:00:00+00:00,Abnormal
2025-10-13 16:48:51+00:00,443.4029320302088,40,70,71,25.0,54,1012.33,7.66,-0.196133,0.0,8.825985,-0.0875,0.245,-0.21,-71.435546875,-33.30078125,258.88671875,bedroom_window_closed,run_4,0,2218,0,False,False,False,0,0,0,0,0,0,443.4029320302088,70.0,71.0,40.0,-0.0381644491187754,-0.0078063645924767,-0.0468381875548616,-0.0096249999999999,0.13405,-0.2233,-0.55859375,-0.3115234375,0.6015625,444.730342070191,2.4791319693916756,68.48666666666666,1.934278099792748,70.46666666666667,2.1289524369387736,-5.997334517992101,5.0,15.0434406904376,12.433831099768083,Good,16,0,2025-10-13 16:00:00+00:00,Abnormal
2025-10-13 16:48:57+00:00,443.4029320302088,39,68,69,25.1,54,1012.34,7.58,-0.196133,0.0,8.825985,-0.4025,0.105,-0.04375,-71.435546875,-34.375,259.423828125,bedroom_window_closed,run_4,0,2218,0,False,False,False,0,0,0,0,0,0,443.4029320302088,68.0,69.0,39.0,-0.0381644491187754,-0.0078063645924767,-0.0468381875548616,-0.324625,-0.00595,-0.05705,-0.55859375,-1.3857421875,1.138671875,444.713016437139,2.479267924744311,68.5,1.9238872840889696,70.47333333333333,2.1227330321374396,0.0,-10.0,15.13615036245328,12.5040395191593,Good,16,0,2025-10-13 16:00:00+00:00,Abnormal
