timestamp,co2_ppm,pm1_ugm3,pm25_ugm3,pm10_ugm3,temp_c,rh_pct,pressure_hpa,altitude_m,accel_x,accel_y,accel_z,gyro_x,gyro_y,gyro_z,mag_x,mag_y,mag_z,room_label,run_id,quality_flag,co2_ppm_raw_logger,co2_ppm_clamped_flag,co2_ppm_invalid,rh_pct_invalid,temp_c_invalid,co2_ppm_flatline_flag,pm25_ugm3_flatline_flag,pm10_ugm3_flatline_flag,pm1_ugm3_flatline_flag,temp_c_flatline_flag,rh_pct_flatline_flag,co2_ppm_corr,pm25_ugm3_corr,pm10_ugm3_corr,pm1_ugm3_corr,accel_x_cal,accel_y_cal,accel_z_cal,gyro_x_cal,gyro_y_cal,gyro_z_cal,mag_x_cal,mag_y_cal,mag_z_cal,co2_ppm_roll_mean,co2_ppm_roll_std,pm25_ugm3_roll_mean,pm25_ugm3_roll_std,pm10_ugm3_roll_mean,pm10_ugm3_roll_std,co2_ppm_d_dt,pm25_ugm3_d_dt,dew_point_c,abs_humidity,co2_category,hour,weekday,hour_ts,iaq_standard_class
2025-10-12 09:25:57+00:00,350.0,25,38,39,24.2,75,1010.3,24.59,-0.1176798,0.0,8.8652116,0.035,-0.06125,-0.16625,-71.435546875,-33.30078125,237.939453125,classroom_window_closed,run_1,0,1750,0,False,False,False,0,0,0,0,0,0,350.0,38.0,39.0,25.0,0.0416232776475337,-0.017343032353139,-0.0060700613235992,0.106225,-0.19845,-0.2609249999999999,-0.2041015625,0.6767578125,-21.119140625,350.0,,38.0,,39.0,,,,19.485651026333503,16.505988941747557,Good,9,6,2025-10-12 09:00:00+00:00,Normal
2025-10-12 09:26:02+00:00,350.0,24,36,37,24.2,75,1010.34,24.26,-0.196133,0.0,8.7867584,-0.1225,0.18375,0.0175,-71.435546875,-33.30078125,237.939453125,classroom_window_closed,run_1,0,1750,0,False,False,False,0,0,0,0,0,0,350.0,36.0,37.0,24.0,-0.0450918841181615,-0.017343032353139,-0.0927852230892948,-0.0512749999999999,0.04655,-0.0771749999999999,-0.2041015625,0.6767578125,-21.119140625,350.0,0.0,37.0,1.4142135623730951,38.0,1.4142135623730951,0.0,-10.0,19.485651026333503,16.505988941747557,Good,9,6,2025-10-12 09:00:00+00:00,Normal
2025-10-12 09:26:08+00:00,350.0,23,36,37,24.9,75,1010.36,24.09,-0.196133,0.0392266,8.9044382,-0.06125,0.2275,-0.32375,-70.361328125,-35.44921875,259.9609375,classroom_window_closed,run_1,0,1750,0,False,False,False,0,0,0,0,0,0,350.0,36.0,37.0,23.0,-0.0450918841181615,0.0260145485297086,0.0372875195592475,0.009975,0.0903,-0.4184249999999999,0.8701171875,-1.4716796875,0.90234375,350.0,0.0,36.666666666666664,1.154700538379251,37.666666666666664,1.154700538379251,0.0,0.0,20.161147699793936,17.1721712722026,Good,9,6,2025-10-12 09:00:00+00:00,Normal
2025-10-12 09:26:13+00:00,350.8440693025322,23,36,37,24.7,75,1010.35,24.17,-0.1569064,-0.0392266,8.9436648,-0.0525,0.105,-0.07,-71.97265625,-33.30078125,259.9609375,classroom_window_closed,run_1,0,1755,0,False,False,False,0,0,0,0,0,0,350.8440693025322,36.0,37.0,23.0,-0.0017343032353138,-0.0607006132359867,0.0806451004420963,0.018725,-0.0321999999999999,-0.164675,-0.7412109375,0.6767578125,0.90234375,350.21101732563307,0.4220346512660977,36.5,0.9999999999999992,37.5,0.9999999999999992,4.220346512661024,0.0,19.968155016278335,16.97950580214098,Good,9,6,2025-10-12 09:00:00+00:00,Normal
2025-10-12 09:26:18+00:00,350.8440693025322,24,37,37,24.9,75,1010.33,24.34,-0.1176798,0.0,8.9044382,-0.13125,0.0875,0.0875,-70.8984375,-33.837890625,264.794921875,classroom_window_closed,run_1,0,1755,0,False,False,False,0,0,0,0,0,0,350.8440693025322,37.0,37.0,24.0,0.0416232776475337,-0.017343032353139,0.0372875195592475,-0.0600249999999999,-0.0496999999999999,-0.0071749999999999,0.3330078125,0.1396484375,5.736328125,350.3376277210129,0.4623157970945338,36.6,0.8944271909999153,37.4,0.8944271909999153,0.0,5.0,20.161147699793936,17.1721712722026,Good,9,6,2025-10-12 09:00:00+00:00,Normal
2025-10-12 09:26:24+00:00,351.8436250555309,23,36,36,24.9,75,1010.36,24.09,-0.1176798,0.0,8.8652116,-0.0175,0.1225,0.56,-70.8984375,-33.837890625,264.794921875,classroom_window_closed,run_1,0,1760,0,False,False,False,0,0,0,0,0,0,351.8436250555309,36.0,36.0,23.0,0.0416232776475337,-0.017343032353139,-0.0060700613235992,0.053725,-0.0146999999999999,0.4653250000000001,0.3330078125,0.1396484375,5.736328125,350.58862727676586,0.7409408741078655,36.5,0.8366600265340751,37.166666666666664,0.983192080250174,4.99777876499337,-5.0,20.161147699793936,17.1721712722026,Good,9,6,2025-10-12 09:00:00+00:00,Normal
2025-10-12 09:26:29+00:00,352.84318080852955,23,37,37,24.8,75,1010.33,24.34,-0.1569064,0.0,8.825985,-0.1925,0.2275,-0.0875,-71.97265625,-34.912109375,261.572265625,classroom_window_closed,run_1,0,1765,0,False,False,False,0,0,0,0,0,0,352.84318080852955,37.0,37.0,23.0,-0.0017343032353138,-0.017343032353139,-0.049427642206448,-0.121275,0.0903,-0.1821749999999999,-0.7412109375,-0.9345703125,2.513671875,350.9107063527321,1.087951745558262,36.57142857142857,0.7867957924694429,37.142857142857146,0.8997354108424365,4.99777876499337,5.0,20.064651994615385,17.07560388517762,Good,9,6,2025-10-12 09:00:00+00:00,Normal
2025-10-12 09:26:34+00:00,354.0426477121279,22,35,37,24.7,75,1010.34,24.26,-0.1569064,-0.0392266,8.8652116,-0.07875,-0.16625,-0.49,-73.046875,-34.375,260.498046875,classroom_window_closed,run_1,0,1771,0,False,False,False,0,0,0,0,0,0,354.0426477121279,35.0,37.0,22.0,-0.0017343032353138,-0.0607006132359867,-0.0060700613235992,-0.0075249999999999,-0.30345,-0.584675,-1.8154296875,-0.3974609375,1.439453125,351.3021990226566,1.496890042618677,36.375,0.916125381312904,37.125,0.8345229603962793,5.997334517991817,-10.0,19.968155016278335,16.97950580214098,Good,9,6,2025-10-12 09:00:00+00:00,Normal
2025-10-12 09:26:40+00:00,354.0426477121279,22,36,37,24.2,74,1010.3,24.59,-0.2353596,-0.0392266,8.825985,-0.23625,-0.1225,0.13125,-71.435546875,-35.986328125,262.109375,classroom_window_closed,run_1,0,1771,0,False,False,False,0,0,0,0,0,0,354.0426477121279,36.0,37.0,22.0,-0.0884494650010092,-0.0607006132359867,-0.049427642206448,-0.1650249999999999,-0.2597,0.036575,-0.2041015625,-2.0087890625,3.05078125,351.6066933214868,1.67183905532504,36.333333333333336,0.8660254037844384,37.111111111111114,0.7817359599705708,0.0,5.0,19.269740123342363,16.28590908919092,Good,9,6,2025-10-12 09:00:00+00:00,Normal
2025-10-12 09:26:45+00:00,355.0422034651266,23,38,39,0.0,0,1010.33,24.34,-0.1569064,0.0784532,8.7867584,0.0875,0.34125,0.525,-71.435546875,-34.375,237.40234375,classroom_window_closed,run_1,0,1776,0,False,False,False,0,0,0,0,0,0,355.0422034651266,38.0,39.0,23.0,-0.0017343032353138,0.0693721294125562,-0.0927852230892948,0.158725,0.20405,0.430325,-0.2041015625,-0.3974609375,-21.65625,351.9502443358507,1.914355811802203,36.5,0.9718253158075496,37.3,0.9486832980505124,4.99777876499337,10.0,-96.07763018544566,0.0,Good,9,6,2025-10-12 09:00:00+00:00,Normal
2025-10-12 09:26:50+00:00,356.04175921812526,24,38,39,24.9,74,1010.38,23.92,-0.196133,0.0,8.9828914,-0.1575,-0.16625,0.20125,-71.435546875,-34.375,237.40234375,classroom_window_closed,run_1,0,1781,0,False,False,False,0,0,0,0,0,0,356.04175921812526,38.0,39.0,24.0,-0.0450918841181615,-0.017343032353139,0.1240026813249431,-0.0862749999999999,-0.30345,0.106575,-0.2041015625,-0.3974609375,-21.65625,352.3222002342393,2.19548296521961,36.63636363636363,1.026910636104941,37.45454545454545,1.0357254813546246,4.99777876499337,0.0,19.944125058263737,16.943208988573232,Good,9,6,2025-10-12 09:00:00+00:00,Normal
2025-10-12 09:26:56+00:00,356.04175921812526,24,39,40,24.5,74,1010.29,24.67,-0.196133,0.0392266,8.8652116,-0.28,0.035,-0.14,-71.97265625,-33.837890625,263.18359375,classroom_window_closed,run_1,0,1781,0,False,False,False,0,0,0,0,0,0,356.04175921812526,39.0,40.0,24.0,-0.0450918841181615,0.0260145485297086,-0.0060700613235992,-0.208775,-0.1021999999999999,-0.234675,-0.7412109375,0.1396484375,4.125,352.6321634828965,2.3526319295261295,36.833333333333336,1.1934162828797106,37.666666666666664,1.230914909793325,0.0,5.0,19.55877021437916,16.56486052056773,Good,9,6,2025-10-12 09:00:00+00:00,Normal
2025-10-12 09:27:01+00:00,357.2412261217237,23,39,39,24.2,74,1010.29,24.67,-0.1569064,-0.1569064,8.825985,-0.11375,0.105,0.07875,-73.046875,-34.912109375,265.33203125,classroom_window_closed,run_1,0,1787,0,False,False,False,0,0,0,0,0,0,357.2412261217237,39.0,39.0,23.0,-0.0017343032353138,-0.1907733558845297,-0.049427642206448,-0.0425249999999999,-0.0321999999999999,-0.0159249999999999,-1.8154296875,-0.9345703125,6.2734375,352.98670676280625,2.5899323217901147,37.0,1.290994448735807,37.76923076923077,1.2351684199496922,5.997334517992101,0.0,19.269740123342363,16.28590908919092,Good,9,6,2025-10-12 09:00:00+00:00,Normal
2025-10-12 09:27:06+00:00,358.24078187472236,23,39,40,24.4,74,1010.27,24.84,-0.1176798,0.0392266,8.8652116,0.4025,0.07,2.2225,-70.8984375,-33.837890625,266.40625,classroom_window_closed,run_1,0,1792,0,False,False,False,0,0,0,0,0,0,358.24078187472236,39.0,40.0,23.0,0.0416232776475337,0.0260145485297086,-0.0060700613235992,0.473725,-0.0671999999999999,2.127825,0.3330078125,0.1396484375,7.34765625,353.36199784222885,2.8571972676164727,37.142857142857146,1.350620533005414,37.92857142857143,1.3280573269766094,4.99777876499337,0.0,19.462428180091173,16.47142170930514,Good,9,6,2025-10-12 09:00:00+00:00,Normal
2025-10-12 09:27:12+00:00,358.24078187472236,25,40,40,24.1,74,1010.29,24.67,-0.2353596,0.0392266,8.9436648,-0.035,0.25375,0.4025,-70.8984375,-33.837890625,266.40625,classroom_window_closed,run_1,0,1792,0,False,False,False,0,0,0,0,0,0,358.24078187472236,40.0,40.0,25.0,-0.0884494650010092,0.0260145485297086,0.0806451004420963,0.036225,0.1165499999999999,0.307825,0.3330078125,0.1396484375,7.34765625,353.68725011106176,3.0277548140846036,37.333333333333336,1.4960264830861931,38.06666666666667,1.3870146083619723,0.0,5.0,19.173394100826513,16.193831599185984,Good,9,6,2025-10-12 09:00:00+00:00,Normal
2025-10-12 09:27:17+00:00,359.4402487783207,23,39,39,24.1,74,1010.36,24.09,-0.1176798,0.0392266,8.825985,-0.0875,0.34125,0.0,-71.97265625,-33.30078125,286.81640625,classroom_window_closed,run_1,0,1798,0,False,False,False,0,0,0,0,0,0,359.4402487783207,39.0,39.0,23.0,0.0416232776475337,0.0260145485297086,-0.049427642206448,-0.0162749999999999,0.20405,-0.0946749999999999,-0.7412109375,0.6767578125,27.7578125,354.04681252776544,3.259556417268722,37.4375,1.5041608956491348,38.125,1.3601470508735416,5.997334517991817,-5.0,19.173394100826513,16.193831599185984,Good,9,6,2025-10-12 09:00:00+00:00,Normal
2025-10-12 09:27:22+00:00,360.4398045313194,23,38,38,24.9,74,1010.36,24.09,-0.196133,-0.0392266,8.8652116,-0.0175,0.16625,0.1925,-70.361328125,-34.375,260.498046875,classroom_window_closed,run_1,0,1803,0,False,False,False,0,0,0,0,0,0,360.4398045313194,38.0,38.0,23.0,-0.0450918841181615,-0.0607006132359867,-0.0060700613235992,0.053725,0.02905,0.097825,0.8701171875,-0.3974609375,1.439453125,354.42287088091564,3.5163620162864273,37.47058823529411,1.462773353036262,38.11764705882353,1.3173056280328617,4.99777876499337,-5.0,19.944125058263737,16.943208988573232,Good,9,6,2025-10-12 09:00:00+00:00,Normal
2025-10-12 09:27:28+00:00,360.4398045313194,24,39,39,24.8,74,1010.35,24.17,-0.0784532,0.0784532,8.9828914,0.07,0.175,0.0875,-70.8984375,-33.837890625,258.88671875,classroom_window_closed,run_1,0,1803,0,False,False,False,0,0,0,0,0,0,360.4398045313194,39.0,39.0,24.0,0.0849808585303814,0.0693721294125562,0.1240026813249431,0.141225,0.0378,-0.0071749999999999,0.3330078125,0.1396484375,-0.171875,354.75714497260475,3.6944235783449537,37.55555555555556,1.4641689962819218,38.166666666666664,1.2947859237091237,0.0,5.0,19.847788341227673,16.84792916670858,Good,9,6,2025-10-12 09:00:00+00:00,Normal
2025-10-12 09:27:33+00:00,361.43936028431807,24,37,37,24.7,74,1010.31,24.51,-0.1569064,0.0392266,8.8652116,-0.04375,0.34125,0.09625,-71.435546875,-32.2265625,268.5546875,classroom_window_closed,run_1,0,1808,0,False,False,False,0,0,0,0,0,0,361.43936028431807,37.0,37.0,24.0,-0.0017343032353138,0.0260145485297086,-0.0060700613235992,0.027475,0.20405,0.001575,-0.2041015625,1.7509765625,9.49609375,355.1088405153265,3.9039218950476786,37.526315789473685,1.428613199055163,38.10526315789474,1.2864566686188508,4.99777876499337,-10.0,19.751450294919906,16.753112391445768,Good,9,6,2025-10-12 09:00:00+00:00,Normal
2025-10-12 09:27:39+00:00,361.43936028431807,24,38,38,24.1,74,1010.23,25.17,-0.1569064,0.0392266,8.8652116,-0.385,-0.105,-0.00875,-71.435546875,-32.2265625,268.5546875,classroom_window_closed,run_1,0,1808,0,False,False,False,0,0,0,0,0,0,361.43936028431807,38.0,38.0,24.0,-0.0017343032353138,0.0260145485297086,-0.0060700613235992,-0.313775,-0.2421999999999999,-0.1034249999999999,-0.2041015625,1.7509765625,9.49609375,355.4253665037761,4.054903577578376,37.55,1.3945382182304185,38.1,1.2523661815266225,0.0,5.0,19.173394100826513,16.193831599185984,Good,9,6,2025-10-12 09:00:00+00:00,Normal
2025-10-12 09:27:44+00:00,362.6388271879165,23,38,38,24.9,74,1010.35,24.17,-0.1176798,0.0392266,8.9044382,-0.3325,0.105,-0.09625,-69.287109375,-31.15234375,251.3671875,classroom_window_closed,run_1,0,1814,0,False,False,False,0,0,0,0,0,0,362.6388271879165,38.0,38.0,23.0,0.0416232776475337,0.0260145485297086,0.0372875195592475,-0.261275,-0.0321999999999999,-0.1909249999999999,1.9443359375,2.8251953125,-7.69140625,355.7688646315923,4.254167499330866,37.57142857142857,1.3627702877384962,38.095238095238095,1.2208506012105595,5.997334517992101,0.0,19.944125058263737,16.943208988573232,Good,9,6,2025-10-12 09:00:00+00:00,Normal
2025-10-12 09:27:49+00:00,362.6388271879165,25,39,40,24.5,74,1010.36,24.09,-0.1569064,0.0392266,8.9044382,-0.11375,0.0175,0.00875,-70.8984375,-34.375,257.8125,classroom_window_closed,run_1,0,1814,0,False,False,False,0,0,0,0,0,0,362.6388271879165,39.0,40.0,25.0,-0.0017343032353138,0.0260145485297086,0.0372875195592475,-0.0425249999999999,-0.1196999999999999,-0.0859249999999999,0.3330078125,-0.3974609375,-1.24609375,356.0811356568798,4.402433945430244,37.63636363636363,1.3643576735855845,38.18181818181818,1.2587357087234716,0.0,5.0,19.55877021437916,16.56486052056773,Good,9,6,2025-10-12 09:00:00+00:00,Normal
2025-10-12 09:27:55+00:00,363.6383829409152,23,37,38,24.4,74,1010.29,24.67,-0.196133,0.0784532,8.8652116,-0.04375,0.00875,0.16625,-71.435546875,-35.986328125,260.498046875,classroom_window_closed,run_1,0,1819,0,False,False,False,0,0,0,0,0,0,363.6383829409152,37.0,38.0,23.0,-0.0450918841181615,0.0693721294125562,-0.0060700613235992,0.027475,-0.1284499999999999,0.071575,-0.2041015625,-2.0087890625,1.439453125,356.40971162575084,4.580783846109524,37.608695652173914,1.3395769493246967,38.17391304347826,1.2303796130035871,4.99777876499337,-10.0,19.462428180091173,16.47142170930514,Good,9,6,2025-10-12 09:00:00+00:00,Normal
2025-10-12 09:28:00+00:00,363.6383829409152,24,37,38,24.7,74,1010.28,24.76,-0.1176798,0.0784532,8.9044382,0.14,0.16625,0.37625,-71.435546875,-33.837890625,286.81640625,classroom_window_closed,run_1,0,1819,0,False,False,False,0,0,0,0,0,0,363.6383829409152,37.0,38.0,24.0,0.0416232776475337,0.0693721294125562,0.0372875195592475,0.211225,0.02905,0.281575,-0.2041015625,0.1396484375,27.7578125,356.7109062638827,4.716830301428244,37.583333333333336,1.316010660280159,38.166666666666664,1.2038585308576903,0.0,0.0,19.751450294919906,16.753112391445768,Good,9,6,2025-10-12 09:00:00+00:00,Normal
2025-10-12 09:28:05+00:00,364.8378498445135,22,37,38,24.3,74,1010.34,24.26,-0.0392266,-0.0392266,8.825985,-0.035,0.04375,-0.02625,-71.435546875,-33.837890625,286.81640625,classroom_window_closed,run_1,0,1825,0,False,False,False,0,0,0,0,0,0,364.8378498445135,37.0,38.0,22.0,0.1283384394132291,-0.0607006132359867,-0.049427642206448,0.036225,-0.0934499999999999,-0.1209249999999999,-0.2041015625,0.1396484375,27.7578125,357.03598400710797,4.895238118191549,37.56,1.2935738607954856,38.16,1.178982612255158,5.997334517991817,0.0,19.36608481642141,16.378438513327104,Good,9,6,2025-10-12 09:00:00+00:00,Normal
2025-10-12 09:28:11+00:00,364.8378498445135,22,38,39,24.9,74,1010.28,24.76,-0.1176798,0.0,8.9044382,0.07,0.60375,-0.0175,-71.435546875,-35.986328125,261.572265625,classroom_window_closed,run_1,0,1825,0,False,False,False,0,0,0,0,0,0,364.8378498445135,38.0,39.0,22.0,0.0416232776475337,-0.017343032353139,0.0372875195592475,0.141225,0.46655,-0.1121749999999999,-0.2041015625,-2.0087890625,2.513671875,357.33605577008507,5.034475307396497,37.57692307692308,1.270372446901364,38.19230769230769,1.1668498024760765,0.0,5.0,19.944125058263737,16.943208988573232,Good,9,6,2025-10-12 09:00:00+00:00,Normal
2025-10-12 09:28:16+00:00,365.8374055975122,22,37,38,24.9,74,1010.34,24.26,-0.2353596,-0.0392266,8.9436648,0.0175,2.12625,-0.32375,-70.361328125,-34.375,259.9609375,classroom_window_closed,run_1,0,1830,0,False,False,False,0,0,0,0,0,0,365.8374055975122,37.0,38.0,22.0,-0.0884494650010092,-0.0607006132359867,0.0806451004420963,0.088725,1.98905,-0.4184249999999999,0.8701171875,-0.3974609375,0.90234375,357.6509205785083,5.200757021534935,37.55555555555556,1.2506408613597146,38.18518518518518,1.1447887624104751,4.99777876499337,-5.0,19.944125058263737,16.943208988573232,Good,9,6,2025-10-12 09:00:00+00:00,Normal
2025-10-12 09:28:21+00:00,365.8374055975122,23,37,37,24.6,74,1010.28,24.76,-0.2745862,0.1176798,8.9436648,-0.3675,-0.07,-0.0175,-71.435546875,-33.837890625,257.8125,classroom_window_closed,run_1,0,1830,0,False,False,False,0,0,0,0,0,0,365.8374055975122,37.0,37.0,23.0,-0.1318070458838569,0.1127297102954039,0.0806451004420963,-0.2962749999999999,-0.2072,-0.1121749999999999,-0.2041015625,0.1396484375,-1.24609375,357.9432950434727,5.332880992318181,37.535714285714285,1.2317450089997406,38.142857142857146,1.145499590645631,0.0,0.0,19.655110919312904,16.658756796301024,Good,9,6,2025-10-12 09:00:00+00:00,Normal
2025-10-12 09:28:27+00:00,367.0368725011106,23,37,37,24.3,74,1010.3,24.59,-0.1176798,-0.0392266,8.825985,-0.105,0.035,0.00875,-71.435546875,-33.837890625,257.8125,classroom_window_closed,run_1,0,1836,0,False,False,False,0,0,0,0,0,0,367.0368725011106,37.0,37.0,23.0,0.0416232776475337,-0.0607006132359867,-0.049427642206448,-0.0337749999999999,-0.1021999999999999,-0.0859249999999999,-0.2041015625,0.1396484375,-1.24609375,358.256866679943,5.502309237056319,37.51724137931034,1.2136335542250347,38.10344827586207,1.1447029429446751,5.997334517992101,0.0,19.36608481642141,16.378438513327104,Good,9,6,2025-10-12 09:00:00+00:00,Normal
2025-10-12 09:28:32+00:00,367.0368725011106,22,37,37,24.7,74,1010.32,24.42,-0.1569064,0.0392266,8.9044382,-0.0875,0.35875,0.1925,-71.435546875,-33.837890625,257.8125,classroom_window_closed,run_1,0,1836,0,False,False,False,0,0,0,0,0,0,367.0368725011106,37.0,37.0,22.0,-0.0017343032353138,0.0260145485297086,0.0372875195592475,-0.0162749999999999,0.22155,0.097825,-0.2041015625,0.1396484375,-1.24609375,358.5495335406486,5.639241449981656,37.5,1.196258535082874,38.06666666666667,1.1426929274467286,0.0,0.0,19.751450294919906,16.753112391445768,Good,9,6,2025-10-12 09:00:00+00:00,Normal
2025-10-12 09:28:37+00:00,368.0364282541093,21,35,36,24.0,74,1010.3,24.59,-0.1569064,0.0392266,8.9436648,0.00875,0.00875,-0.105,-71.435546875,-33.30078125,253.515625,classroom_window_closed,run_1,0,1841,0,False,False,False,0,0,0,0,0,0,368.0364282541093,35.0,36.0,21.0,-0.0017343032353138,0.0260145485297086,0.0806451004420963,0.079975,-0.1284499999999999,-0.199675,-0.2041015625,0.6767578125,-5.54296875,358.85556240237315,5.8003683432415745,37.41935483870968,1.2589464788302724,38.0,1.1832159566199194,4.99777876499337,-10.0,19.077046748846353,16.1022042113226,Good,9,6,2025-10-12 09:00:00+00:00,Normal
2025-10-12 09:28:43+00:00,368.0364282541093,22,35,36,24.5,74,1010.33,24.34,-0.1176798,0.0392266,8.9436648,-0.035,0.13125,0.34125,-71.97265625,-34.375,266.943359375,classroom_window_closed,run_1,0,1841,0,False,False,False,0,0,0,0,0,0,368.0364282541093,35.0,36.0,22.0,0.0416232776475337,0.0260145485297086,0.0806451004420963,0.036225,-0.0059499999999999,0.246575,-0.7412109375,-0.3974609375,7.884765625,359.14246446023986,5.932367410804628,37.34375,1.3102419131472411,37.9375,1.2164862143392372,0.0,0.0,19.55877021437916,16.56486052056773,Good,9,6,2025-10-12 09:00:00+00:00,Normal
2025-10-12 09:28:48+00:00,369.23589515770766,23,36,37,24.4,74,1010.3,24.59,-0.1569064,0.0784532,8.9044382,0.04375,0.21875,-0.02625,-70.8984375,-35.44921875,241.69921875,classroom_window_closed,run_1,0,1847,0,False,False,False,0,0,0,0,0,0,369.23589515770766,36.0,37.0,23.0,-0.0017343032353138,0.0693721294125562,0.0372875195592475,0.114975,0.08155,-0.1209249999999999,0.3330078125,-1.4716796875,-17.359375,359.44832599652676,6.097572844545223,37.303030303030305,1.3106498503807302,37.90909090909091,1.2083986398234905,5.997334517991817,5.0,19.462428180091173,16.47142170930514,Good,9,6,2025-10-12 09:00:00+00:00,Normal
2025-10-12 09:28:53+00:00,370.23545091070633,23,37,38,24.5,74,1010.24,25.09,-0.1176798,-0.0392266,8.9044382,-0.14875,-0.06125,-0.49875,-70.8984375,-35.44921875,241.69921875,classroom_window_closed,run_1,0,1852,0,False,False,False,0,0,0,0,0,0,370.23545091070633,37.0,38.0,23.0,0.0416232776475337,-0.0607006132359867,0.0372875195592475,-0.0775249999999999,-0.19845,-0.593425,0.3330078125,-1.4716796875,-17.359375,359.7655943763556,6.283003232132794,37.294117647058826,1.2916846356061384,37.911764705882355,1.1900508534798342,4.99777876499337,5.0,19.55877021437916,16.56486052056773,Good,9,6,2025-10-12 09:00:00+00:00,Normal
2025-10-12 09:28:59+00:00,370.23545091070633,22,37,37,24.4,74,1010.29,24.67,-0.196133,0.0392266,8.8652116,0.0,0.0175,-0.09625,-70.8984375,-33.30078125,258.349609375,classroom_window_closed,run_1,0,1852,0,False,False,False,0,0,0,0,0,0,370.23545091070633,37.0,37.0,22.0,-0.0450918841181615,0.0260145485297086,-0.0060700613235992,0.071225,-0.1196999999999999,-0.1909249999999999,0.3330078125,0.6767578125,-0.708984375,360.06473313447987,6.437934984191853,37.285714285714285,1.2735182525177244,37.885714285714286,1.1825055296830882,0.0,0.0,19.462428180091173,16.47142170930514,Good,9,6,2025-10-12 09:00:00+00:00,Normal
2025-10-12 09:29:04+00:00,371.4349178143047,24,39,39,24.3,74,1010.39,23.84,-0.1176798,-0.0392266,8.8652116,0.00875,0.02625,0.18375,-69.287109375,-34.375,265.33203125,classroom_window_closed,run_1,0,1858,0,False,False,False,0,0,0,0,0,0,371.4349178143047,39.0,39.0,24.0,0.0416232776475337,-0.0607006132359867,-0.0060700613235992,0.079975,-0.11095,0.089075,1.9443359375,-0.3974609375,6.2734375,360.3805715978084,6.622231370293442,37.333333333333336,1.2873006086935783,37.916666666666664,1.1801936887041604,5.997334517992101,10.0,19.36608481642141,16.378438513327104,Good,9,6,2025-10-12 09:00:00+00:00,Normal
2025-10-12 09:29:09+00:00,371.4349178143047,23,38,38,24.4,74,1010.33,24.34,-0.1569064,0.0392266,8.7867584,0.0175,0.0525,0.27125,-73.046875,-33.837890625,265.33203125,classroom_window_closed,run_1,0,1858,0,False,False,False,0,0,0,0,0,0,371.4349178143047,38.0,38.0,23.0,-0.0017343032353138,0.0260145485297086,-0.0927852230892948,0.088725,-0.0847,0.176575,-1.8154296875,0.1396484375,6.2734375,360.67933771176774,6.777790727958793,37.351351351351354,1.274018494027117,37.91891891891892,1.1637673110868618,0.0,-5.0,19.462428180091173,16.47142170930514,Good,9,6,2025-10-12 09:00:00+00:00,Normal
2025-10-12 09:29:15+00:00,371.4349178143047,24,38,38,24.9,74,1010.35,24.17,-0.1569064,0.0392266,8.8652116,-0.13125,0.18375,0.34125,-70.361328125,-33.837890625,255.126953125,classroom_window_closed,run_1,0,1858,0,False,False,False,0,0,0,0,0,0,371.4349178143047,38.0,38.0,24.0,-0.0017343032353138,0.0260145485297086,-0.0060700613235992,-0.0600249999999999,0.04655,0.246575,0.8701171875,0.1396484375,-3.931640625,360.96237929341345,6.90949664613758,37.36842105263158,1.2610817456749337,37.921052631578945,1.1480083563912895,0.0,0.0,19.944125058263737,16.943208988573232,Good,9,6,2025-10-12 09:00:00+00:00,Normal
2025-10-12 09:29:20+00:00,372.4344735673034,24,38,39,24.0,74,1010.31,24.51,-0.1569064,0.0392266,8.8652116,-0.14875,-0.245,-0.35,-70.361328125,-33.837890625,255.126953125,classroom_window_closed,run_1,0,1863,0,False,False,False,0,0,0,0,0,0,372.4344735673034,38.0,39.0,24.0,-0.0017343032353138,0.0260145485297086,-0.0060700613235992,-0.0775249999999999,-0.3822,-0.4446749999999999,0.8701171875,0.1396484375,-3.931640625,361.2565355568466,7.061117928215192,37.38461538461539,1.2484808582598674,37.94871794871795,1.1459015744615977,4.99777876499337,0.0,19.077046748846353,16.1022042113226,Good,9,6,2025-10-12 09:00:00+00:00,Normal
2025-10-12 09:29:25+00:00,372.4344735673034,24,38,39,24.4,74,1010.37,24.01,-0.196133,0.0392266,8.825985,-0.0525,0.21,0.25375,-71.97265625,-32.763671875,252.44140625,classroom_window_closed,run_1,0,1863,0,False,False,False,0,0,0,0,0,0,372.4344735673034,38.0,39.0,24.0,-0.0450918841181615,0.0260145485297086,-0.049427642206448,0.018725,0.0728,0.159075,-0.7412109375,1.2138671875,-6.6171875,361.5359840071079,7.190590938530196,37.4,1.2362059408549726,37.975,1.1432634351063955,0.0,0.0,19.462428180091173,16.47142170930514,Good,9,6,2025-10-12 09:00:00+00:00,Normal
2025-10-12 09:29:31+00:00,373.6339404709018,23,37,38,25.9,73,1010.37,24.01,-0.196133,0.0392266,8.7867584,-0.14,0.245,0.0525,-71.97265625,-33.837890625,262.646484375,classroom_window_closed,run_1,0,1869,0,False,False,False,0,0,0,0,0,0,373.6339404709018,37.0,38.0,23.0,-0.0450918841181615,0.0260145485297086,-0.0927852230892948,-0.068775,0.1078,-0.0421749999999999,-0.7412109375,0.1396484375,3.587890625,361.83105611598097,7.347227546562467,37.390243902439025,1.222253017596762,37.97560975609756,1.128888942235875,5.997334517991817,-5.0,20.686197898965684,17.679701853288954,Good,9,6,2025-10-12 09:00:00+00:00,Normal
2025-10-12 09:29:36+00:00,373.6339404709018,24,38,39,25.5,73,1010.31,24.51,-0.196133,0.0,8.9044382,-0.1225,-0.21875,-0.39375,-69.82421875,-34.375,259.9609375,classroom_window_closed,run_1,0,1869,0,False,False,False,0,0,0,0,0,0,373.6339404709018,38.0,39.0,24.0,-0.0450918841181615,-0.017343032353139,0.0372875195592475,-0.0512749999999999,-0.35595,-0.488425,1.4072265625,-0.3974609375,0.90234375,362.11207717205053,7.482110900965469,37.404761904761905,1.2109162789437249,38.0,1.1261850127429436,0.0,5.0,20.30154114782723,17.287896650184116,Good,9,6,2025-10-12 09:00:00+00:00,Normal
2025-10-12 09:29:41+00:00,374.8334073745002,23,38,38,25.1,73,1010.26,24.92,-0.1176798,0.0,8.9044382,-0.245,0.035,0.27125,-70.361328125,-33.30078125,241.162109375,classroom_window_closed,run_1,0,1875,0,False,False,False,0,0,0,0,0,0,374.8334073745002,38.0,38.0,23.0,0.0416232776475337,-0.017343032353139,0.0372875195592475,-0.1737749999999999,-0.1021999999999999,0.176575,0.8701171875,0.6767578125,-17.896484375,362.4079220604795,7.642814905445102,37.41860465116279,1.1998523349529877,38.0,1.1126972805283717,5.997334517992101,0.0,19.91686222627581,16.90360897960424,Good,9,6,2025-10-12 09:00:00+00:00,Normal
2025-10-12 09:29:47+00:00,374.8334073745002,23,39,39,0.0,0,1010.32,24.42,-0.0784532,0.0,8.7867584,-0.00875,0.16625,0.30625,-70.361328125,-33.30078125,241.162109375,classroom_window_closed,run_1,0,1875,0,False,False,False,0,0,0,0,0,0,374.8334073745002,39.0,39.0,23.0,0.0849808585303814,-0.017343032353139,-0.0927852230892948,0.062475,0.02905,0.211575,0.8701171875,0.6767578125,-17.896484375,362.69031945398007,7.782230485456164,37.45454545454545,1.2095462430865982,38.02272727272727,1.109968287073403,0.0,5.0,-96.07763018544566,0.0,Good,9,6,2025-10-12 09:00:00+00:00,Normal
2025-10-12 09:29:52+00:00,375.8329631274989,23,39,39,25.0,73,1010.32,24.42,-0.1176798,0.0,8.825985,-0.00875,0.18375,-0.28875,-70.361328125,-33.837890625,268.017578125,classroom_window_closed,run_1,0,1880,0,False,False,False,0,0,0,0,0,0,375.8329631274989,39.0,39.0,23.0,0.0416232776475337,-0.017343032353139,-0.049427642206448,0.062475,0.04655,-0.383425,0.8701171875,0.1396484375,8.958984375,362.9823782022805,7.93883499268177,37.48888888888889,1.2177143683262843,38.04444444444445,1.1069112544610442,4.99777876499337,0.0,19.820689031536304,16.80869759783463,Good,9,6,2025-10-12 09:00:00+00:00,Normal
2025-10-12 09:29:57+00:00,375.8329631274989,23,39,39,25.4,73,1010.32,24.42,-0.196133,0.0,8.8652116,0.02625,0.1225,-0.5687500000000001,-71.435546875,-33.837890625,257.275390625,classroom_window_closed,run_1,0,1880,0,False,False,False,0,0,0,0,0,0,375.8329631274989,39.0,39.0,23.0,-0.0450918841181615,-0.017343032353139,-0.0060700613235992,0.097475,-0.0146999999999999,-0.663425,-0.2041015625,0.1396484375,-1.783203125,363.261738744133,8.075548873479022,37.52173913043478,1.224547634113332,38.06521739130435,1.1035734665781267,0.0,0.0,20.205373495990465,17.191124671161827,Good,9,6,2025-10-12 09:00:00+00:00,Normal
2025-10-12 09:30:03+00:00,375.8329631274989,23,40,40,25.5,73,1010.32,24.42,-0.1569064,0.0392266,8.825985,0.1225,0.1225,0.42,-70.361328125,-34.375,261.572265625,classroom_window_closed,run_1,0,1880,0,False,False,False,0,0,0,0,0,0,375.8329631274989,40.0,40.0,23.0,-0.0017343032353138,0.0260145485297086,-0.049427642206448,0.193725,-0.0146999999999999,0.325325,0.8701171875,-0.3974609375,2.513671875,363.5292116033536,8.195074413441603,37.57446808510638,1.263959975478444,38.1063829787234,1.12740646104217,0.0,5.0,20.30154114782723,17.287896650184116,Good,9,6,2025-10-12 09:00:00+00:00,Normal
2025-10-12 09:30:08+00:00,377.0324300310973,22,39,39,25.0,73,1010.34,24.26,-0.1569064,0.0,8.7867584,-0.035,-0.00875,0.69125,-70.361328125,-34.375,261.572265625,classroom_window_closed,run_1,0,1886,0,False,False,False,0,0,0,0,0,0,377.0324300310973,39.0,39.0,22.0,-0.0017343032353138,-0.017343032353139,-0.0927852230892948,0.036225,-0.14595,0.5965750000000001,0.8701171875,-0.3974609375,2.513671875,363.8105286539316,8.338405730383101,37.604166666666664,1.2672567681066274,38.125,1.1227815005032549,5.997334517991817,-5.0,19.820689031536304,16.80869759783463,Good,9,6,2025-10-12 09:00:00+00:00,Normal
2025-10-12 09:30:13+00:00,377.0324300310973,23,40,40,25.0,73,1010.34,24.26,-0.1176798,0.0,8.7867584,-0.035,0.20125,0.4025,-72.509765625,-33.30078125,256.201171875,classroom_window_closed,run_1,0,1886,0,False,False,False,0,0,0,0,0,0,377.0324300310973,40.0,40.0,23.0,0.0416232776475337,-0.017343032353139,-0.0927852230892948,0.036225,0.06405,0.307825,-1.2783203125,0.6767578125,-2.857421875,364.08036337591454,8.464526989880733,37.6530612244898,1.299856088319062,38.16326530612245,1.1428571428571437,0.0,5.0,19.820689031536304,16.80869759783463,Good,9,6,2025-10-12 09:00:00+00:00,Normal
2025-10-12 09:30:19+00:00,377.0324300310973,22,38,38,25.2,73,1010.28,24.76,-0.1569064,0.0392266,8.9044382,-0.4025,-0.0875,-0.06125,-73.046875,-33.30078125,260.498046875,classroom_window_closed,run_1,0,1886,0,False,False,False,0,0,0,0,0,0,377.0324300310973,38.0,38.0,22.0,-0.0017343032353138,0.0260145485297086,0.0372875195592475,-0.331275,-0.2246999999999999,-0.1559249999999999,-1.8154296875,0.6767578125,1.439453125,364.3394047090182,8.575612471520998,37.66,1.28745913349052,38.16,1.1313708498984767,0.0,-10.0,20.013034035244704,16.99898270867744,Good,9,6,2025-10-12 09:00:00+00:00,Normal
2025-10-12 09:30:24+00:00,378.23189693469567,23,37,37,25.3,73,1010.29,24.67,-0.1176798,0.0,9.1005712,-0.32375,0.245,0.13125,-70.8984375,-34.912109375,256.73828125,classroom_window_closed,run_1,0,1892,0,False,False,False,0,0,0,0,0,0,378.23189693469567,37.0,37.0,23.0,0.0416232776475337,-0.017343032353139,0.2540754239734855,-0.252525,0.1078,0.036575,0.3330078125,-0.9345703125,-2.3203125,364.6118065173648,8.709457312668118,37.64705882352941,1.2778658679496002,38.13725490196079,1.1317174177883322,5.997334517992101,-5.0,20.10920445847294,17.094820649222385,Good,9,6,2025-10-12 09:00:00+00:00,Normal
2025-10-12 09:30:29+00:00,378.23189693469567,23,37,37,25.0,73,1010.26,24.92,-0.1569064,0.0,8.7867584,-0.42875,0.32375,-0.07875,-71.97265625,-33.837890625,265.33203125,classroom_window_closed,run_1,0,1892,0,False,False,False,0,0,0,0,0,0,378.23189693469567,37.0,37.0,23.0,-0.0017343032353138,-0.017343032353139,-0.0927852230892948,-0.357525,0.18655,-0.173425,-0.7412109375,0.1396484375,6.2734375,364.87373133308273,8.828065492533003,37.63461538461539,1.2684535304749465,38.11538461538461,1.1316107928193948,0.0,0.0,19.820689031536304,16.80869759783463,Good,9,6,2025-10-12 09:00:00+00:00,Normal
2025-10-12 09:30:35+00:00,378.23189693469567,21,35,35,25.3,73,1010.3,24.59,-0.1569064,0.0392266,8.9044382,-0.2275,0.13125,-0.1575,-71.97265625,-33.837890625,265.33203125,classroom_window_closed,run_1,0,1892,0,False,False,False,0,0,0,0,0,0,378.23189693469567,35.0,35.0,21.0,-0.0017343032353138,0.0260145485297086,0.0372875195592475,-0.156275,-0.0059499999999999,-0.252175,-0.7412109375,0.1396484375,6.2734375,365.12577219349055,8.933241230684697,37.58490566037736,1.3072867124778669,38.056603773584904,1.1996008044284916,0.0,-10.0,20.10920445847294,17.094820649222385,Good,9,6,2025-10-12 09:00:00+00:00,Normal
2025-10-12 09:30:40+00:00,379.23145268769434,22,36,36,0.0,0,1010.31,24.51,-0.1176798,-0.0392266,8.825985,-0.20125,-0.20125,0.21875,-70.361328125,-33.30078125,263.18359375,classroom_window_closed,run_1,0,1897,0,False,False,False,0,0,0,0,0,0,379.23145268769434,36.0,36.0,22.0,0.0416232776475337,-0.0607006132359867,-0.049427642206448,-0.130025,-0.33845,0.124075,0.8701171875,0.6767578125,4.125,365.3869884989387,9.054375707005594,37.55555555555556,1.31273395638704,38.01851851851852,1.2207442941607642,4.99777876499337,5.0,-96.07763018544566,0.0,Good,9,6,2025-10-12 09:00:00+00:00,Normal
2025-10-12 09:30:45+00:00,379.23145268769434,22,36,36,25.4,73,1010.23,25.17,-0.0392266,0.0,8.8652116,0.035,0.245,-0.16625,-70.8984375,-33.837890625,256.73828125,classroom_window_closed,run_1,0,1897,0,False,False,False,0,0,0,0,0,0,379.23145268769434,36.0,36.0,22.0,0.1283384394132291,-0.017343032353139,-0.0060700613235992,0.106225,0.1078,-0.2609249999999999,0.3330078125,0.1396484375,-2.3203125,365.6387060296434,9.162337790839134,37.52727272727272,1.3173281805812609,37.981818181818184,1.2396371794603178,0.0,0.0,20.205373495990465,17.191124671161827,Good,9,6,2025-10-12 09:00:00+00:00,Normal
2025-10-12 09:30:51+00:00,380.4309195912928,22,36,37,25.8,73,1010.29,24.67,-0.1176798,0.0784532,8.9044382,-0.49875,0.34125,-0.1575,-70.361328125,-34.375,261.572265625,classroom_window_closed,run_1,0,1903,0,False,False,False,0,0,0,0,0,0,380.4309195912928,36.0,37.0,22.0,0.0416232776475337,0.0693721294125562,0.0372875195592475,-0.427525,0.20405,-0.252175,0.8701171875,-0.3974609375,2.513671875,365.9028527003871,9.291362257430189,37.5,1.3211565181516327,37.964285714285715,1.2353032121604888,5.997334517992101,0.0,20.590035789552463,17.581039173349833,Good,9,6,2025-10-12 09:00:00+00:00,Normal
2025-10-12 09:30:56+00:00,380.4309195912928,20,36,37,25.1,73,1010.36,24.09,-0.196133,0.0,8.8652116,-0.1575,-0.02625,-0.35875,-70.361328125,-33.837890625,259.423828125,classroom_window_closed,run_1,0,1903,0,False,False,False,0,0,0,0,0,0,380.4309195912928,36.0,37.0,20.0,-0.0450918841181615,-0.017343032353139,-0.0060700613235992,-0.0862749999999999,-0.1634499999999999,-0.4534249999999999,0.8701171875,0.1396484375,0.365234375,366.15773106689426,9.406949872456446,37.473684210526315,1.3242958123079,37.94736842105263,1.230868633926853,0.0,0.0,19.91686222627581,16.90360897960424,Good,9,6,2025-10-12 09:00:00+00:00,Normal
2025-10-12 09:31:01+00:00,380.4309195912928,21,37,38,25.2,73,1010.35,24.17,-0.1569064,0.0392266,8.9044382,0.07,-0.175,-0.25375,-70.361328125,-33.837890625,259.423828125,classroom_window_closed,run_1,0,1903,0,False,False,False,0,0,0,0,0,0,380.4309195912928,37.0,38.0,21.0,-0.0017343032353138,0.0260145485297086,0.0372875195592475,0.141225,-0.3122,-0.348425,0.8701171875,0.1396484375,0.365234375,366.4038205242115,9.510558269441988,37.46551724137931,1.3141005494571123,37.94827586206897,1.220043338216488,0.0,5.0,20.013034035244704,16.99898270867744,Good,9,6,2025-10-12 09:00:00+00:00,Normal
2025-10-12 09:31:07+00:00,381.6303864948912,21,38,39,25.4,73,1010.29,24.67,-0.1176798,0.0392266,8.9828914,-0.25375,0.1575,0.28,-71.97265625,-33.30078125,257.275390625,classroom_window_closed,run_1,0,1909,0,False,False,False,0,0,0,0,0,0,381.6303864948912,38.0,39.0,21.0,0.0416232776475337,0.0260145485297086,0.1240026813249431,-0.1825249999999999,0.0203,0.185325,-0.7412109375,0.6767578125,-1.783203125,366.661897913545,9.634358091874352,37.47457627118644,1.304579892788715,37.96610169491525,1.2172056989752238,5.997334517992101,5.0,20.205373495990465,17.191124671161827,Good,9,6,2025-10-12 09:00:00+00:00,Normal
2025-10-12 09:31:12+00:00,381.6303864948912,21,37,38,25.6,73,1010.41,23.67,-0.1569064,0.0784532,8.9436648,0.06125,0.1925,0.315,-70.361328125,-32.2265625,264.794921875,classroom_window_closed,run_1,0,1909,0,False,False,False,0,0,0,0,0,0,381.6303864948912,37.0,38.0,21.0,-0.0017343032353138,0.0693721294125562,0.0806451004420963,0.132475,0.0553,0.220325,0.8701171875,1.7509765625,5.736328125,366.91137272323414,9.745864858381838,37.46666666666667,1.2949270860523734,37.96666666666667,1.2068542476791633,0.0,-5.0,20.39770741401319,17.385138467754402,Good,9,6,2025-10-12 09:00:00+00:00,Normal
2025-10-12 09:31:17+00:00,381.6303864948912,22,37,39,25.3,73,1010.31,24.51,-0.1176798,0.0784532,8.8652116,-0.175,-0.16625,0.06125,-70.8984375,-33.837890625,262.646484375,classroom_window_closed,run_1,0,1909,0,False,False,False,0,0,0,0,0,0,381.6303864948912,37.0,39.0,22.0,0.0416232776475337,0.0693721294125562,-0.0060700613235992,-0.1037749999999999,-0.30345,-0.0334249999999999,0.3330078125,0.1396484375,3.587890625,367.1526680309662,9.846343454878197,37.459016393442624,1.285480072343964,37.98360655737705,1.204046002425273,0.0,0.0,20.10920445847294,17.094820649222385,Good,9,6,2025-10-12 09:00:00+00:00,Normal
2025-10-12 09:31:23+00:00,382.62994224788986,21,36,38,0.0,0,1010.22,25.26,-0.196133,0.0,8.9828914,-0.035,-0.175,0.00875,-70.8984375,-33.837890625,262.646484375,classroom_window_closed,run_1,0,1914,0,False,False,False,0,0,0,0,0,0,382.62994224788986,36.0,38.0,21.0,-0.0450918841181615,-0.017343032353139,0.1240026813249431,0.036225,-0.3122,-0.0859249999999999,0.3330078125,0.1396484375,3.587890625,367.4023014860779,9.96116322264009,37.435483870967744,1.288294943090024,37.983870967741936,1.1941378052100315,4.99777876499337,-5.0,-96.07763018544566,0.0,Good,9,6,2025-10-12 09:00:00+00:00,Normal
2025-10-12 09:31:28+00:00,382.62994224788986,21,36,38,25.8,73,1010.36,24.09,-0.1569064,-0.0392266,8.825985,0.14875,-2.12625,-0.1575,-70.8984375,-33.837890625,262.646484375,classroom_window_closed,run_1,0,1914,0,False,False,False,0,0,0,0,0,0,382.62994224788986,36.0,38.0,21.0,-0.0017343032353138,-0.0607006132359867,-0.049427642206448,0.219975,-2.26345,-0.252175,0.3330078125,0.1396484375,3.587890625,367.64401006959866,10.065039725034678,37.41269841269841,1.290597768914263,37.98412698412698,1.1844702571472874,0.0,0.0,20.590035789552463,17.581039173349833,Good,9,6,2025-10-12 09:00:00+00:00,Normal
2025-10-12 09:31:33+00:00,382.62994224788986,21,36,38,25.2,73,1010.25,25.01,-0.1569064,0.0,8.9044382,-0.04375,-0.02625,-0.13125,-69.82421875,-34.375,263.720703125,classroom_window_closed,run_1,0,1914,0,False,False,False,0,0,0,0,0,0,382.62994224788986,36.0,38.0,21.0,-0.0017343032353138,-0.017343032353139,0.0372875195592475,0.027475,-0.1634499999999999,-0.225925,1.4072265625,-0.3974609375,4.662109375,367.8781652598845,10.15903746438588,37.390625,1.2924344876092972,37.984375,1.1750337718888602,0.0,0.0,20.013034035244704,16.99898270867744,Good,9,6,2025-10-12 09:00:00+00:00,Normal
2025-10-12 09:31:39+00:00,381.6303864948912,22,37,39,25.4,73,1010.27,24.84,-0.1569064,0.0,8.9044382,-0.21,-0.00875,0.44625,-71.435546875,-32.763671875,263.18359375,classroom_window_closed,run_1,0,1909,0,False,False,False,0,0,0,0,0,0,381.6303864948912,37.0,39.0,22.0,-0.0017343032353138,-0.017343032353139,0.0372875195592475,-0.1387749999999999,-0.14595,0.3515749999999999,-0.2041015625,1.2138671875,4.125,368.0897378942692,10.222672912145288,37.38461538461539,1.283212615034865,38.0,1.172603939955856,-4.99777876499337,5.0,20.205373495990465,17.191124671161827,Good,9,6,2025-10-12 09:00:00+00:00,Normal
2025-10-12 09:31:44+00:00,381.6303864948912,23,37,39,25.2,73,1010.32,24.42,-0.1176798,0.0,8.7867584,0.13125,0.11375,0.3675,-69.82421875,-33.837890625,248.681640625,classroom_window_closed,run_1,0,1909,0,False,False,False,0,0,0,0,0,0,381.6303864948912,37.0,39.0,23.0,0.0416232776475337,-0.017343032353139,-0.0927852230892948,0.202475,-0.0234499999999999,0.272825,1.4072265625,0.1396484375,-10.376953125,368.29489923670286,10.27975291597597,37.378787878787875,1.2741833163022993,38.01515151515152,1.170041738143416,0.0,0.0,20.013034035244704,16.99898270867744,Good,9,6,2025-10-12 09:00:00+00:00,Normal
2025-10-12 09:31:49+00:00,382.62994224788986,24,37,39,25.2,73,1010.25,25.01,-0.1569064,0.0,8.7867584,-0.21875,0.35875,-0.0875,-69.82421875,-33.837890625,248.681640625,classroom_window_closed,run_1,0,1914,0,False,False,False,0,0,0,0,0,0,382.62994224788986,37.0,39.0,24.0,-0.0017343032353138,-0.017343032353139,-0.0927852230892948,-0.147525,0.22155,-0.1821749999999999,1.4072265625,0.1396484375,-10.376953125,368.5088551025415,10.35081038583516,37.37313432835821,1.2653400656276157,38.02985074626866,1.1673610390824314,4.99777876499337,0.0,20.013034035244704,16.99898270867744,Good,9,6,2025-10-12 09:00:00+00:00,Normal
2025-10-12 09:31:55+00:00,382.62994224788986,24,38,40,25.5,73,1010.31,24.51,-0.1569064,0.0,8.825985,-0.23625,0.0,-0.32375,-70.8984375,-33.30078125,283.59375,classroom_window_closed,run_1,0,1914,0,False,False,False,0,0,0,0,0,0,382.62994224788986,38.0,40.0,24.0,-0.0017343032353138,-0.017343032353139,-0.049427642206448,-0.1650249999999999,-0.1372,-0.4184249999999999,0.3330078125,0.6767578125,24.53515625,368.71651814879664,10.415018480551486,37.38235294117647,1.2581603694936336,38.05882352941177,1.1829933313948429,0.0,5.0,20.30154114782723,17.287896650184116,Good,9,6,2025-10-12 09:00:00+00:00,Normal
2025-10-12 09:32:00+00:00,383.8294091514882,22,38,39,25.5,73,1010.3,24.59,-0.1176798,-0.0392266,8.7867584,0.105,0.14875,0.1575,-70.8984375,-34.375,257.275390625,classroom_window_closed,run_1,0,1920,0,False,False,False,0,0,0,0,0,0,383.8294091514882,38.0,39.0,22.0,0.0416232776475337,-0.0607006132359867,-0.0927852230892948,0.176225,0.01155,0.062825,0.3330078125,-0.3974609375,-1.783203125,368.9355455546327,10.497026332289913,37.391304347826086,1.2510864843424492,38.072463768115945,1.179716324073542,5.997334517991817,0.0,20.30154114782723,17.287896650184116,Good,9,6,2025-10-12 09:00:00+00:00,Normal
2025-10-12 09:32:05+00:00,383.8294091514882,23,39,40,25.3,73,1010.25,25.01,-0.1569064,0.0392266,8.8652116,-0.16625,0.1225,-0.1225,-70.8984375,-34.375,256.73828125,classroom_window_closed,run_1,0,1920,0,False,False,False,0,0,0,0,0,0,383.8294091514882,39.0,40.0,23.0,-0.0017343032353138,0.0260145485297086,-0.0060700613235992,-0.095025,-0.0146999999999999,-0.2171749999999999,0.3330078125,-0.3974609375,-2.3203125,369.14831503458777,10.571641322283124,37.41428571428571,1.2567828394715068,38.1,1.1935818703211851,0.0,5.0,20.10920445847294,17.094820649222385,Good,9,6,2025-10-12 09:00:00+00:00,Normal
2025-10-12 09:32:11+00:00,383.8294091514882,21,37,39,25.7,73,1010.34,24.26,-0.1176798,0.1176798,8.9436648,-0.06125,0.1575,-0.04375,-70.8984375,-33.30078125,256.73828125,classroom_window_closed,run_1,0,1920,0,False,False,False,0,0,0,0,0,0,383.8294091514882,37.0,39.0,21.0,0.0416232776475337,0.1127297102954039,0.0806451004420963,0.009975,0.0203,-0.1384249999999999,0.3330078125,0.6767578125,-2.3203125,369.3550910080653,10.639489276131922,37.40845070422535,1.248741821523139,38.11267605633803,1.1898294688693576,0.0,-10.0,20.493872294578285,17.482852011125654,Good,9,6,2025-10-12 09:00:00+00:00,Normal
2025-10-12 09:32:16+00:00,385.02887605508664,22,38,39,25.8,73,1010.3,24.59,-0.1569064,0.0,8.8652116,-0.0875,0.16625,-0.245,-70.8984375,-33.30078125,256.73828125,classroom_window_closed,run_1,0,1926,0,False,False,False,0,0,0,0,0,0,385.02887605508664,38.0,39.0,22.0,-0.0017343032353138,-0.017343032353139,-0.0060700613235992,-0.0162749999999999,0.02905,-0.3396749999999999,0.3330078125,0.6767578125,-2.3203125,369.5727824670517,10.72457145310812,37.416666666666664,1.2418750022151028,38.125,1.1860396877192048,5.997334517992101,5.0,20.590035789552463,17.581039173349833,Good,9,6,2025-10-12 09:00:00+00:00,Normal
2025-10-12 09:32:22+00:00,385.02887605508664,21,38,38,25.4,73,1010.36,24.09,-0.1176798,0.0,8.9436648,-0.175,-0.035,-0.105,-72.509765625,-34.912109375,259.9609375,classroom_window_closed,run_1,0,1926,0,False,False,False,0,0,0,0,0,0,385.02887605508664,38.0,38.0,21.0,0.0416232776475337,-0.017343032353139,0.0806451004420963,-0.1037749999999999,-0.1722,-0.199675,-1.2783203125,-0.9345703125,0.90234375,369.78450977647685,10.802382121835448,37.42465753424658,1.2351091744274867,38.12328767123287,1.1778653653426043,0.0,0.0,20.205373495990465,17.191124671161827,Good,9,6,2025-10-12 09:00:00+00:00,Normal
2025-10-12 09:32:27+00:00,385.02887605508664,21,38,38,25.3,73,1010.32,24.42,-0.1569064,0.0,8.9044382,0.2275,0.2275,0.48125,-71.97265625,-32.763671875,263.18359375,classroom_window_closed,run_1,0,1926,0,False,False,False,0,0,0,0,0,0,385.02887605508664,38.0,38.0,21.0,-0.0017343032353138,-0.017343032353139,0.0372875195592475,0.298725,0.0903,0.386575,-0.7412109375,1.2138671875,4.125,369.99051472618777,10.873516508969416,37.432432432432435,1.2284423936636863,38.12162162162162,1.1698577679933229,0.0,0.0,20.10920445847294,17.094820649222385,Good,9,6,2025-10-12 09:00:00+00:00,Normal
2025-10-12 09:32:32+00:00,386.22834295868506,22,38,38,25.7,73,1010.33,24.34,-0.1176798,0.0784532,8.8652116,0.06125,0.07875,0.1925,-70.361328125,-33.30078125,262.109375,classroom_window_closed,run_1,0,1932,0,False,False,False,0,0,0,0,0,0,386.22834295868506,38.0,38.0,22.0,0.0416232776475337,0.0693721294125562,-0.0060700613235992,0.132475,-0.0584499999999999,0.097825,0.8701171875,0.6767578125,3.05078125,370.2070191026211,10.961349096788076,37.44,1.2218727319049942,38.12,1.162011303847888,5.997334517992101,0.0,20.493872294578285,17.482852011125654,Good,9,6,2025-10-12 09:00:00+00:00,Normal
2025-10-12 09:32:38+00:00,386.22834295868506,23,38,38,25.3,73,1010.28,24.76,-0.1176798,-0.0392266,8.825985,-0.18375,0.07875,0.11375,-70.361328125,-33.30078125,262.109375,classroom_window_closed,run_1,0,1932,0,False,False,False,0,0,0,0,0,0,386.22834295868506,38.0,38.0,23.0,0.0416232776475337,-0.0607006132359867,-0.049427642206448,-0.1125249999999999,-0.0584499999999999,0.019075,0.8701171875,0.6767578125,3.05078125,370.417825995464,11.042036219346596,37.44736842105263,1.2153982814107238,38.11842105263158,1.1543206401823003,0.0,0.0,20.10920445847294,17.094820649222385,Good,9,6,2025-10-12 09:00:00+00:00,Normal
2025-10-12 09:32:43+00:00,386.22834295868506,23,38,38,25.0,73,1010.37,24.01,-0.1569064,0.0,8.8652116,-0.13125,0.35875,0.5075000000000001,-70.361328125,-33.30078125,262.109375,classroom_window_closed,run_1,0,1932,0,False,False,False,0,0,0,0,0,0,386.22834295868506,38.0,38.0,23.0,-0.0017343032353138,-0.017343032353139,-0.0060700613235992,-0.0600249999999999,0.22155,0.4128250000000001,0.8701171875,0.6767578125,3.05078125,370.6231573845968,11.11614422303476,37.45454545454545,1.2090171578758833,38.11688311688312,1.1467806881374016,0.0,0.0,19.820689031536304,16.80869759783463,Good,9,6,2025-10-12 09:00:00+00:00,Normal
2025-10-12 09:32:48+00:00,387.4278098622834,22,37,37,25.9,73,1010.29,24.67,-0.2353596,0.0,8.8652116,0.035,0.11375,-0.0525,-70.361328125,-33.30078125,264.2578125,classroom_window_closed,run_1,0,1938,0,False,False,False,0,0,0,0,0,0,387.4278098622834,37.0,37.0,22.0,-0.0884494650010092,-0.017343032353139,-0.0060700613235992,0.106225,-0.0234499999999999,-0.1471749999999999,0.8701171875,0.6767578125,5.19921875,370.8386016471312,11.206441920801629,37.44871794871795,1.2022428811966184,38.1025641025641,1.146306814958069,5.997334517991817,-5.0,20.686197898965684,17.679701853288954,Good,9,6,2025-10-12 09:00:00+00:00,Normal
2025-10-12 09:32:54+00:00,387.4278098622834,22,37,37,25.1,73,1010.3,24.59,-0.1176798,0.0392266,8.8652116,-0.0875,0.41125,-0.14,-71.97265625,-33.837890625,262.109375,classroom_window_closed,run_1,0,1938,0,False,False,False,0,0,0,0,0,0,387.4278098622834,37.0,37.0,22.0,0.0416232776475337,0.0260145485297086,-0.0060700613235992,-0.0162749999999999,0.27405,-0.234675,-0.7412109375,0.1396484375,3.05078125,371.0485916245382,11.289723306390298,37.44303797468354,1.195577700110275,38.08860759493671,1.14567048354431,0.0,0.0,19.91686222627581,16.90360897960424,Good,9,6,2025-10-12 09:00:00+00:00,Normal
2025-10-12 09:32:59+00:00,387.4278098622834,22,34,34,25.6,73,1010.27,24.84,-0.196133,0.0,8.9044382,-0.0525,0.175,0.2625,-70.8984375,-32.763671875,247.607421875,classroom_window_closed,run_1,0,1938,0,False,False,False,0,0,0,0,0,0,387.4278098622834,34.0,34.0,22.0,-0.0450918841181615,-0.017343032353139,0.0372875195592475,0.018725,0.0378,0.167825,0.3330078125,1.2138671875,-11.451171875,371.25333185251,11.366527467743351,37.4,1.2487968893643502,38.0375,1.2267457207144186,0.0,-15.0,20.39770741401319,17.385138467754402,Good,9,6,2025-10-12 09:00:00+00:00,Normal
2025-10-12 09:33:04+00:00,388.4273656152821,22,33,33,25.1,73,1010.27,24.84,-0.1569064,0.0784532,8.825985,-0.35,0.2975,0.455,-70.8984375,-32.763671875,247.607421875,classroom_window_closed,run_1,0,1943,0,False,False,False,0,0,0,0,0,0,388.4273656152821,33.0,33.0,22.0,-0.0017343032353138,0.0693721294125562,-0.049427642206448,-0.278775,0.1603,0.360325,0.3330078125,1.2138671875,-11.451171875,371.4653569606923,11.455317486128726,37.34567901234568,1.3337962159486787,37.97530864197531,1.341410718627737,4.99777876499337,-5.0,19.91686222627581,16.90360897960424,Good,9,6,2025-10-12 09:00:00+00:00,Normal
2025-10-12 09:33:10+00:00,388.4273656152821,21,32,32,25.7,73,1010.24,25.09,-0.1569064,0.0392266,9.0613446,0.105,0.46375,-0.035,-71.435546875,-32.763671875,263.18359375,classroom_window_closed,run_1,0,1943,0,False,False,False,0,0,0,0,0,0,388.4273656152821,32.0,32.0,21.0,-0.0017343032353138,0.0260145485297086,0.2107178430906387,0.176225,0.32655,-0.1296749999999999,-0.2041015625,1.2138671875,4.125,371.6722107247727,11.53745643433174,37.28048780487805,1.4510480694482335,37.90243902439025,1.4874765780711128,0.0,-5.0,20.493872294578285,17.482852011125654,Good,9,6,2025-10-12 09:00:00+00:00,Normal
2025-10-12 09:33:15+00:00,388.4273656152821,22,34,34,25.8,73,1010.3,24.59,-0.1569064,0.0,8.9436648,-0.2275,0.245,-0.21,-70.361328125,-34.375,260.498046875,classroom_window_closed,run_1,0,1943,0,False,False,False,0,0,0,0,0,0,388.4273656152821,34.0,34.0,22.0,-0.0017343032353138,-0.017343032353139,0.0806451004420963,-0.156275,0.1078,-0.304675,0.8701171875,-0.3974609375,1.439453125,371.87408006080295,11.613437256311066,37.24096385542169,1.4864457645244789,37.855421686746986,1.5391835824551792,0.0,10.0,20.590035789552463,17.581039173349833,Good,9,6,2025-10-12 09:00:00+00:00,Normal
2025-10-12 09:33:20+00:00,389.6268325188805,21,37,37,25.4,73,1010.3,24.59,-0.1176798,0.0392266,8.8652116,-0.105,-0.04375,-0.00875,-71.97265625,-32.763671875,259.423828125,classroom_window_closed,run_1,0,1949,0,False,False,False,0,0,0,0,0,0,389.6268325188805,37.0,37.0,21.0,0.0416232776475337,0.0260145485297086,-0.0060700613235992,-0.0337749999999999,-0.18095,-0.1034249999999999,-0.7412109375,1.2138671875,0.365234375,372.0854223519706,11.70465161098856,37.23809523809524,1.4776980438820095,37.845238095238095,1.532727686020946,5.997334517992101,15.0,20.205373495990465,17.191124671161827,Good,9,6,2025-10-12 09:00:00+00:00,Normal
2025-10-12 09:33:26+00:00,389.6268325188805,21,37,37,25.0,73,1010.27,24.84,-0.1569064,0.0,8.8652116,-0.32375,0.06125,-0.0525,-70.361328125,-32.763671875,260.498046875,classroom_window_closed,run_1,0,1949,0,False,False,False,0,0,0,0,0,0,389.6268325188805,37.0,37.0,21.0,-0.0017343032353138,-0.017343032353139,-0.0060700613235992,-0.252525,-0.0759499999999999,-0.1471749999999999,0.8701171875,1.2138671875,1.439453125,372.291791883346,11.789314781181131,37.23529411764706,1.469102891332711,37.83529411764706,1.526332819784303,0.0,0.0,19.820689031536304,16.80869759783463,Good,9,6,2025-10-12 09:00:00+00:00,Normal
2025-10-12 09:33:31+00:00,389.6268325188805,21,36,36,25.4,73,1010.34,24.26,-0.1569064,0.0,8.8652116,-0.245,0.4725,0.175,-70.361328125,-32.763671875,260.498046875,classroom_window_closed,run_1,0,1949,0,False,False,False,0,0,0,0,0,0,389.6268325188805,36.0,36.0,21.0,-0.0017343032353138,-0.017343032353139,-0.0060700613235992,-0.1737749999999999,0.3353,0.080325,0.8701171875,1.2138671875,1.439453125,372.4933621232941,11.867898678346013,37.22093023255814,1.466497731016057,37.81395348837209,1.5301797503559684,0.0,-5.0,20.205373495990465,17.191124671161827,Good,9,6,2025-10-12 09:00:00+00:00,Normal
2025-10-12 09:33:36+00:00,389.6268325188805,21,33,35,25.9,73,1010.34,24.26,-0.1176798,0.0392266,8.9044382,-0.06125,0.105,0.23625,-70.361328125,-32.763671875,254.052734375,classroom_window_closed,run_1,0,1949,0,False,False,False,0,0,0,0,0,0,389.6268325188805,33.0,35.0,21.0,0.0416232776475337,0.0260145485297086,0.0372875195592475,0.009975,-0.0321999999999999,0.141575,0.8701171875,1.2138671875,-5.005859375,372.6902985646226,11.94083195139516,37.172413793103445,1.526562459601099,37.7816091954023,1.5508833743530477,0.0,-15.0,20.686197898965684,17.679701853288954,Good,9,6,2025-10-12 09:00:00+00:00,Normal
2025-10-12 09:33:42+00:00,390.8262994224789,22,32,33,25.9,73,1010.34,24.26,-0.1569064,-0.0392266,8.9828914,-0.175,0.2625,-0.06125,-69.287109375,-33.30078125,257.8125,classroom_window_closed,run_1,0,1955,0,False,False,False,0,0,0,0,0,0,390.8262994224789,32.0,33.0,22.0,-0.0017343032353138,-0.0607006132359867,0.1240026813249431,-0.1037749999999999,0.1253,-0.1559249999999999,1.9443359375,0.6767578125,-1.24609375,372.89638948346186,12.028393173615912,37.11363636363637,1.6148151609951318,37.72727272727273,1.624010027199048,5.997334517991817,-5.0,20.686197898965684,17.679701853288954,Good,9,6,2025-10-12 09:00:00+00:00,Normal
2025-10-12 09:33:47+00:00,390.8262994224789,21,30,33,25.6,73,1010.27,24.84,-0.196133,0.0,8.825985,0.09625,0.2625,0.39375,-71.97265625,-33.30078125,258.88671875,classroom_window_closed,run_1,0,1955,0,False,False,False,0,0,0,0,0,0,390.8262994224789,30.0,33.0,21.0,-0.0450918841181615,-0.017343032353139,-0.049427642206448,0.167475,0.1253,0.299075,-0.7412109375,0.6767578125,-0.171875,373.0978491456981,12.109924836641714,37.03370786516854,1.773859673412801,37.674157303370784,1.6907185192509433,0.0,-10.0,20.39770741401319,17.385138467754402,Good,9,6,2025-10-12 09:00:00+00:00,Normal
2025-10-12 09:33:52+00:00,390.8262994224789,21,31,33,25.2,73,1010.24,25.09,-0.2353596,0.0392266,8.825985,-0.09625,-0.00875,0.00875,-70.361328125,-30.615234375,278.759765625,classroom_window_closed,run_1,0,1955,0,False,False,False,0,0,0,0,0,0,390.8262994224789,31.0,33.0,21.0,-0.0884494650010092,0.0260145485297086,-0.049427642206448,-0.0250249999999999,-0.14595,-0.0859249999999999,0.8701171875,3.3623046875,19.701171875,373.2948319265511,12.185841088528043,36.96666666666667,1.8750280896772336,37.62222222222222,1.7519028356527204,0.0,5.0,20.013034035244704,16.99898270867744,Good,9,6,2025-10-12 09:00:00+00:00,Normal
2025-10-12 09:33:58+00:00,392.0257663260773,21,32,35,25.5,73,1010.38,23.92,-0.1569064,-0.0784532,8.8652116,-0.175,0.18375,0.37625,-70.361328125,-30.615234375,278.759765625,classroom_window_closed,run_1,0,1961,0,False,False,False,0,0,0,0,0,0,392.0257663260773,32.0,35.0,21.0,-0.0017343032353138,-0.1040581941188344,-0.0060700613235992,-0.1037749999999999,0.04655,0.281575,0.8701171875,3.3623046875,19.701171875,373.5006663705019,12.27600314168298,36.91208791208791,1.9359083521027416,37.59340659340659,1.763695753417441,5.997334517992101,5.0,20.30154114782723,17.287896650184116,Good,9,6,2025-10-12 09:00:00+00:00,Normal
2025-10-12 09:34:03+00:00,392.0257663260773,21,32,35,25.7,73,1010.26,24.92,-0.196133,0.0,8.9828914,-0.245,-0.00875,0.06125,-71.97265625,-33.30078125,254.052734375,classroom_window_closed,run_1,0,1961,0,False,False,False,0,0,0,0,0,0,392.0257663260773,32.0,35.0,21.0,-0.0450918841181615,-0.017343032353139,0.1240026813249431,-0.1737749999999999,-0.14595,-0.0334249999999999,-0.7412109375,0.6767578125,-5.005859375,373.7020261526278,12.36019484020301,36.858695652173914,1.992190917961245,37.56521739130435,1.7746960601939274,0.0,0.0,20.493872294578285,17.482852011125654,Good,9,6,2025-10-12 09:00:00+00:00,Normal
2025-10-12 09:34:08+00:00,392.0257663260773,22,34,36,25.2,73,1010.26,24.92,-0.2353596,0.0392266,8.825985,-0.20125,-0.09625,-0.09625,-73.046875,-34.375,257.275390625,classroom_window_closed,run_1,0,1961,0,False,False,False,0,0,0,0,0,0,392.0257663260773,34.0,36.0,22.0,-0.0884494650010092,0.0260145485297086,-0.049427642206448,-0.130025,-0.23345,-0.1909249999999999,-1.8154296875,-0.3974609375,-1.783203125,373.8990556168585,12.43881592890957,36.82795698924731,2.0033865671059115,37.54838709677419,1.77247143248125,0.0,10.0,20.013034035244704,16.99898270867744,Good,9,6,2025-10-12 09:00:00+00:00,Normal
2025-10-12 09:34:14+00:00,393.22523322967567,22,34,36,25.0,73,1010.25,25.01,-0.1176798,0.0392266,8.825985,0.56,0.105,0.0875,-70.361328125,-31.689453125,257.275390625,classroom_window_closed,run_1,0,1967,0,False,False,False,0,0,0,0,0,0,393.22523322967567,34.0,36.0,22.0,0.0416232776475337,0.0260145485297086,-0.049427642206448,0.631225,-0.0321999999999999,-0.0071749999999999,0.8701171875,2.2880859375,-1.783203125,374.1046532510374,12.53131508101528,36.797872340425535,2.013822061492961,37.53191489361702,1.7701353308301648,5.997334517991817,0.0,19.820689031536304,16.80869759783463,Good,9,6,2025-10-12 09:00:00+00:00,Normal
2025-10-12 09:34:19+00:00,393.22523322967567,22,34,36,25.9,73,1010.24,25.09,-0.1569064,0.0,8.825985,0.0875,0.175,0.1925,-70.361328125,-31.689453125,257.275390625,classroom_window_closed,run_1,0,1967,0,False,False,False,0,0,0,0,0,0,393.22523322967567,34.0,36.0,22.0,-0.0017343032353138,-0.017343032353139,-0.049427642206448,0.158725,0.0378,0.097825,0.8701171875,2.2880859375,-1.783203125,374.3059225139704,12.617910672730538,36.76842105263158,2.023545611570263,37.51578947368421,1.76769568656869,0.0,0.0,20.686197898965684,17.679701853288954,Good,9,6,2025-10-12 09:00:00+00:00,Normal
2025-10-12 09:34:24+00:00,393.22523322967567,21,35,36,25.5,73,1010.27,24.84,-0.1569064,-0.0392266,8.825985,0.06125,0.35,0.18375,-70.8984375,-32.2265625,259.423828125,classroom_window_closed,run_1,0,1967,0,False,False,False,0,0,0,0,0,0,393.22523322967567,35.0,36.0,21.0,-0.0017343032353138,-0.0607006132359867,-0.049427642206448,0.132475,0.2128,0.089075,0.3330078125,1.7509765625,0.365234375,374.50299866725896,12.698988243581644,36.75,2.0209429794815574,37.5,1.7651599003161764,0.0,5.0,20.30154114782723,17.287896650184116,Good,9,6,2025-10-12 09:00:00+00:00,Normal
2025-10-12 09:34:30+00:00,394.42470013327414,21,35,36,25.9,73,1010.25,25.01,-0.1569064,0.0392266,8.8652116,-0.23625,0.06125,-0.1225,-71.435546875,-33.30078125,261.03515625,classroom_window_closed,run_1,0,1973,0,False,False,False,0,0,0,0,0,0,394.42470013327414,35.0,36.0,21.0,-0.0017343032353138,0.0260145485297086,-0.0060700613235992,-0.1650249999999999,-0.0759499999999999,-0.2171749999999999,-0.2041015625,0.6767578125,1.9765625,374.70837703288805,12.793590286343406,36.7319587628866,2.018226655164163,37.48453608247423,1.7625348818170936,5.997334517992385,0.0,20.686197898965684,17.679701853288954,Good,9,6,2025-10-12 09:00:00+00:00,Normal
2025-10-12 09:34:35+00:00,394.42470013327414,21,35,37,25.5,73,1010.31,24.51,-0.196133,0.1176798,8.8652116,-0.09625,0.175,-0.035,-71.97265625,-33.30078125,264.2578125,classroom_window_closed,run_1,0,1973,0,False,False,False,0,0,0,0,0,0,394.42470013327414,35.0,37.0,21.0,-0.0450918841181615,0.1127297102954039,-0.0060700613235992,-0.0250249999999999,0.0378,-0.1296749999999999,-0.7412109375,0.6767578125,5.19921875,374.9095640033001,12.882361537168684,36.714285714285715,2.0154045921608637,37.47959183673469,1.754109118828535,0.0,0.0,20.30154114782723,17.287896650184116,Good,9,6,2025-10-12 09:00:00+00:00,Normal
2025-10-12 09:34:40+00:00,394.42470013327414,21,35,37,25.1,73,1010.32,24.42,-0.196133,0.0392266,8.9044382,-0.5337500000000001,-0.04375,0.3675,-70.8984375,-30.615234375,286.81640625,classroom_window_closed,run_1,0,1973,0,False,False,False,0,0,0,0,0,0,394.42470013327414,35.0,37.0,21.0,-0.0450918841181615,0.0260145485297086,0.0372875195592475,-0.4625250000000001,-0.18095,0.272825,0.3330078125,3.3623046875,27.7578125,375.1066865904715,12.965673607392988,36.696969696969695,2.012484227112969,37.474747474747474,1.745802162526538,0.0,0.0,19.91686222627581,16.90360897960424,Good,9,6,2025-10-12 09:00:00+00:00,Normal
2025-10-12 09:34:46+00:00,394.42470013327414,22,38,39,25.5,73,1010.24,25.09,-0.1176798,0.0392266,8.7867584,0.06125,0.175,-0.07875,-70.8984375,-30.615234375,286.81640625,classroom_window_closed,run_1,0,1973,0,False,False,False,0,0,0,0,0,0,394.42470013327414,38.0,39.0,22.0,0.0416232776475337,0.0260145485297086,-0.0927852230892948,0.132475,0.0378,-0.173425,0.3330078125,3.3623046875,27.7578125,375.2998667258996,13.043867561767968,36.71,2.0065297446491095,37.49,1.7436464751500038,0.0,15.0,20.30154114782723,17.287896650184116,Good,9,6,2025-10-12 09:00:00+00:00,Normal
2025-10-12 09:34:51+00:00,395.6241670368725,23,39,40,25.9,73,1010.34,24.26,-0.196133,0.0,8.8652116,-0.21875,0.37625,0.06125,-70.361328125,-31.15234375,262.109375,classroom_window_closed,run_1,0,1979,0,False,False,False,0,0,0,0,0,0,395.6241670368725,39.0,40.0,23.0,-0.0450918841181615,-0.017343032353139,-0.0060700613235992,-0.147525,0.2390499999999999,-0.0334249999999999,0.8701171875,2.8251953125,3.05078125,375.50109742204785,13.135102940577069,36.73267326732673,2.0094331992326153,37.51485148514851,1.752791267585155,5.997334517991817,5.0,20.686197898965684,17.679701853288954,Good,9,6,2025-10-12 09:00:00+00:00,Normal
2025-10-12 09:34:56+00:00,395.6241670368725,24,39,39,25.7,73,1010.36,24.09,-0.1176798,0.0392266,8.7867584,-0.315,-0.0175,0.1575,-71.435546875,-34.375,262.646484375,classroom_window_closed,run_1,0,1979,0,False,False,False,0,0,0,0,0,0,395.6241670368725,39.0,39.0,24.0,0.0416232776475337,0.0260145485297086,-0.0927852230892948,-0.243775,-0.1547,0.062825,-0.2041015625,-0.3974609375,3.587890625,375.6983824182717,13.220918347458165,36.75490196078432,2.0120246170462437,37.52941176470589,1.7502807828660305,0.0,0.0,20.493872294578285,17.482852011125654,Good,9,6,2025-10-12 09:00:00+00:00,Normal
2025-10-12 09:35:02+00:00,395.6241670368725,25,38,38,25.1,73,1010.32,24.42,-0.1569064,-0.0392266,8.9436648,0.06125,0.0875,0.14,-69.82421875,-31.689453125,263.18359375,classroom_window_closed,run_1,0,1979,0,False,False,False,0,0,0,0,0,0,395.6241670368725,38.0,38.0,25.0,-0.0017343032353138,-0.0607006132359867,0.0806451004420963,0.132475,-0.0496999999999999,0.045325,1.4072265625,2.2880859375,4.125,375.8918366378697,13.30164483508777,36.76699029126213,2.0058927086781964,37.53398058252427,1.742296962489925,0.0,-5.0,19.91686222627581,16.90360897960424,Good,9,6,2025-10-12 09:00:00+00:00,Normal
2025-10-12 09:35:07+00:00,395.6241670368725,25,37,38,25.9,73,1010.27,24.84,-0.1569064,0.0392266,8.8652116,-0.16625,0.07875,0.00875,-70.8984375,-34.375,291.11328125,classroom_window_closed,run_1,0,1979,0,False,False,False,0,0,0,0,0,0,395.6241670368725,37.0,38.0,25.0,-0.0017343032353138,0.0260145485297086,-0.0060700613235992,-0.095025,-0.0584499999999999,-0.0859249999999999,0.3330078125,-0.3974609375,32.0546875,376.081570584014,13.3775874051469,36.76923076923077,1.9962623775969723,37.53846153846154,1.7344206773113005,0.0,-5.0,20.686197898965684,17.679701853288954,Good,9,6,2025-10-12 09:00:00+00:00,Normal
2025-10-12 09:35:12+00:00,396.8236339404709,24,35,36,25.5,73,1010.35,24.17,-0.196133,0.0392266,8.8652116,0.00875,0.28875,0.07,-70.8984375,-34.375,291.11328125,classroom_window_closed,run_1,0,1985,0,False,False,False,0,0,0,0,0,0,396.8236339404709,35.0,36.0,24.0,-0.0450918841181615,0.0260145485297086,-0.0060700613235992,0.079975,0.15155,-0.0246749999999999,0.3330078125,-0.3974609375,32.0546875,376.2791140445517,13.466125501352632,36.75238095238095,1.994130581621169,37.523809523809526,1.7325794359369222,5.997334517992101,-10.0,20.30154114782723,17.287896650184116,Good,9,6,2025-10-12 09:00:00+00:00,Normal
2025-10-12 09:35:18+00:00,396.8236339404709,25,36,36,25.7,73,1010.29,24.67,-0.1569064,0.0,8.9044382,-0.25375,0.02625,0.21,-73.046875,-33.837890625,257.275390625,classroom_window_closed,run_1,0,1985,0,False,False,False,0,0,0,0,0,0,396.8236339404709,36.0,36.0,25.0,-0.0017343032353138,-0.017343032353139,0.0372875195592475,-0.1825249999999999,-0.11095,0.115325,-1.8154296875,0.1396484375,-1.783203125,376.4729302699848,13.549589760911564,36.74528301886792,1.985956987759984,37.509433962264154,1.730649660670362,0.0,5.0,20.493872294578285,17.482852011125654,Good,9,6,2025-10-12 09:00:00+00:00,Normal
2025-10-12 09:35:23+00:00,396.8236339404709,24,35,35,25.7,73,1010.32,24.42,-0.196133,0.0,8.9044382,0.30625,0.1925,-0.27125,-71.435546875,-32.763671875,256.73828125,classroom_window_closed,run_1,0,1985,0,False,False,False,0,0,0,0,0,0,396.8236339404709,35.0,35.0,24.0,-0.0450918841181615,-0.017343032353139,0.0372875195592475,0.377475,0.0553,-0.3659249999999999,-0.2041015625,1.2138671875,-2.3203125,376.6631237622324,13.628277951137946,36.728971962616825,1.983755222356166,37.48598130841121,1.739466877671218,0.0,-5.0,20.493872294578285,17.482852011125654,Good,9,6,2025-10-12 09:00:00+00:00,Normal
2025-10-12 09:35:28+00:00,396.8236339404709,24,36,36,25.6,73,1010.24,25.09,-0.1569064,0.0392266,8.7867584,0.00875,0.23625,0.09625,-70.8984375,-33.837890625,228.80859375,classroom_window_closed,run_1,0,1985,0,False,False,False,0,0,0,0,0,0,396.8236339404709,36.0,36.0,24.0,-0.0017343032353138,0.0260145485297086,-0.0927852230892948,0.079975,0.09905,0.001575,0.3330078125,0.1396484375,-30.25,376.8497951527716,13.702465338928691,36.72222222222222,1.975709186919285,37.47222222222222,1.737214083694256,0.0,5.0,20.39770741401319,17.385138467754402,Good,9,6,2025-10-12 09:00:00+00:00,Normal
2025-10-12 09:35:34+00:00,396.8236339404709,23,34,34,25.4,73,1010.28,24.76,-0.1569064,0.0,8.8652116,-0.30625,-0.14875,-0.07,-70.8984375,-33.837890625,228.80859375,classroom_window_closed,run_1,0,1985,0,False,False,False,0,0,0,0,0,0,396.8236339404709,34.0,34.0,23.0,-0.0017343032353138,-0.017343032353139,-0.0060700613235992,-0.235025,-0.28595,-0.164675,0.3330078125,0.1396484375,-30.25,377.03304138018166,13.77240687305676,36.69724770642202,1.983751529934594,37.440366972477065,1.7608457177907582,0.0,-10.0,20.205373495990465,17.191124671161827,Good,9,6,2025-10-12 09:00:00+00:00,Normal
2025-10-12 09:35:39+00:00,398.0231008440693,23,34,36,25.2,73,1010.22,25.26,-0.1569064,0.0392266,8.7475318,-0.0875,-0.06125,-0.42,-71.435546875,-32.2265625,278.759765625,classroom_window_closed,run_1,0,1991,0,False,False,False,0,0,0,0,0,0,398.0231008440693,34.0,36.0,23.0,-0.0017343032353138,0.0260145485297086,-0.1361428039721416,-0.0162749999999999,-0.19845,-0.514675,-0.2041015625,1.7509765625,19.701171875,377.22386010258066,13.854396823466256,36.67272727272727,1.9913072139552688,37.42727272727273,1.7581218654418675,5.997334517991817,0.0,20.013034035244704,16.99898270867744,Good,9,6,2025-10-12 09:00:00+00:00,Normal
2025-10-12 09:35:44+00:00,398.0231008440693,22,35,36,25.3,73,1010.26,24.92,-0.1569064,0.0,8.7867584,-0.14875,0.23625,0.105,-71.97265625,-34.912109375,258.88671875,classroom_window_closed,run_1,0,1991,0,False,False,False,0,0,0,0,0,0,398.0231008440693,35.0,36.0,22.0,-0.0017343032353138,-0.017343032353139,-0.0927852230892948,-0.0775249999999999,0.09905,0.010325,-0.7412109375,-0.9345703125,-0.171875,377.4112406498013,13.931860470484818,36.65765765765766,1.988583303375435,37.414414414414416,1.7553475101087213,0.0,5.0,20.10920445847294,17.094820649222385,Good,9,6,2025-10-12 09:00:00+00:00,Normal
2025-10-12 09:35:50+00:00,398.0231008440693,23,37,38,25.9,73,1010.29,24.67,-0.1176798,0.0392266,8.7867584,0.1225,0.30625,-0.0525,-70.8984375,-33.30078125,260.498046875,classroom_window_closed,run_1,0,1991,0,False,False,False,0,0,0,0,0,0,398.0231008440693,37.0,38.0,23.0,0.0416232776475337,0.0260145485297086,-0.0927852230892948,0.193725,0.16905,-0.1471749999999999,0.3330078125,0.6767578125,1.439453125,377.5952751158215,14.005049432573502,36.660714285714285,1.9798697355846857,37.419642857142854,1.7482984925485765,0.0,10.0,20.686197898965684,17.679701853288954,Good,9,6,2025-10-12 09:00:00+00:00,Normal
2025-10-12 09:35:55+00:00,399.2225677476677,22,36,37,25.8,73,1010.29,24.67,-0.196133,0.0784532,8.7867584,-0.245,0.14875,0.07875,-70.8984375,-32.2265625,285.205078125,classroom_window_closed,run_1,0,1997,0,False,False,False,0,0,0,0,0,0,399.2225677476677,36.0,37.0,22.0,-0.0450918841181615,0.0693721294125562,-0.0927852230892948,-0.1737749999999999,0.01155,-0.0159249999999999,0.3330078125,1.7509765625,26.146484375,377.78666708601486,14.09004745094178,36.65486725663717,1.9719909786106713,37.415929203539825,1.7409237270812712,5.997334517992101,-5.0,20.590035789552463,17.581039173349833,Good,9,6,2025-10-12 09:00:00+00:00,Normal
2025-10-12 09:36:01+00:00,399.2225677476677,22,37,38,25.6,73,1010.27,24.84,-0.1176798,0.0392266,8.825985,-0.06125,0.035,-0.1575,-70.8984375,-32.2265625,285.205078125,classroom_window_closed,run_1,0,1997,0,False,False,False,0,0,0,0,0,0,399.2225677476677,37.0,38.0,22.0,0.0416232776475337,0.0260145485297086,-0.049427642206448,0.009975,-0.1021999999999999,-0.252175,0.3330078125,1.7509765625,26.146484375,377.9747013023452,14.170505364240537,36.6578947368421,1.9635120573709457,37.421052631578945,1.7340664614658314,0.0,5.0,20.39770741401319,17.385138467754402,Good,9,6,2025-10-12 09:00:00+00:00,Normal
2025-10-12 09:36:06+00:00,399.2225677476677,22,37,38,25.3,73,1010.29,24.67,-0.1176798,0.0,8.8652116,0.14875,0.07,0.1925,-69.82421875,-32.2265625,261.572265625,classroom_window_closed,run_1,0,1997,0,False,False,False,0,0,0,0,0,0,399.2225677476677,37.0,38.0,22.0,0.0416232776475337,-0.017343032353139,-0.0060700613235992,0.219975,-0.0671999999999999,0.097825,1.4072265625,1.7509765625,2.513671875,378.15946535839146,14.24667092658384,36.66086956521739,1.955141474316352,37.426086956521736,1.7272880557278103,0.0,0.0,20.10920445847294,17.094820649222385,Good,9,6,2025-10-12 09:00:00+00:00,Normal
2025-10-12 09:36:11+00:00,399.2225677476677,22,36,37,25.0,73,1010.29,24.67,-0.1569064,0.0,8.9436648,-0.11375,-0.06125,0.14,-71.97265625,-31.689453125,259.9609375,classroom_window_closed,run_1,0,1997,0,False,False,False,0,0,0,0,0,0,399.2225677476677,36.0,37.0,22.0,-0.0017343032353138,-0.017343032353139,0.0806451004420963,-0.0425249999999999,-0.19845,0.045325,-0.7412109375,2.2880859375,0.90234375,378.3410438272645,14.318774473998529,36.6551724137931,1.947589137440406,37.422413793103445,1.7202166803302317,0.0,-5.0,19.820689031536304,16.80869759783463,Good,9,6,2025-10-12 09:00:00+00:00,Normal
2025-10-12 09:36:17+00:00,400.4220346512661,20,35,36,25.2,73,1010.25,25.01,-0.1176798,0.0,8.9436648,0.0,0.41125,0.175,-71.435546875,-33.30078125,261.03515625,classroom_window_closed,run_1,0,2003,0,False,False,False,0,0,0,0,0,0,400.4220346512661,35.0,36.0,20.0,0.0416232776475337,-0.017343032353139,0.0806451004420963,0.071225,0.27405,0.080325,-0.2041015625,0.6767578125,1.9765625,378.5297702445637,14.402329394258166,36.64102564102564,1.945204263990601,37.41025641025641,1.717826644910036,5.997334517991817,-5.0,20.013034035244704,16.99898270867744,Good,9,6,2025-10-12 09:00:00+00:00,Normal
2025-10-12 09:36:22+00:00,400.4220346512661,21,36,36,25.4,73,1010.28,24.76,-0.1569064,0.0784532,8.8652116,-0.245,0.07875,0.18375,-71.435546875,-33.30078125,261.03515625,classroom_window_closed,run_1,0,2003,0,False,False,False,0,0,0,0,0,0,400.4220346512661,36.0,36.0,21.0,-0.0017343032353138,0.0693721294125562,-0.0060700613235992,-0.1737749999999999,-0.0584499999999999,0.089075,-0.2041015625,0.6767578125,1.9765625,378.7152979090272,14.481568683601482,36.63559322033898,1.9377723320591136,37.398305084745765,1.7153895199846232,0.0,5.0,20.205373495990465,17.191124671161827,Good,9,6,2025-10-12 09:00:00+00:00,Normal
2025-10-12 09:36:27+00:00,400.4220346512661,21,34,36,25.1,73,1010.2,25.42,-0.196133,-0.0392266,8.7867584,-0.2625,0.42,-0.04375,-71.435546875,-33.30078125,261.03515625,classroom_window_closed,run_1,0,2003,0,False,False,False,0,0,0,0,0,0,400.4220346512661,34.0,36.0,21.0,-0.0450918841181615,-0.0607006132359867,-0.0927852230892948,-0.191275,0.2828,-0.1384249999999999,-0.2041015625,0.6767578125,1.9765625,378.89770746148304,14.556719921144722,36.61344537815126,1.9446111706564937,37.38655462184874,1.7129083390314206,0.0,-10.0,19.91686222627581,16.90360897960424,Good,9,6,2025-10-12 09:00:00+00:00,Normal
2025-10-12 09:36:33+00:00,400.4220346512661,21,34,34,25.9,73,1010.29,24.67,-0.2353596,0.0,8.825985,0.0525,0.00875,-0.175,-72.509765625,-34.375,262.646484375,classroom_window_closed,run_1,0,2003,0,False,False,False,0,0,0,0,0,0,400.4220346512661,34.0,34.0,21.0,-0.0884494650010092,-0.017343032353139,-0.049427642206448,0.123725,-0.1284499999999999,-0.269675,-1.2783203125,-0.3974609375,3.587890625,379.0770768547312,14.6279952184641,36.59166666666667,1.9510644943374953,37.358333333333334,1.7334855029089589,0.0,0.0,20.686197898965684,17.679701853288954,Good,9,6,2025-10-12 09:00:00+00:00,Normal
2025-10-12 09:36:38+00:00,401.6215015548645,21,33,33,25.8,73,1010.24,25.09,-0.196133,0.0392266,8.9044382,-0.09625,0.23625,0.3675,-70.8984375,-32.763671875,259.9609375,classroom_window_closed,run_1,0,2009,0,False,False,False,0,0,0,0,0,0,401.6215015548645,33.0,33.0,21.0,-0.0450918841181615,0.0260145485297086,0.0372875195592475,-0.0250249999999999,0.09905,0.272825,0.3330078125,1.2138671875,0.90234375,379.2633944142365,14.710387971352937,36.56198347107438,1.970163115004572,37.32231404958678,1.7711337048769,5.997334517992101,-5.0,20.590035789552463,17.581039173349833,Good,9,6,2025-10-12 09:00:00+00:00,Normal
2025-10-12 09:36:43+00:00,401.6215015548645,21,33,33,25.7,73,1010.28,24.76,-0.1569064,0.0392266,8.9044382,-0.28875,0.16625,0.02625,-73.583984375,-33.30078125,239.013671875,classroom_window_closed,run_1,0,2009,0,False,False,False,0,0,0,0,0,0,401.6215015548645,33.0,33.0,21.0,-0.0017343032353138,0.0260145485297086,0.0372875195592475,-0.217525,0.02905,-0.0684249999999999,-2.3525390625,0.6767578125,-20.044921875,379.4466575875203,14.788662524076956,36.532786885245905,1.9883313583430664,37.28688524590164,1.8066887120987825,0.0,0.0,20.493872294578285,17.482852011125654,Good,9,6,2025-10-12 09:00:00+00:00,Normal
2025-10-12 09:36:49+00:00,401.6215015548645,22,36,36,25.5,73,1010.26,24.92,-0.1569064,0.0,8.9044382,0.2625,0.28875,-0.07875,-73.583984375,-33.30078125,239.013671875,classroom_window_closed,run_1,0,2009,0,False,False,False,0,0,0,0,0,0,401.6215015548645,36.0,36.0,22.0,-0.0017343032353138,-0.017343032353139,0.0372875195592475,0.333725,0.15155,-0.173425,-2.3525390625,0.6767578125,-20.044921875,379.6269408718076,14.86302905844684,36.52845528455285,1.980748340334591,37.27642276422764,1.803006655598723,0.0,15.0,20.30154114782723,17.287896650184116,Good,9,6,2025-10-12 09:00:00+00:00,Normal
2025-10-12 09:36:54+00:00,401.6215015548645,22,37,37,25.5,73,1010.28,24.76,-0.196133,0.0,8.8652116,0.0175,0.06125,-0.00875,-69.82421875,-34.375,287.353515625,classroom_window_closed,run_1,0,2009,0,False,False,False,0,0,0,0,0,0,401.6215015548645,37.0,37.0,22.0,-0.0450918841181615,-0.017343032353139,-0.0060700613235992,0.088725,-0.0759499999999999,-0.1034249999999999,1.4072265625,-0.3974609375,28.294921875,379.80431636118715,14.933683922004834,36.53225806451613,1.973134536807092,37.274193548387096,1.795833976054453,0.0,5.0,20.30154114782723,17.287896650184116,Good,9,6,2025-10-12 09:00:00+00:00,Normal
2025-10-12 09:36:59+00:00,401.6215015548645,21,35,35,25.5,73,1010.33,24.34,-0.1176798,0.0,8.825985,0.00875,0.04375,0.18375,-71.97265625,-34.375,262.646484375,classroom_window_closed,run_1,0,2009,0,False,False,False,0,0,0,0,0,0,401.6215015548645,35.0,35.0,21.0,0.0416232776475337,-0.017343032353139,-0.049427642206448,0.079975,-0.0934499999999999,0.089075,-0.7412109375,-0.3974609375,3.587890625,379.97885384273656,15.000810800007622,36.52,1.9699353190626137,37.256,1.8001075236702406,0.0,-10.0,20.30154114782723,17.287896650184116,Good,9,6,2025-10-12 09:00:00+00:00,Normal
2025-10-12 09:37:05+00:00,401.6215015548645,21,33,35,25.5,73,1010.25,25.01,-0.1569064,-0.0784532,9.022118,-0.14875,0.00875,0.09625,-70.361328125,-32.2265625,263.720703125,classroom_window_closed,run_1,0,2009,0,False,False,False,0,0,0,0,0,0,401.6215015548645,33.0,35.0,21.0,-0.0017343032353138,-0.1040581941188344,0.1673602622077919,-0.0775249999999999,-0.1284499999999999,0.001575,0.8701171875,1.7509765625,4.662109375,380.15062088807093,15.064581763563458,36.492063492063494,1.9869414958514768,37.23809523809524,1.8041222638327916,0.0,-10.0,20.30154114782723,17.287896650184116,Good,9,6,2025-10-12 09:00:00+00:00,Normal
2025-10-12 09:37:10+00:00,401.6215015548645,21,35,36,25.5,73,1010.31,24.51,-0.1569064,0.0392266,8.8652116,0.245,0.07,0.0875,-70.8984375,-30.615234375,296.484375,classroom_window_closed,run_1,0,2009,0,False,False,False,0,0,0,0,0,0,401.6215015548645,35.0,36.0,21.0,-0.0017343032353138,0.0260145485297086,-0.0060700613235992,0.316225,-0.0671999999999999,-0.0071749999999999,0.3330078125,3.3623046875,37.42578125,380.3196829405653,15.125158209677444,36.48031496062992,1.983464956419908,37.22834645669291,1.800304102962086,0.0,10.0,20.30154114782723,17.287896650184116,Good,9,6,2025-10-12 09:00:00+00:00,Normal
2025-10-12 09:37:15+00:00,402.8209684584629,21,35,36,25.8,73,1010.19,25.51,-0.196133,0.0,8.9436648,0.02625,-0.20125,0.1925,-70.8984375,-30.615234375,296.484375,classroom_window_closed,run_1,0,2015,0,False,False,False,0,0,0,0,0,0,402.8209684584629,35.0,36.0,21.0,-0.0450918841181615,-0.017343032353139,0.0806451004420963,0.097475,-0.33845,0.097825,0.3330078125,3.3623046875,37.42578125,380.4954742336739,15.196203444535511,36.46875,1.9799685832232736,37.21875,1.7964860713972777,5.997334517992101,0.0,20.590035789552463,17.581039173349833,Good,9,6,2025-10-12 09:00:00+00:00,Normal
2025-10-12 09:37:21+00:00,402.8209684584629,22,34,37,25.6,73,1010.17,25.67,-0.1569064,0.0,8.825985,0.1575,-0.0175,0.21,-70.361328125,-33.30078125,269.62890625,classroom_window_closed,run_1,0,2015,0,False,False,False,0,0,0,0,0,0,402.8209684584629,34.0,37.0,22.0,-0.0017343032353138,-0.017343032353139,-0.049427642206448,0.228725,-0.1547,0.115325,0.8701171875,0.6767578125,10.5703125,380.66854008037774,15.26382262928004,36.44961240310077,1.9841608754949676,37.21705426356589,1.7895584315257709,0.0,-5.0,20.39770741401319,17.385138467754402,Good,9,6,2025-10-12 09:00:00+00:00,Normal
2025-10-12 09:37:26+00:00,402.8209684584629,21,33,36,25.9,73,1010.25,25.01,-0.1569064,0.0392266,8.7867584,-0.035,0.175,0.28875,-70.8984375,-33.30078125,264.2578125,classroom_window_closed,run_1,0,2015,0,False,False,False,0,0,0,0,0,0,402.8209684584629,33.0,36.0,21.0,-0.0017343032353138,0.0260145485297086,-0.0927852230892948,0.036225,0.0378,0.194075,0.3330078125,0.6767578125,5.19921875,380.8389433755937,15.32817824632494,36.42307692307692,1.9994781668658947,37.207692307692305,1.7858016845466165,0.0,-5.0,20.686197898965684,17.679701853288954,Good,9,6,2025-10-12 09:00:00+00:00,Normal
2025-10-12 09:37:31+00:00,402.8209684584629,22,34,38,25.2,73,1010.29,24.67,-0.1176798,-0.0392266,8.629852,-0.245,-0.0525,0.27125,-71.435546875,-33.30078125,262.109375,classroom_window_closed,run_1,0,2015,0,False,False,False,0,0,0,0,0,0,402.8209684584629,34.0,38.0,22.0,0.0416232776475337,-0.0607006132359867,-0.266215546620686,-0.1737749999999999,-0.1896999999999999,0.176575,-0.2041015625,0.6767578125,3.05078125,381.0067450937836,15.389422951759576,36.404580152671755,2.0029924764795837,37.213740458015266,1.7802663309299764,0.0,5.0,20.013034035244704,16.99898270867744,Good,9,6,2025-10-12 09:00:00+00:00,Normal
2025-10-12 09:37:37+00:00,404.0204353620613,22,34,38,25.9,73,1010.24,25.09,-0.1176798,-0.0392266,8.825985,0.11375,0.16625,-0.09625,-69.287109375,-33.30078125,244.384765625,classroom_window_closed,run_1,0,2021,0,False,False,False,0,0,0,0,0,0,404.0204353620613,34.0,38.0,22.0,0.0416232776475337,-0.0607006132359867,-0.049427642206448,0.184975,0.02905,-0.1909249999999999,1.9443359375,0.6767578125,-14.673828125,381.18109123217965,15.460879376695273,36.38636363636363,2.006279178371831,37.21969696969697,1.7747783172584144,5.997334517991817,0.0,20.686197898965684,17.679701853288954,Good,9,6,2025-10-12 09:00:00+00:00,Normal
2025-10-12 09:37:42+00:00,404.0204353620613,22,36,38,25.4,73,1010.22,25.26,-0.1176798,-0.0392266,8.825985,-0.20125,-0.105,-0.0175,-69.287109375,-33.30078125,244.384765625,classroom_window_closed,run_1,0,2021,0,False,False,False,0,0,0,0,0,0,404.0204353620613,36.0,38.0,22.0,0.0416232776475337,-0.0607006132359867,-0.049427642206448,-0.130025,-0.2421999999999999,-0.1121749999999999,1.9443359375,0.6767578125,-14.673828125,381.35281562413365,15.52900394910994,36.38345864661654,1.9989459514548016,37.22556390977443,1.7693370670591455,0.0,10.0,20.205373495990465,17.191124671161827,Good,9,6,2025-10-12 09:00:00+00:00,Normal
2025-10-12 09:37:47+00:00,404.0204353620613,23,37,39,25.1,73,1010.26,24.92,-0.196133,0.0,8.9044382,0.105,0.16625,-0.1925,-71.435546875,-32.763671875,259.423828125,classroom_window_closed,run_1,0,2021,0,False,False,False,0,0,0,0,0,0,404.0204353620613,37.0,39.0,23.0,-0.0450918841181615,-0.017343032353139,0.0372875195592475,0.176225,0.02905,-0.2871749999999999,-0.2041015625,1.2138671875,0.365234375,381.5219769654615,15.593950461304193,36.38805970149254,1.9921290525019857,37.23880597014925,1.769325535136881,0.0,5.0,19.91686222627581,16.90360897960424,Good,9,6,2025-10-12 09:00:00+00:00,Normal
2025-10-12 09:37:53+00:00,405.21990226565975,22,36,38,25.7,73,1010.24,25.09,-0.196133,0.0,8.825985,-0.0875,0.1925,-0.25375,-69.82421875,-33.30078125,269.62890625,classroom_window_closed,run_1,0,2027,0,False,False,False,0,0,0,0,0,0,405.21990226565975,36.0,38.0,22.0,-0.0450918841181615,-0.017343032353139,-0.049427642206448,-0.0162749999999999,0.0553,-0.348425,1.4072265625,0.6767578125,10.5703125,381.6975171528703,15.668966721236584,36.385185185185186,1.98496281849904,37.24444444444445,1.7639282258838267,5.997334517992385,-5.0,20.493872294578285,17.482852011125654,Good,9,6,2025-10-12 09:00:00+00:00,Normal
2025-10-12 09:37:58+00:00,405.21990226565975,21,35,36,25.7,73,1010.24,25.09,-0.2353596,-0.0392266,8.825985,-0.13125,-0.175,-0.2625,-70.8984375,-33.30078125,266.943359375,classroom_window_closed,run_1,0,2027,0,False,False,False,0,0,0,0,0,0,405.21990226565975,35.0,36.0,21.0,-0.0884494650010092,-0.0607006132359867,-0.049427642206448,-0.0600249999999999,-0.3122,-0.357175,0.3330078125,0.6767578125,7.884765625,381.87047586693495,15.74059334069598,36.375,1.981161275615893,37.23529411764706,1.7606198155979802,0.0,-5.0,20.493872294578285,17.482852011125654,Good,9,6,2025-10-12 09:00:00+00:00,Normal
2025-10-12 09:38:03+00:00,405.21990226565975,22,34,36,25.8,73,1010.24,25.09,-0.1569064,0.0784532,8.825985,-0.0175,0.14875,0.2275,-70.8984375,-32.763671875,217.529296875,classroom_window_closed,run_1,0,2027,0,False,False,False,0,0,0,0,0,0,405.21990226565975,34.0,36.0,22.0,-0.0017343032353138,0.0693721294125562,-0.049427642206448,0.053725,0.01155,0.132825,0.3330078125,1.2138671875,-41.529296875,382.04090963626874,15.808984742770743,36.35766423357664,1.9842661492697544,37.22627737226277,1.757307016975322,0.0,-5.0,20.590035789552463,17.581039173349833,Good,9,6,2025-10-12 09:00:00+00:00,Normal
2025-10-12 09:38:09+00:00,405.21990226565975,21,33,33,25.6,73,1010.19,25.51,-0.1569064,0.0392266,8.9044382,0.4725,0.07,-0.0525,-70.8984375,-32.763671875,217.529296875,classroom_window_closed,run_1,0,2027,0,False,False,False,0,0,0,0,0,0,405.21990226565975,33.0,33.0,21.0,-0.0017343032353138,0.0260145485297086,0.0372875195592475,0.543725,-0.0671999999999999,-0.1471749999999999,0.3330078125,1.2138671875,-41.529296875,382.2088733509744,15.87428630014101,36.333333333333336,1.9975654281906932,37.19565217391305,1.7874611757395673,0.0,-5.0,20.39770741401319,17.385138467754402,Good,9,6,2025-10-12 09:00:00+00:00,Normal
2025-10-12 09:38:14+00:00,405.21990226565975,22,33,34,25.3,73,1010.16,25.76,-0.196133,-0.0392266,8.9044382,-0.07,-0.00875,0.11375,-70.361328125,-34.912109375,260.498046875,classroom_window_closed,run_1,0,2027,0,False,False,False,0,0,0,0,0,0,405.21990226565975,33.0,34.0,22.0,-0.0450918841181615,-0.0607006132359867,0.0372875195592475,0.001225,-0.14595,0.019075,0.8701171875,-0.9345703125,1.439453125,382.3744203215837,15.93663501759725,36.30935251798561,2.010295676800777,37.1726618705036,1.8014811038278105,0.0,0.0,20.10920445847294,17.094820649222385,Good,9,6,2025-10-12 09:00:00+00:00,Normal
2025-10-12 09:38:19+00:00,406.4193691692581,22,34,36,25.9,73,1010.17,25.67,-0.1176798,-0.0392266,8.8652116,-0.175,0.0,0.44625,-70.361328125,-33.837890625,261.03515625,classroom_window_closed,run_1,0,2033,0,False,False,False,0,0,0,0,0,0,406.4193691692581,34.0,36.0,22.0,0.0416232776475337,-0.0607006132359867,-0.0060700613235992,-0.1037749999999999,-0.1372,0.3515749999999999,0.8701171875,0.1396484375,1.9765625,382.5461699562099,16.0087125959798,36.292857142857144,2.012537782196584,37.16428571428571,1.7977232374988614,5.997334517991817,5.0,20.686197898965684,17.679701853288954,Good,9,6,2025-10-12 09:00:00+00:00,Normal
2025-10-12 09:38:25+00:00,406.4193691692581,22,37,37,25.7,73,1010.25,25.01,-0.1569064,-0.0392266,8.825985,-0.175,0.0,-0.04375,-71.97265625,-32.2265625,261.572265625,classroom_window_closed,run_1,0,2033,0,False,False,False,0,0,0,0,0,0,406.4193691692581,37.0,37.0,22.0,-0.0017343032353138,-0.0607006132359867,-0.049427642206448,-0.1037749999999999,-0.1372,-0.1384249999999999,-0.7412109375,1.7509765625,2.513671875,382.7154834258061,16.07763570144913,36.297872340425535,2.0062213268126836,37.16312056737589,1.7913447202557815,0.0,15.0,20.493872294578285,17.482852011125654,Good,9,6,2025-10-12 09:00:00+00:00,Normal
2025-10-12 09:38:30+00:00,406.4193691692581,22,37,38,25.6,73,1010.24,25.09,-0.1569064,0.0,8.825985,-0.04375,-0.2625,0.23625,-71.97265625,-32.2265625,261.572265625,classroom_window_closed,run_1,0,2033,0,False,False,False,0,0,0,0,0,0,406.4193691692581,37.0,38.0,22.0,-0.0017343032353138,-0.017343032353139,-0.049427642206448,0.027475,-0.3997,0.141575,-0.7412109375,1.7509765625,2.513671875,382.8824121986472,16.143542525528805,36.30281690140845,1.9999625408538757,37.16901408450704,1.7863621696673593,0.0,0.0,20.39770741401319,17.385138467754402,Good,9,6,2025-10-12 09:00:00+00:00,Normal
2025-10-12 09:38:35+00:00,406.4193691692581,22,36,37,25.0,73,1010.29,24.67,-0.1176798,0.0392266,9.022118,0.14875,0.0875,-0.06125,-71.97265625,-32.2265625,261.572265625,classroom_window_closed,run_1,0,2033,0,False,False,False,0,0,0,0,0,0,406.4193691692581,36.0,37.0,22.0,0.0416232776475337,0.0260145485297086,0.1673602622077919,0.219975,-0.0496999999999999,-0.1559249999999999,-0.7412109375,1.7509765625,2.513671875,383.0470063033368,16.206563485780983,36.3006993006993,1.9930688525980935,37.16783216783217,1.7801171586147295,0.0,-5.0,19.820689031536304,16.80869759783463,Good,9,6,2025-10-12 09:00:00+00:00,Normal
2025-10-12 09:38:41+00:00,407.61883607285654,20,35,36,25.8,73,1010.1,26.26,-0.196133,0.0,8.9044382,-0.32375,0.28,0.4375,-71.435546875,-33.837890625,266.40625,classroom_window_closed,run_1,0,2039,0,False,False,False,0,0,0,0,0,0,407.61883607285654,35.0,36.0,20.0,-0.0450918841181615,-0.017343032353139,0.0372875195592475,-0.252525,0.1428,0.342825,-0.2041015625,0.1396484375,7.34765625,383.2176440100696,16.279092374355088,36.291666666666664,1.9890434148840737,37.15972222222222,1.7765496316254747,5.997334517992101,-5.0,20.590035789552463,17.581039173349833,Good,9,6,2025-10-12 09:00:00+00:00,Normal
2025-10-12 09:38:46+00:00,407.61883607285654,20,33,35,25.4,73,1010.32,24.42,-0.1569064,0.0,8.8652116,-0.0175,0.09625,0.00875,-70.8984375,-33.837890625,260.498046875,classroom_window_closed,run_1,0,2039,0,False,False,False,0,0,0,0,0,0,407.61883607285654,33.0,35.0,20.0,-0.0017343032353138,-0.017343032353139,-0.0060700613235992,0.053725,-0.0409499999999999,-0.0859249999999999,0.3330078125,0.1396484375,1.439453125,383.3859280932612,16.34854248983477,36.26896551724138,2.0008858191567733,37.144827586206894,1.779432300017296,0.0,-10.0,20.205373495990465,17.191124671161827,Good,9,6,2025-10-12 09:00:00+00:00,Normal
2025-10-12 09:38:51+00:00,407.61883607285654,20,33,33,25.0,73,1010.23,25.17,-0.0392266,0.0,8.9044382,-0.14875,0.21875,0.3325,-71.97265625,-33.837890625,251.3671875,classroom_window_closed,run_1,0,2039,0,False,False,False,0,0,0,0,0,0,407.61883607285654,33.0,33.0,20.0,0.1283384394132291,-0.017343032353139,0.0372875195592475,-0.0775249999999999,0.08155,0.237825,-0.7412109375,0.1396484375,-7.69140625,383.5519069150393,16.415045424469206,36.24657534246575,2.0122440512697657,37.11643835616438,1.806159094732298,0.0,0.0,19.820689031536304,16.80869759783463,Good,9,6,2025-10-12 09:00:00+00:00,Normal
2025-10-12 09:38:57+00:00,407.61883607285654,22,34,34,25.0,73,1010.16,25.76,-0.196133,0.0,8.9436648,-0.13125,-0.02625,-0.1225,-71.97265625,-33.837890625,251.3671875,classroom_window_closed,run_1,0,2039,0,False,False,False,0,0,0,0,0,0,407.61883607285654,34.0,34.0,22.0,-0.0450918841181615,-0.017343032353139,0.0806451004420963,-0.0600249999999999,-0.1634499999999999,-0.2171749999999999,-0.7412109375,0.1396484375,-7.69140625,383.71562752155506,16.478725531024796,36.2312925170068,2.0138834127498764,37.095238095238095,1.8182233287083795,0.0,5.0,19.820689031536304,16.80869759783463,Good,9,6,2025-10-12 09:00:00+00:00,Normal
2025-10-12 09:39:02+00:00,408.8183029764549,22,34,34,25.2,73,1010.21,25.34,-0.1569064,0.0,8.9828914,0.07875,0.42875,0.245,-70.8984375,-32.2265625,259.423828125,classroom_window_closed,run_1,0,2045,0,False,False,False,0,0,0,0,0,0,408.8183029764549,34.0,34.0,22.0,-0.0017343032353138,-0.017343032353139,0.1240026813249431,0.149975,0.29155,0.150325,0.3330078125,1.7509765625,0.365234375,383.8852401935476,16.551702600966948,36.21621621621622,2.015384842102384,37.07432432432432,1.8298032168693843,5.997334517991817,0.0,20.013034035244704,16.99898270867744,Good,9,6,2025-10-12 09:00:00+00:00,Normal
2025-10-12 09:39:07+00:00,408.8183029764549,22,33,33,25.6,73,1010.18,25.59,-0.1176798,0.0,8.7475318,-0.13125,-0.13125,0.14,-71.435546875,-34.375,259.423828125,classroom_window_closed,run_1,0,2045,0,False,False,False,0,0,0,0,0,0,408.8183029764549,33.0,33.0,22.0,0.0416232776475337,-0.017343032353139,-0.1361428039721416,-0.0600249999999999,-0.2684499999999999,0.045325,-0.2041015625,-0.3974609375,0.365234375,384.0525761853792,16.621672130368633,36.19463087248322,2.0257726332125405,37.04697986577181,1.8539059222384544,0.0,-5.0,20.39770741401319,17.385138467754402,Good,9,6,2025-10-12 09:00:00+00:00,Normal
2025-10-12 09:39:13+00:00,408.8183029764549,22,33,33,25.4,73,1010.21,25.34,-0.0784532,0.0784532,8.9044382,0.00875,0.105,0.11375,-72.509765625,-33.837890625,254.052734375,classroom_window_closed,run_1,0,2045,0,False,False,False,0,0,0,0,0,0,408.8183029764549,33.0,33.0,22.0,0.0849808585303814,0.0693721294125562,0.0372875195592475,0.079975,-0.0321999999999999,0.019075,-1.2783203125,0.1396484375,-5.005859375,384.217681030653,16.688759624852985,36.17333333333333,2.035743244931468,37.02,1.876988878049673,0.0,0.0,20.205373495990465,17.191124671161827,Good,9,6,2025-10-12 09:00:00+00:00,Normal
2025-10-12 09:39:18+00:00,408.8183029764549,23,37,37,25.2,73,1010.05,26.68,-0.1569064,0.0,8.825985,-0.0875,0.28875,-0.4725,-70.8984375,-34.912109375,245.99609375,classroom_window_closed,run_1,0,2045,0,False,False,False,0,0,0,0,0,0,408.8183029764549,37.0,37.0,23.0,-0.0017343032353138,-0.017343032353139,-0.049427642206448,-0.0162749999999999,0.15155,-0.567175,0.3330078125,-0.9345703125,-13.0625,384.60980305049605,16.56995885415706,36.166666666666664,2.0313537875738965,37.00666666666667,1.869919664737694,0.0,20.0,20.013034035244704,16.99898270867744,Good,9,6,2025-10-12 09:00:00+00:00,Normal
2025-10-12 09:39:23+00:00,410.0177698800533,22,37,37,25.6,73,1010.23,25.17,-0.1569064,0.0,8.9828914,0.07875,0.2625,0.175,-70.8984375,-34.912109375,245.99609375,classroom_window_closed,run_1,0,2051,0,False,False,False,0,0,0,0,0,0,410.0177698800533,37.0,37.0,22.0,-0.0017343032353138,-0.017343032353139,0.1240026813249431,0.149975,0.1253,0.080325,0.3330078125,-0.9345703125,-13.0625,385.0099215163631,16.452836605158165,36.17333333333333,2.032443785321542,37.00666666666667,1.869919664737694,5.997334517992101,0.0,20.39770741401319,17.385138467754402,Good,9,6,2025-10-12 09:00:00+00:00,Normal
2025-10-12 09:39:29+00:00,410.0177698800533,23,40,40,25.2,73,1010.14,25.93,-0.1569064,0.0,8.825985,0.00875,0.16625,0.41125,-70.8984375,-34.375,255.126953125,classroom_window_closed,run_1,0,2051,0,False,False,False,0,0,0,0,0,0,410.0177698800533,40.0,40.0,23.0,-0.0017343032353138,-0.017343032353139,-0.049427642206448,0.079975,0.02905,0.316575,0.3330078125,-0.3974609375,-3.931640625,385.4100399822301,16.325005047069343,36.2,2.056255801077063,37.026666666666664,1.8858237182188824,0.0,15.0,20.013034035244704,16.99898270867744,Good,9,6,2025-10-12 09:00:00+00:00,Normal
2025-10-12 09:39:34+00:00,410.0177698800533,22,40,40,25.5,73,1010.13,26.01,-0.1569064,0.0392266,8.7475318,-0.23625,-0.00875,-0.0525,-69.82421875,-33.30078125,264.2578125,classroom_window_closed,run_1,0,2051,0,False,False,False,0,0,0,0,0,0,410.0177698800533,40.0,40.0,22.0,-0.0017343032353138,0.0260145485297086,-0.1361428039721416,-0.1650249999999999,-0.14595,-0.1471749999999999,1.4072265625,0.6767578125,5.19921875,385.8045313194136,16.19858996425237,36.22666666666667,2.0794509686684575,37.04666666666667,1.9013829889566,0.0,0.0,20.30154114782723,17.287896650184116,Good,9,6,2025-10-12 09:00:00+00:00,Normal
2025-10-12 09:39:40+00:00,411.2172367836517,21,37,37,25.7,73,1010.1,26.26,-0.1176798,0.0,8.825985,-0.1575,0.02625,-0.105,-69.82421875,-34.375,261.572265625,classroom_window_closed,run_1,0,2057,0,False,False,False,0,0,0,0,0,0,411.2172367836517,37.0,37.0,21.0,0.0416232776475337,-0.017343032353139,-0.049427642206448,-0.0862749999999999,-0.11095,-0.199675,1.4072265625,-0.3974609375,2.513671875,386.207019102621,16.07366127691412,36.22666666666667,2.0794509686684575,37.04666666666667,1.9013829889566,5.997334517991817,-15.0,20.493872294578285,17.482852011125654,Good,9,6,2025-10-12 09:00:00+00:00,Normal
2025-10-12 09:39:45+00:00,411.2172367836517,22,38,38,25.9,73,1010.2,25.42,-0.1176798,0.0,8.8652116,-0.315,0.315,0.105,-71.97265625,-33.837890625,287.353515625,classroom_window_closed,run_1,0,2057,0,False,False,False,0,0,0,0,0,0,411.2172367836517,38.0,38.0,22.0,0.0416232776475337,-0.017343032353139,-0.0060700613235992,-0.243775,0.1778,0.010325,-0.7412109375,0.1396484375,28.294921875,386.6028431808085,15.952360300163008,36.24,2.084393913485925,37.06,1.9010064448485504,0.0,5.0,20.686197898965684,17.679701853288954,Good,9,6,2025-10-12 09:00:00+00:00,Normal
2025-10-12 09:39:50+00:00,411.2172367836517,22,38,38,25.1,73,1010.24,25.09,-0.196133,0.0392266,8.8652116,-0.0525,0.16625,0.035,-71.97265625,-33.837890625,287.353515625,classroom_window_closed,run_1,0,2057,0,False,False,False,0,0,0,0,0,0,411.2172367836517,38.0,38.0,22.0,-0.0450918841181615,0.0260145485297086,-0.0060700613235992,0.018725,0.02905,-0.0596749999999999,-0.7412109375,0.1396484375,28.294921875,386.992003553976,15.834850014510652,36.24666666666667,2.088436256036012,37.06666666666667,1.902547450366186,0.0,0.0,19.91686222627581,16.90360897960424,Good,9,6,2025-10-12 09:00:00+00:00,Normal
2025-10-12 09:39:56+00:00,411.2172367836517,21,38,38,25.2,73,1010.19,25.51,-0.1569064,0.0,8.9044382,0.2275,-0.13125,-0.11375,-71.435546875,-32.763671875,261.03515625,classroom_window_closed,run_1,0,2057,0,False,False,False,0,0,0,0,0,0,411.2172367836517,38.0,38.0,21.0,-0.0017343032353138,-0.017343032353139,0.0372875195592475,0.298725,-0.2684499999999999,-0.2084249999999999,-0.2041015625,1.2138671875,1.9765625,387.37316748111954,15.724139898386673,36.266666666666666,2.090780871646724,37.07333333333333,1.9040637103246865,0.0,0.0,20.013034035244704,16.99898270867744,Good,9,6,2025-10-12 09:00:00+00:00,Normal
2025-10-12 09:40:01+00:00,412.61661483784985,21,38,38,25.6,73,1010.2,25.42,-0.2353596,0.0392266,8.825985,-0.5162500000000001,0.06125,0.39375,-71.97265625,-33.837890625,262.109375,classroom_window_closed,run_1,0,2064,0,False,False,False,0,0,0,0,0,0,412.61661483784985,38.0,38.0,21.0,-0.0884494650010092,0.0260145485297086,-0.049427642206448,-0.4450250000000001,-0.0759499999999999,0.299075,-0.7412109375,0.1396484375,3.05078125,387.763660595291,15.61780800636108,36.28,2.0954408803928266,37.08,1.9055552837945515,6.996890270990832,0.0,20.39770741401319,17.385138467754402,Good,9,6,2025-10-12 09:00:00+00:00,Normal
2025-10-12 09:40:06+00:00,412.61661483784985,21,37,37,25.4,73,1010.14,25.93,-0.196133,0.0,8.9436648,-0.0175,0.09625,-0.07875,-70.361328125,-33.30078125,261.03515625,classroom_window_closed,run_1,0,2064,0,False,False,False,0,0,0,0,0,0,412.61661483784985,37.0,37.0,21.0,-0.0450918841181615,-0.017343032353139,0.0806451004420963,0.053725,-0.0409499999999999,-0.173425,0.8701171875,0.6767578125,1.9765625,388.1474900044425,15.515385292875882,36.27333333333333,2.091519041645565,37.06666666666667,1.8990165828930847,0.0,-5.0,20.205373495990465,17.191124671161827,Good,9,6,2025-10-12 09:00:00+00:00,Normal
2025-10-12 09:40:12+00:00,412.61661483784985,22,37,37,25.0,73,1010.15,25.84,-0.1176798,0.0,8.9436648,-0.14,0.21875,-0.14875,-70.361328125,-33.30078125,261.03515625,classroom_window_closed,run_1,0,2064,0,False,False,False,0,0,0,0,0,0,412.61661483784985,37.0,37.0,22.0,0.0416232776475337,-0.017343032353139,0.0806451004420963,-0.068775,0.08155,-0.2434249999999999,0.8701171875,0.6767578125,1.9765625,388.524655708574,15.417015780903489,36.266666666666666,2.0875684023408403,37.053333333333335,1.892360716875636,0.0,0.0,19.820689031536304,16.80869759783463,Good,9,6,2025-10-12 09:00:00+00:00,Normal
2025-10-12 09:40:17+00:00,412.61661483784985,21,36,37,25.0,73,1010.22,25.26,-0.1569064,0.0392266,8.9436648,-0.13125,-0.035,0.0525,-70.361328125,-33.30078125,261.03515625,classroom_window_closed,run_1,0,2064,0,False,False,False,0,0,0,0,0,0,412.61661483784985,36.0,37.0,21.0,-0.0017343032353138,0.0260145485297086,0.0806451004420963,-0.0600249999999999,-0.1722,-0.0421749999999999,0.8701171875,0.6767578125,1.9765625,388.9018214127055,15.308662678525492,36.24666666666667,2.0755420304965955,37.03333333333333,1.876798168331711,0.0,-5.0,19.820689031536304,16.80869759783463,Good,9,6,2025-10-12 09:00:00+00:00,Normal
2025-10-12 09:40:22+00:00,413.8160817414482,21,33,34,25.0,73,1010.21,25.34,-0.1176798,0.0,8.825985,-0.2625,0.14875,0.09625,-72.509765625,-32.763671875,261.03515625,classroom_window_closed,run_1,0,2070,0,False,False,False,0,0,0,0,0,0,413.8160817414482,33.0,34.0,21.0,0.0416232776475337,-0.017343032353139,-0.049427642206448,-0.191275,0.01155,0.001575,-1.2783203125,1.2138671875,1.9765625,389.27898711683696,15.22006508025228,36.20666666666666,2.0799350359842914,37.0,1.8860135152924529,5.997334517991817,-15.0,19.820689031536304,16.80869759783463,Good,9,6,2025-10-12 09:00:00+00:00,Normal
2025-10-12 09:40:28+00:00,413.8160817414482,20,32,32,25.1,73,1010.2,25.42,-0.0784532,0.0,8.8652116,0.0525,0.27125,-0.1925,-71.97265625,-34.375,269.091796875,classroom_window_closed,run_1,0,2070,0,False,False,False,0,0,0,0,0,0,413.8160817414482,32.0,32.0,20.0,0.0849808585303814,-0.017343032353139,-0.0060700613235992,0.123725,0.13405,-0.2871749999999999,-0.7412109375,-0.3974609375,10.033203125,389.6494891159485,15.135631732709848,36.16,2.095312761968911,36.946666666666665,1.91352188268798,0.0,-5.0,19.91686222627581,16.90360897960424,Good,9,6,2025-10-12 09:00:00+00:00,Normal
2025-10-12 09:40:33+00:00,413.8160817414482,20,32,32,25.5,73,1010.15,25.84,-0.1569064,0.0392266,9.0613446,0.09625,0.21875,0.18375,-71.435546875,-32.763671875,263.720703125,classroom_window_closed,run_1,0,2070,0,False,False,False,0,0,0,0,0,0,413.8160817414482,32.0,32.0,20.0,-0.0017343032353138,0.0260145485297086,0.2107178430906387,0.167475,0.08155,0.089075,-0.2041015625,1.2138671875,4.662109375,390.0199911150599,15.041540107749784,36.10666666666667,2.0987265767240526,36.89333333333333,1.9391642379732763,0.0,0.0,20.30154114782723,17.287896650184116,Good,9,6,2025-10-12 09:00:00+00:00,Normal
2025-10-12 09:40:38+00:00,413.8160817414482,20,35,35,25.3,73,1010.11,26.18,-0.1569064,0.0,8.8652116,-0.0175,0.16625,-0.35,-71.435546875,-32.763671875,263.720703125,classroom_window_closed,run_1,0,2070,0,False,False,False,0,0,0,0,0,0,413.8160817414482,35.0,35.0,20.0,-0.0017343032353138,-0.017343032353139,-0.0060700613235992,0.053725,0.02905,-0.4446749999999999,-0.2041015625,1.2138671875,4.662109375,390.3824966681475,14.954598659616158,36.08,2.087096824386066,36.86666666666667,1.937502255176583,0.0,15.0,20.10920445847294,17.094820649222385,Good,9,6,2025-10-12 09:00:00+00:00,Normal
2025-10-12 09:40:44+00:00,415.0155486450467,21,37,37,25.5,73,1010.29,24.67,-0.1176798,0.0392266,8.825985,0.02625,0.4375,-0.13125,-71.435546875,-32.763671875,263.720703125,classroom_window_closed,run_1,0,2076,0,False,False,False,0,0,0,0,0,0,415.0155486450467,37.0,37.0,21.0,0.0416232776475337,0.0260145485297086,-0.049427642206448,0.097475,0.3003,-0.225925,-0.2041015625,1.2138671875,4.662109375,390.746334962239,14.8849567840782,36.07333333333333,2.082514828026089,36.86,1.9352956176038856,5.997334517992385,10.0,20.30154114782723,17.287896650184116,Good,9,6,2025-10-12 09:00:00+00:00,Normal
2025-10-12 09:40:49+00:00,415.0155486450467,21,36,36,25.7,73,1010.3,24.59,-0.1176798,0.0392266,8.9436648,0.14875,0.14,0.27125,-72.509765625,-34.912109375,263.18359375,classroom_window_closed,run_1,0,2076,0,False,False,False,0,0,0,0,0,0,415.0155486450467,36.0,36.0,21.0,0.0416232776475337,0.0260145485297086,0.0806451004420963,0.219975,0.0028,0.176575,-1.2783203125,-0.9345703125,4.125,391.1101732563305,14.80598940831288,36.053333333333335,2.068578173518042,36.84,1.9285213586767744,0.0,-5.0,20.493872294578285,17.482852011125654,Good,9,6,2025-10-12 09:00:00+00:00,Normal
2025-10-12 09:40:54+00:00,415.0155486450467,21,36,36,25.0,73,1010.2,25.42,-0.1569064,0.0,8.8652116,-0.14,-0.00875,0.34125,-71.435546875,-33.30078125,263.720703125,classroom_window_closed,run_1,0,2076,0,False,False,False,0,0,0,0,0,0,415.0155486450467,36.0,36.0,21.0,-0.0017343032353138,-0.017343032353139,-0.0060700613235992,-0.068775,-0.14595,0.246575,-0.2041015625,0.6767578125,4.662109375,391.467347845402,14.731456278449258,36.04666666666667,2.067117653037404,36.833333333333336,1.9296926300663708,0.0,0.0,19.820689031536304,16.80869759783463,Good,9,6,2025-10-12 09:00:00+00:00,Normal
2025-10-12 09:41:00+00:00,416.21501554864506,21,34,34,25.5,73,1010.24,25.09,-0.2353596,0.0,8.9436648,-0.0875,0.09625,-0.18375,-72.509765625,-33.30078125,227.197265625,classroom_window_closed,run_1,0,2082,0,False,False,False,0,0,0,0,0,0,416.21501554864506,34.0,34.0,21.0,-0.0884494650010092,-0.017343032353139,0.0806451004420963,-0.0162749999999999,-0.0409499999999999,-0.278425,-1.2783203125,0.6767578125,-31.861328125,391.8325188804975,14.66084575637625,36.02,2.0675505074051093,36.806666666666665,1.941066843818124,5.997334517991817,-10.0,20.30154114782723,17.287896650184116,Good,9,6,2025-10-12 09:00:00+00:00,Normal
2025-10-12 09:41:05+00:00,416.21501554864506,20,33,33,25.7,73,1010.27,24.84,-0.196133,0.0392266,8.9044382,-0.0175,0.21875,0.28,-72.509765625,-33.30078125,227.197265625,classroom_window_closed,run_1,0,2082,0,False,False,False,0,0,0,0,0,0,416.21501554864506,33.0,33.0,20.0,-0.0450918841181615,0.0260145485297086,0.0372875195592475,0.053725,0.08155,0.185325,-1.2783203125,0.6767578125,-31.861328125,392.1896934695691,14.59732847710695,35.986666666666665,2.075703702674715,36.77333333333333,1.9632416237891115,0.0,-5.0,20.493872294578285,17.482852011125654,Good,9,6,2025-10-12 09:00:00+00:00,Normal
2025-10-12 09:41:10+00:00,416.21501554864506,20,33,33,25.5,73,1010.16,25.76,-0.196133,0.0,8.9436648,-0.035,0.09625,0.1925,-72.509765625,-31.15234375,281.4453125,classroom_window_closed,run_1,0,2082,0,False,False,False,0,0,0,0,0,0,416.21501554864506,33.0,33.0,20.0,-0.0450918841181615,-0.017343032353139,0.0806451004420963,0.036225,-0.0409499999999999,0.097825,-1.2783203125,2.8251953125,22.38671875,392.5468680586406,14.524694119747185,35.946666666666665,2.075056938384856,36.72666666666667,1.969214972079995,0.0,0.0,20.30154114782723,17.287896650184116,Good,9,6,2025-10-12 09:00:00+00:00,Normal
2025-10-12 09:41:16+00:00,416.21501554864506,21,37,37,25.8,73,1010.21,25.34,-0.0784532,0.0,8.9044382,-0.09625,0.21,-0.0875,-70.8984375,-32.763671875,262.646484375,classroom_window_closed,run_1,0,2082,0,False,False,False,0,0,0,0,0,0,416.21501554864506,37.0,37.0,21.0,0.0849808585303814,-0.017343032353139,0.0372875195592475,-0.0250249999999999,0.0728,-0.1821749999999999,0.3330078125,1.2138671875,3.587890625,392.8973789426921,14.4566224956763,35.946666666666665,2.075056938384856,36.72,1.9665661825465228,0.0,20.0,20.590035789552463,17.581039173349833,Good,9,6,2025-10-12 09:00:00+00:00,Normal
2025-10-12 09:41:21+00:00,417.6143936028432,21,37,38,25.1,73,1010.17,25.67,-0.1569064,-0.0392266,8.8652116,0.0875,0.2275,0.16625,-70.8984375,-34.375,257.275390625,classroom_window_closed,run_1,0,2089,0,False,False,False,0,0,0,0,0,0,417.6143936028432,37.0,38.0,21.0,-0.0017343032353138,-0.0607006132359867,-0.0060700613235992,0.158725,0.0903,0.071575,0.3330078125,-0.3974609375,-1.783203125,393.2572190137717,14.395076385743373,35.946666666666665,2.075056938384856,36.72,1.9665661825465228,6.996890270990548,0.0,19.91686222627581,16.90360897960424,Good,9,6,2025-10-12 09:00:00+00:00,Normal
2025-10-12 09:41:26+00:00,417.6143936028432,21,37,38,25.9,73,1010.24,25.09,-0.1569064,-0.0392266,8.7867584,-0.1925,0.1925,0.1225,-70.361328125,-30.078125,275.0,classroom_window_closed,run_1,0,2089,0,False,False,False,0,0,0,0,0,0,417.6143936028432,37.0,38.0,21.0,-0.0017343032353138,-0.0607006132359867,-0.0927852230892948,-0.121275,0.0553,0.027825,0.8701171875,3.8994140625,15.94140625,393.6090626388272,14.340667689674786,35.946666666666665,2.075056938384856,36.72,1.9665661825465228,0.0,0.0,20.686197898965684,17.679701853288954,Good,9,6,2025-10-12 09:00:00+00:00,Normal
2025-10-12 09:41:32+00:00,417.6143936028432,22,38,39,25.3,73,1010.23,25.17,-0.196133,0.0392266,8.7867584,-0.07,0.0175,0.11375,-70.361328125,-30.078125,275.0,classroom_window_closed,run_1,0,2089,0,False,False,False,0,0,0,0,0,0,417.6143936028432,38.0,39.0,22.0,-0.0450918841181615,0.0260145485297086,-0.0927852230892948,0.001225,-0.1196999999999999,0.019075,0.8701171875,3.8994140625,15.94140625,393.9609062638827,14.277325585816726,35.946666666666665,2.075056938384856,36.72,1.9665661825465228,0.0,5.0,20.10920445847294,17.094820649222385,Good,9,6,2025-10-12 09:00:00+00:00,Normal
2025-10-12 09:41:37+00:00,418.8138605064416,21,37,38,25.6,73,1010.19,25.51,-0.1569064,0.0392266,8.9044382,-0.30625,0.28875,-0.0875,-69.82421875,-33.837890625,258.88671875,classroom_window_closed,run_1,0,2095,0,False,False,False,0,0,0,0,0,0,418.8138605064416,37.0,38.0,21.0,-0.0017343032353138,0.0260145485297086,0.0372875195592475,-0.235025,0.15155,-0.1821749999999999,1.4072265625,0.1396484375,-0.171875,394.3140826299423,14.232133476265435,35.946666666666665,2.075056938384856,36.72,1.9665661825465228,5.997334517992101,-5.0,20.39770741401319,17.385138467754402,Good,9,6,2025-10-12 09:00:00+00:00,Normal
2025-10-12 09:41:42+00:00,418.8138605064416,22,36,37,25.3,73,1010.19,25.51,-0.196133,0.0784532,8.9044382,0.14875,0.14875,0.42,-71.97265625,-33.837890625,261.572265625,classroom_window_closed,run_1,0,2095,0,False,False,False,0,0,0,0,0,0,418.8138605064416,36.0,37.0,22.0,-0.0450918841181615,0.0693721294125562,0.0372875195592475,0.219975,0.01155,0.325325,-0.7412109375,0.1396484375,2.513671875,394.66725899600175,14.17794340947193,35.94,2.073255715473841,36.72,1.9665661825465228,0.0,-5.0,20.10920445847294,17.094820649222385,Good,9,6,2025-10-12 09:00:00+00:00,Normal
2025-10-12 09:41:48+00:00,418.8138605064416,21,35,36,25.6,73,1010.19,25.51,-0.1569064,0.0,8.9436648,-0.14,0.2275,0.21,-71.435546875,-32.763671875,262.109375,classroom_window_closed,run_1,0,2095,0,False,False,False,0,0,0,0,0,0,418.8138605064416,35.0,36.0,21.0,-0.0017343032353138,-0.017343032353139,0.0806451004420963,-0.068775,0.0903,0.115325,-0.2041015625,1.2138671875,3.05078125,395.0124389160373,14.130942189924596,35.92666666666667,2.072824052487979,36.71333333333333,1.967305473926336,0.0,-5.0,20.39770741401319,17.385138467754402,Good,9,6,2025-10-12 09:00:00+00:00,Normal
2025-10-12 09:41:53+00:00,420.0133274100399,22,36,36,25.9,73,1010.16,25.76,-0.196133,0.0784532,8.8652116,-0.0525,0.245,-0.0175,-71.435546875,-32.763671875,259.9609375,classroom_window_closed,run_1,0,2101,0,False,False,False,0,0,0,0,0,0,420.0133274100399,36.0,36.0,22.0,-0.0450918841181615,0.0693721294125562,-0.0060700613235992,0.018725,0.1078,-0.1121749999999999,-0.2041015625,1.2138671875,0.90234375,395.3656152820968,14.08901414723228,35.92,2.070956073991592,36.70666666666666,1.968021752848996,5.997334517991817,5.0,20.686197898965684,17.679701853288954,Good,9,6,2025-10-12 09:00:00+00:00,Normal
2025-10-12 09:41:58+00:00,420.0133274100399,22,37,37,25.5,73,1010.2,25.42,-0.196133,-0.0392266,8.9044382,-0.07875,0.0875,0.07875,-71.435546875,-32.763671875,259.9609375,classroom_window_closed,run_1,0,2101,0,False,False,False,0,0,0,0,0,0,420.0133274100399,37.0,37.0,22.0,-0.0450918841181615,-0.0607006132359867,0.0372875195592475,-0.0075249999999999,-0.0496999999999999,-0.0159249999999999,-0.2041015625,1.2138671875,0.90234375,395.7121279431364,14.051478276714974,35.93333333333333,2.071431326520904,36.71333333333333,1.967305473926336,0.0,5.0,20.30154114782723,17.287896650184116,Good,9,6,2025-10-12 09:00:00+00:00,Normal
2025-10-12 09:42:04+00:00,420.0133274100399,22,37,37,25.7,73,1010.23,25.17,-0.2353596,0.0392266,8.9828914,-0.11375,0.21,0.105,-70.8984375,-35.44921875,258.88671875,classroom_window_closed,run_1,0,2101,0,False,False,False,0,0,0,0,0,0,420.0133274100399,37.0,37.0,22.0,-0.0884494650010092,0.0260145485297086,0.1240026813249431,-0.0425249999999999,0.0728,0.010325,0.3330078125,-1.4716796875,-0.171875,396.05864060417593,14.005213677090117,35.946666666666665,2.0718200884119224,36.72,1.9665661825465228,0.0,0.0,20.493872294578285,17.482852011125654,Good,9,6,2025-10-12 09:00:00+00:00,Normal
2025-10-12 09:42:09+00:00,420.0133274100399,22,36,36,25.3,73,1010.23,25.17,-0.1176798,0.0392266,8.825985,-0.14875,0.0875,0.035,-70.8984375,-33.30078125,261.03515625,classroom_window_closed,run_1,0,2101,0,False,False,False,0,0,0,0,0,0,420.0133274100399,36.0,36.0,22.0,0.0416232776475337,0.0260145485297086,-0.049427642206448,-0.0775249999999999,-0.0496999999999999,-0.0596749999999999,0.3330078125,0.6767578125,1.9765625,396.3971568191914,13.966146479011742,35.946666666666665,2.0718200884119224,36.71333333333333,1.967305473926336,0.0,-5.0,20.10920445847294,17.094820649222385,Good,9,6,2025-10-12 09:00:00+00:00,Normal
2025-10-12 09:42:14+00:00,421.2127943136384,23,36,36,25.6,73,1010.24,25.09,-0.1569064,0.0,8.825985,-0.25375,-0.0175,0.60375,-70.8984375,-35.44921875,262.646484375,classroom_window_closed,run_1,0,2107,0,False,False,False,0,0,0,0,0,0,421.2127943136384,36.0,36.0,23.0,-0.0017343032353138,-0.017343032353139,-0.049427642206448,-0.1825249999999999,-0.1547,0.509075,0.3330078125,-1.4716796875,3.587890625,396.73700577521106,13.945481162883445,35.94,2.07001604896025,36.7,1.965303057389008,5.997334517992101,0.0,20.39770741401319,17.385138467754402,Good,9,6,2025-10-12 09:00:00+00:00,Normal
2025-10-12 09:42:20+00:00,421.2127943136384,22,35,35,25.4,73,1010.15,25.84,-0.1569064,-0.0392266,8.825985,0.035,0.07875,0.07875,-70.8984375,-35.44921875,262.646484375,classroom_window_closed,run_1,0,2107,0,False,False,False,0,0,0,0,0,0,421.2127943136384,35.0,35.0,22.0,-0.0017343032353138,-0.0607006132359867,-0.049427642206448,0.106225,-0.0584499999999999,-0.0159249999999999,0.3330078125,-1.4716796875,3.587890625,397.0768547312306,13.916432636640202,35.92666666666667,2.0695837102617385,36.68666666666667,1.9700327618529805,0.0,-5.0,20.205373495990465,17.191124671161827,Good,9,6,2025-10-12 09:00:00+00:00,Normal
2025-10-12 09:42:25+00:00,422.61217236783654,21,35,35,25.2,73,1010.21,25.34,-0.1569064,0.0,8.825985,-0.07,-0.06125,-0.11375,-73.046875,-32.2265625,284.130859375,classroom_window_closed,run_1,0,2114,0,False,False,False,0,0,0,0,0,0,422.61217236783654,35.0,35.0,21.0,-0.0017343032353138,-0.017343032353139,-0.049427642206448,0.001225,-0.19845,-0.2084249999999999,-1.8154296875,1.7509765625,25.072265625,397.41803642825414,13.910905450530128,35.9,2.05543966458884,36.66,1.9655762343104224,6.996890270990832,0.0,20.013034035244704,16.99898270867744,Good,9,6,2025-10-12 09:00:00+00:00,Normal
2025-10-12 09:42:30+00:00,422.61217236783654,21,33,33,25.6,73,1010.19,25.51,-0.1176798,0.0,8.8652116,0.18375,0.13125,0.30625,-70.361328125,-33.837890625,259.423828125,classroom_window_closed,run_1,0,2114,0,False,False,False,0,0,0,0,0,0,422.61217236783654,33.0,33.0,21.0,0.0416232776475337,-0.017343032353139,-0.0060700613235992,0.254975,-0.0059499999999999,0.211575,0.8701171875,0.1396484375,0.365234375,397.7592181252776,13.896946110340568,35.86666666666667,2.06168845466921,36.626666666666665,1.9849996759814763,0.0,-10.0,20.39770741401319,17.385138467754402,Good,9,6,2025-10-12 09:00:00+00:00,Normal
2025-10-12 09:42:36+00:00,422.61217236783654,21,33,33,25.4,73,1010.24,25.09,-0.1569064,0.0,8.825985,0.14,0.0525,-0.20125,-69.82421875,-33.837890625,261.03515625,classroom_window_closed,run_1,0,2114,0,False,False,False,0,0,0,0,0,0,422.61217236783654,33.0,33.0,21.0,-0.0017343032353138,-0.017343032353139,-0.049427642206448,0.211225,-0.0847,-0.295925,1.4072265625,0.1396484375,1.9765625,398.1003998223012,13.874529165002592,35.833333333333336,2.0673773765334236,36.593333333333334,2.003676709936478,0.0,0.0,20.205373495990465,17.191124671161827,Good,9,6,2025-10-12 09:00:00+00:00,Normal
2025-10-12 09:42:41+00:00,423.81163927143496,22,36,36,25.2,73,1010.19,25.51,-0.1569064,0.0,8.8652116,-0.34125,0.21875,0.55125,-71.435546875,-32.2265625,275.537109375,classroom_window_closed,run_1,0,2120,0,False,False,False,0,0,0,0,0,0,423.81163927143496,36.0,36.0,22.0,-0.0017343032353138,-0.017343032353139,-0.0060700613235992,-0.2700249999999999,0.08155,0.456575,-0.2041015625,1.7509765625,16.478515625,398.4429142603288,13.87083561436524,35.82,2.059745211323589,36.57333333333333,1.9944441847953571,5.997334517992101,15.0,20.013034035244704,16.99898270867744,Good,9,6,2025-10-12 09:00:00+00:00,Normal
2025-10-12 09:42:46+00:00,423.81163927143496,22,37,37,25.6,73,1010.16,25.76,-0.196133,-0.0392266,8.9828914,0.11375,-0.00875,-0.21,-71.435546875,-32.2265625,275.537109375,classroom_window_closed,run_1,0,2120,0,False,False,False,0,0,0,0,0,0,423.81163927143496,37.0,37.0,22.0,-0.0450918841181615,-0.0607006132359867,0.1240026813249431,0.184975,-0.14595,-0.304675,-0.2041015625,1.7509765625,16.478515625,398.7854286983562,13.858621675230628,35.81333333333333,2.054252968178622,36.56,1.9847742589676127,0.0,5.0,20.39770741401319,17.385138467754402,Good,9,6,2025-10-12 09:00:00+00:00,Normal
2025-10-12 09:42:52+00:00,423.81163927143496,20,36,36,25.4,73,1010.23,25.17,-0.1176798,0.0,8.9436648,-0.175,0.27125,0.1225,-72.509765625,-33.837890625,264.794921875,classroom_window_closed,run_1,0,2120,0,False,False,False,0,0,0,0,0,0,423.81163927143496,36.0,36.0,20.0,0.0416232776475337,-0.017343032353139,0.0806451004420963,-0.1037749999999999,0.13405,0.027825,-1.2783203125,0.1396484375,5.736328125,399.1199466903598,13.853034055379188,35.806666666666665,2.0519974445169846,36.54666666666667,1.9817511972006725,0.0,-5.0,20.205373495990465,17.191124671161827,Good,9,6,2025-10-12 09:00:00+00:00,Normal
2025-10-12 09:42:57+00:00,423.81163927143496,21,38,38,25.6,73,1010.18,25.59,-0.1569064,-0.0392266,8.9828914,0.0175,0.105,-0.1925,-70.8984375,-33.837890625,266.40625,classroom_window_closed,run_1,0,2120,0,False,False,False,0,0,0,0,0,0,423.81163927143496,38.0,38.0,21.0,-0.0017343032353138,-0.0607006132359867,0.1240026813249431,0.088725,-0.0321999999999999,-0.2871749999999999,0.3330078125,0.1396484375,7.34765625,399.45446468236344,13.839306475533748,35.806666666666665,2.0519974445169846,36.54,1.975113623441292,0.0,10.0,20.39770741401319,17.385138467754402,Good,9,6,2025-10-12 09:00:00+00:00,Normal
2025-10-12 09:43:02+00:00,425.0111061750333,21,38,38,25.8,73,1010.26,24.92,-0.1569064,-0.0392266,8.8652116,-0.16625,0.035,0.37625,-70.361328125,-32.763671875,269.091796875,classroom_window_closed,run_1,0,2126,0,False,False,False,0,0,0,0,0,0,425.0111061750333,38.0,38.0,21.0,-0.0017343032353138,-0.0607006132359867,-0.0060700613235992,-0.095025,-0.1021999999999999,0.281575,0.8701171875,1.2138671875,10.033203125,399.78898267436693,13.846617660123382,35.806666666666665,2.0519974445169846,36.54,1.975113623441292,5.997334517991817,0.0,20.590035789552463,17.581039173349833,Good,9,6,2025-10-12 09:00:00+00:00,Normal
2025-10-12 09:43:08+00:00,425.0111061750333,21,37,37,25.0,73,1010.21,25.34,-0.196133,0.0,8.825985,0.21875,0.09625,-0.14875,-70.361328125,-32.763671875,269.091796875,classroom_window_closed,run_1,0,2126,0,False,False,False,0,0,0,0,0,0,425.0111061750333,37.0,37.0,21.0,-0.0450918841181615,-0.017343032353139,-0.049427642206448,0.289975,-0.0409499999999999,-0.2434249999999999,0.8701171875,1.2138671875,10.033203125,400.1235006663705,13.84579109005558,35.79333333333334,2.037555670311776,36.526666666666664,1.9651209183441312,0.0,-5.0,19.820689031536304,16.80869759783463,Good,9,6,2025-10-12 09:00:00+00:00,Normal
2025-10-12 09:43:13+00:00,425.0111061750333,21,36,36,25.1,73,1010.15,25.84,-0.1569064,0.0,8.9044382,0.07875,0.23625,-0.07,-71.435546875,-33.837890625,258.88671875,classroom_window_closed,run_1,0,2126,0,False,False,False,0,0,0,0,0,0,425.0111061750333,36.0,36.0,21.0,-0.0017343032353138,-0.017343032353139,0.0372875195592475,0.149975,0.09905,-0.164675,-0.2041015625,0.1396484375,-0.171875,400.4513549533541,13.84899946341517,35.77333333333333,2.0205211191277237,36.50666666666667,1.955019925289111,0.0,-5.0,19.91686222627581,16.90360897960424,Good,9,6,2025-10-12 09:00:00+00:00,Normal
2025-10-12 09:43:18+00:00,425.0111061750333,20,35,36,25.3,73,1010.19,25.51,-0.1176798,-0.0392266,8.9044382,-2.24,0.44625,0.21875,-70.361328125,-33.30078125,259.9609375,classroom_window_closed,run_1,0,2126,0,False,False,False,0,0,0,0,0,0,425.0111061750333,35.0,36.0,20.0,0.0416232776475337,-0.0607006132359867,0.0372875195592475,-2.168775,0.30905,0.124075,0.8701171875,0.6767578125,0.90234375,400.7792092403377,13.84439315033826,35.74666666666667,2.0039781464958883,36.486666666666665,1.9446594107230404,0.0,-5.0,20.10920445847294,17.094820649222385,Good,9,6,2025-10-12 09:00:00+00:00,Normal
2025-10-12 09:43:24+00:00,426.41048422923143,21,33,37,25.3,73,1010.18,25.59,-0.196133,0.0,8.7867584,0.0175,-0.02625,0.245,-70.8984375,-33.30078125,265.869140625,classroom_window_closed,run_1,0,2133,0,False,False,False,0,0,0,0,0,0,426.41048422923143,33.0,37.0,21.0,-0.0450918841181615,-0.017343032353139,-0.0927852230892948,0.088725,-0.1634499999999999,0.150325,0.3330078125,0.6767578125,6.810546875,401.1163927143492,13.848656851410762,35.7,1.98568703982632,36.46666666666667,1.9235965568815536,6.996890270990548,-10.0,20.10920445847294,17.094820649222385,Good,9,6,2025-10-12 09:00:00+00:00,Normal
2025-10-12 09:43:29+00:00,426.41048422923143,22,33,37,25.3,73,1010.21,25.34,-0.196133,0.0,8.8652116,-0.4025,0.2275,-0.23625,-70.8984375,-30.078125,259.423828125,classroom_window_closed,run_1,0,2133,0,False,False,False,0,0,0,0,0,0,426.41048422923143,33.0,37.0,22.0,-0.0450918841181615,-0.017343032353139,-0.0060700613235992,-0.331275,0.0903,-0.3309249999999999,0.3330078125,3.8994140625,0.365234375,401.44557974233675,13.859193247620002,35.66,1.979187006842374,36.45333333333333,1.9128202821403204,0.0,0.0,20.10920445847294,17.094820649222385,Good,9,6,2025-10-12 09:00:00+00:00,Normal
2025-10-12 09:43:34+00:00,426.41048422923143,23,36,37,25.2,73,1010.19,25.51,-0.1569064,0.0,8.825985,-0.0175,0.0875,0.105,-70.8984375,-30.078125,259.423828125,classroom_window_closed,run_1,0,2133,0,False,False,False,0,0,0,0,0,0,426.41048422923143,36.0,37.0,23.0,-0.0017343032353138,-0.017343032353139,-0.049427642206448,0.053725,-0.0496999999999999,0.010325,0.3330078125,3.8994140625,0.365234375,401.77476677032433,13.861853974528987,35.63333333333333,1.9470048126525408,36.43333333333333,1.891048026841483,0.0,15.0,20.013034035244704,16.99898270867744,Good,9,6,2025-10-12 09:00:00+00:00,Normal
2025-10-12 09:43:40+00:00,426.41048422923143,23,37,38,25.7,73,1010.12,26.09,-0.196133,0.0,8.825985,-0.175,0.105,0.14875,-73.046875,-33.837890625,256.73828125,classroom_window_closed,run_1,0,2133,0,False,False,False,0,0,0,0,0,0,426.41048422923143,37.0,38.0,23.0,-0.0450918841181615,-0.017343032353139,-0.049427642206448,-0.1037749999999999,-0.0321999999999999,0.054075,-1.8154296875,0.1396484375,-2.3203125,402.10395379831186,13.856643568952553,35.626666666666665,1.940548136313865,36.43333333333333,1.891048026841483,0.0,5.0,20.493872294578285,17.482852011125654,Good,9,6,2025-10-12 09:00:00+00:00,Normal
2025-10-12 09:43:45+00:00,427.60995113282985,22,37,38,25.9,73,1010.16,25.76,-0.1569064,0.0,8.8652116,-0.6475000000000001,0.21875,0.8487500000000001,-69.82421875,-34.375,257.275390625,classroom_window_closed,run_1,0,2139,0,False,False,False,0,0,0,0,0,0,427.60995113282985,37.0,38.0,22.0,-0.0017343032353138,-0.017343032353139,-0.0060700613235992,-0.5762750000000001,0.08155,0.7540750000000002,1.4072265625,-0.3974609375,-1.783203125,402.43314082629945,13.87223707656894,35.626666666666665,1.940548136313865,36.44,1.8948180837404511,5.997334517992101,0.0,20.686197898965684,17.679701853288954,Good,9,6,2025-10-12 09:00:00+00:00,Normal
2025-10-12 09:43:51+00:00,427.60995113282985,21,37,38,25.2,73,1010.21,25.34,-0.1569064,0.0392266,8.825985,-0.20125,0.35875,0.4725,-69.82421875,-34.912109375,254.58984375,classroom_window_closed,run_1,0,2139,0,False,False,False,0,0,0,0,0,0,427.60995113282985,37.0,38.0,21.0,-0.0017343032353138,0.0260145485297086,-0.049427642206448,-0.130025,0.22155,0.3778249999999999,1.4072265625,-0.9345703125,-4.46875,402.762327854287,13.879955665261091,35.626666666666665,1.940548136313865,36.446666666666665,1.8985570878064195,0.0,0.0,20.013034035244704,16.99898270867744,Good,9,6,2025-10-12 09:00:00+00:00,Normal
2025-10-12 09:43:56+00:00,427.60995113282985,22,38,38,25.1,73,1010.21,25.34,-0.196133,0.0392266,8.8652116,-0.2275,0.23625,0.245,-69.82421875,-34.912109375,254.58984375,classroom_window_closed,run_1,0,2139,0,False,False,False,0,0,0,0,0,0,427.60995113282985,38.0,38.0,22.0,-0.0450918841181615,0.0260145485297086,-0.0060700613235992,-0.156275,0.09905,0.150325,1.4072265625,-0.9345703125,-4.46875,403.09151488227457,13.87981247280498,35.64666666666667,1.9494851038216103,36.46666666666667,1.8990165828930896,0.0,5.0,19.91686222627581,16.90360897960424,Good,9,6,2025-10-12 09:00:00+00:00,Normal
2025-10-12 09:44:01+00:00,427.60995113282985,22,37,37,25.1,73,1010.21,25.34,-0.1176798,0.0,8.9044382,-0.3675,0.25375,0.20125,-69.82421875,-34.912109375,254.58984375,classroom_window_closed,run_1,0,2139,0,False,False,False,0,0,0,0,0,0,427.60995113282985,37.0,37.0,22.0,0.0416232776475337,-0.017343032353139,0.0372875195592475,-0.2962749999999999,0.1165499999999999,0.106575,1.4072265625,-0.9345703125,-4.46875,403.41403820524215,13.883740164396569,35.653333333333336,1.952409169717124,36.473333333333336,1.8991226044325584,0.0,-5.0,19.91686222627581,16.90360897960424,Good,9,6,2025-10-12 09:00:00+00:00,Normal
2025-10-12 09:44:07+00:00,429.009329187028,23,37,38,25.8,73,1010.21,25.34,-0.1569064,-0.0392266,8.9436648,-0.11375,0.0,-0.0875,-71.97265625,-33.837890625,251.904296875,classroom_window_closed,run_1,0,2146,0,False,False,False,0,0,0,0,0,0,429.009329187028,37.0,38.0,23.0,-0.0017343032353138,-0.0607006132359867,0.0806451004420963,-0.0425249999999999,-0.1372,-0.1821749999999999,-0.7412109375,0.1396484375,-7.154296875,403.7458907152377,13.896738178143671,35.66,1.9553059802777808,36.486666666666665,1.902794365718568,6.996890270990832,0.0,20.590035789552463,17.581039173349833,Good,9,6,2025-10-12 09:00:00+00:00,Normal
2025-10-12 09:44:12+00:00,429.009329187028,21,36,37,25.5,73,1010.14,25.93,-0.2353596,0.0784532,9.0613446,-0.16625,0.2625,-0.14875,-70.361328125,-33.837890625,260.498046875,classroom_window_closed,run_1,0,2146,0,False,False,False,0,0,0,0,0,0,429.009329187028,36.0,37.0,21.0,-0.0884494650010092,0.0693721294125562,0.2107178430906387,-0.095025,0.1253,-0.2434249999999999,0.8701171875,0.1396484375,1.439453125,404.06974677920925,13.915782527409071,35.66,1.9553059802777808,36.486666666666665,1.902794365718568,0.0,-5.0,20.30154114782723,17.287896650184116,Good,9,6,2025-10-12 09:00:00+00:00,Normal
2025-10-12 09:44:17+00:00,429.009329187028,22,36,38,25.9,73,1010.04,26.76,-0.1569064,0.0,8.9436648,-0.07875,-0.0875,-0.1925,-70.8984375,-30.615234375,245.458984375,classroom_window_closed,run_1,0,2146,0,False,False,False,0,0,0,0,0,0,429.009329187028,36.0,38.0,22.0,-0.0017343032353138,-0.017343032353139,0.0806451004420963,-0.0075249999999999,-0.2246999999999999,-0.2871749999999999,0.3330078125,3.3623046875,-13.599609375,404.3936028431808,13.92722159606571,35.66,1.9553059802777808,36.49333333333333,1.9063534418334376,0.0,0.0,20.686197898965684,17.679701853288954,Good,9,6,2025-10-12 09:00:00+00:00,Normal
2025-10-12 09:44:23+00:00,429.009329187028,22,36,37,25.2,73,1010.19,25.51,-0.1569064,0.0392266,8.825985,-0.16625,0.07,0.0,-70.8984375,-30.615234375,245.458984375,classroom_window_closed,run_1,0,2146,0,False,False,False,0,0,0,0,0,0,429.009329187028,36.0,37.0,22.0,-0.0017343032353138,0.0260145485297086,-0.049427642206448,-0.095025,-0.0671999999999999,-0.0946749999999999,0.3330078125,3.3623046875,-13.599609375,404.7174589071524,13.93107411864578,35.653333333333336,1.952409169717124,36.486666666666665,1.902794365718568,0.0,0.0,20.013034035244704,16.99898270867744,Good,9,6,2025-10-12 09:00:00+00:00,Normal
2025-10-12 09:44:28+00:00,429.009329187028,21,34,37,25.7,73,1010.18,25.59,-0.196133,-0.0392266,8.7867584,-0.1225,0.18375,-0.035,-70.8984375,-33.837890625,253.515625,classroom_window_closed,run_1,0,2146,0,False,False,False,0,0,0,0,0,0,429.009329187028,34.0,37.0,21.0,-0.0450918841181615,-0.0607006132359867,-0.0927852230892948,-0.0512749999999999,0.04655,-0.1296749999999999,0.3330078125,0.1396484375,-5.54296875,405.0333185251,13.94121552170436,35.626666666666665,1.947452876691785,36.473333333333336,1.8920414977169,0.0,-10.0,20.493872294578285,17.482852011125654,Good,9,6,2025-10-12 09:00:00+00:00,Normal
2025-10-12 09:44:33+00:00,429.009329187028,21,33,37,25.0,73,1010.18,25.59,-0.1176798,0.0,8.7867584,-0.1925,-0.00875,-0.41125,-70.8984375,-34.912109375,256.201171875,classroom_window_closed,run_1,0,2146,0,False,False,False,0,0,0,0,0,0,429.009329187028,33.0,37.0,21.0,0.0416232776475337,-0.017343032353139,-0.0927852230892948,-0.121275,-0.14595,-0.505925,0.3330078125,-0.9345703125,-2.857421875,405.34917814304754,13.94414861478294,35.6,1.955889402728253,36.46666666666667,1.8883843691704043,0.0,-5.0,19.820689031536304,16.80869759783463,Good,9,6,2025-10-12 09:00:00+00:00,Normal
2025-10-12 09:44:39+00:00,429.009329187028,20,32,37,25.2,73,1010.17,25.67,-0.1176798,0.0,8.7083052,0.14,0.21,0.49875,-69.287109375,-33.837890625,259.423828125,classroom_window_closed,run_1,0,2146,0,False,False,False,0,0,0,0,0,0,429.009329187028,32.0,37.0,20.0,0.0416232776475337,-0.017343032353139,-0.1795003848549904,0.211225,0.0728,0.4040750000000001,1.9443359375,0.1396484375,0.365234375,405.6650377609951,13.939877947988991,35.56666666666667,1.974388586582622,36.45333333333333,1.877405988018551,0.0,-5.0,20.013034035244704,16.99898270867744,Good,9,6,2025-10-12 09:00:00+00:00,Normal
2025-10-12 09:44:44+00:00,430.2087960906264,21,33,38,25.6,73,1010.16,25.76,-0.196133,0.0,8.8652116,-0.0175,0.11375,0.315,-71.435546875,-33.30078125,289.501953125,classroom_window_closed,run_1,0,2152,0,False,False,False,0,0,0,0,0,0,430.2087960906264,33.0,38.0,21.0,-0.0450918841181615,-0.017343032353139,-0.0060700613235992,0.053725,-0.0234499999999999,0.220325,-0.2041015625,0.6767578125,30.443359375,405.98223011994673,13.953517798084706,35.54666666666667,1.9851349139033836,36.45333333333333,1.877405988018551,5.997334517991817,5.0,20.39770741401319,17.385138467754402,Good,9,6,2025-10-12 09:00:00+00:00,Normal
2025-10-12 09:44:49+00:00,430.2087960906264,22,33,37,25.3,73,1010.1,26.26,-0.196133,0.0,8.7475318,-0.00875,0.035,0.25375,-71.435546875,-33.30078125,289.501953125,classroom_window_closed,run_1,0,2152,0,False,False,False,0,0,0,0,0,0,430.2087960906264,33.0,37.0,22.0,-0.0450918841181615,-0.017343032353139,-0.1361428039721416,0.062475,-0.1021999999999999,0.159075,-0.2041015625,0.6767578125,30.443359375,406.29942247889824,13.959890694766456,35.526666666666664,1.995621605625963,36.446666666666665,1.8736486554624825,0.0,0.0,20.10920445847294,17.094820649222385,Good,9,6,2025-10-12 09:00:00+00:00,Normal
2025-10-12 09:44:55+00:00,430.2087960906264,23,34,37,25.7,73,1010.12,26.09,-0.1176798,0.0784532,8.9436648,-0.46375,0.21875,0.1225,-70.8984375,-33.30078125,255.6640625,classroom_window_closed,run_1,0,2152,0,False,False,False,0,0,0,0,0,0,430.2087960906264,34.0,37.0,23.0,0.0416232776475337,0.0693721294125562,0.0806451004420963,-0.392525,0.08155,0.027825,0.3330078125,0.6767578125,-3.39453125,406.61661483784985,13.959006591083448,35.513333333333335,1.9991161357922085,36.44,1.8698598447279977,0.0,5.0,20.493872294578285,17.482852011125654,Good,9,6,2025-10-12 09:00:00+00:00,Normal
2025-10-12 09:45:00+00:00,430.2087960906264,22,33,36,25.9,73,1010.15,25.84,-0.0784532,0.0,8.9044382,-0.23625,0.0175,-0.14875,-71.435546875,-33.837890625,257.8125,classroom_window_closed,run_1,0,2152,0,False,False,False,0,0,0,0,0,0,430.2087960906264,33.0,36.0,22.0,0.0849808585303814,-0.017343032353139,0.0372875195592475,-0.1650249999999999,-0.1196999999999999,-0.2434249999999999,-0.2041015625,0.1396484375,-1.24609375,406.9404709018214,13.938930294000205,35.486666666666665,2.0058192745032297,36.42,1.858302610072984,0.0,-5.0,20.686197898965684,17.679701853288954,Good,9,6,2025-10-12 09:00:00+00:00,Normal
2025-10-12 09:45:05+00:00,430.2087960906264,22,33,37,25.4,73,1010.14,25.93,-0.1569064,-0.0392266,8.8652116,-0.18375,0.07,0.14,-70.8984375,-34.375,256.201171875,classroom_window_closed,run_1,0,2152,0,False,False,False,0,0,0,0,0,0,430.2087960906264,33.0,37.0,22.0,-0.0017343032353138,-0.0607006132359867,-0.0060700613235992,-0.1125249999999999,-0.0671999999999999,0.045325,0.3330078125,-0.3974609375,-2.857421875,407.264326965793,13.911237081927323,35.46,2.0121443368244605,36.406666666666666,1.846806300699748,0.0,0.0,20.205373495990465,17.191124671161827,Good,9,6,2025-10-12 09:00:00+00:00,Normal
2025-10-12 09:45:11+00:00,430.2087960906264,21,35,37,25.3,73,1010.18,25.59,-0.196133,0.0392266,8.8652116,-2.1875,0.035,0.07875,-70.8984375,-34.375,256.201171875,classroom_window_closed,run_1,0,2152,0,False,False,False,0,0,0,0,0,0,430.2087960906264,35.0,37.0,21.0,-0.0450918841181615,0.0260145485297086,-0.0060700613235992,-2.116275,-0.1021999999999999,-0.0159249999999999,0.3330078125,-0.3974609375,-2.857421875,407.58151932474453,13.888182209943745,35.446666666666665,2.008494266111362,36.39333333333333,1.8351404557063364,0.0,10.0,20.10920445847294,17.094820649222385,Good,9,6,2025-10-12 09:00:00+00:00,Normal
2025-10-12 09:45:16+00:00,431.60817414482455,22,37,39,25.4,73,1010.12,26.09,-0.1569064,0.0392266,8.825985,-0.28875,0.35,0.0875,-70.361328125,-33.30078125,291.650390625,classroom_window_closed,run_1,0,2159,0,False,False,False,0,0,0,0,0,0,431.60817414482455,37.0,39.0,22.0,-0.0017343032353138,0.0260145485297086,-0.049427642206448,-0.217525,0.2128,-0.0071749999999999,0.8701171875,0.6767578125,32.591796875,407.90804087072416,13.873364382611868,35.44,2.0016100901574503,36.38666666666666,1.8237312098352396,6.996890270990832,10.0,20.205373495990465,17.191124671161827,Good,9,6,2025-10-12 09:00:00+00:00,Normal
2025-10-12 09:45:21+00:00,431.60817414482455,21,34,37,25.3,73,1010.17,25.67,-0.1176798,0.0,8.825985,-0.00875,0.035,-0.245,-70.8984375,-33.837890625,259.9609375,classroom_window_closed,run_1,0,2159,0,False,False,False,0,0,0,0,0,0,431.60817414482455,34.0,37.0,21.0,0.0416232776475337,-0.017343032353139,-0.049427642206448,0.062475,-0.1021999999999999,-0.3396749999999999,0.3330078125,0.1396484375,0.90234375,408.2265659706797,13.865306694575192,35.413333333333334,1.9939057037024723,36.373333333333335,1.8117686366755557,0.0,-15.0,20.10920445847294,17.094820649222385,Good,9,6,2025-10-12 09:00:00+00:00,Normal
2025-10-12 09:45:27+00:00,431.60817414482455,20,33,35,25.7,73,1010.16,25.76,-0.1569064,0.0,8.9044382,-0.11375,0.035,0.25375,-71.97265625,-34.912109375,260.498046875,classroom_window_closed,run_1,0,2159,0,False,False,False,0,0,0,0,0,0,431.60817414482455,33.0,35.0,20.0,-0.0017343032353138,-0.017343032353139,0.0372875195592475,-0.0425249999999999,-0.1021999999999999,0.159075,-0.7412109375,-0.9345703125,1.439453125,408.5450910706352,13.849871546060458,35.373333333333335,1.9816157283526403,36.34,1.7904669257153494,0.0,-5.0,20.493872294578285,17.482852011125654,Good,9,6,2025-10-12 09:00:00+00:00,Normal
2025-10-12 09:45:32+00:00,431.60817414482455,21,34,36,25.2,73,1010.16,25.76,-0.196133,-0.0784532,8.9828914,-0.2975,0.14,0.0875,-69.82421875,-33.837890625,254.052734375,classroom_window_closed,run_1,0,2159,0,False,False,False,0,0,0,0,0,0,431.60817414482455,34.0,36.0,21.0,-0.0450918841181615,-0.1040581941188344,0.1240026813249431,-0.2262749999999999,0.0028,-0.0071749999999999,1.4072265625,0.1396484375,-5.005859375,408.8636161705909,13.827034230664005,35.35333333333333,1.980226638329529,36.32,1.7772612970862904,0.0,5.0,20.013034035244704,16.99898270867744,Good,9,6,2025-10-12 09:00:00+00:00,Normal
2025-10-12 09:45:37+00:00,431.60817414482455,21,34,36,25.7,73,1010.13,26.01,-0.196133,0.0,8.8652116,-0.4025,-0.0525,-0.1925,-69.82421875,-33.837890625,254.052734375,classroom_window_closed,run_1,0,2159,0,False,False,False,0,0,0,0,0,0,431.60817414482455,34.0,36.0,21.0,-0.0450918841181615,-0.017343032353139,-0.0060700613235992,-0.331275,-0.1896999999999999,-0.2871749999999999,1.4072265625,0.1396484375,-5.005859375,409.1741448245224,13.811190954364475,35.32666666666667,1.9712588103897288,36.3,1.7637285094462798,0.0,0.0,20.493872294578285,17.482852011125654,Good,9,6,2025-10-12 09:00:00+00:00,Normal
2025-10-12 09:45:43+00:00,431.60817414482455,21,34,36,25.0,73,1010.16,25.76,-0.196133,0.0,8.9044382,-0.0875,-0.07,0.6737500000000001,-70.8984375,-33.30078125,263.720703125,classroom_window_closed,run_1,0,2159,0,False,False,False,0,0,0,0,0,0,431.60817414482455,34.0,36.0,21.0,-0.0450918841181615,-0.017343032353139,0.0372875195592475,-0.0162749999999999,-0.2072,0.5790750000000001,0.3330078125,0.6767578125,4.662109375,409.48467347845406,13.788290869933288,35.3,1.9618851364416268,36.28666666666667,1.7583422129402584,0.0,0.0,19.820689031536304,16.80869759783463,Good,9,6,2025-10-12 09:00:00+00:00,Normal
2025-10-12 09:45:48+00:00,431.60817414482455,21,36,36,25.1,73,1010.16,25.76,-0.1569064,0.0392266,8.9044382,-0.18375,0.02625,0.385,-70.8984375,-34.912109375,263.18359375,classroom_window_closed,run_1,0,2159,0,False,False,False,0,0,0,0,0,0,431.60817414482455,36.0,36.0,21.0,-0.0017343032353138,0.0260145485297086,0.0372875195592475,-0.1125249999999999,-0.11095,0.290325,0.3330078125,-0.9345703125,4.125,409.7952021323856,13.758298740173284,35.28666666666667,1.9501735137624896,36.27333333333333,1.752837265335046,0.0,10.0,19.91686222627581,16.90360897960424,Good,9,6,2025-10-12 09:00:00+00:00,Normal
2025-10-12 09:45:53+00:00,432.8076410484229,20,35,35,25.9,73,1010.1,26.26,-0.196133,0.0392266,8.7867584,-0.07875,0.2625,-0.42,-70.361328125,-34.375,262.109375,classroom_window_closed,run_1,0,2165,0,False,False,False,0,0,0,0,0,0,432.8076410484229,35.0,35.0,20.0,-0.0450918841181615,0.0260145485297086,-0.0927852230892948,-0.0075249999999999,0.1253,-0.514675,0.8701171875,-0.3974609375,3.05078125,410.1057307863172,13.748468648385122,35.266666666666666,1.9375022551765697,36.25333333333333,1.7501166467995672,5.997334517991817,-5.0,20.686197898965684,17.679701853288954,Good,9,6,2025-10-12 09:00:00+00:00,Normal
2025-10-12 09:45:59+00:00,432.8076410484229,21,35,35,25.7,73,1010.18,25.59,-0.1569064,0.0,8.9436648,-0.14875,0.06125,0.0,-70.361328125,-34.375,262.109375,classroom_window_closed,run_1,0,2165,0,False,False,False,0,0,0,0,0,0,432.8076410484229,35.0,35.0,21.0,-0.0017343032353138,-0.017343032353139,0.0806451004420963,-0.0775249999999999,-0.0759499999999999,-0.0946749999999999,0.8701171875,-0.3974609375,3.05078125,410.4162594402488,13.731563847625113,35.24666666666667,1.9245383536631149,36.233333333333334,1.747161328250818,0.0,0.0,20.493872294578285,17.482852011125654,Good,9,6,2025-10-12 09:00:00+00:00,Normal
2025-10-12 09:46:04+00:00,432.8076410484229,22,36,37,25.4,73,1010.12,26.09,-0.1569064,0.0392266,8.9044382,0.09625,0.2975,-0.035,-71.97265625,-33.30078125,255.6640625,classroom_window_closed,run_1,0,2165,0,False,False,False,0,0,0,0,0,0,432.8076410484229,36.0,37.0,22.0,-0.0017343032353138,0.0260145485297086,0.0372875195592475,0.167475,0.1603,-0.1296749999999999,-0.7412109375,0.6767578125,-3.39453125,410.7267880941804,13.707558163333935,35.233333333333334,1.9122237192788607,36.22666666666667,1.742276019197128,0.0,5.0,20.205373495990465,17.191124671161827,Good,9,6,2025-10-12 09:00:00+00:00,Normal
2025-10-12 09:46:09+00:00,432.8076410484229,22,36,37,25.1,73,1010.12,26.09,-0.2353596,0.0,8.9044382,-0.14,0.2625,0.0875,-71.435546875,-34.375,259.9609375,classroom_window_closed,run_1,0,2165,0,False,False,False,0,0,0,0,0,0,432.8076410484229,36.0,37.0,22.0,-0.0884494650010092,-0.017343032353139,0.0372875195592475,-0.068775,0.1253,-0.0071749999999999,-0.2041015625,-0.3974609375,0.90234375,411.029320302088,13.690654307410965,35.22666666666667,1.907761141418628,36.22666666666667,1.742276019197128,0.0,0.0,19.91686222627581,16.90360897960424,Good,9,6,2025-10-12 09:00:00+00:00,Normal
2025-10-12 09:46:15+00:00,432.8076410484229,21,35,37,25.9,73,1010.16,25.76,-0.196133,0.0392266,8.7867584,-0.5337500000000001,0.0875,-0.42,-70.8984375,-33.837890625,264.794921875,classroom_window_closed,run_1,0,2165,0,False,False,False,0,0,0,0,0,0,432.8076410484229,35.0,37.0,21.0,-0.0450918841181615,0.0260145485297086,-0.0927852230892948,-0.4625250000000001,-0.0496999999999999,-0.514675,0.3330078125,0.1396484375,5.736328125,411.33185250999554,13.66698942422415,35.21333333333333,1.9022652221473928,36.22666666666667,1.742276019197128,0.0,-5.0,20.686197898965684,17.679701853288954,Good,9,6,2025-10-12 09:00:00+00:00,Normal
2025-10-12 09:46:20+00:00,432.8076410484229,21,35,36,25.2,73,1010.21,25.34,-0.1569064,0.0,8.825985,-0.1925,0.14,0.0525,-70.361328125,-29.541015625,262.646484375,classroom_window_closed,run_1,0,2165,0,False,False,False,0,0,0,0,0,0,432.8076410484229,35.0,36.0,21.0,-0.0017343032353138,-0.017343032353139,-0.049427642206448,-0.121275,0.0028,-0.0421749999999999,0.8701171875,4.4365234375,3.587890625,411.6343847179032,13.636528314481517,35.22,1.89973505747264,36.24,1.7327481373190363,0.0,0.0,20.013034035244704,16.99898270867744,Good,9,6,2025-10-12 09:00:00+00:00,Normal
2025-10-12 09:46:25+00:00,432.8076410484229,21,36,37,25.6,73,1010.21,25.34,-0.1569064,0.0,8.7867584,0.13125,0.44625,-0.0525,-70.361328125,-29.541015625,262.646484375,classroom_window_closed,run_1,0,2165,0,False,False,False,0,0,0,0,0,0,432.8076410484229,36.0,37.0,21.0,-0.0017343032353138,-0.017343032353139,-0.0927852230892948,0.202475,0.30905,-0.1471749999999999,0.8701171875,4.4365234375,3.587890625,411.93025322079075,13.611062192852003,35.24,1.89198237714737,36.266666666666666,1.7132200799972055,0.0,5.0,20.39770741401319,17.385138467754402,Good,9,6,2025-10-12 09:00:00+00:00,Normal
2025-10-12 09:46:31+00:00,432.8076410484229,21,36,36,25.3,73,1010.1,26.26,-0.2353596,-0.0392266,8.7867584,-0.245,0.21875,-0.0175,-70.8984375,-33.30078125,264.794921875,classroom_window_closed,run_1,0,2165,0,False,False,False,0,0,0,0,0,0,432.8076410484229,36.0,36.0,21.0,-0.0884494650010092,-0.0607006132359867,-0.0927852230892948,-0.1737749999999999,0.08155,-0.1121749999999999,0.3330078125,0.6767578125,5.736328125,412.2261217236784,13.579060063668097,35.266666666666666,1.8741142576052447,36.29333333333334,1.6771126781236496,0.0,0.0,20.10920445847294,17.094820649222385,Good,9,6,2025-10-12 09:00:00+00:00,Normal
2025-10-12 09:46:36+00:00,432.8076410484229,21,36,36,25.3,73,1010.13,26.01,-0.1569064,-0.0392266,8.9044382,0.11375,0.28,-0.0525,-69.82421875,-32.763671875,265.869140625,classroom_window_closed,run_1,0,2165,0,False,False,False,0,0,0,0,0,0,432.8076410484229,36.0,36.0,21.0,-0.0017343032353138,-0.0607006132359867,0.0372875195592475,0.184975,0.1428,-0.1471749999999999,1.4072265625,1.2138671875,6.810546875,412.521990226566,13.540475584584083,35.28,1.8721555605646116,36.306666666666665,1.6666756151885165,0.0,0.0,20.10920445847294,17.094820649222385,Good,9,6,2025-10-12 09:00:00+00:00,Normal
2025-10-12 09:46:41+00:00,432.8076410484229,23,37,37,25.1,73,1010.16,25.76,-0.1569064,-0.0392266,8.9436648,-0.1925,0.11375,0.27125,-71.97265625,-32.2265625,263.720703125,classroom_window_closed,run_1,0,2165,0,False,False,False,0,0,0,0,0,0,432.8076410484229,37.0,37.0,23.0,-0.0017343032353138,-0.0607006132359867,0.0806451004420963,-0.121275,-0.0234499999999999,0.176575,-0.7412109375,1.7509765625,4.662109375,412.8098622834296,13.509433992805418,35.28,1.8721555605646116,36.306666666666665,1.6666756151885165,0.0,5.0,19.91686222627581,16.90360897960424,Good,9,6,2025-10-12 09:00:00+00:00,Normal
2025-10-12 09:46:47+00:00,434.207019102621,22,36,37,25.8,73,1010.16,25.76,-0.1569064,-0.0392266,8.9044382,0.1575,-0.20125,-0.06125,-70.361328125,-32.2265625,258.88671875,classroom_window_closed,run_1,0,2172,0,False,False,False,0,0,0,0,0,0,434.207019102621,36.0,37.0,22.0,-0.0017343032353138,-0.0607006132359867,0.0372875195592475,0.228725,-0.33845,-0.1559249999999999,0.8701171875,1.7509765625,-0.171875,413.1070635273212,13.486347154968447,35.27333333333333,1.8677649373776972,36.306666666666665,1.6666756151885165,6.996890270990548,-5.0,20.590035789552463,17.581039173349833,Good,9,6,2025-10-12 09:00:00+00:00,Normal
2025-10-12 09:46:52+00:00,434.207019102621,22,34,36,25.5,73,1010.15,25.84,-0.196133,-0.0392266,8.9436648,-0.11375,0.32375,0.42,-70.361328125,-32.2265625,258.88671875,classroom_window_closed,run_1,0,2172,0,False,False,False,0,0,0,0,0,0,434.207019102621,34.0,36.0,22.0,-0.0450918841181615,-0.0607006132359867,0.0806451004420963,-0.0425249999999999,0.18655,0.325325,0.8701171875,1.7509765625,-0.171875,413.4042647712128,13.456614343341649,35.26,1.8696803732153129,36.306666666666665,1.6666756151885165,0.0,-10.0,20.30154114782723,17.287896650184116,Good,9,6,2025-10-12 09:00:00+00:00,Normal
2025-10-12 09:46:57+00:00,434.207019102621,21,33,33,25.8,73,1010.16,25.76,-0.1176798,0.0392266,8.9436648,0.06125,0.5162500000000001,0.27125,-73.046875,-34.912109375,262.646484375,classroom_window_closed,run_1,0,2172,0,False,False,False,0,0,0,0,0,0,434.207019102621,33.0,33.0,21.0,0.0416232776475337,0.0260145485297086,0.0806451004420963,0.132475,0.3790500000000001,0.176575,-1.8154296875,-0.9345703125,3.587890625,413.7014660151044,13.42019138497191,35.26,1.8696803732153129,36.29333333333334,1.685097199780171,0.0,-5.0,20.590035789552463,17.581039173349833,Good,9,6,2025-10-12 09:00:00+00:00,Normal
2025-10-12 09:47:03+00:00,434.207019102621,20,36,36,25.6,73,1010.17,25.67,-0.1569064,0.0,8.9044382,0.14875,0.2275,0.0,-71.97265625,-33.30078125,263.18359375,classroom_window_closed,run_1,0,2172,0,False,False,False,0,0,0,0,0,0,434.207019102621,36.0,36.0,20.0,-0.0017343032353138,-0.017343032353139,0.0372875195592475,0.219975,0.0903,-0.0946749999999999,-0.7412109375,0.6767578125,4.125,413.990670812972,13.391319319172917,35.28666666666667,1.851307053842295,36.31333333333333,1.663410689830549,0.0,15.0,20.39770741401319,17.385138467754402,Good,9,6,2025-10-12 09:00:00+00:00,Normal
2025-10-12 09:47:08+00:00,434.207019102621,21,38,39,25.3,73,1010.12,26.09,-0.1569064,0.0,8.825985,-0.035,0.07,-0.105,-70.361328125,-33.837890625,265.869140625,classroom_window_closed,run_1,0,2172,0,False,False,False,0,0,0,0,0,0,434.207019102621,38.0,39.0,21.0,-0.0017343032353138,-0.017343032353139,-0.049427642206448,0.036225,-0.0671999999999999,-0.199675,0.8701171875,0.1396484375,6.810546875,414.27987561083967,13.356082056497748,35.34,1.8128178962135697,36.35333333333333,1.6553215655752962,0.0,10.0,20.10920445847294,17.094820649222385,Good,9,6,2025-10-12 09:00:00+00:00,Normal
2025-10-12 09:47:14+00:00,434.207019102621,21,36,37,25.7,73,1010.14,25.93,-0.2353596,0.0,8.9436648,0.06125,-0.0175,0.21875,-70.361328125,-33.837890625,265.869140625,classroom_window_closed,run_1,0,2172,0,False,False,False,0,0,0,0,0,0,434.207019102621,36.0,37.0,21.0,-0.0884494650010092,-0.017343032353139,0.0806451004420963,0.132475,-0.1547,0.124075,0.8701171875,0.1396484375,6.810546875,414.5690804087072,13.314429059663665,35.373333333333335,1.7781170444359464,36.38,1.6330068614050617,0.0,-10.0,20.493872294578285,17.482852011125654,Good,9,6,2025-10-12 09:00:00+00:00,Normal
2025-10-12 09:47:19+00:00,434.207019102621,22,37,38,25.0,73,1010.18,25.59,-0.1176798,0.0,8.8652116,-0.18375,0.1225,-0.04375,-70.361328125,-33.837890625,265.869140625,classroom_window_closed,run_1,0,2172,0,False,False,False,0,0,0,0,0,0,434.207019102621,37.0,38.0,22.0,0.0416232776475337,-0.017343032353139,-0.0060700613235992,-0.1125249999999999,-0.0146999999999999,-0.1384249999999999,0.8701171875,0.1396484375,6.810546875,414.8502887605509,13.280508769233489,35.406666666666666,1.761240665011306,36.4,1.6343625483953526,0.0,5.0,19.820689031536304,16.80869759783463,Good,9,6,2025-10-12 09:00:00+00:00,Normal
2025-10-12 09:47:24+00:00,435.40648600621944,23,37,38,25.2,73,1010.12,26.09,-0.196133,0.0,8.8652116,0.07,-0.07875,0.245,-70.361328125,-34.375,264.794921875,classroom_window_closed,run_1,0,2178,0,False,False,False,0,0,0,0,0,0,435.40648600621944,37.0,38.0,23.0,-0.0450918841181615,-0.017343032353139,-0.0060700613235992,0.141225,-0.2159499999999999,0.150325,0.8701171875,-0.3974609375,5.736328125,415.1394935584185,13.25244502472187,35.44,1.7435595774162649,36.42,1.6354709109828816,5.997334517992101,0.0,20.013034035244704,16.99898270867744,Good,9,6,2025-10-12 09:00:00+00:00,Normal
2025-10-12 09:47:30+00:00,435.40648600621944,24,38,38,25.6,73,1010.12,26.09,-0.1569064,0.0392266,8.9044382,0.07875,0.07,-0.5687500000000001,-73.046875,-33.30078125,255.6640625,classroom_window_closed,run_1,0,2178,0,False,False,False,0,0,0,0,0,0,435.40648600621944,38.0,38.0,24.0,-0.0017343032353138,0.0260145485297086,0.0372875195592475,0.149975,-0.0671999999999999,-0.663425,-1.8154296875,0.6767578125,-3.39453125,415.4286983562861,13.21795307867036,35.46666666666667,1.7519564008345188,36.43333333333333,1.6401696862070727,0.0,5.0,20.39770741401319,17.385138467754402,Good,9,6,2025-10-12 09:00:00+00:00,Normal
2025-10-12 09:47:35+00:00,435.40648600621944,24,38,38,25.0,73,1010.13,26.01,-0.1176798,-0.0392266,8.8652116,0.035,0.175,-0.09625,-70.8984375,-33.30078125,275.0,classroom_window_closed,run_1,0,2178,0,False,False,False,0,0,0,0,0,0,435.40648600621944,38.0,38.0,24.0,0.0416232776475337,-0.0607006132359867,-0.0060700613235992,0.106225,0.0378,-0.1909249999999999,0.3330078125,0.6767578125,15.94140625,415.7099067081297,13.19108013398605,35.49333333333333,1.7599064445339958,36.446666666666665,1.6447462286321215,0.0,0.0,19.820689031536304,16.80869759783463,Good,9,6,2025-10-12 09:00:00+00:00,Normal
2025-10-12 09:47:40+00:00,435.40648600621944,23,38,38,25.1,73,1010.14,25.93,-0.1569064,0.0,8.9044382,-0.20125,0.06125,-0.0175,-70.8984375,-33.30078125,275.0,classroom_window_closed,run_1,0,2178,0,False,False,False,0,0,0,0,0,0,435.40648600621944,38.0,38.0,23.0,-0.0017343032353138,-0.017343032353139,0.0372875195592475,-0.130025,-0.0759499999999999,-0.1121749999999999,0.3330078125,0.6767578125,15.94140625,415.99111505997337,13.158103544460849,35.52,1.7674157375280248,36.46,1.6492015558481974,0.0,0.0,19.91686222627581,16.90360897960424,Good,9,6,2025-10-12 09:00:00+00:00,Normal
2025-10-12 09:47:46+00:00,435.40648600621944,22,36,36,25.0,73,1010.16,25.76,-0.1569064,0.0,8.8652116,-0.20125,0.455,-0.0525,-69.82421875,-33.837890625,259.9609375,classroom_window_closed,run_1,0,2178,0,False,False,False,0,0,0,0,0,0,435.40648600621944,36.0,36.0,22.0,-0.0017343032353138,-0.017343032353139,-0.0060700613235992,-0.130025,0.3178,-0.1471749999999999,1.4072265625,0.1396484375,0.90234375,416.272323411817,13.118977282794049,35.526666666666664,1.7673271316189845,36.46,1.6492015558481974,0.0,-10.0,19.820689031536304,16.80869759783463,Good,9,6,2025-10-12 09:00:00+00:00,Normal
2025-10-12 09:47:51+00:00,435.40648600621944,22,35,35,25.1,73,1010.21,25.34,-0.1176798,0.0784532,8.825985,-0.0175,0.1925,0.175,-70.361328125,-32.2265625,260.498046875,classroom_window_closed,run_1,0,2178,0,False,False,False,0,0,0,0,0,0,435.40648600621944,35.0,35.0,22.0,0.0416232776475337,0.0693721294125562,-0.049427642206448,0.053725,0.0553,0.080325,0.8701171875,1.7509765625,1.439453125,416.54553531763656,13.087631335076647,35.526666666666664,1.7673271316189845,36.45333333333333,1.653090117060494,0.0,-5.0,19.91686222627581,16.90360897960424,Good,9,6,2025-10-12 09:00:00+00:00,Normal
2025-10-12 09:47:56+00:00,435.40648600621944,23,33,33,25.0,73,1010.2,25.42,-0.1569064,0.0392266,8.9044382,-0.16625,0.3675,0.5687500000000001,-72.509765625,-34.912109375,266.943359375,classroom_window_closed,run_1,0,2178,0,False,False,False,0,0,0,0,0,0,435.40648600621944,33.0,33.0,23.0,-0.0017343032353138,0.0260145485297086,0.0372875195592475,-0.095025,0.2303,0.4740750000000001,-1.2783203125,-0.9345703125,7.884765625,416.8187472234562,13.050453308044071,35.513333333333335,1.7788340448968545,36.42666666666667,1.676312134229389,0.0,-10.0,19.820689031536304,16.80869759783463,Good,9,6,2025-10-12 09:00:00+00:00,Normal
2025-10-12 09:48:02+00:00,435.40648600621944,22,33,33,25.1,73,1010.13,26.01,-0.1569064,-0.0392266,8.7867584,0.06125,0.28,0.07875,-70.8984375,-33.30078125,252.978515625,classroom_window_closed,run_1,0,2178,0,False,False,False,0,0,0,0,0,0,435.40648600621944,33.0,33.0,22.0,-0.0017343032353138,-0.0607006132359867,-0.0927852230892948,0.132475,0.1428,-0.0159249999999999,0.3330078125,0.6767578125,-6.080078125,417.0919591292759,13.007393193647264,35.5,1.7901670275639556,36.4,1.6987954674617225,0.0,0.0,19.91686222627581,16.90360897960424,Good,9,6,2025-10-12 09:00:00+00:00,Normal
2025-10-12 09:48:07+00:00,435.40648600621944,21,31,31,25.9,73,1010.15,25.84,-0.196133,0.0392266,8.7867584,-0.3325,0.18375,0.11375,-70.8984375,-33.30078125,252.978515625,classroom_window_closed,run_1,0,2178,0,False,False,False,0,0,0,0,0,0,435.40648600621944,31.0,31.0,21.0,-0.0450918841181615,0.0260145485297086,-0.0927852230892948,-0.261275,0.04655,0.019075,0.3330078125,0.6767578125,-6.080078125,417.3651710350955,12.958392354338878,35.45333333333333,1.8156170643571217,36.346666666666664,1.7416595752507658,0.0,-10.0,20.686197898965684,17.679701853288954,Good,9,6,2025-10-12 09:00:00+00:00,Normal
2025-10-12 09:48:12+00:00,435.40648600621944,22,33,33,25.1,73,1010.17,25.67,-0.1569064,0.0,8.825985,0.0875,0.035,0.0875,-71.435546875,-34.375,256.73828125,classroom_window_closed,run_1,0,2178,0,False,False,False,0,0,0,0,0,0,435.40648600621944,33.0,33.0,22.0,-0.0017343032353138,-0.017343032353139,-0.049427642206448,0.158725,-0.1021999999999999,-0.0071749999999999,-0.2041015625,-0.3974609375,-2.3203125,417.6303864948912,12.91748121861531,35.413333333333334,1.8030051970230572,36.3,1.7368875966768755,0.0,10.0,19.91686222627581,16.90360897960424,Good,9,6,2025-10-12 09:00:00+00:00,Normal
2025-10-12 09:48:18+00:00,435.40648600621944,20,32,32,25.0,73,1010.18,25.59,-0.1176798,0.0,8.8652116,0.07,0.1925,0.3675,-71.435546875,-34.375,256.201171875,classroom_window_closed,run_1,0,2178,0,False,False,False,0,0,0,0,0,0,435.40648600621944,32.0,32.0,20.0,0.0416232776475337,-0.017343032353139,-0.0060700613235992,0.141225,0.0553,0.272825,-0.2041015625,-0.3974609375,-2.857421875,417.8956019546867,12.870939632616844,35.36666666666667,1.8001367087036342,36.25333333333333,1.7577695852951989,0.0,-5.0,19.820689031536304,16.80869759783463,Good,9,6,2025-10-12 09:00:00+00:00,Normal
2025-10-12 09:48:23+00:00,435.40648600621944,21,33,33,25.2,73,1010.21,25.34,-0.196133,0.0,8.8652116,-0.09625,0.07875,0.5337500000000001,-72.509765625,-33.837890625,258.88671875,classroom_window_closed,run_1,0,2178,0,False,False,False,0,0,0,0,0,0,435.40648600621944,33.0,33.0,21.0,-0.0450918841181615,-0.017343032353139,-0.0060700613235992,-0.0250249999999999,-0.0584499999999999,0.4390750000000001,-1.2783203125,0.1396484375,-0.171875,418.1608174144824,12.81870626812829,35.333333333333336,1.7973383253935222,36.22,1.771777252047369,0.0,5.0,20.013034035244704,16.99898270867744,Good,9,6,2025-10-12 09:00:00+00:00,Normal
2025-10-12 09:48:28+00:00,435.40648600621944,20,33,33,25.6,73,1010.13,26.01,-0.1176798,0.0392266,8.9044382,-0.21875,-0.09625,0.21,-69.82421875,-34.912109375,276.07421875,classroom_window_closed,run_1,0,2178,0,False,False,False,0,0,0,0,0,0,435.40648600621944,33.0,33.0,20.0,0.0416232776475337,0.0260145485297086,0.0372875195592475,-0.147525,-0.23345,0.115325,1.4072265625,-0.9345703125,17.015625,418.42603287427806,12.760711230943702,35.306666666666665,1.8021116125207344,36.18666666666667,1.7850485176293869,0.0,0.0,20.39770741401319,17.385138467754402,Good,9,6,2025-10-12 09:00:00+00:00,Normal
2025-10-12 09:48:34+00:00,435.40648600621944,20,32,33,25.5,73,1010.14,25.93,-0.1569064,0.0392266,8.9044382,0.11375,0.1575,0.0525,-69.82421875,-34.912109375,276.07421875,classroom_window_closed,run_1,0,2178,0,False,False,False,0,0,0,0,0,0,435.40648600621944,32.0,33.0,20.0,-0.0017343032353138,0.0260145485297086,0.0372875195592475,0.184975,0.0203,-0.0421749999999999,1.4072265625,-0.9345703125,17.015625,418.68325188804977,12.711109874638368,35.28666666666667,1.8220744379060565,36.166666666666664,1.8038611334618757,0.0,-5.0,20.30154114782723,17.287896650184116,Good,9,6,2025-10-12 09:00:00+00:00,Normal
2025-10-12 09:48:39+00:00,436.8058640604176,21,33,33,25.7,73,1010.14,25.93,-0.1176798,0.0392266,8.8652116,-0.14875,-0.09625,-0.02625,-70.361328125,-33.837890625,261.572265625,classroom_window_closed,run_1,0,2185,0,False,False,False,0,0,0,0,0,0,436.8058640604176,33.0,33.0,21.0,0.0416232776475337,0.0260145485297086,-0.0060700613235992,-0.0775249999999999,-0.23345,-0.1209249999999999,0.8701171875,0.1396484375,2.513671875,418.9498000888494,12.66878100378501,35.266666666666666,1.830636617424634,36.14666666666667,1.8222585980618493,6.996890270990832,5.0,20.493872294578285,17.482852011125654,Good,9,6,2025-10-12 09:00:00+00:00,Normal
2025-10-12 09:48:44+00:00,436.8058640604176,21,33,33,25.0,73,1010.14,25.93,-0.1569064,0.0,8.9044382,-0.02625,0.18375,0.21,-70.8984375,-34.912109375,258.349609375,classroom_window_closed,run_1,0,2185,0,False,False,False,0,0,0,0,0,0,436.8058640604176,33.0,33.0,21.0,-0.0017343032353138,-0.017343032353139,0.0372875195592475,0.044975,0.04655,0.115325,0.3330078125,-0.9345703125,-0.708984375,419.21634828964903,12.620644216846884,35.25333333333333,1.839852148519443,36.13333333333333,1.8379543146226096,0.0,0.0,19.820689031536304,16.80869759783463,Good,9,6,2025-10-12 09:00:00+00:00,Normal
2025-10-12 09:48:50+00:00,436.8058640604176,21,34,34,25.2,73,1010.13,26.01,-0.1569064,0.0,8.9044382,-0.13125,0.1575,-0.0175,-71.435546875,-32.763671875,265.869140625,classroom_window_closed,run_1,0,2185,0,False,False,False,0,0,0,0,0,0,436.8058640604176,34.0,34.0,21.0,-0.0017343032353138,-0.017343032353139,0.0372875195592475,-0.0600249999999999,0.0203,-0.1121749999999999,-0.2041015625,1.2138671875,6.810546875,419.4828964904487,12.566632771917437,35.24,1.841650849740246,36.12,1.8461641713702095,0.0,5.0,20.013034035244704,16.99898270867744,Good,9,6,2025-10-12 09:00:00+00:00,Normal
2025-10-12 09:48:55+00:00,436.8058640604176,21,36,36,25.5,73,1010.08,26.43,-0.196133,-0.0392266,8.9044382,-0.21875,0.06125,0.2625,-71.435546875,-32.763671875,265.869140625,classroom_window_closed,run_1,0,2185,0,False,False,False,0,0,0,0,0,0,436.8058640604176,36.0,36.0,21.0,-0.0450918841181615,-0.0607006132359867,0.0372875195592475,-0.147525,-0.0759499999999999,0.167825,-0.2041015625,1.2138671875,6.810546875,419.7494446912483,12.506670558140554,35.25333333333333,1.839852148519443,36.13333333333333,1.8379543146226096,0.0,10.0,20.30154114782723,17.287896650184116,Good,9,6,2025-10-12 09:00:00+00:00,Normal
2025-10-12 09:49:00+00:00,436.8058640604176,20,36,36,25.8,73,1010.2,25.42,-0.1176798,0.0,8.825985,0.1225,0.2275,-0.21875,-71.435546875,-32.763671875,265.869140625,classroom_window_closed,run_1,0,2185,0,False,False,False,0,0,0,0,0,0,436.8058640604176,36.0,36.0,20.0,0.0416232776475337,-0.017343032353139,-0.049427642206448,0.193725,0.0903,-0.3134249999999999,-0.2041015625,1.2138671875,6.810546875,420.007996446024,12.455279609446771,35.266666666666666,1.8379543146225912,36.13333333333333,1.8379543146226096,0.0,0.0,20.590035789552463,17.581039173349833,Good,9,6,2025-10-12 09:00:00+00:00,Normal
2025-10-12 09:49:06+00:00,436.8058640604176,20,36,36,25.5,73,1010.13,26.01,-0.1176798,0.0,8.825985,0.0525,0.04375,-0.06125,-70.8984375,-33.30078125,262.646484375,classroom_window_closed,run_1,0,2185,0,False,False,False,0,0,0,0,0,0,436.8058640604176,36.0,36.0,20.0,0.0416232776475337,-0.017343032353139,-0.049427642206448,0.123725,-0.0934499999999999,-0.1559249999999999,0.3330078125,0.6767578125,3.587890625,420.26654820079966,12.398248929877154,35.27333333333333,1.8387939827403033,36.13333333333333,1.8379543146226096,0.0,0.0,20.30154114782723,17.287896650184116,Good,9,6,2025-10-12 09:00:00+00:00,Normal
2025-10-12 09:49:11+00:00,436.8058640604176,21,36,37,25.9,73,1010.13,26.01,-0.1176798,-0.0392266,8.8652116,-0.07875,0.3325,-0.1575,-71.97265625,-34.375,259.9609375,classroom_window_closed,run_1,0,2185,0,False,False,False,0,0,0,0,0,0,436.8058640604176,36.0,37.0,21.0,0.0416232776475337,-0.0607006132359867,-0.0060700613235992,-0.0075249999999999,0.1953,-0.252175,-0.7412109375,-0.3974609375,0.90234375,420.5250999555753,12.33550029722986,35.266666666666666,1.8342991151521204,36.126666666666665,1.8329448439314535,0.0,0.0,20.686197898965684,17.679701853288954,Good,9,6,2025-10-12 09:00:00+00:00,Normal
2025-10-12 09:49:16+00:00,436.8058640604176,20,36,36,25.6,73,1010.13,26.01,-0.1176798,0.0392266,8.7867584,-0.06125,0.04375,0.105,-71.97265625,-32.763671875,256.73828125,classroom_window_closed,run_1,0,2185,0,False,False,False,0,0,0,0,0,0,436.8058640604176,36.0,36.0,20.0,0.0416232776475337,0.0260145485297086,-0.0927852230892948,0.009975,-0.0934499999999999,0.010325,-0.7412109375,1.2138671875,-2.3203125,420.775655264327,12.281477644526538,35.266666666666666,1.8342991151521204,36.12,1.8315651428445747,0.0,0.0,20.39770741401319,17.385138467754402,Good,9,6,2025-10-12 09:00:00+00:00,Normal
2025-10-12 09:49:22+00:00,436.8058640604176,21,37,37,25.4,73,1010.12,26.09,-0.196133,0.0784532,8.9044382,0.02625,0.21875,0.20125,-71.97265625,-32.763671875,256.73828125,classroom_window_closed,run_1,0,2185,0,False,False,False,0,0,0,0,0,0,436.8058640604176,37.0,37.0,21.0,-0.0450918841181615,0.0693721294125562,0.0372875195592475,0.097475,0.08155,0.106575,-0.7412109375,1.2138671875,-2.3203125,421.02621057307863,12.222046477589055,35.266666666666666,1.8342991151521204,36.11333333333334,1.8264891567762112,0.0,5.0,20.205373495990465,17.191124671161827,Good,9,6,2025-10-12 09:00:00+00:00,Normal
2025-10-12 09:49:27+00:00,436.8058640604176,21,37,37,25.2,73,1010.14,25.93,-0.196133,0.0,8.8652116,-0.0875,-0.0175,0.11375,-71.97265625,-31.689453125,258.88671875,classroom_window_closed,run_1,0,2185,0,False,False,False,0,0,0,0,0,0,436.8058640604176,37.0,37.0,21.0,-0.0450918841181615,-0.017343032353139,-0.0060700613235992,-0.0162749999999999,-0.1547,0.019075,-0.7412109375,2.2880859375,-0.171875,421.27676588183033,12.15712747671026,35.266666666666666,1.8342991151521204,36.10666666666667,1.821374459494881,0.0,0.0,20.013034035244704,16.99898270867744,Good,9,6,2025-10-12 09:00:00+00:00,Normal
2025-10-12 09:49:32+00:00,438.005330964016,20,35,36,25.6,73,1010.14,25.93,-0.196133,0.0784532,8.9044382,-0.14875,0.21,-0.00875,-71.435546875,-32.2265625,256.201171875,classroom_window_closed,run_1,0,2191,0,False,False,False,0,0,0,0,0,0,438.005330964016,35.0,36.0,20.0,-0.0450918841181615,0.0693721294125562,0.0372875195592475,-0.0775249999999999,0.0728,-0.1034249999999999,-0.2041015625,1.7509765625,-2.857421875,421.5353176366059,12.097200410263529,35.26,1.833432984885756,36.1,1.8199122332993969,5.997334517992101,-10.0,20.39770741401319,17.385138467754402,Good,9,6,2025-10-12 09:00:00+00:00,Normal
2025-10-12 09:49:38+00:00,438.005330964016,21,34,36,25.4,73,1010.09,26.34,-0.2745862,0.0,8.7867584,-0.21,0.0875,-0.105,-71.435546875,-33.837890625,263.720703125,classroom_window_closed,run_1,0,2191,0,False,False,False,0,0,0,0,0,0,438.005330964016,34.0,36.0,21.0,-0.1318070458838569,-0.017343032353139,-0.0927852230892948,-0.1387749999999999,-0.0496999999999999,-0.199675,-0.2041015625,0.1396484375,4.662109375,421.7858729453576,12.046072164238556,35.25333333333333,1.8362007269412743,36.1,1.8199122332993969,0.0,-5.0,20.205373495990465,17.191124671161827,Good,9,6,2025-10-12 09:00:00+00:00,Normal
2025-10-12 09:49:43+00:00,438.005330964016,20,33,36,25.3,73,1010.1,26.26,-0.1569064,0.0,8.8652116,-0.06125,0.27125,0.0875,-69.287109375,-31.15234375,273.92578125,classroom_window_closed,run_1,0,2191,0,False,False,False,0,0,0,0,0,0,438.005330964016,33.0,36.0,20.0,-0.0017343032353138,-0.017343032353139,-0.0060700613235992,0.009975,0.13405,-0.0071749999999999,1.9443359375,2.8251953125,14.8671875,422.0364282541093,11.989455901887316,35.233333333333334,1.8443334827318252,36.1,1.8199122332993969,0.0,-5.0,20.10920445847294,17.094820649222385,Good,9,6,2025-10-12 09:00:00+00:00,Normal
2025-10-12 09:49:48+00:00,438.005330964016,20,35,37,25.7,73,1010.06,26.59,-0.1176798,0.0392266,8.7867584,0.27125,0.3325,0.1225,-69.287109375,-31.15234375,273.92578125,classroom_window_closed,run_1,0,2191,0,False,False,False,0,0,0,0,0,0,438.005330964016,35.0,37.0,20.0,0.0416232776475337,0.0260145485297086,-0.0927852230892948,0.342475,0.1953,0.027825,1.9443359375,2.8251953125,14.8671875,422.28698356286094,11.927273472082916,35.24,1.841650849740246,36.10666666666667,1.821374459494881,0.0,10.0,20.493872294578285,17.482852011125654,Good,9,6,2025-10-12 09:00:00+00:00,Normal
2025-10-12 09:49:54+00:00,438.005330964016,21,36,37,25.1,73,1010.08,26.43,-0.1569064,0.0,8.9044382,-0.02625,0.07875,0.3325,-70.361328125,-32.763671875,259.423828125,classroom_window_closed,run_1,0,2191,0,False,False,False,0,0,0,0,0,0,438.005330964016,36.0,37.0,21.0,-0.0017343032353138,-0.017343032353139,0.0372875195592475,0.044975,-0.0584499999999999,0.237825,0.8701171875,1.2138671875,0.365234375,422.53753887161264,11.859437320113454,35.25333333333333,1.839852148519443,36.126666666666665,1.8145447657567364,0.0,5.0,19.91686222627581,16.90360897960424,Good,9,6,2025-10-12 09:00:00+00:00,Normal
2025-10-12 09:49:59+00:00,438.005330964016,22,36,36,25.9,73,1010.11,26.18,-0.1569064,-0.0392266,8.825985,-0.175,-0.035,0.28875,-70.361328125,-33.837890625,258.88671875,classroom_window_closed,run_1,0,2191,0,False,False,False,0,0,0,0,0,0,438.005330964016,36.0,36.0,22.0,-0.0017343032353138,-0.0607006132359867,-0.049427642206448,-0.1037749999999999,-0.1722,0.194075,0.8701171875,0.1396484375,-0.171875,422.7800977343403,11.800704828739496,35.27333333333333,1.8314796404486875,36.14666666666667,1.7962924780410103,0.0,0.0,20.686197898965684,17.679701853288954,Good,9,6,2025-10-12 09:00:00+00:00,Normal
2025-10-12 09:50:04+00:00,438.005330964016,22,33,36,25.3,73,1010.08,26.43,-0.1569064,0.0,8.8652116,-0.02625,-0.13125,-0.0175,-70.8984375,-34.375,260.498046875,classroom_window_closed,run_1,0,2191,0,False,False,False,0,0,0,0,0,0,438.005330964016,33.0,36.0,22.0,-0.0017343032353138,-0.017343032353139,-0.0060700613235992,0.044975,-0.2684499999999999,-0.1121749999999999,0.3330078125,-0.3974609375,1.439453125,423.022656597068,11.736633078856627,35.27333333333333,1.8314796404486875,36.166666666666664,1.7776262985427336,0.0,-15.0,20.10920445847294,17.094820649222385,Good,9,6,2025-10-12 09:00:00+00:00,Normal
2025-10-12 09:50:10+00:00,438.005330964016,22,34,37,25.2,73,1010.11,26.18,-0.2353596,0.0392266,8.7867584,-0.32375,0.20125,-0.02625,-70.8984375,-34.375,260.498046875,classroom_window_closed,run_1,0,2191,0,False,False,False,0,0,0,0,0,0,438.005330964016,34.0,37.0,22.0,-0.0884494650010092,0.0260145485297086,-0.0927852230892948,-0.252525,0.06405,-0.1209249999999999,0.3330078125,-0.3974609375,1.439453125,423.2652154597957,11.66713410687165,35.26,1.8334329848857556,36.17333333333333,1.7788717737577608,0.0,5.0,20.013034035244704,16.99898270867744,Good,9,6,2025-10-12 09:00:00+00:00,Normal
2025-10-12 09:50:15+00:00,438.005330964016,22,33,36,25.1,73,1010.19,25.51,-0.1176798,0.0,8.825985,0.21875,0.32375,-0.1225,-70.8984375,-34.375,260.498046875,classroom_window_closed,run_1,0,2191,0,False,False,False,0,0,0,0,0,0,438.005330964016,33.0,36.0,22.0,0.0416232776475337,-0.017343032353139,-0.049427642206448,0.289975,0.18655,-0.2171749999999999,0.3330078125,-0.3974609375,1.439453125,423.50777432252335,11.592110298607585,35.233333333333334,1.837041196582649,36.166666666666664,1.7776262985427336,0.0,-5.0,19.91686222627581,16.90360897960424,Good,9,6,2025-10-12 09:00:00+00:00,Normal
2025-10-12 09:50:20+00:00,438.005330964016,22,35,37,25.9,73,1010.11,26.18,-0.1569064,0.0,8.7475318,0.0875,0.3675,0.04375,-70.8984375,-32.2265625,265.869140625,classroom_window_closed,run_1,0,2191,0,False,False,False,0,0,0,0,0,0,438.005330964016,35.0,37.0,22.0,-0.0017343032353138,-0.017343032353139,-0.1361428039721416,0.158725,0.2303,-0.0509249999999999,0.3330078125,1.7509765625,6.810546875,423.75033318525095,11.511453633220276,35.233333333333334,1.837041196582649,36.18,1.7763169799962126,0.0,10.0,20.686197898965684,17.679701853288954,Good,9,6,2025-10-12 09:00:00+00:00,Normal
2025-10-12 09:50:26+00:00,438.005330964016,22,35,37,25.2,73,1010.07,26.51,-0.1569064,0.0784532,8.6690786,0.00875,0.1575,-0.20125,-70.361328125,-34.375,258.88671875,classroom_window_closed,run_1,0,2191,0,False,False,False,0,0,0,0,0,0,438.005330964016,35.0,37.0,22.0,-0.0017343032353138,0.0693721294125562,-0.2228579657378372,0.079975,0.0203,-0.295925,0.8701171875,-0.3974609375,-0.171875,423.9928920479786,11.425044813558358,35.24666666666667,1.8279583603949472,36.193333333333335,1.7749058644729694,0.0,0.0,20.013034035244704,16.99898270867744,Good,9,6,2025-10-12 09:00:00+00:00,Normal
2025-10-12 09:50:31+00:00,439.40470901821413,23,37,38,25.7,73,1010.13,26.01,-0.196133,-0.0392266,8.9044382,-0.1925,0.16625,0.0525,-71.435546875,-31.689453125,285.7421875,classroom_window_closed,run_1,0,2198,0,False,False,False,0,0,0,0,0,0,439.40470901821413,37.0,38.0,23.0,-0.0450918841181615,-0.0607006132359867,0.0372875195592475,-0.121275,0.02905,-0.0421749999999999,-0.2041015625,2.2880859375,26.68359375,424.2447800977343,11.344733441240674,35.26,1.8334329848857556,36.20666666666666,1.780945630222229,6.996890270990548,10.0,20.493872294578285,17.482852011125654,Good,9,6,2025-10-12 09:00:00+00:00,Normal
2025-10-12 09:50:36+00:00,439.40470901821413,23,38,39,25.0,73,1010.06,26.59,-0.1176798,-0.0392266,8.9044382,-0.1575,0.07,0.25375,-71.435546875,-31.689453125,285.7421875,classroom_window_closed,run_1,0,2198,0,False,False,False,0,0,0,0,0,0,439.40470901821413,38.0,39.0,23.0,0.0416232776475337,-0.0607006132359867,0.0372875195592475,-0.0862749999999999,-0.0671999999999999,0.159075,-0.2041015625,2.2880859375,26.68359375,424.4886717014661,11.274091229208016,35.28,1.846891093543248,36.22666666666667,1.7953955525612304,0.0,5.0,19.820689031536304,16.80869759783463,Good,9,6,2025-10-12 09:00:00+00:00,Normal
2025-10-12 09:50:42+00:00,439.40470901821413,23,38,39,25.1,73,1010.14,25.93,-0.0392266,0.0,8.825985,0.0525,0.25375,0.11375,-71.435546875,-32.763671875,263.18359375,classroom_window_closed,run_1,0,2198,0,False,False,False,0,0,0,0,0,0,439.40470901821413,38.0,39.0,23.0,0.1283384394132291,-0.017343032353139,-0.049427642206448,0.123725,0.1165499999999999,0.019075,-0.2041015625,1.2138671875,4.125,424.7325633051977,11.1976571021084,35.306666666666665,1.857134498592193,36.24,1.8085553580749256,0.0,0.0,19.91686222627581,16.90360897960424,Good,9,6,2025-10-12 09:00:00+00:00,Normal
2025-10-12 09:50:47+00:00,439.40470901821413,22,36,38,25.9,73,1010.04,26.76,-0.1569064,0.0,8.9044382,-0.14875,0.32375,0.27125,-70.8984375,-33.837890625,267.48046875,classroom_window_closed,run_1,0,2198,0,False,False,False,0,0,0,0,0,0,439.40470901821413,36.0,38.0,22.0,-0.0017343032353138,-0.017343032353139,0.0372875195592475,-0.0775249999999999,0.18655,0.176575,0.3330078125,0.1396484375,8.421875,424.9764549089294,11.115311576761368,35.32666666666667,1.8482593540466683,36.25333333333333,1.8141378660035887,0.0,-10.0,20.686197898965684,17.679701853288954,Good,9,6,2025-10-12 09:00:00+00:00,Normal
2025-10-12 09:50:52+00:00,439.40470901821413,22,36,38,25.5,73,1010.14,25.93,-0.0784532,0.0392266,8.825985,0.245,0.14,0.37625,-69.82421875,-33.30078125,259.423828125,classroom_window_closed,run_1,0,2198,0,False,False,False,0,0,0,0,0,0,439.40470901821413,36.0,38.0,22.0,0.0849808585303814,0.0260145485297086,-0.049427642206448,0.316225,0.0028,0.281575,1.4072265625,0.6767578125,0.365234375,425.2203465126611,11.02692222067268,35.34,1.8458369629952995,36.25333333333333,1.8141378660035887,0.0,0.0,20.30154114782723,17.287896650184116,Good,9,6,2025-10-12 09:00:00+00:00,Normal
2025-10-12 09:50:58+00:00,439.40470901821413,22,36,38,25.8,73,1010.11,26.18,-0.2353596,0.0,8.8652116,-0.14875,0.315,0.16625,-70.361328125,-31.15234375,236.865234375,classroom_window_closed,run_1,0,2198,0,False,False,False,0,0,0,0,0,0,439.40470901821413,36.0,38.0,22.0,-0.0884494650010092,-0.017343032353139,-0.0060700613235992,-0.0775249999999999,0.1778,0.071575,0.8701171875,2.8251953125,-22.193359375,425.45624167036874,10.948559392696524,35.35333333333333,1.8433142993705556,36.25333333333333,1.8141378660035887,0.0,0.0,20.590035789552463,17.581039173349833,Good,9,6,2025-10-12 09:00:00+00:00,Normal
2025-10-12 09:51:03+00:00,439.40470901821413,23,36,37,25.8,73,1010.17,25.67,-0.1569064,0.0392266,8.825985,-0.02625,0.28875,-1.7675,-70.361328125,-31.15234375,236.865234375,classroom_window_closed,run_1,0,2198,0,False,False,False,0,0,0,0,0,0,439.40470901821413,36.0,37.0,23.0,-0.0017343032353138,0.0260145485297086,-0.049427642206448,0.044975,0.15155,-1.862175,0.8701171875,2.8251953125,-22.193359375,425.6921368280764,10.864476605246775,35.35333333333333,1.8433142993705556,36.24666666666667,1.809507577596215,0.0,0.0,20.590035789552463,17.581039173349833,Good,9,6,2025-10-12 09:00:00+00:00,Normal
2025-10-12 09:51:08+00:00,439.40470901821413,23,36,36,25.6,73,1010.11,26.18,-0.196133,0.0392266,8.8652116,0.00875,0.1925,-0.48125,-71.97265625,-32.763671875,261.03515625,classroom_window_closed,run_1,0,2198,0,False,False,False,0,0,0,0,0,0,439.40470901821413,36.0,36.0,23.0,-0.0450918841181615,0.0260145485297086,-0.0060700613235992,0.079975,0.0553,-0.575925,-0.7412109375,1.2138671875,1.9765625,425.92803198578406,10.774539946207383,35.346666666666664,1.8391224441709213,36.22666666666667,1.7953955525612304,0.0,0.0,20.39770741401319,17.385138467754402,Good,9,6,2025-10-12 09:00:00+00:00,Normal
2025-10-12 09:51:14+00:00,439.40470901821413,23,34,34,25.5,73,1010.15,25.84,-0.1569064,0.0392266,8.7867584,0.0175,0.46375,0.2625,-70.361328125,-33.30078125,259.9609375,classroom_window_closed,run_1,0,2198,0,False,False,False,0,0,0,0,0,0,439.40470901821413,34.0,34.0,23.0,-0.0017343032353138,0.0260145485297086,-0.0927852230892948,0.088725,0.32655,0.167825,0.8701171875,0.6767578125,0.90234375,426.1559306974678,10.694827031782856,35.333333333333336,1.841602259292637,36.2,1.7985825888346374,0.0,-10.0,20.30154114782723,17.287896650184116,Good,9,6,2025-10-12 09:00:00+00:00,Normal
2025-10-12 09:51:19+00:00,439.40470901821413,23,34,36,25.1,73,1010.07,26.51,-0.196133,-0.0392266,7.3746008,0.06125,0.16625,0.0175,-69.287109375,-33.837890625,264.794921875,classroom_window_closed,run_1,0,2198,0,False,False,False,0,0,0,0,0,0,439.40470901821413,34.0,36.0,23.0,-0.0450918841181615,-0.0607006132359867,-1.6536581348718111,0.132475,0.02905,-0.0771749999999999,1.9443359375,0.1396484375,5.736328125,426.38382940915153,10.609588428847276,35.32666666666667,1.844624574548724,36.2,1.7985825888346374,0.0,0.0,19.91686222627581,16.90360897960424,Good,9,6,2025-10-12 09:00:00+00:00,Normal
2025-10-12 09:51:25+00:00,439.40470901821413,22,35,36,25.9,73,1010.09,26.34,-0.196133,0.0392266,8.8652116,-0.105,0.14,0.09625,-71.435546875,-33.30078125,292.1875,classroom_window_closed,run_1,0,2198,0,False,False,False,0,0,0,0,0,0,439.40470901821413,35.0,36.0,22.0,-0.0450918841181615,0.0260145485297086,-0.0060700613235992,-0.0337749999999999,0.0028,0.001575,-0.2041015625,0.6767578125,33.12890625,426.6117281208351,10.518689805377322,35.333333333333336,1.841602259292637,36.2,1.7985825888346374,0.0,5.0,20.686197898965684,17.679701853288954,Good,9,6,2025-10-12 09:00:00+00:00,Normal
2025-10-12 09:51:30+00:00,439.40470901821413,21,36,36,25.4,73,1010.03,26.84,-0.1569064,0.0,8.7867584,-0.30625,0.46375,-0.23625,-71.435546875,-33.30078125,292.1875,classroom_window_closed,run_1,0,2198,0,False,False,False,0,0,0,0,0,0,439.40470901821413,36.0,36.0,21.0,-0.0017343032353138,-0.017343032353139,-0.0927852230892948,-0.235025,0.32655,-0.3309249999999999,-0.2041015625,0.6767578125,33.12890625,426.8396268325189,10.421983065444392,35.35333333333333,1.8323589031322771,36.22,1.779337030597751,0.0,5.0,20.205373495990465,17.191124671161827,Good,9,6,2025-10-12 09:00:00+00:00,Normal
2025-10-12 09:51:35+00:00,439.40470901821413,21,35,35,25.0,73,1010.09,26.34,-0.196133,0.0392266,8.8652116,-0.20125,0.1225,-0.28875,-71.97265625,-32.763671875,269.091796875,classroom_window_closed,run_1,0,2198,0,False,False,False,0,0,0,0,0,0,439.40470901821413,35.0,35.0,21.0,-0.0450918841181615,0.0260145485297086,-0.0060700613235992,-0.130025,-0.0146999999999999,-0.383425,-0.7412109375,1.2138671875,10.033203125,427.06752554420257,10.31930491910733,35.36666666666667,1.8223690852223184,36.22666666666667,1.772824942684688,0.0,-5.0,19.820689031536304,16.80869759783463,Good,9,6,2025-10-12 09:00:00+00:00,Normal
2025-10-12 09:51:41+00:00,440.6041759218125,22,34,36,25.8,73,1010.09,26.34,-0.1569064,0.0,8.825985,-0.13125,-0.035,-0.21,-71.435546875,-32.763671875,264.2578125,classroom_window_closed,run_1,0,2204,0,False,False,False,0,0,0,0,0,0,440.6041759218125,34.0,36.0,22.0,-0.0017343032353138,-0.017343032353139,-0.049427642206448,-0.0600249999999999,-0.1722,-0.304675,-0.2041015625,1.2138671875,5.19921875,427.29542425588625,10.237391628637608,35.36666666666667,1.8223690852223184,36.22666666666667,1.772824942684688,5.997334517991817,-5.0,20.590035789552463,17.581039173349833,Good,9,6,2025-10-12 09:00:00+00:00,Normal
2025-10-12 09:51:46+00:00,440.6041759218125,22,33,34,25.4,73,1010.14,25.93,-0.1569064,0.0392266,9.022118,0.035,0.07875,-0.16625,-71.97265625,-33.30078125,270.166015625,classroom_window_closed,run_1,0,2204,0,False,False,False,0,0,0,0,0,0,440.6041759218125,33.0,34.0,22.0,-0.0017343032353138,0.0260145485297086,0.1673602622077919,0.106225,-0.0584499999999999,-0.2609249999999999,-0.7412109375,0.6767578125,11.107421875,427.52332296757,10.149667379038986,35.34,1.8275666882497008,36.20666666666666,1.7809456302222288,0.0,-5.0,20.205373495990465,17.191124671161827,Good,9,6,2025-10-12 09:00:00+00:00,Normal
2025-10-12 09:51:51+00:00,440.6041759218125,23,32,33,25.4,73,1010.15,25.84,-0.196133,0.0392266,8.8652116,-0.00875,0.25375,-0.0175,-70.8984375,-32.763671875,261.03515625,classroom_window_closed,run_1,0,2204,0,False,False,False,0,0,0,0,0,0,440.6041759218125,32.0,33.0,23.0,-0.0450918841181615,0.0260145485297086,-0.0060700613235992,0.062475,0.1165499999999999,-0.1121749999999999,0.3330078125,1.2138671875,1.9765625,427.7512216792537,10.055980094182711,35.306666666666665,1.8426223896103855,36.17333333333333,1.7938996802050742,0.0,-5.0,20.205373495990465,17.191124671161827,Good,9,6,2025-10-12 09:00:00+00:00,Normal
2025-10-12 09:51:57+00:00,440.6041759218125,23,33,34,25.9,73,1010.1,26.26,-0.1569064,0.0392266,8.7867584,-0.21,0.07,-0.07,-70.8984375,-32.763671875,261.03515625,classroom_window_closed,run_1,0,2204,0,False,False,False,0,0,0,0,0,0,440.6041759218125,33.0,34.0,23.0,-0.0017343032353138,0.0260145485297086,-0.0927852230892948,-0.1387749999999999,-0.0671999999999999,-0.164675,0.3330078125,1.2138671875,1.9765625,427.97912039093734,9.956161439355627,35.28666666666667,1.851307053842295,36.153333333333336,1.801329362453141,0.0,5.0,20.686197898965684,17.679701853288954,Good,9,6,2025-10-12 09:00:00+00:00,Normal
2025-10-12 09:52:02+00:00,440.6041759218125,23,34,36,25.0,73,1010.1,26.26,-0.2353596,0.0392266,8.8652116,0.2625,0.1925,0.0175,-70.361328125,-32.763671875,261.03515625,classroom_window_closed,run_1,0,2204,0,False,False,False,0,0,0,0,0,0,440.6041759218125,34.0,36.0,23.0,-0.0884494650010092,0.0260145485297086,-0.0060700613235992,0.333725,0.0553,-0.0771749999999999,0.8701171875,1.2138671875,1.9765625,428.1990226565971,9.867322770201262,35.28,1.854144640796198,36.153333333333336,1.801329362453141,0.0,5.0,19.820689031536304,16.80869759783463,Good,9,6,2025-10-12 09:00:00+00:00,Normal
2025-10-12 09:52:07+00:00,440.6041759218125,21,33,35,25.4,73,1010.14,25.93,-0.1176798,-0.0392266,8.9044382,0.035,0.09625,0.07875,-73.046875,-33.30078125,260.498046875,classroom_window_closed,run_1,0,2204,0,False,False,False,0,0,0,0,0,0,440.6041759218125,33.0,35.0,21.0,0.0416232776475337,-0.0607006132359867,0.0372875195592475,0.106225,-0.0409499999999999,-0.0159249999999999,-1.8154296875,0.6767578125,1.439453125,428.41892492225674,9.772696843550063,35.28,1.854144640796198,36.153333333333336,1.801329362453141,0.0,-5.0,20.205373495990465,17.191124671161827,Good,9,6,2025-10-12 09:00:00+00:00,Normal
2025-10-12 09:52:13+00:00,440.6041759218125,21,33,35,25.7,73,1010.12,26.09,-0.196133,-0.0392266,8.825985,-0.21,0.4025,0.07875,-71.435546875,-33.30078125,259.423828125,classroom_window_closed,run_1,0,2204,0,False,False,False,0,0,0,0,0,0,440.6041759218125,33.0,35.0,21.0,-0.0450918841181615,-0.0607006132359867,-0.049427642206448,-0.1387749999999999,0.2653,-0.0159249999999999,-0.2041015625,0.6767578125,0.365234375,428.6388271879165,9.672113804144113,35.28,1.854144640796198,36.166666666666664,1.785161307796758,0.0,0.0,20.493872294578285,17.482852011125654,Good,9,6,2025-10-12 09:00:00+00:00,Normal
2025-10-12 09:52:18+00:00,440.6041759218125,22,36,37,25.7,73,1010.1,26.26,-0.1176798,0.0392266,8.8652116,-0.0175,0.0525,0.06125,-71.435546875,-33.30078125,259.423828125,classroom_window_closed,run_1,0,2204,0,False,False,False,0,0,0,0,0,0,440.6041759218125,36.0,37.0,22.0,0.0416232776475337,0.0260145485297086,-0.0060700613235992,0.053725,-0.0847,-0.0334249999999999,-0.2041015625,0.6767578125,0.365234375,428.8587294535762,9.565385731086725,35.29333333333334,1.8520681951679177,36.18666666666667,1.7775130302495623,0.0,15.0,20.493872294578285,17.482852011125654,Good,9,6,2025-10-12 09:00:00+00:00,Normal
2025-10-12 09:52:23+00:00,440.6041759218125,22,36,37,25.2,73,1010.12,26.09,-0.1176798,0.0392266,8.825985,-0.32375,0.1225,-0.3675,-71.435546875,-32.2265625,257.275390625,classroom_window_closed,run_1,0,2204,0,False,False,False,0,0,0,0,0,0,440.6041759218125,36.0,37.0,22.0,0.0416232776475337,0.0260145485297086,-0.049427642206448,-0.252525,-0.0146999999999999,-0.462175,-0.2041015625,1.7509765625,-1.783203125,429.0706352732119,9.470050009924828,35.306666666666665,1.849892674799644,36.20666666666666,1.7696041595316772,0.0,0.0,20.013034035244704,16.99898270867744,Good,9,6,2025-10-12 09:00:00+00:00,Normal
2025-10-12 09:52:29+00:00,440.6041759218125,21,33,36,25.8,73,1010.15,25.84,-0.0784532,0.0,8.9044382,0.04375,0.06125,0.21,-72.509765625,-33.30078125,262.109375,classroom_window_closed,run_1,0,2204,0,False,False,False,0,0,0,0,0,0,440.6041759218125,33.0,36.0,21.0,0.0849808585303814,-0.017343032353139,0.0372875195592475,0.114975,-0.0759499999999999,0.115325,-1.2783203125,0.6767578125,3.05078125,429.2825410928476,9.368920925293663,35.306666666666665,1.849892674799644,36.22666666666667,1.7499632466578523,0.0,-15.0,20.590035789552463,17.581039173349833,Good,9,6,2025-10-12 09:00:00+00:00,Normal
2025-10-12 09:52:34+00:00,440.6041759218125,21,34,36,25.6,73,1010.07,26.51,-0.1569064,-0.0392266,8.8652116,-0.20125,0.035,-0.385,-71.97265625,-34.375,278.22265625,classroom_window_closed,run_1,0,2204,0,False,False,False,0,0,0,0,0,0,440.6041759218125,34.0,36.0,21.0,-0.0017343032353138,-0.0607006132359867,-0.0060700613235992,-0.130025,-0.1021999999999999,-0.4796749999999999,-0.7412109375,-0.3974609375,19.1640625,429.49444691248334,9.261808707064857,35.31333333333333,1.8433142993705545,36.24666666666667,1.7298666072120277,0.0,5.0,20.39770741401319,17.385138467754402,Good,9,6,2025-10-12 09:00:00+00:00,Normal
2025-10-12 09:52:39+00:00,440.6041759218125,21,33,34,25.6,73,1010.15,25.84,-0.196133,0.0,8.8652116,0.04375,0.0,-0.11375,-71.97265625,-34.375,278.22265625,classroom_window_closed,run_1,0,2204,0,False,False,False,0,0,0,0,0,0,440.6041759218125,33.0,34.0,21.0,-0.0450918841181615,-0.017343032353139,-0.0060700613235992,0.114975,-0.1372,-0.2084249999999999,-0.7412109375,-0.3974609375,19.1640625,429.70635273211906,9.148503203040802,35.28666666666667,1.8476782698333312,36.22666666666667,1.7384196582751392,0.0,-5.0,20.39770741401319,17.385138467754402,Good,9,6,2025-10-12 09:00:00+00:00,Normal
2025-10-12 09:52:45+00:00,440.6041759218125,21,33,34,25.7,73,1010.14,25.93,-0.1176798,0.0784532,8.9044382,-0.07,0.105,-0.175,-70.8984375,-33.837890625,257.275390625,classroom_window_closed,run_1,0,2204,0,False,False,False,0,0,0,0,0,0,440.6041759218125,33.0,34.0,21.0,0.0416232776475337,0.0693721294125562,0.0372875195592475,0.001225,-0.0321999999999999,-0.269675,0.3330078125,0.1396484375,-1.783203125,429.9102621057308,9.04702736532993,35.26,1.8516453775026191,36.20666666666666,1.7467003087765616,0.0,0.0,20.493872294578285,17.482852011125654,Good,9,6,2025-10-12 09:00:00+00:00,Normal
2025-10-12 09:52:50+00:00,440.6041759218125,21,33,33,25.1,73,1010.12,26.09,-0.0784532,0.0,8.9044382,0.0,0.09625,0.21875,-70.8984375,-32.2265625,266.943359375,classroom_window_closed,run_1,0,2204,0,False,False,False,0,0,0,0,0,0,440.6041759218125,33.0,33.0,21.0,0.0849808585303814,-0.017343032353139,0.0372875195592475,0.071225,-0.0409499999999999,0.124075,0.3330078125,1.7509765625,7.884765625,430.1141714793426,8.939719305934343,35.21333333333333,1.819309798571069,36.16,1.7381622633377238,0.0,0.0,19.91686222627581,16.90360897960424,Good,9,6,2025-10-12 09:00:00+00:00,Normal
2025-10-12 09:52:55+00:00,440.6041759218125,21,33,33,25.0,73,1010.1,26.26,-0.0784532,0.0392266,8.9436648,-0.1225,0.20125,-0.0875,-70.361328125,-33.30078125,264.794921875,classroom_window_closed,run_1,0,2204,0,False,False,False,0,0,0,0,0,0,440.6041759218125,33.0,33.0,21.0,0.0849808585303814,0.0260145485297086,0.0806451004420963,-0.0512749999999999,0.06405,-0.1821749999999999,0.8701171875,0.6767578125,5.736328125,430.3180808529542,8.826366308716604,35.166666666666664,1.7851613077967357,36.11333333333334,1.728314019855902,0.0,0.0,19.820689031536304,16.80869759783463,Good,9,6,2025-10-12 09:00:00+00:00,Normal
2025-10-12 09:53:01+00:00,440.6041759218125,21,32,32,25.2,73,1010.13,26.01,-0.1176798,0.0,8.8652116,-0.0875,0.07875,0.14,-71.97265625,-32.763671875,242.236328125,classroom_window_closed,run_1,0,2204,0,False,False,False,0,0,0,0,0,0,440.6041759218125,32.0,32.0,21.0,0.0416232776475337,-0.017343032353139,-0.0060700613235992,-0.0162749999999999,-0.0584499999999999,0.045325,-0.7412109375,1.2138671875,-16.822265625,430.513993780542,8.7251125707466,35.13333333333333,1.7973383253935178,36.08,1.759041838024185,0.0,-5.0,20.013034035244704,16.99898270867744,Good,9,6,2025-10-12 09:00:00+00:00,Normal
2025-10-12 09:53:06+00:00,440.6041759218125,21,31,31,25.7,73,1010.09,26.34,-0.2353596,0.0,8.8652116,-0.18375,0.13125,-0.09625,-71.97265625,-32.763671875,242.236328125,classroom_window_closed,run_1,0,2204,0,False,False,False,0,0,0,0,0,0,440.6041759218125,31.0,31.0,21.0,-0.0884494650010092,-0.017343032353139,-0.0060700613235992,-0.1125249999999999,-0.0059499999999999,-0.1909249999999999,-0.7412109375,1.2138671875,-16.822265625,430.7099067081297,8.618187604444769,35.086666666666666,1.813212754248652,36.03333333333333,1.8001367087036495,0.0,-5.0,20.493872294578285,17.482852011125654,Good,9,6,2025-10-12 09:00:00+00:00,Normal
2025-10-12 09:53:11+00:00,440.6041759218125,22,32,32,25.2,73,1010.06,26.59,-0.1176798,0.0784532,8.8652116,2.02125,0.04375,-0.14,-69.287109375,-32.763671875,256.73828125,classroom_window_closed,run_1,0,2204,0,False,False,False,0,0,0,0,0,0,440.6041759218125,32.0,32.0,22.0,0.0416232776475337,0.0693721294125562,-0.0060700613235992,2.0924750000000003,-0.0934499999999999,-0.234675,1.9443359375,1.2138671875,-2.3203125,430.9058196357174,8.505377525734113,35.04666666666667,1.8146927066825271,35.99333333333333,1.8226636849066369,0.0,5.0,20.013034035244704,16.99898270867744,Good,9,6,2025-10-12 09:00:00+00:00,Normal
2025-10-12 09:53:17+00:00,440.6041759218125,22,33,33,25.8,73,1010.15,25.84,-0.1176798,0.0,8.9044382,-0.00875,0.0,-0.07,-71.97265625,-33.30078125,263.18359375,classroom_window_closed,run_1,0,2204,0,False,False,False,0,0,0,0,0,0,440.6041759218125,33.0,33.0,22.0,0.0416232776475337,-0.017343032353139,0.0372875195592475,0.062475,-0.1372,-0.164675,-0.7412109375,0.6767578125,4.125,431.1017325633052,8.386444847596195,35.013333333333335,1.8059806188123064,35.96,1.831418564864836,0.0,5.0,20.590035789552463,17.581039173349833,Good,9,6,2025-10-12 09:00:00+00:00,Normal
2025-10-12 09:53:22+00:00,440.6041759218125,21,35,35,25.9,73,1010.09,26.34,-0.1569064,0.0392266,8.8652116,-0.07875,-0.02625,0.00875,-70.361328125,-33.837890625,259.423828125,classroom_window_closed,run_1,0,2204,0,False,False,False,0,0,0,0,0,0,440.6041759218125,35.0,35.0,21.0,-0.0017343032353138,0.0260145485297086,-0.0060700613235992,-0.0075249999999999,-0.1634499999999999,-0.0859249999999999,0.8701171875,0.1396484375,0.365234375,431.288316303865,8.283123842810744,34.99333333333333,1.789217018460824,35.94,1.8253619664945535,0.0,10.0,20.686197898965684,17.679701853288954,Good,9,6,2025-10-12 09:00:00+00:00,Normal
2025-10-12 09:53:27+00:00,440.6041759218125,21,35,35,25.3,73,1010.14,25.93,-0.196133,0.0,8.8652116,-0.16625,0.1575,-0.105,-70.8984375,-33.837890625,259.9609375,classroom_window_closed,run_1,0,2204,0,False,False,False,0,0,0,0,0,0,440.6041759218125,35.0,35.0,21.0,-0.0450918841181615,-0.017343032353139,-0.0060700613235992,-0.095025,0.0203,-0.199675,0.3330078125,0.1396484375,0.90234375,431.4749000444247,8.174211260374085,34.98,1.7815987089497722,35.92666666666667,1.8248716665981208,0.0,0.0,20.10920445847294,17.094820649222385,Good,9,6,2025-10-12 09:00:00+00:00,Normal
2025-10-12 09:53:33+00:00,440.6041759218125,23,36,37,25.3,73,1010.09,26.34,-0.196133,-0.0392266,8.9436648,-0.18375,-0.06125,-0.34125,-70.8984375,-33.837890625,259.9609375,classroom_window_closed,run_1,0,2204,0,False,False,False,0,0,0,0,0,0,440.6041759218125,36.0,37.0,23.0,-0.0450918841181615,-0.0607006132359867,0.0806451004420963,-0.1125249999999999,-0.19845,-0.435925,0.3330078125,0.1396484375,0.90234375,431.66148378498445,8.059480416468094,34.973333333333336,1.7758509319305014,35.92666666666667,1.8248716665981208,0.0,5.0,20.10920445847294,17.094820649222385,Good,9,6,2025-10-12 09:00:00+00:00,Normal
2025-10-12 09:53:38+00:00,440.6041759218125,23,34,36,25.5,73,1010.12,26.09,-0.0784532,0.0,8.825985,-0.20125,0.00875,0.245,-70.8984375,-31.689453125,252.978515625,classroom_window_closed,run_1,0,2204,0,False,False,False,0,0,0,0,0,0,440.6041759218125,34.0,36.0,23.0,0.0849808585303814,-0.017343032353139,-0.049427642206448,-0.130025,-0.1284499999999999,0.150325,0.3330078125,2.2880859375,-6.080078125,431.8480675255442,7.938679056238422,34.96,1.7755989631254854,35.92,1.8227496008455415,0.0,-10.0,20.30154114782723,17.287896650184116,Good,9,6,2025-10-12 09:00:00+00:00,Normal
2025-10-12 09:53:43+00:00,440.6041759218125,22,33,35,25.0,73,1010.12,26.09,-0.196133,0.0,8.8652116,-0.0525,0.06125,0.18375,-70.361328125,-34.375,261.03515625,classroom_window_closed,run_1,0,2204,0,False,False,False,0,0,0,0,0,0,440.6041759218125,33.0,35.0,22.0,-0.0450918841181615,-0.017343032353139,-0.0060700613235992,0.018725,-0.0759499999999999,0.089075,0.8701171875,-0.3974609375,1.9765625,432.0266548200799,7.830890500331757,34.96,1.7755989631254854,35.92666666666667,1.8175012962770372,0.0,-5.0,19.820689031536304,16.80869759783463,Good,9,6,2025-10-12 09:00:00+00:00,Normal
2025-10-12 09:53:49+00:00,440.6041759218125,22,35,35,0.0,0,1010.11,26.18,0.0,0.1569064,8.9044382,-0.02625,0.0525,0.245,-69.82421875,-33.30078125,258.349609375,classroom_window_closed,run_1,0,2204,0,False,False,False,0,0,0,0,0,0,440.6041759218125,35.0,35.0,22.0,0.1716960202960767,0.1560872911782516,0.0372875195592475,0.044975,-0.0847,0.150325,1.4072265625,0.6767578125,-0.708984375,432.20524211461566,7.717438173076183,34.98,1.7588510587823567,35.946666666666665,1.7903044871193234,0.0,10.0,-96.07763018544566,0.0,Good,9,6,2025-10-12 09:00:00+00:00,Normal
2025-10-12 09:53:54+00:00,440.6041759218125,22,35,35,25.8,73,1010.08,26.43,-0.196133,0.0,8.8652116,-0.3325,0.09625,0.0875,-69.82421875,-33.30078125,258.349609375,classroom_window_closed,run_1,0,2204,0,False,False,False,0,0,0,0,0,0,440.6041759218125,35.0,35.0,22.0,-0.0450918841181615,-0.017343032353139,-0.0060700613235992,-0.261275,-0.0409499999999999,-0.0071749999999999,1.4072265625,0.6767578125,-0.708984375,432.3838294091515,7.598068368944865,35.0,1.7417109539127953,35.96666666666667,1.76245963985078,0.0,0.0,20.590035789552463,17.581039173349833,Good,9,6,2025-10-12 09:00:00+00:00,Normal
2025-10-12 09:53:59+00:00,442.00355397601066,22,33,33,25.7,73,1010.12,26.09,-0.1569064,0.0,8.7867584,-0.3675,0.245,0.16625,-69.82421875,-33.30078125,258.349609375,classroom_window_closed,run_1,0,2211,0,False,False,False,0,0,0,0,0,0,442.00355397601066,33.0,33.0,22.0,-0.0017343032353138,-0.017343032353139,-0.0927852230892948,-0.2962749999999999,0.1078,0.071575,1.4072265625,0.6767578125,-0.708984375,432.5717458907153,7.483470265338734,34.986666666666665,1.7493495115746551,35.95333333333333,1.7773242337197144,6.996890270990832,-10.0,20.493872294578285,17.482852011125654,Good,9,6,2025-10-12 09:00:00+00:00,Normal
2025-10-12 09:54:05+00:00,442.00355397601066,21,32,33,25.2,73,1010.11,26.18,-0.196133,-0.0392266,8.8652116,0.00875,0.245,-0.0875,-71.435546875,-33.837890625,263.720703125,classroom_window_closed,run_1,0,2211,0,False,False,False,0,0,0,0,0,0,442.00355397601066,32.0,33.0,21.0,-0.0450918841181615,-0.0607006132359867,-0.0060700613235992,0.079975,0.1078,-0.1821749999999999,-0.2041015625,0.1396484375,4.662109375,432.751665926255,7.382288805775499,34.95333333333333,1.758342212940233,35.92666666666667,1.7914662236350107,0.0,-5.0,20.013034035244704,16.99898270867744,Good,9,6,2025-10-12 09:00:00+00:00,Normal
2025-10-12 09:54:10+00:00,442.00355397601066,22,32,33,25.8,73,1010.1,26.26,-0.1569064,-0.0392266,8.8652116,0.02625,0.30625,0.105,-71.97265625,-32.763671875,261.03515625,classroom_window_closed,run_1,0,2211,0,False,False,False,0,0,0,0,0,0,442.00355397601066,32.0,33.0,22.0,-0.0017343032353138,-0.0607006132359867,-0.0060700613235992,0.097475,0.16905,0.010325,-0.7412109375,1.2138671875,1.9765625,432.9315859617948,7.275223148478746,34.92666666666667,1.7726356468449098,35.906666666666666,1.8073179604847776,0.0,0.0,20.590035789552463,17.581039173349833,Good,9,6,2025-10-12 09:00:00+00:00,Normal
2025-10-12 09:54:15+00:00,442.00355397601066,20,32,32,25.7,73,1010.09,26.34,-0.1569064,0.0392266,8.9436648,-0.14,0.0175,0.11375,-71.435546875,-31.15234375,259.423828125,classroom_window_closed,run_1,0,2211,0,False,False,False,0,0,0,0,0,0,442.00355397601066,32.0,32.0,20.0,-0.0017343032353138,0.0260145485297086,0.0806451004420963,-0.068775,-0.1196999999999999,0.019075,-0.2041015625,2.8251953125,0.365234375,433.1115059973346,7.162009407774976,34.9,1.7864140527283088,35.88,1.8352257875463704,0.0,0.0,20.493872294578285,17.482852011125654,Good,9,6,2025-10-12 09:00:00+00:00,Normal
2025-10-12 09:54:21+00:00,442.00355397601066,21,34,34,25.2,73,1010.07,26.51,-0.196133,0.0,8.7867584,0.14,-0.0175,0.21875,-71.435546875,-31.15234375,259.423828125,classroom_window_closed,run_1,0,2211,0,False,False,False,0,0,0,0,0,0,442.00355397601066,34.0,34.0,21.0,-0.0450918841181615,-0.017343032353139,-0.0927852230892948,0.211225,-0.1547,0.124075,-0.2041015625,2.8251953125,0.365234375,433.2834295868503,7.062523221784784,34.9,1.7864140527283088,35.88,1.8352257875463704,0.0,10.0,20.013034035244704,16.99898270867744,Good,9,6,2025-10-12 09:00:00+00:00,Normal
2025-10-12 09:54:26+00:00,442.00355397601066,20,33,33,25.8,73,1010.07,26.51,-0.1569064,0.0,8.8652116,-0.315,0.02625,0.16625,-70.361328125,-33.30078125,263.18359375,classroom_window_closed,run_1,0,2211,0,False,False,False,0,0,0,0,0,0,442.00355397601066,33.0,33.0,20.0,-0.0017343032353138,-0.017343032353139,-0.0060700613235992,-0.243775,-0.11095,0.071575,0.8701171875,0.6767578125,4.125,433.4553531763661,6.957339834322416,34.9,1.7864140527283088,35.88,1.8352257875463704,0.0,-5.0,20.590035789552463,17.581039173349833,Good,9,6,2025-10-12 09:00:00+00:00,Normal
2025-10-12 09:54:31+00:00,442.00355397601066,21,36,36,25.8,73,1010.13,26.01,-0.1569064,0.0,8.825985,0.0,0.35875,0.37625,-71.435546875,-33.837890625,257.8125,classroom_window_closed,run_1,0,2211,0,False,False,False,0,0,0,0,0,0,442.00355397601066,36.0,36.0,21.0,-0.0017343032353138,-0.017343032353139,-0.049427642206448,0.071225,0.22155,0.281575,-0.2041015625,0.1396484375,-1.24609375,433.62727676588185,6.8461966589528895,34.92,1.7817870525601784,35.9,1.819912233299392,0.0,15.0,20.590035789552463,17.581039173349833,Good,9,6,2025-10-12 09:00:00+00:00,Normal
2025-10-12 09:54:37+00:00,442.00355397601066,20,35,35,25.5,73,1010.11,26.18,-0.1569064,0.0,8.8652116,-0.035,0.175,0.0,-69.287109375,-34.912109375,261.03515625,classroom_window_closed,run_1,0,2211,0,False,False,False,0,0,0,0,0,0,442.00355397601066,35.0,35.0,20.0,-0.0017343032353138,-0.017343032353139,-0.0060700613235992,0.036225,0.0378,-0.0946749999999999,1.9443359375,-0.9345703125,1.9765625,433.7992003553976,6.728798379107077,34.906666666666666,1.7735819240066857,35.88666666666666,1.8191253398919944,0.0,-5.0,20.30154114782723,17.287896650184116,Good,9,6,2025-10-12 09:00:00+00:00,Normal
2025-10-12 09:54:42+00:00,442.00355397601066,20,33,35,25.0,73,1010.07,26.51,-0.1569064,0.0784532,8.7867584,-0.21,0.2625,0.385,-70.361328125,-34.912109375,261.03515625,classroom_window_closed,run_1,0,2211,0,False,False,False,0,0,0,0,0,0,442.00355397601066,33.0,35.0,20.0,-0.0017343032353138,0.0693721294125562,-0.0927852230892948,-0.1387749999999999,0.1253,0.290325,0.8701171875,-0.9345703125,1.9765625,433.96179475788534,6.629014080444459,34.88,1.7719666395877844,35.86666666666667,1.8122131031134896,0.0,-10.0,19.820689031536304,16.80869759783463,Good,9,6,2025-10-12 09:00:00+00:00,Normal
2025-10-12 09:54:47+00:00,442.00355397601066,21,34,36,25.3,73,1009.94,27.59,-0.1176798,0.0,8.8652116,-0.20125,0.14875,0.035,-70.361328125,-34.912109375,261.03515625,classroom_window_closed,run_1,0,2211,0,False,False,False,0,0,0,0,0,0,442.00355397601066,34.0,36.0,21.0,0.0416232776475337,-0.017343032353139,-0.0060700613235992,-0.130025,0.01155,-0.0596749999999999,0.8701171875,-0.9345703125,1.9765625,434.12438916037314,6.523626215004642,34.86,1.7647936548773189,35.85333333333333,1.803749512612709,0.0,5.0,20.10920445847294,17.094820649222385,Good,9,6,2025-10-12 09:00:00+00:00,Normal
2025-10-12 09:54:53+00:00,442.00355397601066,20,32,35,25.4,73,1010.06,26.59,-0.2353596,0.0,8.8652116,-0.04375,0.315,0.39375,-71.97265625,-33.837890625,256.201171875,classroom_window_closed,run_1,0,2211,0,False,False,False,0,0,0,0,0,0,442.00355397601066,32.0,35.0,20.0,-0.0884494650010092,-0.017343032353139,-0.0060700613235992,0.027475,0.1778,0.299075,-0.7412109375,0.1396484375,-2.857421875,434.286983562861,6.412358502904268,34.82,1.761139045690309,35.82666666666667,1.7864015296276343,0.0,-10.0,20.205373495990465,17.191124671161827,Good,9,6,2025-10-12 09:00:00+00:00,Normal
2025-10-12 09:54:58+00:00,442.00355397601066,21,33,36,25.0,73,1010.14,25.93,-0.1569064,-0.0392266,8.825985,-0.00875,-0.14,0.035,-70.8984375,-33.837890625,266.943359375,classroom_window_closed,run_1,0,2211,0,False,False,False,0,0,0,0,0,0,442.00355397601066,33.0,36.0,21.0,-0.0017343032353138,-0.0607006132359867,-0.049427642206448,0.062475,-0.2772,-0.0596749999999999,0.3330078125,0.1396484375,7.884765625,434.4415815193248,6.315622335117867,34.79333333333334,1.75818953047044,35.81333333333333,1.777513030249556,0.0,5.0,19.820689031536304,16.80869759783463,Good,9,6,2025-10-12 09:00:00+00:00,Normal
2025-10-12 09:55:04+00:00,442.00355397601066,20,32,33,25.7,73,1010.03,26.84,-0.2353596,0.0,8.825985,-0.0875,0.1575,0.1575,-70.8984375,-33.837890625,257.275390625,classroom_window_closed,run_1,0,2211,0,False,False,False,0,0,0,0,0,0,442.00355397601066,32.0,33.0,20.0,-0.0884494650010092,-0.017343032353139,-0.049427642206448,-0.0162749999999999,0.0203,0.062825,0.3330078125,0.1396484375,-1.783203125,434.5961794757886,6.21351008055566,34.766666666666666,1.7700592136103066,35.78666666666667,1.7895545794529948,0.0,-5.0,20.493872294578285,17.482852011125654,Good,9,6,2025-10-12 09:00:00+00:00,Normal
2025-10-12 09:55:09+00:00,442.00355397601066,20,32,33,0.0,0,1010.06,26.59,-0.1569064,0.0392266,8.825985,-0.0175,0.175,0.14875,-70.8984375,-33.837890625,290.0390625,classroom_window_closed,run_1,0,2211,0,False,False,False,0,0,0,0,0,0,442.00355397601066,32.0,33.0,20.0,-0.0017343032353138,0.0260145485297086,-0.049427642206448,0.053725,0.0378,0.054075,0.3330078125,0.1396484375,30.98046875,434.75077743225233,6.105752017053272,34.74666666666667,1.78429640097501,35.766666666666666,1.8038611334618688,0.0,0.0,-96.07763018544566,0.0,Good,9,6,2025-10-12 09:00:00+00:00,Normal
2025-10-12 09:55:14+00:00,442.00355397601066,21,33,34,25.2,73,1010.04,26.76,-0.1569064,0.0392266,8.8652116,-0.20125,0.13125,-0.02625,-70.361328125,-33.837890625,290.0390625,classroom_window_closed,run_1,0,2211,0,False,False,False,0,0,0,0,0,0,442.00355397601066,33.0,34.0,21.0,-0.0017343032353138,0.0260145485297086,-0.0060700613235992,-0.130025,-0.0059499999999999,-0.1209249999999999,0.8701171875,0.1396484375,30.98046875,434.89737894269217,6.0128148833398996,34.72666666666667,1.786964982274318,35.75333333333333,1.809507577596208,0.0,5.0,20.013034035244704,16.99898270867744,Good,9,6,2025-10-12 09:00:00+00:00,Normal
2025-10-12 09:55:20+00:00,443.4029320302088,21,34,36,25.6,73,1010.05,26.68,-0.196133,0.0,8.8652116,0.09625,0.21,-0.07,-70.361328125,-33.30078125,258.349609375,classroom_window_closed,run_1,0,2218,0,False,False,False,0,0,0,0,0,0,443.4029320302088,34.0,36.0,21.0,-0.0450918841181615,-0.017343032353139,-0.0060700613235992,0.167475,0.0728,-0.164675,0.8701171875,0.6767578125,-0.708984375,435.0533096401599,5.9269036056853155,34.70666666666666,1.778117044435933,35.74666666666667,1.806723708618486,6.996890270990548,5.0,20.39770741401319,17.385138467754402,Good,9,6,2025-10-12 09:00:00+00:00,Normal
2025-10-12 09:55:25+00:00,443.4029320302088,21,36,37,25.3,73,1010.11,26.18,-0.196133,0.0,8.8652116,-0.27125,0.35875,0.11375,-70.8984375,-34.912109375,258.88671875,classroom_window_closed,run_1,0,2218,0,False,False,False,0,0,0,0,0,0,443.4029320302088,36.0,37.0,21.0,-0.0450918841181615,-0.017343032353139,-0.0060700613235992,-0.2000249999999999,0.22155,0.019075,0.3330078125,-0.9345703125,-0.171875,435.2092403376277,5.835535515141916,34.7,1.7713226393340604,35.74666666666667,1.806723708618486,0.0,10.0,20.10920445847294,17.094820649222385,Good,9,6,2025-10-12 09:00:00+00:00,Normal
2025-10-12 09:55:30+00:00,443.4029320302088,21,36,36,25.2,73,1010.04,26.76,-0.1569064,0.0392266,8.825985,0.105,0.2275,0.035,-70.8984375,-34.375,258.349609375,classroom_window_closed,run_1,0,2218,0,False,False,False,0,0,0,0,0,0,443.4029320302088,36.0,36.0,21.0,-0.0017343032353138,0.0260145485297086,-0.049427642206448,0.176225,0.0903,-0.0596749999999999,0.3330078125,-0.3974609375,-0.708984375,435.3651710350955,5.7384499661062565,34.7,1.7713226393340604,35.74666666666667,1.806723708618486,0.0,0.0,20.013034035244704,16.99898270867744,Good,9,6,2025-10-12 09:00:00+00:00,Normal
2025-10-12 09:55:36+00:00,443.4029320302088,20,35,35,25.6,73,1010.05,26.68,-0.1176798,0.0,8.8652116,-0.14875,-0.02625,-0.09625,-70.8984375,-34.375,258.349609375,classroom_window_closed,run_1,0,2218,0,False,False,False,0,0,0,0,0,0,443.4029320302088,35.0,35.0,20.0,0.0416232776475337,-0.017343032353139,-0.0060700613235992,-0.0775249999999999,-0.1634499999999999,-0.1909249999999999,0.3330078125,-0.3974609375,-0.708984375,435.5131052865393,5.656601861048515,34.693333333333335,1.7682762495872972,35.74,1.8076273892933548,0.0,-5.0,20.39770741401319,17.385138467754402,Good,9,6,2025-10-12 09:00:00+00:00,Normal
2025-10-12 09:55:41+00:00,442.00355397601066,20,35,35,25.4,73,1010.14,25.93,-0.1176798,0.0392266,8.825985,-0.34125,0.105,-0.27125,-70.8984375,-34.375,258.349609375,classroom_window_closed,run_1,0,2211,0,False,False,False,0,0,0,0,0,0,442.00355397601066,35.0,35.0,20.0,0.0416232776475337,0.0260145485297086,-0.049427642206448,-0.2700249999999999,-0.0321999999999999,-0.3659249999999999,0.3330078125,-0.3974609375,-0.708984375,435.6517103509551,5.5577021187270335,34.693333333333335,1.7682762495872972,35.74,1.8076273892933548,-6.996890270990548,0.0,20.205373495990465,17.191124671161827,Good,9,6,2025-10-12 09:00:00+00:00,Normal
2025-10-12 09:55:46+00:00,442.00355397601066,22,36,36,25.7,73,1010.1,26.26,-0.1569064,-0.0784532,8.8652116,-0.07,0.1575,0.27125,-70.8984375,-34.375,253.515625,classroom_window_closed,run_1,0,2211,0,False,False,False,0,0,0,0,0,0,442.00355397601066,36.0,36.0,22.0,-0.0017343032353138,-0.1040581941188344,-0.0060700613235992,0.001225,0.0203,0.176575,0.3330078125,-0.3974609375,-5.54296875,435.78098622834295,5.477304854553598,34.7,1.7713226393340604,35.74666666666667,1.806723708618486,0.0,5.0,20.493872294578285,17.482852011125654,Good,9,6,2025-10-12 09:00:00+00:00,Normal
2025-10-12 09:55:52+00:00,440.6041759218125,22,35,36,25.6,73,1010.08,26.43,-0.1569064,0.0392266,8.9044382,0.0,0.09625,0.0525,-70.361328125,-33.837890625,261.03515625,classroom_window_closed,run_1,0,2204,0,False,False,False,0,0,0,0,0,0,440.6041759218125,35.0,36.0,22.0,-0.0017343032353138,0.0260145485297086,0.0372875195592475,0.071225,-0.0409499999999999,-0.0421749999999999,0.8701171875,0.1396484375,1.9765625,435.9009329187028,5.383180879627343,34.71333333333333,1.7659595055921955,35.766666666666666,1.792664645838284,-6.996890270990832,-5.0,20.39770741401319,17.385138467754402,Good,9,6,2025-10-12 09:00:00+00:00,Normal
2025-10-12 09:55:57+00:00,439.40470901821413,23,36,38,25.8,73,1010.11,26.18,-0.1176798,0.0392266,8.9044382,-0.28,-0.0525,-0.105,-71.435546875,-30.078125,255.6640625,classroom_window_closed,run_1,0,2198,0,False,False,False,0,0,0,0,0,0,439.40470901821413,36.0,38.0,23.0,0.0416232776475337,0.0260145485297086,0.0372875195592475,-0.208775,-0.1896999999999999,-0.199675,-0.2041015625,3.8994140625,-3.39453125,436.0128831630386,5.278563831545434,34.733333333333334,1.763411377643013,35.8,1.7873530352124745,-5.997334517991817,5.0,20.590035789552463,17.581039173349833,Good,9,6,2025-10-12 09:00:00+00:00,Normal
2025-10-12 09:56:02+00:00,440.6041759218125,22,36,37,25.2,73,1010.06,26.59,-0.1569064,0.0392266,8.8652116,0.00875,0.0525,0.0175,-71.435546875,-30.078125,255.6640625,classroom_window_closed,run_1,0,2204,0,False,False,False,0,0,0,0,0,0,440.6041759218125,36.0,37.0,22.0,-0.0017343032353138,0.0260145485297086,-0.0060700613235992,0.079975,-0.0847,-0.0771749999999999,-0.2041015625,3.8994140625,-3.39453125,436.12483340737447,5.195475490667312,34.733333333333334,1.763411377643013,35.806666666666665,1.7899670675485349,5.997334517991817,0.0,20.013034035244704,16.99898270867744,Good,9,6,2025-10-12 09:00:00+00:00,Normal
2025-10-12 09:56:08+00:00,440.6041759218125,23,37,37,25.4,73,1010.06,26.59,-0.1569064,0.0784532,8.825985,0.11375,0.0875,0.455,-70.8984375,-32.763671875,256.201171875,classroom_window_closed,run_1,0,2204,0,False,False,False,0,0,0,0,0,0,440.6041759218125,37.0,37.0,23.0,-0.0017343032353138,0.0693721294125562,-0.049427642206448,0.184975,-0.0496999999999999,0.360325,0.3330078125,1.2138671875,-2.857421875,436.2367836517104,5.108567419919691,34.733333333333334,1.763411377643013,35.806666666666665,1.7899670675485349,0.0,5.0,20.205373495990465,17.191124671161827,Good,9,6,2025-10-12 09:00:00+00:00,Normal
2025-10-12 09:56:13+00:00,440.6041759218125,23,34,36,25.3,73,1010.12,26.09,-0.1176798,0.0,8.8652116,-0.1575,0.07,0.0875,-70.361328125,-33.30078125,262.109375,classroom_window_closed,run_1,0,2204,0,False,False,False,0,0,0,0,0,0,440.6041759218125,34.0,36.0,23.0,0.0416232776475337,-0.017343032353139,-0.0060700613235992,-0.0862749999999999,-0.0671999999999999,-0.0071749999999999,0.8701171875,0.6767578125,3.05078125,436.3487338960462,5.017641144294813,34.72,1.7613295771077495,35.806666666666665,1.7899670675485349,0.0,-15.0,20.10920445847294,17.094820649222385,Good,9,6,2025-10-12 09:00:00+00:00,Normal
2025-10-12 09:56:18+00:00,442.00355397601066,23,33,37,25.3,73,1010.13,26.01,-0.196133,0.0392266,8.7867584,0.035,-0.06125,0.20125,-71.97265625,-32.763671875,252.978515625,classroom_window_closed,run_1,0,2211,0,False,False,False,0,0,0,0,0,0,442.00355397601066,33.0,37.0,23.0,-0.0450918841181615,0.0260145485297086,-0.0927852230892948,0.106225,-0.19845,0.106575,-0.7412109375,1.2138671875,-6.080078125,436.47001332741,4.931696972138241,34.68666666666667,1.7460854267971282,35.8,1.7835941392848595,6.996890270990832,-5.0,20.10920445847294,17.094820649222385,Good,9,6,2025-10-12 09:00:00+00:00,Normal
2025-10-12 09:56:24+00:00,442.00355397601066,22,33,37,25.4,73,1010.14,25.93,-0.1569064,0.0392266,8.9436648,-0.09625,0.1575,0.16625,-71.97265625,-34.375,250.830078125,classroom_window_closed,run_1,0,2211,0,False,False,False,0,0,0,0,0,0,442.00355397601066,33.0,37.0,22.0,-0.0017343032353138,0.0260145485297086,0.0806451004420963,-0.0250249999999999,0.0203,0.071575,-0.7412109375,-0.3974609375,-8.228515625,436.5832963127499,4.861375079926912,34.653333333333336,1.7300605826637196,35.79333333333334,1.7771731820550531,0.0,0.0,20.205373495990465,17.191124671161827,Good,9,6,2025-10-12 09:00:00+00:00,Normal
2025-10-12 09:56:29+00:00,442.00355397601066,21,32,36,25.3,73,1010.09,26.34,-0.1176798,-0.0392266,8.9044382,-0.02625,0.14875,0.49875,-71.97265625,-34.375,250.830078125,classroom_window_closed,run_1,0,2211,0,False,False,False,0,0,0,0,0,0,442.00355397601066,32.0,36.0,21.0,0.0416232776475337,-0.0607006132359867,0.0372875195592475,0.044975,0.01155,0.4040750000000001,-0.7412109375,-0.3974609375,-8.228515625,436.6965792980897,4.787323050039138,34.62,1.7327094041398163,35.78666666666667,1.7744898753369658,0.0,-5.0,20.10920445847294,17.094820649222385,Good,9,6,2025-10-12 09:00:00+00:00,Normal
2025-10-12 09:56:34+00:00,443.4029320302088,21,31,35,25.7,73,1010.08,26.43,-0.1569064,0.0784532,8.9044382,-0.2975,0.23625,0.0,-69.287109375,-33.837890625,257.8125,classroom_window_closed,run_1,0,2218,0,False,False,False,0,0,0,0,0,0,443.4029320302088,31.0,35.0,21.0,-0.0017343032353138,0.0693721294125562,0.0372875195592475,-0.2262749999999999,0.09905,-0.0946749999999999,1.9443359375,0.1396484375,-1.24609375,436.8191914704575,4.721094073920286,34.586666666666666,1.7539472900280644,35.78,1.7755611647207346,6.996890270990548,-5.0,20.493872294578285,17.482852011125654,Good,9,6,2025-10-12 09:00:00+00:00,Normal
2025-10-12 09:56:40+00:00,443.4029320302088,22,32,34,25.3,73,1010.11,26.18,-0.1569064,0.0392266,8.7475318,0.07,0.06125,0.2625,-70.361328125,-34.375,258.349609375,classroom_window_closed,run_1,0,2218,0,False,False,False,0,0,0,0,0,0,443.4029320302088,32.0,34.0,22.0,-0.0017343032353138,0.0260145485297086,-0.1361428039721416,0.141225,-0.0759499999999999,0.167825,0.8701171875,-0.3974609375,-0.708984375,436.9418036428254,4.6506695474218045,34.56666666666667,1.7662635140020235,35.766666666666666,1.7813977871499282,0.0,5.0,20.10920445847294,17.094820649222385,Good,9,6,2025-10-12 09:00:00+00:00,Normal
2025-10-12 09:56:45+00:00,443.4029320302088,22,33,36,25.5,73,1010.08,26.43,-0.2353596,0.0,8.825985,-0.245,0.385,-0.0175,-70.8984375,-33.837890625,263.720703125,classroom_window_closed,run_1,0,2218,0,False,False,False,0,0,0,0,0,0,443.4029320302088,33.0,36.0,22.0,-0.0884494650010092,-0.017343032353139,-0.049427642206448,-0.1737749999999999,0.2478,-0.1121749999999999,0.3330078125,0.1396484375,4.662109375,437.05508662816527,4.599090145566617,34.56666666666667,1.7662635140020235,35.76,1.7786202329013148,0.0,5.0,20.30154114782723,17.287896650184116,Good,9,6,2025-10-12 09:00:00+00:00,Normal
2025-10-12 09:56:50+00:00,443.4029320302088,23,36,38,25.8,73,1010.09,26.34,-0.196133,-0.0784532,8.825985,-0.035,0.11375,0.16625,-70.8984375,-33.837890625,263.720703125,classroom_window_closed,run_1,0,2218,0,False,False,False,0,0,0,0,0,0,443.4029320302088,36.0,38.0,23.0,-0.0450918841181615,-0.1040581941188344,-0.049427642206448,0.036225,-0.0234499999999999,0.071575,0.3330078125,0.1396484375,4.662109375,437.1683696135051,4.5440834906220795,34.586666666666666,1.7653893487196048,35.766666666666666,1.7851613077967512,0.0,15.0,20.590035789552463,17.581039173349833,Good,9,6,2025-10-12 09:00:00+00:00,Normal
2025-10-12 09:56:56+00:00,443.4029320302088,23,36,38,25.6,73,1010.11,26.18,-0.1569064,0.0392266,8.8652116,-0.1575,0.42875,-0.0875,-70.8984375,-33.837890625,263.720703125,classroom_window_closed,run_1,0,2218,0,False,False,False,0,0,0,0,0,0,443.4029320302088,36.0,38.0,23.0,-0.0017343032353138,0.0260145485297086,-0.0060700613235992,-0.0862749999999999,0.29155,-0.1821749999999999,0.3330078125,0.1396484375,4.662109375,437.28165259884497,4.485523497586994,34.586666666666666,1.7653893487196048,35.77333333333333,1.7916535299450826,0.0,0.0,20.39770741401319,17.385138467754402,Good,9,6,2025-10-12 09:00:00+00:00,Normal
2025-10-12 09:57:01+00:00,443.4029320302088,22,36,38,25.4,73,1010.06,26.59,-0.1569064,0.0,8.8652116,-0.14,0.09625,0.4725,-69.82421875,-34.375,258.88671875,classroom_window_closed,run_1,0,2218,0,False,False,False,0,0,0,0,0,0,443.4029320302088,36.0,38.0,22.0,-0.0017343032353138,-0.017343032353139,-0.0060700613235992,-0.068775,-0.0409499999999999,0.3778249999999999,1.4072265625,-0.3974609375,-0.171875,437.3949355841848,4.4232690399783205,34.58,1.758087734790673,35.77333333333333,1.7916535299450826,0.0,0.0,20.205373495990465,17.191124671161827,Good,9,6,2025-10-12 09:00:00+00:00,Normal
2025-10-12 09:57:06+00:00,443.4029320302088,23,37,39,25.2,73,1010.07,26.51,-0.1569064,0.0784532,8.825985,-0.105,0.23625,0.11375,-70.361328125,-34.375,258.349609375,classroom_window_closed,run_1,0,2218,0,False,False,False,0,0,0,0,0,0,443.4029320302088,37.0,39.0,23.0,-0.0017343032353138,0.0693721294125562,-0.049427642206448,-0.0337749999999999,0.09905,0.019075,0.8701171875,-0.3974609375,-0.708984375,437.50022212350063,4.37650710630761,34.58,1.758087734790673,35.78,1.8018260685227296,0.0,5.0,20.013034035244704,16.99898270867744,Good,9,6,2025-10-12 09:00:00+00:00,Normal
2025-10-12 09:57:12+00:00,442.00355397601066,24,39,39,25.2,73,1010.05,26.68,-0.1569064,0.0,8.8652116,-0.0525,0.35,0.09625,-70.361328125,-34.375,243.84765625,classroom_window_closed,run_1,0,2211,0,False,False,False,0,0,0,0,0,0,442.00355397601066,39.0,39.0,24.0,-0.0017343032353138,-0.017343032353139,-0.0060700613235992,0.018725,0.2128,0.001575,0.8701171875,-0.3974609375,-15.2109375,437.5961794757886,4.315571710256683,34.593333333333334,1.7839578450291609,35.78666666666667,1.811916804269132,-6.996890270990548,10.0,20.013034035244704,16.99898270867744,Good,9,6,2025-10-12 09:00:00+00:00,Normal
2025-10-12 09:57:17+00:00,442.00355397601066,24,37,37,25.3,73,1010.07,26.51,-0.1569064,0.0392266,8.7867584,-0.18375,0.105,0.315,-70.361328125,-34.375,243.84765625,classroom_window_closed,run_1,0,2211,0,False,False,False,0,0,0,0,0,0,442.00355397601066,37.0,37.0,24.0,-0.0017343032353138,0.0260145485297086,-0.0927852230892948,-0.1125249999999999,-0.0321999999999999,0.220325,0.8701171875,-0.3974609375,-15.2109375,437.6921368280764,4.25158378718412,34.586666666666666,1.7729763648048225,35.78,1.8055470085267848,0.0,-10.0,20.10920445847294,17.094820649222385,Good,9,6,2025-10-12 09:00:00+00:00,Normal
2025-10-12 09:57:22+00:00,442.00355397601066,24,38,38,25.7,73,1010.11,26.18,-0.1569064,0.0,8.825985,-0.11375,0.07,0.20125,-71.97265625,-31.15234375,277.1484375,classroom_window_closed,run_1,0,2211,0,False,False,False,0,0,0,0,0,0,442.00355397601066,38.0,38.0,24.0,-0.0017343032353138,-0.017343032353139,-0.049427642206448,-0.0425249999999999,-0.0671999999999999,0.106575,-0.7412109375,2.8251953125,18.08984375,437.7880941803643,4.1844033016426865,34.593333333333334,1.7839578450291609,35.78666666666667,1.811916804269132,0.0,5.0,20.493872294578285,17.482852011125654,Good,9,6,2025-10-12 09:00:00+00:00,Normal
2025-10-12 09:57:28+00:00,442.00355397601066,23,38,38,25.0,73,1010.02,26.93,-0.1176798,-0.0392266,8.9436648,0.175,0.0875,0.25375,-71.97265625,-33.837890625,268.017578125,classroom_window_closed,run_1,0,2211,0,False,False,False,0,0,0,0,0,0,442.00355397601066,38.0,38.0,23.0,0.0416232776475337,-0.0607006132359867,0.0806451004420963,0.246225,-0.0496999999999999,0.159075,-0.7412109375,0.1396484375,8.958984375,437.87472234562415,4.135663470024504,34.6,1.79484721078621,35.78666666666667,1.811916804269132,0.0,0.0,19.820689031536304,16.80869759783463,Good,9,6,2025-10-12 09:00:00+00:00,Normal
2025-10-12 09:57:33+00:00,443.4029320302088,22,35,35,25.6,73,1010.09,26.34,-0.2353596,-0.0392266,8.9436648,-0.0525,0.09625,0.1575,-70.8984375,-33.30078125,265.869140625,classroom_window_closed,run_1,0,2218,0,False,False,False,0,0,0,0,0,0,443.4029320302088,35.0,35.0,22.0,-0.0884494650010092,-0.0607006132359867,0.0806451004420963,0.018725,-0.0409499999999999,0.062825,0.3330078125,0.6767578125,6.810546875,437.970679697912,4.095371321348228,34.593333333333334,1.791466223634981,35.77333333333333,1.8102862937459383,6.996890270990548,-15.0,20.39770741401319,17.385138467754402,Good,9,6,2025-10-12 09:00:00+00:00,Normal
2025-10-12 09:57:38+00:00,443.4029320302088,21,32,32,25.6,73,1010.05,26.68,-0.196133,0.0392266,8.7867584,0.07875,0.2275,-0.07875,-71.97265625,-33.837890625,299.70703125,classroom_window_closed,run_1,0,2218,0,False,False,False,0,0,0,0,0,0,443.4029320302088,32.0,32.0,21.0,-0.0450918841181615,0.0260145485297086,-0.0927852230892948,0.149975,0.0903,-0.173425,-0.7412109375,0.1396484375,40.6484375,438.06663705019986,4.052392004781895,34.56666666666667,1.8001367087036175,35.733333333333334,1.8269667775479663,0.0,-15.0,20.39770741401319,17.385138467754402,Good,9,6,2025-10-12 09:00:00+00:00,Normal
2025-10-12 09:57:44+00:00,443.4029320302088,22,32,33,25.1,73,1010.09,26.34,-0.196133,0.0,8.8652116,-0.07,0.0875,0.28,-71.97265625,-33.837890625,299.70703125,classroom_window_closed,run_1,0,2218,0,False,False,False,0,0,0,0,0,0,443.4029320302088,32.0,33.0,22.0,-0.0450918841181615,-0.017343032353139,-0.0060700613235992,0.001225,-0.0496999999999999,0.185325,-0.7412109375,0.1396484375,40.6484375,438.16259440248774,4.0066390453085745,34.54,1.8083698024137096,35.70666666666666,1.8375160745922212,0.0,0.0,19.91686222627581,16.90360897960424,Good,9,6,2025-10-12 09:00:00+00:00,Normal
2025-10-12 09:57:49+00:00,443.4029320302088,22,32,34,25.0,73,1010.09,26.34,-0.1569064,0.0784532,8.825985,0.3325,-0.0525,0.0875,-71.97265625,-34.375,255.6640625,classroom_window_closed,run_1,0,2218,0,False,False,False,0,0,0,0,0,0,443.4029320302088,32.0,34.0,22.0,-0.0017343032353138,0.0693721294125562,-0.049427642206448,0.403725,-0.1896999999999999,-0.0071749999999999,-0.7412109375,-0.3974609375,-3.39453125,438.2585517547757,3.958016257752672,34.526666666666664,1.8197155418481663,35.68666666666667,1.8396697495670389,0.0,0.0,19.820689031536304,16.80869759783463,Good,9,6,2025-10-12 09:00:00+00:00,Normal
2025-10-12 09:57:54+00:00,443.4029320302088,23,33,36,25.3,73,1009.99,27.18,-0.2353596,-0.0392266,8.825985,-0.035,0.21,0.23625,-71.97265625,-32.763671875,261.03515625,classroom_window_closed,run_1,0,2218,0,False,False,False,0,0,0,0,0,0,443.4029320302088,33.0,36.0,23.0,-0.0884494650010092,-0.0607006132359867,-0.049427642206448,0.036225,0.0728,0.141575,-0.7412109375,1.2138671875,1.9765625,438.3545091070635,3.9064164821675136,34.526666666666664,1.8197155418481663,35.68,1.8366880025720107,0.0,5.0,20.10920445847294,17.094820649222385,Good,9,6,2025-10-12 09:00:00+00:00,Normal
2025-10-12 09:58:00+00:00,443.4029320302088,22,32,33,25.5,73,1010.1,26.26,-0.196133,0.0784532,8.7083052,-0.0175,-0.2625,0.0525,-71.435546875,-34.375,262.109375,classroom_window_closed,run_1,0,2218,0,False,False,False,0,0,0,0,0,0,443.4029320302088,32.0,33.0,22.0,-0.0450918841181615,0.0693721294125562,-0.1795003848549904,0.053725,-0.3997,-0.0421749999999999,-0.2041015625,-0.3974609375,3.05078125,438.4504664593514,3.851720076269541,34.526666666666664,1.8197155418481663,35.653333333333336,1.846406510559674,0.0,-5.0,20.30154114782723,17.287896650184116,Good,9,6,2025-10-12 09:00:00+00:00,Normal
2025-10-12 09:58:05+00:00,442.00355397601066,22,33,35,25.9,73,1010.12,26.09,-0.1569064,0.0,8.825985,-0.16625,0.13125,-0.035,-69.82421875,-30.615234375,268.5546875,classroom_window_closed,run_1,0,2211,0,False,False,False,0,0,0,0,0,0,442.00355397601066,33.0,35.0,22.0,-0.0017343032353138,-0.017343032353139,-0.049427642206448,-0.095025,-0.0059499999999999,-0.1296749999999999,1.4072265625,3.3623046875,9.49609375,438.5290981785873,3.8024173189838626,34.526666666666664,1.8197155418481663,35.63333333333333,1.837041196582659,-6.996890270990548,5.0,20.686197898965684,17.679701853288954,Good,9,6,2025-10-12 09:00:00+00:00,Normal
2025-10-12 09:58:10+00:00,442.00355397601066,23,34,36,25.6,73,1010.12,26.09,-0.196133,0.0392266,8.7083052,0.02625,0.0175,-0.4025,-69.82421875,-30.615234375,268.5546875,classroom_window_closed,run_1,0,2211,0,False,False,False,0,0,0,0,0,0,442.00355397601066,34.0,36.0,23.0,-0.0450918841181615,0.0260145485297086,-0.1795003848549904,0.097475,-0.1196999999999999,-0.497175,1.4072265625,3.3623046875,9.49609375,438.6077298978232,3.750807713327654,34.53333333333333,1.81591275943754,35.626666666666665,1.8338600016339452,0.0,5.0,20.39770741401319,17.385138467754402,Good,9,6,2025-10-12 09:00:00+00:00,Normal
2025-10-12 09:58:16+00:00,442.00355397601066,23,34,36,25.8,73,1010.02,26.93,-0.196133,-0.0392266,8.8652116,-0.13125,0.4725,0.035,-71.435546875,-33.30078125,265.869140625,classroom_window_closed,run_1,0,2211,0,False,False,False,0,0,0,0,0,0,442.00355397601066,34.0,36.0,23.0,-0.0450918841181615,-0.0607006132359867,-0.0060700613235992,-0.0600249999999999,0.3353,-0.0596749999999999,-0.2041015625,0.6767578125,6.810546875,438.68636161705905,3.6967946453498377,34.53333333333333,1.81591275943754,35.62,1.8306488379220212,0.0,0.0,20.590035789552463,17.581039173349833,Good,9,6,2025-10-12 09:00:00+00:00,Normal
2025-10-12 09:58:21+00:00,442.00355397601066,22,36,37,25.7,73,1010.02,26.93,-0.1176798,0.0392266,8.9436648,-0.07,0.5337500000000001,-0.0875,-70.361328125,-34.375,258.349609375,classroom_window_closed,run_1,0,2211,0,False,False,False,0,0,0,0,0,0,442.00355397601066,36.0,37.0,22.0,0.0416232776475337,0.0260145485297086,0.0806451004420963,0.001225,0.39655,-0.1821749999999999,0.8701171875,-0.3974609375,-0.708984375,438.76499333629494,3.640271131426263,34.553333333333335,1.8154322304743604,35.626666666666665,1.8338600016339452,0.0,10.0,20.493872294578285,17.482852011125654,Good,9,6,2025-10-12 09:00:00+00:00,Normal
2025-10-12 09:58:26+00:00,443.4029320302088,22,36,37,25.2,73,1010.14,25.93,-0.196133,0.0,8.8652116,-0.34125,-0.02625,-0.41125,-70.8984375,-31.689453125,263.720703125,classroom_window_closed,run_1,0,2218,0,False,False,False,0,0,0,0,0,0,443.4029320302088,36.0,37.0,22.0,-0.0450918841181615,-0.017343032353139,-0.0060700613235992,-0.2700249999999999,-0.1634499999999999,-0.505925,0.3330078125,2.2880859375,4.662109375,438.8529542425589,3.5912140256269693,34.57333333333333,1.8147296900295216,35.626666666666665,1.8338600016339452,6.996890270990548,0.0,20.013034035244704,16.99898270867744,Good,9,6,2025-10-12 09:00:00+00:00,Normal
2025-10-12 09:58:32+00:00,443.4029320302088,22,37,38,25.0,73,1010.05,26.68,-0.196133,0.0,8.825985,-0.06125,-0.1225,0.02625,-70.8984375,-35.44921875,233.10546875,classroom_window_closed,run_1,0,2218,0,False,False,False,0,0,0,0,0,0,443.4029320302088,37.0,38.0,22.0,-0.0450918841181615,-0.017343032353139,-0.049427642206448,0.009975,-0.2597,-0.0684249999999999,0.3330078125,-1.4716796875,-25.953125,438.94091514882274,3.5392773767238395,34.586666666666666,1.8252026334749172,35.63333333333333,1.840690950902349,0.0,5.0,19.820689031536304,16.80869759783463,Good,9,6,2025-10-12 09:00:00+00:00,Normal
2025-10-12 09:58:37+00:00,443.4029320302088,22,37,39,25.5,73,1009.99,27.18,-0.1176798,-0.0784532,8.7867584,-0.105,0.105,0.21,-70.8984375,-35.44921875,233.10546875,classroom_window_closed,run_1,0,2218,0,False,False,False,0,0,0,0,0,0,443.4029320302088,37.0,39.0,22.0,0.0416232776475337,-0.1040581941188344,-0.0927852230892948,-0.0337749999999999,-0.0321999999999999,0.115325,0.3330078125,-1.4716796875,-25.953125,439.01954686805857,3.5061396102198565,34.586666666666666,1.8252026334749172,35.63333333333333,1.840690950902349,0.0,0.0,20.30154114782723,17.287896650184116,Good,9,6,2025-10-12 09:00:00+00:00,Normal
2025-10-12 09:58:42+00:00,443.4029320302088,21,36,38,25.1,73,1010.08,26.43,-0.1176798,0.0,8.9044382,-0.21875,0.1925,-0.07,-69.82421875,-32.2265625,263.18359375,classroom_window_closed,run_1,0,2218,0,False,False,False,0,0,0,0,0,0,443.4029320302088,36.0,38.0,21.0,0.0416232776475337,-0.017343032353139,0.0372875195592475,-0.147525,0.0553,-0.164675,1.4072265625,1.7509765625,4.125,439.0981785872945,3.4708927808555714,34.6,1.828190876028692,35.64,1.8474724253466197,0.0,-5.0,19.91686222627581,16.90360897960424,Good,9,6,2025-10-12 09:00:00+00:00,Normal
2025-10-12 09:58:48+00:00,443.4029320302088,22,38,40,25.2,73,1010.11,26.18,-0.2353596,0.0392266,8.9044382,-0.07,-0.0875,0.0175,-70.361328125,-33.30078125,266.40625,classroom_window_closed,run_1,0,2218,0,False,False,False,0,0,0,0,0,0,443.4029320302088,38.0,40.0,22.0,-0.0884494650010092,0.0260145485297086,0.0372875195592475,0.001225,-0.2246999999999999,-0.0771749999999999,0.8701171875,0.6767578125,7.34765625,439.1768103065305,3.4334719365268156,34.63333333333333,1.8443334827318127,35.67333333333333,1.8806562708130805,0.0,10.0,20.013034035244704,16.99898270867744,Good,9,6,2025-10-12 09:00:00+00:00,Normal
2025-10-12 09:58:53+00:00,443.4029320302088,21,38,40,25.1,73,1010.09,26.34,-0.1569064,-0.0784532,8.825985,0.0,0.11375,0.035,-70.8984375,-32.2265625,261.03515625,classroom_window_closed,run_1,0,2218,0,False,False,False,0,0,0,0,0,0,443.4029320302088,38.0,40.0,21.0,-0.0017343032353138,-0.1040581941188344,-0.049427642206448,0.071225,-0.0234499999999999,-0.0596749999999999,0.3330078125,1.7509765625,1.9765625,439.25544202576634,3.393805164489895,34.66,1.8639281606111853,35.7,1.913393275179824,0.0,0.0,19.91686222627581,16.90360897960424,Good,9,6,2025-10-12 09:00:00+00:00,Normal
2025-10-12 09:58:58+00:00,443.4029320302088,21,37,39,25.7,73,1010.11,26.18,-0.196133,0.0392266,8.8652116,-2.21375,0.25375,-0.175,-70.8984375,-33.837890625,295.947265625,classroom_window_closed,run_1,0,2218,0,False,False,False,0,0,0,0,0,0,443.4029320302088,37.0,39.0,21.0,-0.0450918841181615,0.0260145485297086,-0.0060700613235992,-2.142525,0.1165499999999999,-0.269675,0.3330078125,0.1396484375,36.888671875,439.3340737450022,3.3518127279128507,34.68,1.8728723946685064,35.72,1.932137252478748,0.0,-5.0,20.493872294578285,17.482852011125654,Good,9,6,2025-10-12 09:00:00+00:00,Normal
2025-10-12 09:59:04+00:00,443.4029320302088,21,34,37,25.4,73,1010.09,26.34,-0.196133,-0.0392266,8.8652116,-0.2625,0.0525,0.525,-73.046875,-33.837890625,295.947265625,classroom_window_closed,run_1,0,2218,0,False,False,False,0,0,0,0,0,0,443.4029320302088,34.0,37.0,21.0,-0.0450918841181615,-0.0607006132359867,-0.0060700613235992,-0.191275,-0.0847,0.430325,-1.8154296875,0.1396484375,36.888671875,439.41270546423806,3.3074060446758113,34.68,1.8728723946685064,35.72666666666667,1.9348331758434725,0.0,-15.0,20.205373495990465,17.191124671161827,Good,9,6,2025-10-12 09:00:00+00:00,Normal
2025-10-12 09:59:09+00:00,443.4029320302088,21,33,36,25.6,73,1010.01,27.01,-0.1569064,0.0,8.8652116,0.09625,-0.00875,-0.09625,-71.435546875,-33.837890625,257.275390625,classroom_window_closed,run_1,0,2218,0,False,False,False,0,0,0,0,0,0,443.4029320302088,33.0,36.0,21.0,-0.0017343032353138,-0.017343032353139,-0.0060700613235992,0.167475,-0.14595,-0.1909249999999999,-0.2041015625,0.1396484375,-1.783203125,439.491337183474,3.260486472690358,34.66,1.8746990809981303,35.72666666666667,1.9348331758434725,0.0,-5.0,20.39770741401319,17.385138467754402,Good,9,6,2025-10-12 09:00:00+00:00,Normal
2025-10-12 09:59:14+00:00,443.4029320302088,20,31,32,25.8,73,1010.06,26.59,-0.1569064,0.0,8.9044382,0.04375,0.21,0.3675,-71.97265625,-33.30078125,263.720703125,classroom_window_closed,run_1,0,2218,0,False,False,False,0,0,0,0,0,0,443.4029320302088,31.0,32.0,20.0,-0.0017343032353138,-0.017343032353139,0.0372875195592475,0.114975,0.0728,0.272825,-0.7412109375,0.6767578125,4.662109375,439.5619724566859,3.2293384664435756,34.63333333333333,1.8981328397677684,35.70666666666666,1.9577643278267636,0.0,-10.0,20.590035789552463,17.581039173349833,Good,9,6,2025-10-12 09:00:00+00:00,Normal
2025-10-12 09:59:20+00:00,443.4029320302088,21,32,33,25.9,73,1010.01,27.01,-0.1176798,-0.0392266,8.8652116,-0.1575,0.04375,-0.11375,-70.361328125,-33.30078125,238.4765625,classroom_window_closed,run_1,0,2218,0,False,False,False,0,0,0,0,0,0,443.4029320302088,32.0,33.0,21.0,0.0416232776475337,-0.0607006132359867,-0.0060700613235992,-0.0862749999999999,-0.0934499999999999,-0.2084249999999999,0.8701171875,0.6767578125,-20.58203125,439.6326077298978,3.1963160307505376,34.61333333333334,1.9100113027764285,35.693333333333335,1.9693853729536015,0.0,5.0,20.686197898965684,17.679701853288954,Good,9,6,2025-10-12 09:00:00+00:00,Normal
2025-10-12 09:59:25+00:00,443.4029320302088,20,32,33,25.4,73,1010.06,26.59,-0.1176798,0.0,8.8652116,-0.0175,0.42875,0.1925,-70.361328125,-33.30078125,238.4765625,classroom_window_closed,run_1,0,2218,0,False,False,False,0,0,0,0,0,0,443.4029320302088,32.0,33.0,20.0,0.0416232776475337,-0.017343032353139,-0.0060700613235992,0.053725,0.29155,0.097825,0.8701171875,0.6767578125,-20.58203125,439.7032430031097,3.1613604273064144,34.586666666666666,1.9184259020963972,35.666666666666664,1.9786330671242935,0.0,0.0,20.205373495990465,17.191124671161827,Good,9,6,2025-10-12 09:00:00+00:00,Normal
2025-10-12 09:59:30+00:00,443.4029320302088,21,36,36,25.3,73,1010.04,26.76,-0.0392266,0.0392266,8.825985,-0.1575,0.0175,-0.28875,-70.8984375,-34.912109375,260.498046875,classroom_window_closed,run_1,0,2218,0,False,False,False,0,0,0,0,0,0,443.4029320302088,36.0,36.0,21.0,0.1283384394132291,0.0260145485297086,-0.049427642206448,-0.0862749999999999,-0.1196999999999999,-0.383425,0.3330078125,-0.9345703125,1.439453125,439.7738782763216,3.124406772424249,34.586666666666666,1.9184259020963972,35.66,1.97579310386026,0.0,20.0,20.10920445847294,17.094820649222385,Good,9,6,2025-10-12 09:00:00+00:00,Normal
2025-10-12 09:59:36+00:00,443.4029320302088,21,36,36,25.2,73,1010.08,26.43,-0.1569064,0.0,8.8652116,-0.07,0.245,-0.11375,-71.435546875,-33.30078125,263.18359375,classroom_window_closed,run_1,0,2218,0,False,False,False,0,0,0,0,0,0,443.4029320302088,36.0,36.0,21.0,-0.0017343032353138,-0.017343032353139,-0.0060700613235992,0.001225,0.1078,-0.2084249999999999,-0.2041015625,0.6767578125,4.125,439.84451354953353,3.0853832749153582,34.593333333333334,1.9216068034161016,35.653333333333336,1.9729263743858303,0.0,0.0,20.013034035244704,16.99898270867744,Good,9,6,2025-10-12 09:00:00+00:00,Normal
2025-10-12 09:59:41+00:00,444.6023989338072,20,35,35,25.0,73,1010.09,26.34,-0.196133,0.0,8.9044382,-0.105,0.0,0.21875,-70.361328125,-33.837890625,261.572265625,classroom_window_closed,run_1,0,2224,0,False,False,False,0,0,0,0,0,0,444.6023989338072,35.0,35.0,20.0,-0.0450918841181615,-0.017343032353139,0.0372875195592475,-0.0337749999999999,-0.1372,0.124075,0.8701171875,0.1396484375,2.513671875,439.9231452687695,3.0549897128073837,34.593333333333334,1.9216068034161016,35.64666666666667,1.9734365714575195,5.997334517992101,-5.0,19.820689031536304,16.80869759783463,Good,9,6,2025-10-12 09:00:00+00:00,Normal
2025-10-12 09:59:46+00:00,444.6023989338072,21,36,36,25.0,73,1010.01,27.01,-0.1569064,0.0392266,8.825985,-0.35875,0.16625,0.0525,-71.97265625,-33.30078125,275.0,classroom_window_closed,run_1,0,2224,0,False,False,False,0,0,0,0,0,0,444.6023989338072,36.0,36.0,21.0,-0.0017343032353138,0.0260145485297086,-0.049427642206448,-0.287525,0.02905,-0.0421749999999999,-0.7412109375,0.6767578125,15.94140625,440.0017769880053,3.022231865769017,34.593333333333334,1.9216068034161016,35.64,1.9705210022058233,0.0,5.0,19.820689031536304,16.80869759783463,Good,9,6,2025-10-12 09:00:00+00:00,Normal
2025-10-12 09:59:52+00:00,444.6023989338072,21,34,36,25.0,73,1010.07,26.51,-0.196133,0.0,8.9044382,-0.105,0.105,0.25375,-71.97265625,-33.30078125,275.0,classroom_window_closed,run_1,0,2224,0,False,False,False,0,0,0,0,0,0,444.6023989338072,34.0,36.0,21.0,-0.0450918841181615,-0.017343032353139,0.0372875195592475,-0.0337749999999999,-0.0321999999999999,0.159075,-0.7412109375,0.6767578125,15.94140625,440.0804087072412,2.987031949688455,34.58,1.9187174127700612,35.64,1.9705210022058233,0.0,-10.0,19.820689031536304,16.80869759783463,Good,9,6,2025-10-12 09:00:00+00:00,Normal
2025-10-12 09:59:57+00:00,444.6023989338072,21,32,33,25.0,73,1010.09,26.34,-0.196133,0.0392266,8.825985,-0.0875,-0.0175,-0.0875,-69.287109375,-34.912109375,259.9609375,classroom_window_closed,run_1,0,2224,0,False,False,False,0,0,0,0,0,0,444.6023989338072,32.0,33.0,21.0,-0.0450918841181615,0.0260145485297086,-0.049427642206448,-0.0162749999999999,-0.1547,-0.1821749999999999,1.9443359375,-0.9345703125,0.90234375,440.1590404264771,2.949302527603564,34.553333333333335,1.9266295871275947,35.62,1.9820333942290025,0.0,-10.0,19.820689031536304,16.80869759783463,Good,9,6,2025-10-12 09:00:00+00:00,Normal
2025-10-12 10:00:03+00:00,444.6023989338072,21,32,33,25.1,73,1010.08,26.43,-0.1176798,0.0,8.825985,-0.25375,-0.04375,0.105,-70.8984375,-33.30078125,262.646484375,classroom_window_closed,run_1,0,2224,0,False,False,False,0,0,0,0,0,0,444.6023989338072,32.0,33.0,21.0,0.0416232776475337,-0.017343032353139,-0.049427642206448,-0.1825249999999999,-0.18095,0.010325,0.3330078125,0.6767578125,3.587890625,440.237672145713,2.9089451770490853,34.52,1.927268122526624,35.593333333333334,1.990233424192766,0.0,0.0,19.91686222627581,16.90360897960424,Good,10,6,2025-10-12 10:00:00+00:00,Normal
2025-10-12 10:00:08+00:00,444.6023989338072,21,32,34,25.1,73,1010.06,26.59,-0.1569064,0.0392266,8.8652116,0.3325,0.0175,0.1225,-71.97265625,-33.30078125,261.572265625,classroom_window_closed,run_1,0,2224,0,False,False,False,0,0,0,0,0,0,444.6023989338072,32.0,34.0,21.0,-0.0017343032353138,0.0260145485297086,-0.0060700613235992,0.403725,-0.1196999999999999,0.027825,-0.7412109375,0.6767578125,2.513671875,440.3069746779209,2.888061496679137,34.49333333333333,1.9343127967124756,35.57333333333333,1.9910762887122253,0.0,0.0,19.91686222627581,16.90360897960424,Good,10,6,2025-10-12 10:00:00+00:00,Normal
2025-10-12 10:00:13+00:00,444.6023989338072,21,34,37,25.7,73,1010.05,26.68,-0.196133,0.0392266,8.8652116,-0.14,0.11375,0.14875,-71.97265625,-33.30078125,261.572265625,classroom_window_closed,run_1,0,2224,0,False,False,False,0,0,0,0,0,0,444.6023989338072,34.0,37.0,21.0,-0.0450918841181615,0.0260145485297086,-0.0060700613235992,-0.068775,-0.0234499999999999,0.054075,-0.7412109375,0.6767578125,2.513671875,440.3762772101288,2.8653387626106364,34.49333333333333,1.9343127967124756,35.58,1.9941861807489152,0.0,10.0,20.493872294578285,17.482852011125654,Good,10,6,2025-10-12 10:00:00+00:00,Normal
2025-10-12 10:00:19+00:00,444.6023989338072,20,35,36,25.8,73,1010.12,26.09,-0.1569064,0.0,8.9436648,0.09625,0.2625,0.25375,-71.97265625,-33.30078125,261.572265625,classroom_window_closed,run_1,0,2224,0,False,False,False,0,0,0,0,0,0,444.6023989338072,35.0,36.0,20.0,-0.0017343032353138,-0.017343032353139,0.0806451004420963,0.167475,0.1253,0.159075,-0.7412109375,0.6767578125,2.513671875,440.4455797423368,2.8407328439740116,34.50666666666667,1.930840018420401,35.6,1.9831505000983365,0.0,5.0,20.590035789552463,17.581039173349833,Good,10,6,2025-10-12 10:00:00+00:00,Normal
2025-10-12 10:00:24+00:00,444.6023989338072,21,37,37,25.9,73,1010.04,26.76,-0.196133,0.0392266,8.9044382,-0.16625,0.02625,-0.07,-69.82421875,-33.837890625,263.720703125,classroom_window_closed,run_1,0,2224,0,False,False,False,0,0,0,0,0,0,444.6023989338072,37.0,37.0,21.0,-0.0450918841181615,0.0260145485297086,0.0372875195592475,-0.095025,-0.11095,-0.164675,1.4072265625,0.1396484375,4.662109375,440.5148822745446,2.814194344309114,34.513333333333335,1.9377447164499424,35.60666666666667,1.986182695580577,0.0,10.0,20.686197898965684,17.679701853288954,Good,10,6,2025-10-12 10:00:00+00:00,Normal
2025-10-12 10:00:29+00:00,444.6023989338072,20,36,37,25.5,73,1010.02,26.93,-0.2353596,0.0392266,8.7867584,-0.0525,0.35875,0.2625,-71.435546875,-34.912109375,261.572265625,classroom_window_closed,run_1,0,2224,0,False,False,False,0,0,0,0,0,0,444.6023989338072,36.0,37.0,20.0,-0.0884494650010092,0.0260145485297086,-0.0927852230892948,0.018725,0.22155,0.167825,-0.2041015625,-0.9345703125,2.513671875,440.5841848067526,2.7856680302299575,34.5,1.9203956527463713,35.593333333333334,1.969896487133876,0.0,-5.0,20.30154114782723,17.287896650184116,Good,10,6,2025-10-12 10:00:00+00:00,Normal
2025-10-12 10:00:35+00:00,444.6023989338072,20,36,37,25.2,73,1010.04,26.76,-0.1569064,0.0392266,9.022118,0.16625,0.32375,0.07875,-71.435546875,-34.912109375,261.572265625,classroom_window_closed,run_1,0,2224,0,False,False,False,0,0,0,0,0,0,444.6023989338072,36.0,37.0,20.0,-0.0017343032353138,0.0260145485297086,0.1673602622077919,0.237475,0.18655,-0.0159249999999999,-0.2041015625,-0.9345703125,2.513671875,440.6534873389604,2.7550921567425304,34.5,1.9203956527463713,35.593333333333334,1.969896487133876,0.0,0.0,20.013034035244704,16.99898270867744,Good,10,6,2025-10-12 10:00:00+00:00,Normal
2025-10-12 10:00:40+00:00,444.6023989338072,21,36,37,25.6,73,1010.09,26.34,-0.1569064,0.0,8.7475318,-0.28,0.07,-0.48125,-73.583984375,-33.30078125,256.73828125,classroom_window_closed,run_1,0,2224,0,False,False,False,0,0,0,0,0,0,444.6023989338072,36.0,37.0,21.0,-0.0017343032353138,-0.017343032353139,-0.1361428039721416,-0.208775,-0.0671999999999999,-0.575925,-2.3525390625,0.6767578125,-2.3203125,440.7227898711684,2.722397667505295,34.49333333333333,1.9133815831595016,35.586666666666666,1.963378360410893,0.0,0.0,20.39770741401319,17.385138467754402,Good,10,6,2025-10-12 10:00:00+00:00,Normal
2025-10-12 10:00:45+00:00,444.6023989338072,21,36,37,25.1,73,1010.02,26.93,-0.1569064,0.0,8.7867584,-0.175,-0.0875,0.1225,-71.97265625,-33.837890625,258.88671875,classroom_window_closed,run_1,0,2224,0,False,False,False,0,0,0,0,0,0,444.6023989338072,36.0,37.0,21.0,-0.0017343032353138,-0.017343032353139,-0.0927852230892948,-0.1037749999999999,-0.2246999999999999,0.027825,-0.7412109375,0.1396484375,-0.171875,440.78409595735224,2.7053643258598843,34.486666666666665,1.9063182360251787,35.58,1.9568156573317108,0.0,0.0,19.91686222627581,16.90360897960424,Good,10,6,2025-10-12 10:00:00+00:00,Normal
2025-10-12 10:00:51+00:00,444.6023989338072,21,34,36,25.2,73,1010.04,26.76,-0.1569064,0.0392266,8.9044382,0.1225,0.3325,0.0,-70.361328125,-33.30078125,273.388671875,classroom_window_closed,run_1,0,2224,0,False,False,False,0,0,0,0,0,0,444.6023989338072,34.0,36.0,21.0,-0.0017343032353138,0.0260145485297086,0.0372875195592475,0.193725,0.1953,-0.0946749999999999,0.8701171875,0.6767578125,14.330078125,440.8454020435362,2.686815194615711,34.46,1.884696404440954,35.56666666666667,1.9470048126525472,0.0,-10.0,20.013034035244704,16.99898270867744,Good,10,6,2025-10-12 10:00:00+00:00,Normal
2025-10-12 10:00:56+00:00,444.6023989338072,20,33,35,25.4,73,1010.0,27.09,-0.1569064,0.0,8.825985,-0.37625,-0.25375,-0.14,-70.361328125,-33.30078125,273.388671875,classroom_window_closed,run_1,0,2224,0,False,False,False,0,0,0,0,0,0,444.6023989338072,33.0,35.0,20.0,-0.0017343032353138,-0.017343032353139,-0.049427642206448,-0.305025,-0.3909499999999999,-0.234675,0.8701171875,0.6767578125,14.330078125,440.9067081297201,2.6667186434241494,34.42666666666667,1.8657875846306495,35.54666666666667,1.937225119419778,0.0,-5.0,20.205373495990465,17.191124671161827,Good,10,6,2025-10-12 10:00:00+00:00,Normal
2025-10-12 10:01:01+00:00,444.6023989338072,20,33,35,25.5,73,1010.06,26.59,-0.1176798,-0.0392266,8.8652116,-0.245,0.49,0.0,-71.435546875,-34.375,259.423828125,classroom_window_closed,run_1,0,2224,0,False,False,False,0,0,0,0,0,0,444.6023989338072,33.0,35.0,20.0,0.0416232776475337,-0.0607006132359867,-0.0060700613235992,-0.1737749999999999,0.3528,-0.0946749999999999,-0.2041015625,-0.3974609375,0.365234375,440.968014215904,2.645039401434228,34.39333333333333,1.8460793451381667,35.526666666666664,1.927186866134742,0.0,0.0,20.30154114782723,17.287896650184116,Good,10,6,2025-10-12 10:00:00+00:00,Normal
2025-10-12 10:01:07+00:00,444.6023989338072,20,33,35,25.7,73,1010.04,26.76,-0.1176798,0.0784532,8.9044382,-0.105,0.28,0.0175,-70.361328125,-34.375,263.720703125,classroom_window_closed,run_1,0,2224,0,False,False,False,0,0,0,0,0,0,444.6023989338072,33.0,35.0,20.0,0.0416232776475337,0.0693721294125562,0.0372875195592475,-0.0337749999999999,0.1428,-0.0771749999999999,0.8701171875,-0.3974609375,4.662109375,441.029320302088,2.62173820696855,34.373333333333335,1.8448064836097524,35.52,1.9272681225266488,0.0,0.0,20.493872294578285,17.482852011125654,Good,10,6,2025-10-12 10:00:00+00:00,Normal
2025-10-12 10:01:12+00:00,444.6023989338072,21,36,36,25.9,73,1009.97,27.34,-0.196133,0.0,8.8652116,-0.1225,0.20125,0.16625,-70.361328125,-34.375,263.720703125,classroom_window_closed,run_1,0,2224,0,False,False,False,0,0,0,0,0,0,444.6023989338072,36.0,36.0,21.0,-0.0450918841181615,-0.017343032353139,-0.0060700613235992,-0.0512749999999999,0.06405,0.071575,0.8701171875,-0.3974609375,4.662109375,441.0906263882718,2.5967713983720873,34.38,1.8488886558537987,35.526666666666664,1.927186866134742,0.0,15.0,20.686197898965684,17.679701853288954,Good,10,6,2025-10-12 10:00:00+00:00,Normal
2025-10-12 10:01:17+00:00,444.6023989338072,20,36,36,25.4,73,1010.09,26.34,-0.0784532,0.0,8.9436648,-0.2625,0.11375,0.175,-70.361328125,-33.30078125,259.423828125,classroom_window_closed,run_1,0,2224,0,False,False,False,0,0,0,0,0,0,444.6023989338072,36.0,36.0,20.0,0.0849808585303814,-0.017343032353139,0.0806451004420963,-0.191275,-0.0234499999999999,0.080325,0.8701171875,0.6767578125,0.365234375,441.1519324744558,2.570090434928994,34.4,1.8500861579791927,35.54666666666667,1.9163257161973524,0.0,0.0,20.205373495990465,17.191124671161827,Good,10,6,2025-10-12 10:00:00+00:00,Normal
2025-10-12 10:01:23+00:00,444.6023989338072,22,37,38,25.6,73,1009.97,27.34,-0.196133,-0.0392266,8.8652116,-0.16625,0.04375,0.00875,-69.82421875,-31.15234375,264.2578125,classroom_window_closed,run_1,0,2224,0,False,False,False,0,0,0,0,0,0,444.6023989338072,37.0,38.0,22.0,-0.0450918841181615,-0.0607006132359867,-0.0060700613235992,-0.095025,-0.0934499999999999,-0.0859249999999999,1.4072265625,2.8251953125,5.19921875,441.21323856063975,2.5416413340220148,34.42666666666667,1.858579477283116,35.58,1.9152163562572193,0.0,5.0,20.39770741401319,17.385138467754402,Good,10,6,2025-10-12 10:00:00+00:00,Normal
2025-10-12 10:01:28+00:00,444.6023989338072,21,35,37,25.7,73,1010.05,26.68,-0.1569064,0.0392266,8.9828914,0.0,0.41125,0.04375,-69.82421875,-31.15234375,264.2578125,classroom_window_closed,run_1,0,2224,0,False,False,False,0,0,0,0,0,0,444.6023989338072,35.0,37.0,21.0,-0.0017343032353138,0.0260145485297086,0.1240026813249431,0.071225,0.27405,-0.0509249999999999,1.4072265625,2.8251953125,5.19921875,441.2745446468237,2.5113640072061294,34.45333333333333,1.8376621662145556,35.62,1.8812747356174473,0.0,-10.0,20.493872294578285,17.482852011125654,Good,10,6,2025-10-12 10:00:00+00:00,Normal
2025-10-12 10:01:33+00:00,446.0017769880053,22,34,37,25.9,73,1010.06,26.59,-0.1569064,0.0392266,8.8652116,0.0175,0.21875,0.1575,-71.97265625,-33.837890625,262.109375,classroom_window_closed,run_1,0,2231,0,False,False,False,0,0,0,0,0,0,446.0017769880053,34.0,37.0,22.0,-0.0017343032353138,0.0260145485297086,-0.0060700613235992,0.088725,0.08155,0.062825,-0.7412109375,0.1396484375,3.05078125,441.3451799200356,2.4941537541497545,34.46,1.8341649527306456,35.64666666666667,1.872215307222854,6.996890270990548,-5.0,20.686197898965684,17.679701853288954,Good,10,6,2025-10-12 10:00:00+00:00,Normal
2025-10-12 10:01:39+00:00,444.6023989338072,22,34,37,25.3,73,1010.02,26.93,-0.1569064,0.0,8.825985,-0.035,0.0,-0.0525,-71.435546875,-32.2265625,263.720703125,classroom_window_closed,run_1,0,2224,0,False,False,False,0,0,0,0,0,0,444.6023989338072,34.0,37.0,22.0,-0.0017343032353138,-0.017343032353139,-0.049427642206448,0.036225,-0.1372,-0.1471749999999999,-0.2041015625,1.7509765625,4.662109375,441.40648600621944,2.459984809691132,34.473333333333336,1.8233999758790456,35.68,1.851246632396598,-6.996890270990548,0.0,20.10920445847294,17.094820649222385,Good,10,6,2025-10-12 10:00:00+00:00,Normal
2025-10-12 10:01:44+00:00,444.6023989338072,21,35,36,25.2,73,1010.09,26.34,-0.1176798,0.0392266,8.825985,-0.02625,0.1575,-0.105,-71.435546875,-32.2265625,263.720703125,classroom_window_closed,run_1,0,2224,0,False,False,False,0,0,0,0,0,0,444.6023989338072,35.0,36.0,21.0,0.0416232776475337,0.0260145485297086,-0.049427642206448,0.044975,0.0203,-0.199675,-0.2041015625,1.7509765625,4.662109375,441.4677920924034,2.42377396992138,34.486666666666665,1.819863062429544,35.7,1.8382585865085737,0.0,5.0,20.013034035244704,16.99898270867744,Good,10,6,2025-10-12 10:00:00+00:00,Normal
2025-10-12 10:01:49+00:00,444.6023989338072,21,36,37,25.6,73,1010.08,26.43,-0.1569064,0.0,8.825985,-0.09625,-0.07,-0.09625,-71.97265625,-34.375,268.5546875,classroom_window_closed,run_1,0,2224,0,False,False,False,0,0,0,0,0,0,444.6023989338072,36.0,37.0,21.0,-0.0017343032353138,-0.017343032353139,-0.049427642206448,-0.0250249999999999,-0.2072,-0.1909249999999999,-0.7412109375,-0.3974609375,9.49609375,441.5290981785873,2.3854282486403364,34.50666666666667,1.8198999407064556,35.72666666666667,1.8278114931759637,0.0,5.0,20.39770741401319,17.385138467754402,Good,10,6,2025-10-12 10:00:00+00:00,Normal
2025-10-12 10:01:55+00:00,444.6023989338072,22,37,38,25.5,73,1009.97,27.34,-0.1569064,-0.0392266,8.825985,0.23625,0.1225,0.21875,-70.8984375,-33.30078125,259.9609375,classroom_window_closed,run_1,0,2224,0,False,False,False,0,0,0,0,0,0,444.6023989338072,37.0,38.0,22.0,-0.0017343032353138,-0.0607006132359867,-0.049427642206448,0.307475,-0.0146999999999999,0.124075,0.3330078125,0.6767578125,0.90234375,441.5904042647712,2.34484291165521,34.54,1.819469647632968,35.76,1.8233386296542065,0.0,5.0,20.30154114782723,17.287896650184116,Good,10,6,2025-10-12 10:00:00+00:00,Normal
2025-10-12 10:02:00+00:00,446.0017769880053,22,36,37,25.8,73,1010.07,26.51,-0.1569064,0.0392266,8.825985,-0.21875,0.11375,0.2975,-71.97265625,-33.30078125,275.537109375,classroom_window_closed,run_1,0,2231,0,False,False,False,0,0,0,0,0,0,446.0017769880053,36.0,37.0,22.0,-0.0017343032353138,0.0260145485297086,-0.049427642206448,-0.147525,-0.0234499999999999,0.202825,-0.7412109375,0.6767578125,16.478515625,441.6517103509552,2.339118133426177,34.56,1.818916264108617,35.78666666666667,1.8119168042691305,6.996890270990548,-5.0,20.590035789552463,17.581039173349833,Good,10,6,2025-10-12 10:00:00+00:00,Normal
2025-10-12 10:02:05+00:00,446.0017769880053,22,36,37,25.7,73,1010.1,26.26,-0.1569064,0.0392266,8.9044382,-0.02625,0.07,0.37625,-71.97265625,-33.30078125,275.537109375,classroom_window_closed,run_1,0,2231,0,False,False,False,0,0,0,0,0,0,446.0017769880053,36.0,37.0,22.0,-0.0017343032353138,0.0260145485297086,0.0372875195592475,0.044975,-0.0671999999999999,0.281575,-0.7412109375,0.6767578125,16.478515625,441.7130164371391,2.3317572092077183,34.58,1.81814124420864,35.81333333333333,1.8000248569002126,0.0,0.0,20.493872294578285,17.482852011125654,Good,10,6,2025-10-12 10:00:00+00:00,Normal
2025-10-12 10:02:11+00:00,446.0017769880053,22,36,37,25.9,73,1010.02,26.93,-0.1569064,0.0392266,8.9044382,-0.11375,-0.105,0.02625,-72.509765625,-32.763671875,255.6640625,classroom_window_closed,run_1,0,2231,0,False,False,False,0,0,0,0,0,0,446.0017769880053,36.0,37.0,22.0,-0.0017343032353138,0.0260145485297086,0.0372875195592475,-0.0425249999999999,-0.2421999999999999,-0.0684249999999999,-1.2783203125,1.2138671875,-3.39453125,441.77432252332295,2.3227445839021335,34.593333333333334,1.8211902099343031,35.833333333333336,1.7964045622382625,0.0,0.0,20.686197898965684,17.679701853288954,Good,10,6,2025-10-12 10:00:00+00:00,Normal
2025-10-12 10:02:16+00:00,446.0017769880053,22,34,36,25.2,73,1010.08,26.43,-0.1569064,0.0392266,8.7867584,0.00875,0.14,-0.11375,-71.435546875,-32.763671875,258.88671875,classroom_window_closed,run_1,0,2231,0,False,False,False,0,0,0,0,0,0,446.0017769880053,34.0,36.0,22.0,-0.0017343032353138,0.0260145485297086,-0.0927852230892948,0.079975,0.0028,-0.2084249999999999,-0.2041015625,1.2138671875,-0.171875,441.8356286095069,2.3120609421437712,34.58,1.81814124420864,35.833333333333336,1.7964045622382625,0.0,-10.0,20.013034035244704,16.99898270867744,Good,10,6,2025-10-12 10:00:00+00:00,Normal
2025-10-12 10:02:21+00:00,446.0017769880053,22,33,34,25.5,73,1010.07,26.51,-0.0784532,0.0392266,8.8652116,-0.02625,0.20125,0.1575,-71.435546875,-32.763671875,258.88671875,classroom_window_closed,run_1,0,2231,0,False,False,False,0,0,0,0,0,0,446.0017769880053,33.0,34.0,22.0,0.0849808585303814,0.0260145485297086,-0.0060700613235992,0.044975,0.06405,0.062825,-0.2041015625,1.2138671875,-0.171875,441.8969346956908,2.299682994917411,34.56,1.818916264108617,35.82,1.8025708709968828,0.0,-5.0,20.30154114782723,17.287896650184116,Good,10,6,2025-10-12 10:00:00+00:00,Normal
2025-10-12 10:02:27+00:00,446.0017769880053,20,32,33,25.7,73,1010.05,26.68,-0.1569064,0.0392266,8.9044382,-0.2975,0.1575,0.7350000000000001,-71.97265625,-34.912109375,260.498046875,classroom_window_closed,run_1,0,2231,0,False,False,False,0,0,0,0,0,0,446.0017769880053,32.0,33.0,20.0,-0.0017343032353138,0.0260145485297086,0.0372875195592475,-0.2262749999999999,0.0203,0.6403250000000001,-0.7412109375,-0.9345703125,1.439453125,441.95824078187474,2.285583215029241,34.53333333333333,1.826966777547939,35.8,1.817144304346468,0.0,-5.0,20.493872294578285,17.482852011125654,Good,10,6,2025-10-12 10:00:00+00:00,Normal
2025-10-12 10:02:32+00:00,446.0017769880053,20,33,35,25.9,73,1010.09,26.34,-0.1176798,0.0392266,8.8652116,-0.385,0.1575,0.0525,-72.509765625,-33.30078125,264.2578125,classroom_window_closed,run_1,0,2231,0,False,False,False,0,0,0,0,0,0,446.0017769880053,33.0,35.0,20.0,0.0416232776475337,0.0260145485297086,-0.0060700613235992,-0.313775,0.0203,-0.0421749999999999,-1.2783203125,0.6767578125,5.19921875,442.01954686805857,2.2697295141315896,34.513333333333335,1.8272239062521416,35.78666666666667,1.8156170643571308,0.0,5.0,20.686197898965684,17.679701853288954,Good,10,6,2025-10-12 10:00:00+00:00,Normal
2025-10-12 10:02:37+00:00,446.0017769880053,21,36,37,25.2,73,1010.04,26.76,-0.1569064,0.0392266,8.9044382,-0.0875,0.0875,-0.0875,-72.509765625,-33.30078125,264.2578125,classroom_window_closed,run_1,0,2231,0,False,False,False,0,0,0,0,0,0,446.0017769880053,36.0,37.0,21.0,-0.0017343032353138,0.0260145485297086,0.0372875195592475,-0.0162749999999999,-0.0496999999999999,-0.1821749999999999,-1.2783203125,0.6767578125,5.19921875,442.0808529542425,2.2520848519987355,34.513333333333335,1.8272239062521416,35.79333333333334,1.8182396777452323,0.0,15.0,20.013034035244704,16.99898270867744,Good,10,6,2025-10-12 10:00:00+00:00,Normal
2025-10-12 10:02:43+00:00,446.0017769880053,20,35,36,25.6,73,1010.03,26.84,-0.1569064,-0.0784532,8.9044382,-0.2625,0.18375,-0.0175,-73.046875,-34.375,261.03515625,classroom_window_closed,run_1,0,2231,0,False,False,False,0,0,0,0,0,0,446.0017769880053,35.0,36.0,20.0,-0.0017343032353138,-0.1040581941188344,0.0372875195592475,-0.191275,0.04655,-0.1121749999999999,-1.8154296875,-0.3974609375,1.9765625,442.14215904042646,2.2326067662420614,34.5,1.8162207239542003,35.78666666666667,1.8156170643571308,0.0,-5.0,20.39770741401319,17.385138467754402,Good,10,6,2025-10-12 10:00:00+00:00,Normal
2025-10-12 10:02:48+00:00,446.0017769880053,21,34,36,25.7,73,1010.09,26.34,-0.196133,0.0392266,8.9828914,0.035,0.16625,-0.18375,-72.509765625,-33.837890625,258.88671875,classroom_window_closed,run_1,0,2231,0,False,False,False,0,0,0,0,0,0,446.0017769880053,34.0,36.0,21.0,-0.0450918841181615,0.0260145485297086,0.1240026813249431,0.106225,0.02905,-0.278425,-1.2783203125,0.1396484375,-0.171875,442.2034651266104,2.2112468074647444,34.48,1.804989356528487,35.78,1.812965978054721,0.0,-5.0,20.493872294578285,17.482852011125654,Good,10,6,2025-10-12 10:00:00+00:00,Normal
2025-10-12 10:02:53+00:00,446.0017769880053,20,33,35,25.9,73,1010.02,26.93,-0.196133,0.0392266,8.825985,0.09625,0.14,0.07,-72.509765625,-33.837890625,258.88671875,classroom_window_closed,run_1,0,2231,0,False,False,False,0,0,0,0,0,0,446.0017769880053,33.0,35.0,20.0,-0.0450918841181615,0.0260145485297086,-0.049427642206448,0.167475,0.0028,-0.0246749999999999,-1.2783203125,0.1396484375,-0.171875,442.2567747667703,2.2057411498089317,34.46666666666667,1.808505878426764,35.77333333333333,1.813989879827434,0.0,-5.0,20.686197898965684,17.679701853288954,Good,10,6,2025-10-12 10:00:00+00:00,Normal
2025-10-12 10:02:59+00:00,446.0017769880053,20,35,36,25.1,73,1010.08,26.43,-0.1569064,0.0,8.825985,-0.25375,0.2275,-0.02625,-69.287109375,-32.2265625,255.6640625,classroom_window_closed,run_1,0,2231,0,False,False,False,0,0,0,0,0,0,446.0017769880053,35.0,36.0,20.0,-0.0017343032353138,-0.017343032353139,-0.049427642206448,-0.1825249999999999,0.0903,-0.1209249999999999,1.9443359375,1.7509765625,-3.39453125,442.31008440693023,2.1989210114015245,34.473333333333336,1.8086172057314729,35.77333333333333,1.813989879827434,0.0,10.0,19.91686222627581,16.90360897960424,Good,10,6,2025-10-12 10:00:00+00:00,Normal
2025-10-12 10:03:04+00:00,446.0017769880053,20,35,36,0.0,0,1010.07,26.51,-0.196133,0.0,8.7867584,-0.2975,0.04375,0.39375,-72.509765625,-33.30078125,264.2578125,classroom_window_closed,run_1,0,2231,0,False,False,False,0,0,0,0,0,0,446.0017769880053,35.0,36.0,20.0,-0.0450918841181615,-0.017343032353139,-0.0927852230892948,-0.2262749999999999,-0.0934499999999999,0.299075,-1.2783203125,0.6767578125,5.19921875,442.36339404709014,2.1907741158757217,34.486666666666665,1.8050513263693233,35.77333333333333,1.813989879827434,0.0,0.0,-96.07763018544566,0.0,Good,10,6,2025-10-12 10:00:00+00:00,Normal
2025-10-12 10:03:09+00:00,446.0017769880053,21,36,36,25.5,73,1010.06,26.59,-0.196133,0.0,8.9044382,0.11375,0.42875,0.3675,-70.8984375,-33.30078125,275.0,classroom_window_closed,run_1,0,2231,0,False,False,False,0,0,0,0,0,0,446.0017769880053,36.0,36.0,21.0,-0.0450918841181615,-0.017343032353139,0.0372875195592475,0.184975,0.29155,0.272825,0.3330078125,0.6767578125,15.94140625,442.4167036872501,2.181285597344894,34.49333333333333,1.8088027360128356,35.766666666666666,1.8112870082894728,0.0,5.0,20.30154114782723,17.287896650184116,Good,10,6,2025-10-12 10:00:00+00:00,Normal
2025-10-12 10:03:15+00:00,446.0017769880053,21,34,36,25.1,73,1009.99,27.18,-0.196133,0.0392266,8.7867584,-0.14,-0.14875,-0.1575,-70.8984375,-33.30078125,275.0,classroom_window_closed,run_1,0,2231,0,False,False,False,0,0,0,0,0,0,446.0017769880053,34.0,36.0,21.0,-0.0450918841181615,0.0260145485297086,-0.0927852230892948,-0.068775,-0.28595,-0.252175,0.3330078125,0.6767578125,15.94140625,442.4700133274099,2.170437860332049,34.48,1.804989356528487,35.76,1.808555358074918,0.0,-10.0,19.91686222627581,16.90360897960424,Good,10,6,2025-10-12 10:00:00+00:00,Normal
2025-10-12 10:03:20+00:00,446.0017769880053,21,34,36,25.2,73,1010.04,26.76,-0.196133,0.0392266,8.825985,0.39375,0.2625,-0.21,-71.435546875,-33.837890625,264.2578125,classroom_window_closed,run_1,0,2231,0,False,False,False,0,0,0,0,0,0,446.0017769880053,34.0,36.0,21.0,-0.0450918841181615,0.0260145485297086,-0.049427642206448,0.464975,0.1253,-0.304675,-0.2041015625,0.1396484375,5.19921875,442.52332296757,2.158210409558468,34.46666666666667,1.8010685369303048,35.76,1.808555358074918,0.0,0.0,20.013034035244704,16.99898270867744,Good,10,6,2025-10-12 10:00:00+00:00,Normal
2025-10-12 10:03:25+00:00,446.0017769880053,21,34,34,25.6,73,1010.0,27.09,-0.1176798,0.0,8.8652116,-0.13125,-0.07,0.25375,-73.583984375,-32.763671875,245.99609375,classroom_window_closed,run_1,0,2231,0,False,False,False,0,0,0,0,0,0,446.0017769880053,34.0,34.0,21.0,0.0416232776475337,-0.017343032353139,-0.0060700613235992,-0.0600249999999999,-0.2072,0.159075,-2.3525390625,1.2138671875,-13.0625,442.5766326077299,2.144579645589217,34.473333333333336,1.7974503443745202,35.74666666666667,1.8141378660035812,0.0,0.0,20.39770741401319,17.385138467754402,Good,10,6,2025-10-12 10:00:00+00:00,Normal
2025-10-12 10:03:31+00:00,446.0017769880053,20,33,35,25.7,73,1010.08,26.43,-0.196133,0.0,8.825985,-0.1575,0.25375,-0.035,-73.583984375,-32.763671875,245.99609375,classroom_window_closed,run_1,0,2231,0,False,False,False,0,0,0,0,0,0,446.0017769880053,33.0,35.0,20.0,-0.0450918841181615,-0.017343032353139,-0.049427642206448,-0.0862749999999999,0.1165499999999999,-0.1296749999999999,-2.3525390625,1.2138671875,-13.0625,442.6299422478898,2.129518621334382,34.46666666666667,1.8010685369303048,35.733333333333334,1.8122131031134876,0.0,-5.0,20.493872294578285,17.482852011125654,Good,10,6,2025-10-12 10:00:00+00:00,Normal
2025-10-12 10:03:36+00:00,446.0017769880053,20,35,36,25.5,73,1010.04,26.76,-0.0784532,0.0,8.7867584,-0.0525,-0.02625,-0.06125,-71.97265625,-33.30078125,259.423828125,classroom_window_closed,run_1,0,2231,0,False,False,False,0,0,0,0,0,0,446.0017769880053,35.0,36.0,20.0,0.0849808585303814,-0.017343032353139,-0.0927852230892948,0.018725,-0.1634499999999999,-0.1559249999999999,-0.7412109375,0.6767578125,0.365234375,442.6832518880498,2.112996753175328,34.48,1.7975374654224117,35.733333333333334,1.8122131031134876,0.0,10.0,20.30154114782723,17.287896650184116,Good,10,6,2025-10-12 10:00:00+00:00,Normal
2025-10-12 10:03:41+00:00,446.0017769880053,20,35,36,25.1,73,1010.07,26.51,-0.196133,0.0,8.7867584,-0.07,-0.06125,-0.21,-71.97265625,-34.912109375,258.88671875,classroom_window_closed,run_1,0,2231,0,False,False,False,0,0,0,0,0,0,446.0017769880053,35.0,36.0,20.0,-0.0450918841181615,-0.017343032353139,-0.0927852230892948,0.001225,-0.19845,-0.304675,-0.7412109375,-0.9345703125,-0.171875,442.73656152820973,2.094979478953037,34.48,1.7975374654224117,35.72666666666667,1.8093592127121736,0.0,0.0,19.91686222627581,16.90360897960424,Good,10,6,2025-10-12 10:00:00+00:00,Normal
2025-10-12 10:03:47+00:00,446.0017769880053,21,33,35,25.2,73,1010.11,26.18,-0.1569064,0.0392266,8.9044382,-0.0175,0.35875,0.09625,-71.97265625,-34.912109375,258.88671875,classroom_window_closed,run_1,0,2231,0,False,False,False,0,0,0,0,0,0,446.0017769880053,33.0,35.0,21.0,-0.0017343032353138,0.0260145485297086,0.0372875195592475,0.053725,0.22155,0.001575,-0.7412109375,-0.9345703125,-0.171875,442.7898711683696,2.07542785312438,34.46666666666667,1.8010685369303048,35.71333333333333,1.8072808254676216,0.0,-10.0,20.013034035244704,16.99898270867744,Good,10,6,2025-10-12 10:00:00+00:00,Normal
2025-10-12 10:03:52+00:00,446.0017769880053,22,34,36,25.9,73,1010.06,26.59,-0.1176798,0.0,8.7867584,-0.1225,-0.25375,-0.1925,-71.435546875,-32.763671875,257.8125,classroom_window_closed,run_1,0,2231,0,False,False,False,0,0,0,0,0,0,446.0017769880053,34.0,36.0,22.0,0.0416232776475337,-0.017343032353139,-0.0927852230892948,-0.0512749999999999,-0.3909499999999999,-0.2871749999999999,-0.2041015625,1.2138671875,-1.24609375,442.8338516215016,2.0731093746789107,34.446666666666665,1.7893670534301993,35.7,1.797649471994219,0.0,5.0,20.686197898965684,17.679701853288954,Good,10,6,2025-10-12 10:00:00+00:00,Normal
2025-10-12 10:03:58+00:00,446.0017769880053,21,32,33,25.8,73,1010.11,26.18,-0.1176798,0.0392266,8.825985,-0.14,0.13125,0.34125,-70.8984375,-35.44921875,261.03515625,classroom_window_closed,run_1,0,2231,0,False,False,False,0,0,0,0,0,0,446.0017769880053,32.0,33.0,21.0,0.0416232776475337,0.0260145485297086,-0.049427642206448,-0.068775,-0.0059499999999999,0.246575,0.3330078125,-1.4716796875,1.9765625,442.87783207463343,2.069847738658551,34.406666666666666,1.7764177310692362,35.66,1.790466925715345,0.0,-10.0,20.590035789552463,17.581039173349833,Good,10,6,2025-10-12 10:00:00+00:00,Normal
2025-10-12 10:04:03+00:00,446.0017769880053,21,32,35,25.6,73,1010.11,26.18,-0.1176798,0.0392266,8.9044382,0.04375,0.25375,-0.07,-70.8984375,-35.44921875,261.03515625,classroom_window_closed,run_1,0,2231,0,False,False,False,0,0,0,0,0,0,446.0017769880053,32.0,35.0,21.0,0.0416232776475337,0.0260145485297086,0.0372875195592475,0.114975,0.1165499999999999,-0.164675,0.3330078125,-1.4716796875,1.9765625,442.9218125277654,2.065638477340477,34.36666666666667,1.7624596398507415,35.63333333333333,1.7700592136103313,0.0,0.0,20.39770741401319,17.385138467754402,Good,10,6,2025-10-12 10:00:00+00:00,Normal
2025-10-12 10:04:08+00:00,446.0017769880053,21,33,36,25.4,72,1010.04,26.76,-0.1569064,0.0392266,8.8652116,0.0525,-0.1925,0.245,-71.97265625,-33.30078125,265.33203125,classroom_window_closed,run_1,0,2231,0,False,False,False,0,0,0,0,0,0,446.0017769880053,33.0,36.0,21.0,-0.0017343032353138,0.0260145485297086,-0.0060700613235992,0.123725,-0.3297,0.150325,-0.7412109375,0.6767578125,6.2734375,442.96579298089733,2.060475783138515,34.346666666666664,1.760821447513139,35.62,1.7596140516426546,0.0,5.0,19.982294011922665,16.955629812652763,Good,10,6,2025-10-12 10:00:00+00:00,Normal
2025-10-12 10:04:14+00:00,446.0017769880053,22,34,36,25.9,72,1010.1,26.26,-0.196133,0.0,8.8652116,0.00875,-0.035,0.16625,-72.509765625,-32.2265625,259.423828125,classroom_window_closed,run_1,0,2231,0,False,False,False,0,0,0,0,0,0,446.0017769880053,34.0,36.0,22.0,-0.0450918841181615,-0.017343032353139,-0.0060700613235992,0.079975,-0.1722,0.071575,-1.2783203125,1.7509765625,0.365234375,443.0097734340293,2.0543524679865173,34.333333333333336,1.7557830302223834,35.60666666666667,1.749004190948461,0.0,5.0,20.462303344274172,17.437514156668563,Good,10,6,2025-10-12 10:00:00+00:00,Normal
2025-10-12 10:04:19+00:00,446.0017769880053,22,36,37,25.8,72,1010.1,26.26,-0.1569064,0.0392266,8.9436648,0.1225,0.41125,0.0525,-72.509765625,-32.2265625,259.423828125,classroom_window_closed,run_1,0,2231,0,False,False,False,0,0,0,0,0,0,446.0017769880053,36.0,37.0,22.0,-0.0017343032353138,0.0260145485297086,0.0806451004420963,0.193725,0.27405,-0.0421749999999999,-1.2783203125,1.7509765625,0.365234375,443.0537538871613,2.0472599123060897,34.333333333333336,1.7557830302223834,35.6,1.7417109539128155,0.0,10.0,20.366304363089224,17.340203020290247,Good,10,6,2025-10-12 10:00:00+00:00,Normal
2025-10-12 10:04:24+00:00,447.4011550422034,22,37,38,25.3,72,1010.04,26.76,-0.1569064,0.1176798,8.9044382,0.2625,0.2975,-0.02625,-70.8984375,-34.375,261.03515625,classroom_window_closed,run_1,0,2238,0,False,False,False,0,0,0,0,0,0,447.4011550422034,37.0,38.0,22.0,-0.0017343032353138,0.1127297102954039,0.0372875195592475,0.333725,0.1603,-0.1209249999999999,0.3330078125,-0.3974609375,1.9765625,443.10706352732115,2.0556972393143473,34.34,1.764032902339638,35.60666666666667,1.749004190948461,6.996890270990832,5.0,19.886287817361737,16.86064502389057,Good,10,6,2025-10-12 10:00:00+00:00,Normal
2025-10-12 10:04:30+00:00,447.4011550422034,21,36,37,25.8,72,1010.01,27.01,-0.1569064,0.0392266,8.9044382,0.0525,0.06125,-0.21,-70.8984375,-32.763671875,257.275390625,classroom_window_closed,run_1,0,2238,0,False,False,False,0,0,0,0,0,0,447.4011550422034,36.0,37.0,21.0,-0.0017343032353138,0.0260145485297086,0.0372875195592475,0.123725,-0.0759499999999999,-0.304675,0.3330078125,1.2138671875,-1.783203125,443.16037316748105,2.0627135401938372,34.34,1.764032902339638,35.61333333333334,1.7524160375550415,0.0,-5.0,20.366304363089224,17.340203020290247,Good,10,6,2025-10-12 10:00:00+00:00,Normal
2025-10-12 10:04:35+00:00,447.4011550422034,22,37,37,25.3,72,1010.04,26.76,-0.1176798,0.0,8.8652116,0.175,0.04375,0.3325,-70.8984375,-32.763671875,257.275390625,classroom_window_closed,run_1,0,2238,0,False,False,False,0,0,0,0,0,0,447.4011550422034,37.0,37.0,22.0,0.0416232776475337,-0.017343032353139,-0.0060700613235992,0.246225,-0.0934499999999999,0.237825,0.3330078125,1.2138671875,-1.783203125,443.2136828076411,2.0683232764871713,34.36,1.777110240072074,35.63333333333333,1.750998436814577,0.0,5.0,19.886287817361737,16.86064502389057,Good,10,6,2025-10-12 10:00:00+00:00,Normal
2025-10-12 10:04:40+00:00,447.4011550422034,21,37,37,25.8,72,1010.04,26.76,-0.196133,0.0,8.7867584,-0.23625,0.06125,0.0875,-71.435546875,-33.30078125,283.056640625,classroom_window_closed,run_1,0,2238,0,False,False,False,0,0,0,0,0,0,447.4011550422034,37.0,37.0,21.0,-0.0450918841181615,-0.017343032353139,-0.0927852230892948,-0.1650249999999999,-0.0759499999999999,-0.0071749999999999,-0.2041015625,0.6767578125,23.998046875,443.266992447801,2.07253786966693,34.38,1.7898670791636246,35.64,1.754304389955595,0.0,0.0,20.366304363089224,17.340203020290247,Good,10,6,2025-10-12 10:00:00+00:00,Normal
2025-10-12 10:04:46+00:00,447.4011550422034,22,37,37,25.3,72,1010.07,26.51,-0.1569064,0.0392266,8.9044382,0.07875,0.07,0.20125,-71.435546875,-34.912109375,265.33203125,classroom_window_closed,run_1,0,2238,0,False,False,False,0,0,0,0,0,0,447.4011550422034,37.0,37.0,22.0,-0.0017343032353138,0.0260145485297086,0.0372875195592475,0.149975,-0.0671999999999999,0.106575,-0.2041015625,-0.9345703125,6.2734375,443.3203020879609,2.0753658193999724,34.39333333333333,1.801925393306395,35.64666666666667,1.7575786679546492,0.0,0.0,19.886287817361737,16.86064502389057,Good,10,6,2025-10-12 10:00:00+00:00,Normal
2025-10-12 10:04:51+00:00,447.4011550422034,22,36,36,25.7,72,1010.08,26.43,-0.196133,0.0392266,8.825985,-0.28875,0.00875,0.0175,-71.435546875,-32.763671875,279.296875,classroom_window_closed,run_1,0,2238,0,False,False,False,0,0,0,0,0,0,447.4011550422034,36.0,36.0,22.0,-0.0450918841181615,0.0260145485297086,-0.049427642206448,-0.217525,-0.1284499999999999,-0.0771749999999999,-0.2041015625,1.2138671875,20.23828125,443.3736117281208,2.07681279017854,34.39333333333333,1.801925393306395,35.64666666666667,1.7575786679546492,0.0,-5.0,20.27030393929412,17.243360887685576,Good,10,6,2025-10-12 10:00:00+00:00,Normal
2025-10-12 10:04:56+00:00,447.4011550422034,22,36,36,25.0,72,1010.06,26.59,-0.196133,0.0392266,8.825985,0.0525,0.1225,0.0875,-71.435546875,-32.763671875,279.296875,classroom_window_closed,run_1,0,2238,0,False,False,False,0,0,0,0,0,0,447.4011550422034,36.0,36.0,22.0,-0.0450918841181615,0.0260145485297086,-0.049427642206448,0.123725,-0.0146999999999999,-0.0071749999999999,-0.2041015625,1.2138671875,20.23828125,443.4269213682808,2.0768816684033538,34.4,1.806030167644731,35.653333333333336,1.7570057914618402,0.0,0.0,19.59826057691231,16.578441466357443,Good,10,6,2025-10-12 10:00:00+00:00,Normal
2025-10-12 10:05:02+00:00,447.4011550422034,21,33,35,25.9,73,1010.09,26.34,-0.196133,0.0392266,8.9044382,-0.02625,-0.23625,0.2975,-71.97265625,-33.837890625,257.275390625,classroom_window_closed,run_1,0,2238,0,False,False,False,0,0,0,0,0,0,447.4011550422034,33.0,35.0,21.0,-0.0450918841181615,0.0260145485297086,0.0372875195592475,0.044975,-0.3734499999999999,0.202825,-0.7412109375,0.1396484375,-1.783203125,443.4722345624168,2.0889945412667457,34.39333333333333,1.8093592127121412,35.64666666666667,1.7575786679546492,0.0,-15.0,20.686197898965684,17.679701853288954,Good,10,6,2025-10-12 10:00:00+00:00,Normal
2025-10-12 10:05:07+00:00,447.4011550422034,21,36,37,25.5,73,1010.12,26.09,-0.1569064,0.0,8.9044382,0.0,0.18375,0.25375,-70.8984375,-33.837890625,257.8125,classroom_window_closed,run_1,0,2238,0,False,False,False,0,0,0,0,0,0,447.4011550422034,36.0,37.0,21.0,-0.0017343032353138,-0.017343032353139,0.0372875195592475,0.071225,0.04655,0.159075,0.3330078125,0.1396484375,-1.24609375,443.51754775655263,2.1000535208248827,34.413333333333334,1.8104345826557684,35.666666666666664,1.7557830302224202,0.0,15.0,20.30154114782723,17.287896650184116,Good,10,6,2025-10-12 10:00:00+00:00,Normal
2025-10-12 10:05:12+00:00,447.4011550422034,20,35,36,25.8,73,1010.04,26.76,-0.196133,0.0392266,8.9044382,0.04375,0.04375,0.06125,-70.8984375,-33.837890625,257.8125,classroom_window_closed,run_1,0,2238,0,False,False,False,0,0,0,0,0,0,447.4011550422034,35.0,36.0,20.0,-0.0450918841181615,0.0260145485297086,0.0372875195592475,0.114975,-0.0934499999999999,-0.0334249999999999,0.3330078125,0.1396484375,-1.24609375,443.56286095068856,2.110075177620473,34.43333333333333,1.8001367087036133,35.68666666666667,1.742237497840479,0.0,-5.0,20.590035789552463,17.581039173349833,Good,10,6,2025-10-12 10:00:00+00:00,Normal
2025-10-12 10:05:18+00:00,447.4011550422034,20,36,37,25.8,73,1010.02,26.93,-0.196133,0.0392266,8.825985,-0.21875,0.13125,-0.245,-69.82421875,-32.2265625,257.275390625,classroom_window_closed,run_1,0,2238,0,False,False,False,0,0,0,0,0,0,447.4011550422034,36.0,37.0,20.0,-0.0450918841181615,0.0260145485297086,-0.049427642206448,-0.147525,-0.0059499999999999,-0.3396749999999999,1.4072265625,1.7509765625,-1.783203125,443.60817414482455,2.1190742290173596,34.45333333333333,1.800770404359454,35.70666666666666,1.739963228287944,0.0,5.0,20.590035789552463,17.581039173349833,Good,10,6,2025-10-12 10:00:00+00:00,Normal
2025-10-12 10:05:23+00:00,447.4011550422034,21,37,38,25.8,73,1010.07,26.51,-0.1176798,0.0,8.9044382,0.02625,0.1575,0.27125,-71.435546875,-34.375,262.646484375,classroom_window_closed,run_1,0,2238,0,False,False,False,0,0,0,0,0,0,447.4011550422034,37.0,38.0,21.0,0.0416232776475337,-0.017343032353139,0.0372875195592475,0.097475,0.0203,0.176575,-0.2041015625,-0.3974609375,3.587890625,443.6534873389605,2.1270636541851125,34.473333333333336,1.812324202691082,35.72,1.749860972425756,0.0,5.0,20.590035789552463,17.581039173349833,Good,10,6,2025-10-12 10:00:00+00:00,Normal
2025-10-12 10:05:28+00:00,448.8005330964016,20,35,35,25.4,73,1009.98,27.26,-0.0784532,0.0,8.8652116,0.07,0.0875,-0.00875,-71.435546875,-34.375,262.646484375,classroom_window_closed,run_1,0,2245,0,False,False,False,0,0,0,0,0,0,448.8005330964016,35.0,35.0,20.0,0.0849808585303814,-0.017343032353139,-0.0060700613235992,0.141225,-0.0496999999999999,-0.1034249999999999,-0.2041015625,-0.3974609375,3.587890625,443.7081297201243,2.1533203329559334,34.486666666666665,1.8087656314789928,35.72,1.749860972425756,6.996890270990548,-10.0,20.205373495990465,17.191124671161827,Good,10,6,2025-10-12 10:00:00+00:00,Normal
2025-10-12 10:05:34+00:00,448.8005330964016,21,36,36,25.6,72,1010.04,26.76,-0.1569064,0.0,8.825985,-0.09625,0.28,-0.04375,-71.97265625,-33.30078125,259.9609375,classroom_window_closed,run_1,0,2245,0,False,False,False,0,0,0,0,0,0,448.8005330964016,36.0,36.0,21.0,-0.0017343032353138,-0.017343032353139,-0.049427642206448,-0.0250249999999999,0.1428,-0.1384249999999999,-0.7412109375,0.6767578125,0.90234375,443.7627721012883,2.1778809577966753,34.50666666666667,1.8088027360128365,35.72666666666667,1.74900419094846,0.0,5.0,20.174302072856335,17.14698588600434,Good,10,6,2025-10-12 10:00:00+00:00,Normal
2025-10-12 10:05:39+00:00,448.8005330964016,21,34,36,25.4,73,1010.06,26.59,-0.0784532,0.0,8.9436648,-0.09625,0.00875,0.2275,-71.435546875,-33.837890625,252.978515625,classroom_window_closed,run_1,0,2245,0,False,False,False,0,0,0,0,0,0,448.8005330964016,34.0,36.0,21.0,0.0849808585303814,-0.017343032353139,0.0806451004420963,-0.0250249999999999,-0.1284499999999999,0.132825,-0.2041015625,0.1396484375,-6.080078125,443.81741448245214,2.20080231256491,34.49333333333333,1.8050885072526428,35.72,1.7460213641381557,0.0,-10.0,20.205373495990465,17.191124671161827,Good,10,6,2025-10-12 10:00:00+00:00,Normal
2025-10-12 10:05:44+00:00,448.8005330964016,21,34,34,25.9,73,1010.07,26.51,-0.1176798,0.0,8.8652116,-0.0175,0.00875,0.8750000000000001,-71.435546875,-33.837890625,252.978515625,classroom_window_closed,run_1,0,2245,0,False,False,False,0,0,0,0,0,0,448.8005330964016,34.0,34.0,21.0,0.0416232776475337,-0.017343032353139,-0.0060700613235992,0.053725,-0.1284499999999999,0.7803250000000002,-0.2041015625,0.1396484375,-6.080078125,443.87205686361614,2.2221351251205497,34.48,1.8012672645638057,35.7,1.7484413000915395,0.0,0.0,20.686197898965684,17.679701853288954,Good,10,6,2025-10-12 10:00:00+00:00,Normal
2025-10-12 10:05:50+00:00,448.8005330964016,21,34,34,25.5,73,1010.01,27.01,-0.1176798,0.0,8.825985,-0.06125,0.175,-0.00875,-73.046875,-32.763671875,258.88671875,classroom_window_closed,run_1,0,2245,0,False,False,False,0,0,0,0,0,0,448.8005330964016,34.0,34.0,21.0,0.0416232776475337,-0.017343032353139,-0.049427642206448,0.009975,0.0378,-0.1034249999999999,-1.8154296875,1.2138671875,-0.171875,443.9266992447802,2.2419247427698727,34.486666666666665,1.797599692157228,35.68666666666667,1.7537559565849783,0.0,0.0,20.30154114782723,17.287896650184116,Good,10,6,2025-10-12 10:00:00+00:00,Normal
2025-10-12 10:05:55+00:00,448.8005330964016,20,32,33,25.2,73,1010.01,27.01,-0.1569064,0.0,8.8652116,0.13125,0.16625,0.07875,-71.435546875,-34.375,257.275390625,classroom_window_closed,run_1,0,2245,0,False,False,False,0,0,0,0,0,0,448.8005330964016,32.0,33.0,20.0,-0.0017343032353138,-0.017343032353139,-0.0060700613235992,0.202475,0.02905,-0.0159249999999999,-0.2041015625,-0.3974609375,-1.783203125,443.981341625944,2.2602117008897142,34.473333333333336,1.8086172057314729,35.666666666666664,1.767213203208052,0.0,-10.0,20.013034035244704,16.99898270867744,Good,10,6,2025-10-12 10:00:00+00:00,Normal
2025-10-12 10:06:00+00:00,448.8005330964016,21,33,36,25.0,73,1009.97,27.34,-0.196133,0.0,8.8652116,-0.0525,0.35,0.04375,-72.509765625,-30.078125,272.8515625,classroom_window_closed,run_1,0,2245,0,False,False,False,0,0,0,0,0,0,448.8005330964016,33.0,36.0,21.0,-0.0450918841181615,-0.017343032353139,-0.0060700613235992,0.018725,0.2128,-0.0509249999999999,-1.2783203125,3.8994140625,13.79296875,444.035984007108,2.277032203566645,34.473333333333336,1.8086172057314729,35.68,1.7620914967597574,0.0,5.0,19.820689031536304,16.80869759783463,Good,10,6,2025-10-12 10:00:00+00:00,Normal
2025-10-12 10:06:06+00:00,448.8005330964016,21,34,37,25.0,73,1010.03,26.84,-0.1569064,0.0,8.9044382,0.13125,0.28,-0.07,-72.509765625,-30.078125,272.8515625,classroom_window_closed,run_1,0,2245,0,False,False,False,0,0,0,0,0,0,448.8005330964016,34.0,37.0,21.0,-0.0017343032353138,-0.017343032353139,0.0372875195592475,0.202475,0.1428,-0.164675,-1.2783203125,3.8994140625,13.79296875,444.0906263882718,2.292418531151357,34.48,1.804989356528487,35.7,1.759919156166451,0.0,5.0,19.820689031536304,16.80869759783463,Good,10,6,2025-10-12 10:00:00+00:00,Normal
2025-10-12 10:06:11+00:00,448.8005330964016,20,33,37,25.0,73,1010.02,26.93,-0.1176798,0.0,8.8652116,-0.3325,0.1225,0.07,-71.97265625,-32.2265625,256.73828125,classroom_window_closed,run_1,0,2245,0,False,False,False,0,0,0,0,0,0,448.8005330964016,33.0,37.0,20.0,0.0416232776475337,-0.017343032353139,-0.0060700613235992,-0.261275,-0.0146999999999999,-0.0246749999999999,-0.7412109375,1.7509765625,-2.3203125,444.14526876943586,2.3063993865977537,34.48,1.804989356528487,35.72666666666667,1.7490041909484602,0.0,-5.0,19.820689031536304,16.80869759783463,Good,10,6,2025-10-12 10:00:00+00:00,Normal
2025-10-12 10:06:16+00:00,448.8005330964016,20,35,37,25.0,73,1010.06,26.59,-0.2745862,0.0,8.8652116,-0.0175,0.06125,0.0875,-69.82421875,-32.763671875,261.572265625,classroom_window_closed,run_1,0,2245,0,False,False,False,0,0,0,0,0,0,448.8005330964016,35.0,37.0,20.0,-0.1318070458838569,-0.017343032353139,-0.0060700613235992,0.053725,-0.0759499999999999,-0.0071749999999999,1.4072265625,1.2138671875,2.513671875,444.1999111505996,2.319000190098444,34.49333333333333,1.801366620159158,35.75333333333333,1.7376087351101557,0.0,10.0,19.820689031536304,16.80869759783463,Good,10,6,2025-10-12 10:00:00+00:00,Normal
2025-10-12 10:06:22+00:00,448.8005330964016,20,35,38,25.8,73,1010.01,27.01,-0.1569064,0.0392266,8.8652116,0.20125,-0.105,0.14,-69.82421875,-32.763671875,261.572265625,classroom_window_closed,run_1,0,2245,0,False,False,False,0,0,0,0,0,0,448.8005330964016,35.0,38.0,20.0,-0.0017343032353138,0.0260145485297086,-0.0060700613235992,0.272475,-0.2421999999999999,0.045325,1.4072265625,1.2138671875,2.513671875,444.2545535317637,2.3302433296762204,34.513333333333335,1.790117039654076,35.79333333333334,1.7195936255803237,0.0,0.0,20.590035789552463,17.581039173349833,Good,10,6,2025-10-12 10:00:00+00:00,Normal
2025-10-12 10:06:27+00:00,448.8005330964016,22,36,38,25.8,73,1009.99,27.18,-0.0784532,0.0,8.7475318,-0.28875,0.035,0.39375,-71.435546875,-32.763671875,256.201171875,classroom_window_closed,run_1,0,2245,0,False,False,False,0,0,0,0,0,0,448.8005330964016,36.0,38.0,22.0,0.0849808585303814,-0.017343032353139,-0.1361428039721416,-0.217525,-0.1021999999999999,0.299075,-0.2041015625,1.2138671875,-2.857421875,444.3091959129276,2.340148373922088,34.54666666666667,1.7707036733686847,35.84,1.683237532436834,0.0,5.0,20.590035789552463,17.581039173349833,Good,10,6,2025-10-12 10:00:00+00:00,Normal
2025-10-12 10:06:32+00:00,448.8005330964016,21,35,36,25.5,73,1010.05,26.68,-0.1176798,0.0392266,8.629852,-0.2275,0.04375,-0.18375,-70.8984375,-34.912109375,259.9609375,classroom_window_closed,run_1,0,2245,0,False,False,False,0,0,0,0,0,0,448.8005330964016,35.0,36.0,21.0,0.0416232776475337,0.0260145485297086,-0.266215546620686,-0.156275,-0.0934499999999999,-0.278425,0.3330078125,-0.9345703125,0.90234375,444.3638382940915,2.3487322518936993,34.56666666666667,1.7586475381129918,35.86666666666667,1.6534148785548086,0.0,-5.0,20.30154114782723,17.287896650184116,Good,10,6,2025-10-12 10:00:00+00:00,Normal
2025-10-12 10:06:38+00:00,448.8005330964016,22,36,36,25.7,73,1009.99,27.18,-0.196133,0.0392266,8.9044382,-0.3675,0.3675,0.04375,-70.8984375,-34.912109375,259.9609375,classroom_window_closed,run_1,0,2245,0,False,False,False,0,0,0,0,0,0,448.8005330964016,36.0,36.0,22.0,-0.0450918841181615,0.0260145485297086,0.0372875195592475,-0.2962749999999999,0.2303,-0.0509249999999999,0.3330078125,-0.9345703125,0.90234375,444.4184806752554,2.3560094042356625,34.586666666666666,1.7577695852951667,35.88666666666666,1.6365648532874195,0.0,5.0,20.493872294578285,17.482852011125654,Good,10,6,2025-10-12 10:00:00+00:00,Normal
2025-10-12 10:06:43+00:00,448.8005330964016,21,34,34,25.0,73,1010.06,26.59,-0.1176798,0.0,8.9044382,0.13125,-0.1925,0.25375,-71.97265625,-33.837890625,254.052734375,classroom_window_closed,run_1,0,2245,0,False,False,False,0,0,0,0,0,0,448.8005330964016,34.0,34.0,21.0,0.0416232776475337,-0.017343032353139,0.0372875195592475,0.202475,-0.3297,0.159075,-0.7412109375,0.1396484375,-5.005859375,444.47312305641935,2.3619919088036454,34.58,1.7580877347906745,35.88,1.6422279840746428,0.0,-10.0,19.820689031536304,16.80869759783463,Good,10,6,2025-10-12 10:00:00+00:00,Normal
2025-10-12 10:06:48+00:00,448.8005330964016,20,33,33,25.0,73,1010.01,27.01,-0.1176798,0.0392266,8.9044382,-0.00875,0.105,0.00875,-70.8984375,-34.375,248.14453125,classroom_window_closed,run_1,0,2245,0,False,False,False,0,0,0,0,0,0,448.8005330964016,33.0,33.0,20.0,0.0416232776475337,0.0260145485297086,0.0372875195592475,0.062475,-0.0321999999999999,-0.0859249999999999,0.3330078125,-0.3974609375,-10.9140625,444.52776543758335,2.3666895834280153,34.56666666666667,1.7624596398507495,35.86666666666667,1.657469028192792,0.0,-5.0,19.820689031536304,16.80869759783463,Good,10,6,2025-10-12 10:00:00+00:00,Normal
2025-10-12 10:06:54+00:00,448.8005330964016,20,33,33,25.0,73,1010.03,26.84,-0.196133,0.0392266,8.8652116,-0.42875,0.1575,0.1925,-70.8984375,-34.375,248.14453125,classroom_window_closed,run_1,0,2245,0,False,False,False,0,0,0,0,0,0,448.8005330964016,33.0,33.0,20.0,-0.0450918841181615,0.0260145485297086,-0.0060700613235992,-0.357525,0.0203,0.097825,0.3330078125,-0.3974609375,-10.9140625,444.5824078187472,2.370110067909343,34.54666666666667,1.7631068774460217,35.84,1.671233117858847,0.0,0.0,19.820689031536304,16.80869759783463,Good,10,6,2025-10-12 10:00:00+00:00,Normal
2025-10-12 10:06:59+00:00,448.8005330964016,21,34,34,25.0,73,1010.05,26.68,-0.2353596,0.0392266,8.7867584,-0.1225,0.27125,-0.245,-73.583984375,-32.763671875,261.03515625,classroom_window_closed,run_1,0,2245,0,False,False,False,0,0,0,0,0,0,448.8005330964016,34.0,34.0,21.0,-0.0884494650010092,0.0260145485297086,-0.0927852230892948,-0.0512749999999999,0.13405,-0.3396749999999999,-2.3525390625,1.2138671875,1.9765625,444.6370501999112,2.372258886873346,34.54666666666667,1.7631068774460217,35.82666666666667,1.6779128400728829,0.0,5.0,19.820689031536304,16.80869759783463,Good,10,6,2025-10-12 10:00:00+00:00,Normal
2025-10-12 10:07:04+00:00,448.8005330964016,20,32,32,25.0,73,1010.01,27.01,-0.1569064,0.0,8.8652116,-0.14875,0.27125,0.3325,-70.8984375,-33.837890625,261.03515625,classroom_window_closed,run_1,0,2245,0,False,False,False,0,0,0,0,0,0,448.8005330964016,32.0,32.0,20.0,-0.0017343032353138,-0.017343032353139,-0.0060700613235992,-0.0775249999999999,0.13405,0.237825,0.3330078125,0.1396484375,1.9765625,444.691692581075,2.373139494707313,34.54,1.7708679099137623,35.806666666666665,1.7054852944207626,0.0,-10.0,19.820689031536304,16.80869759783463,Good,10,6,2025-10-12 10:00:00+00:00,Normal
2025-10-12 10:07:10+00:00,448.8005330964016,20,33,33,25.1,73,1010.04,26.76,-0.1569064,0.0392266,8.9044382,-0.20125,0.1575,0.34125,-70.8984375,-33.837890625,261.03515625,classroom_window_closed,run_1,0,2245,0,False,False,False,0,0,0,0,0,0,448.8005330964016,33.0,33.0,20.0,-0.0017343032353138,0.0260145485297086,0.0372875195592475,-0.130025,0.0203,0.246575,0.3330078125,0.1396484375,1.9765625,444.746334962239,2.372753303437922,34.526666666666664,1.7749058644729334,35.79333333333334,1.7195936255803237,0.0,5.0,19.91686222627581,16.90360897960424,Good,10,6,2025-10-12 10:00:00+00:00,Normal
2025-10-12 10:07:15+00:00,448.8005330964016,20,35,35,25.3,73,1010.01,27.01,-0.1569064,0.0392266,8.8652116,-0.23625,0.315,-0.1225,-71.435546875,-32.763671875,247.607421875,classroom_window_closed,run_1,0,2245,0,False,False,False,0,0,0,0,0,0,448.8005330964016,35.0,35.0,20.0,-0.0017343032353138,0.0260145485297086,-0.0060700613235992,-0.1650249999999999,0.1778,-0.2171749999999999,-0.2041015625,1.2138671875,-11.451171875,444.8009773434029,2.3710996940780955,34.526666666666664,1.7749058644729334,35.79333333333334,1.7195936255803237,0.0,10.0,20.10920445847294,17.094820649222385,Good,10,6,2025-10-12 10:00:00+00:00,Normal
2025-10-12 10:07:21+00:00,448.8005330964016,20,35,35,25.9,73,1010.03,26.84,-0.196133,0.0,8.7867584,-0.0525,0.16625,0.4375,-71.97265625,-33.837890625,257.8125,classroom_window_closed,run_1,0,2245,0,False,False,False,0,0,0,0,0,0,448.8005330964016,35.0,35.0,20.0,-0.0450918841181615,-0.017343032353139,-0.0927852230892948,0.018725,0.02905,0.342825,-0.7412109375,0.1396484375,-1.24609375,444.8462905375389,2.38220165779223,34.54,1.7708679099137623,35.806666666666665,1.7054852944207626,0.0,0.0,20.686197898965684,17.679701853288954,Good,10,6,2025-10-12 10:00:00+00:00,Normal
2025-10-12 10:07:26+00:00,448.8005330964016,21,36,37,25.6,73,1010.01,27.01,-0.196133,-0.0392266,8.9044382,0.3675,0.00875,0.105,-70.8984375,-33.30078125,244.921875,classroom_window_closed,run_1,0,2245,0,False,False,False,0,0,0,0,0,0,448.8005330964016,36.0,37.0,21.0,-0.0450918841181615,-0.0607006132359867,0.0372875195592475,0.438725,-0.1284499999999999,0.010325,0.3330078125,0.6767578125,-14.13671875,444.8916037316748,2.3923882597758284,34.56666666666667,1.7624596398507495,35.833333333333336,1.69252865377455,0.0,5.0,20.39770741401319,17.385138467754402,Good,10,6,2025-10-12 10:00:00+00:00,Normal
2025-10-12 10:07:31+00:00,448.8005330964016,20,36,37,25.6,73,1010.05,26.68,-0.2353596,0.0392266,8.825985,0.09625,0.11375,0.1575,-70.8984375,-33.30078125,244.921875,classroom_window_closed,run_1,0,2245,0,False,False,False,0,0,0,0,0,0,448.8005330964016,36.0,37.0,20.0,-0.0884494650010092,0.0260145485297086,-0.049427642206448,0.167475,-0.0234499999999999,0.062825,0.3330078125,0.6767578125,-14.13671875,444.9369169258107,2.4016711474789267,34.593333333333334,1.7536028747996288,35.86,1.6790457500832126,0.0,0.0,20.39770741401319,17.385138467754402,Good,10,6,2025-10-12 10:00:00+00:00,Normal
2025-10-12 10:07:37+00:00,448.8005330964016,21,38,38,25.2,73,1010.04,26.76,-0.1569064,0.0392266,8.825985,-0.21875,-0.13125,0.06125,-72.509765625,-33.30078125,254.58984375,classroom_window_closed,run_1,0,2245,0,False,False,False,0,0,0,0,0,0,448.8005330964016,38.0,38.0,21.0,-0.0017343032353138,0.0260145485297086,-0.049427642206448,-0.147525,-0.2684499999999999,-0.0334249999999999,-1.2783203125,0.6767578125,-4.46875,444.9822301199467,2.4100607634967703,34.63333333333333,1.7624596398507524,35.9,1.6578064264717458,0.0,10.0,20.013034035244704,16.99898270867744,Good,10,6,2025-10-12 10:00:00+00:00,Normal
2025-10-12 10:07:42+00:00,448.8005330964016,21,37,37,25.5,73,1010.04,26.76,-0.1176798,0.0392266,8.9044382,0.1225,0.315,0.0875,-70.361328125,-33.30078125,251.3671875,classroom_window_closed,run_1,0,2245,0,False,False,False,0,0,0,0,0,0,448.8005330964016,37.0,37.0,21.0,0.0416232776475337,0.0260145485297086,0.0372875195592475,0.193725,0.1778,-0.0071749999999999,0.8701171875,0.6767578125,-7.69140625,445.02754331408255,2.41756640753773,34.653333333333336,1.7722191248257504,35.92,1.652819433736464,0.0,-5.0,20.30154114782723,17.287896650184116,Good,10,6,2025-10-12 10:00:00+00:00,Normal
2025-10-12 10:07:47+00:00,448.8005330964016,20,35,35,25.7,73,1010.03,26.84,-0.196133,0.0,8.825985,0.14875,0.1925,0.5425000000000001,-70.361328125,-33.30078125,251.3671875,classroom_window_closed,run_1,0,2245,0,False,False,False,0,0,0,0,0,0,448.8005330964016,35.0,35.0,20.0,-0.0450918841181615,-0.017343032353139,-0.049427642206448,0.219975,0.0553,0.4478250000000001,0.8701171875,0.6767578125,-7.69140625,445.0728565082186,2.4241962903109755,34.666666666666664,1.7672132032080288,35.93333333333333,1.637097885118243,0.0,-10.0,20.493872294578285,17.482852011125654,Good,10,6,2025-10-12 10:00:00+00:00,Normal
2025-10-12 10:07:53+00:00,448.8005330964016,20,35,35,25.9,73,1010.01,27.01,-0.1569064,0.0,8.9828914,0.0875,0.35,0.2275,-72.509765625,-33.30078125,257.8125,classroom_window_closed,run_1,0,2245,0,False,False,False,0,0,0,0,0,0,448.8005330964016,35.0,35.0,20.0,-0.0017343032353138,-0.017343032353139,0.1240026813249431,0.158725,0.2128,0.132825,-1.2783203125,0.6767578125,-1.24609375,445.1181697023545,2.429957580093625,34.66,1.7640329023396508,35.92666666666667,1.6388597552991415,0.0,0.0,20.686197898965684,17.679701853288954,Good,10,6,2025-10-12 10:00:00+00:00,Normal
2025-10-12 10:07:58+00:00,448.8005330964016,20,35,35,25.0,73,1010.04,26.76,-0.0784532,0.0392266,8.825985,0.0875,0.315,-0.07875,-71.97265625,-33.30078125,250.830078125,classroom_window_closed,run_1,0,2245,0,False,False,False,0,0,0,0,0,0,448.8005330964016,35.0,35.0,20.0,0.0849808585303814,0.0260145485297086,-0.049427642206448,0.158725,0.1778,-0.173425,-0.7412109375,0.6767578125,-8.228515625,445.1634828964904,2.434856442615416,34.66,1.7640329023396508,35.92666666666667,1.6388597552991415,0.0,0.0,19.820689031536304,16.80869759783463,Good,10,6,2025-10-12 10:00:00+00:00,Normal
2025-10-12 10:08:03+00:00,448.8005330964016,21,34,34,25.9,73,1009.96,27.43,-0.1569064,0.0784532,8.8652116,-0.18375,-0.105,0.25375,-71.97265625,-33.30078125,250.830078125,classroom_window_closed,run_1,0,2245,0,False,False,False,0,0,0,0,0,0,448.8005330964016,34.0,34.0,21.0,-0.0017343032353138,0.0693721294125562,-0.0060700613235992,-0.1125249999999999,-0.2421999999999999,0.159075,-0.7412109375,0.6767578125,-8.228515625,445.2087960906264,2.4388980747935105,34.666666666666664,1.7596013378060635,35.92,1.6446782186655944,0.0,-5.0,20.686197898965684,17.679701853288954,Good,10,6,2025-10-12 10:00:00+00:00,Normal
2025-10-12 10:08:09+00:00,448.8005330964016,21,34,34,25.6,73,1009.94,27.59,-0.196133,0.0,8.8652116,-0.06125,0.0525,-0.0175,-71.435546875,-31.15234375,252.44140625,classroom_window_closed,run_1,0,2245,0,False,False,False,0,0,0,0,0,0,448.8005330964016,34.0,34.0,21.0,-0.0450918841181615,-0.017343032353139,-0.0060700613235992,0.009975,-0.0847,-0.1121749999999999,-0.2041015625,2.8251953125,-6.6171875,445.2541092847623,2.4420867327577755,34.666666666666664,1.7596013378060635,35.906666666666666,1.6521154495412809,0.0,0.0,20.39770741401319,17.385138467754402,Good,10,6,2025-10-12 10:00:00+00:00,Normal
2025-10-12 10:08:14+00:00,448.8005330964016,21,37,37,25.9,73,1010.02,26.93,-0.1569064,0.0,8.825985,-0.07,0.25375,-0.035,-69.82421875,-33.837890625,257.8125,classroom_window_closed,run_1,0,2245,0,False,False,False,0,0,0,0,0,0,448.8005330964016,37.0,37.0,21.0,-0.0017343032353138,-0.017343032353139,-0.049427642206448,0.001225,0.1165499999999999,-0.1296749999999999,1.4072265625,0.1396484375,-1.24609375,445.2994224788983,2.444425754525173,34.7,1.756101539618256,35.92,1.652819433736464,0.0,15.0,20.686197898965684,17.679701853288954,Good,10,6,2025-10-12 10:00:00+00:00,Normal
2025-10-12 10:08:19+00:00,448.8005330964016,20,36,36,25.5,73,1010.05,26.68,-0.1176798,0.0392266,8.9044382,-0.06125,-0.00875,0.07,-69.82421875,-33.837890625,257.8125,classroom_window_closed,run_1,0,2245,0,False,False,False,0,0,0,0,0,0,448.8005330964016,36.0,36.0,20.0,0.0416232776475337,0.0260145485297086,0.0372875195592475,0.009975,-0.14595,-0.0246749999999999,1.4072265625,0.1396484375,-1.24609375,445.34473567303417,2.445917577608603,34.72,1.7536921741316762,35.92,1.652819433736464,0.0,-5.0,20.30154114782723,17.287896650184116,Good,10,6,2025-10-12 10:00:00+00:00,Normal
2025-10-12 10:08:25+00:00,448.8005330964016,21,37,37,25.7,73,1010.08,26.43,-0.1569064,0.0,8.825985,-0.0875,0.0175,0.14875,-71.435546875,-34.375,256.201171875,classroom_window_closed,run_1,0,2245,0,False,False,False,0,0,0,0,0,0,448.8005330964016,37.0,37.0,21.0,-0.0017343032353138,-0.017343032353139,-0.049427642206448,-0.0162749999999999,-0.1196999999999999,0.054075,-0.2041015625,-0.3974609375,-2.857421875,445.3900488671701,2.446563751778782,34.75333333333333,1.7491576751988047,35.946666666666665,1.6375897605058654,0.0,5.0,20.493872294578285,17.482852011125654,Good,10,6,2025-10-12 10:00:00+00:00,Normal
2025-10-12 10:08:30+00:00,448.8005330964016,20,36,36,25.1,73,1009.93,27.68,-0.1176798,0.0392266,8.9044382,-0.06125,0.21,0.14875,-71.97265625,-32.2265625,255.6640625,classroom_window_closed,run_1,0,2245,0,False,False,False,0,0,0,0,0,0,448.8005330964016,36.0,36.0,20.0,0.0416232776475337,0.0260145485297086,0.0372875195592475,0.009975,0.0728,0.054075,-0.7412109375,1.7509765625,-3.39453125,445.4353620613061,2.446364947135927,34.78,1.7373512200314944,35.96666666666667,1.619580966050432,0.0,-5.0,19.91686222627581,16.90360897960424,Good,10,6,2025-10-12 10:00:00+00:00,Normal
2025-10-12 10:08:35+00:00,448.8005330964016,20,36,36,25.6,73,1009.99,27.18,-0.1176798,0.0392266,8.825985,-0.23625,-0.035,0.00875,-71.97265625,-32.2265625,255.6640625,classroom_window_closed,run_1,0,2245,0,False,False,False,0,0,0,0,0,0,448.8005330964016,36.0,36.0,20.0,0.0416232776475337,0.0260145485297086,-0.049427642206448,-0.1650249999999999,-0.1722,-0.0859249999999999,-0.7412109375,1.7509765625,-3.39453125,445.48067525544207,2.4453209575896624,34.8,1.7339871422233593,35.98,1.6114939502455046,0.0,0.0,20.39770741401319,17.385138467754402,Good,10,6,2025-10-12 10:00:00+00:00,Normal
2025-10-12 10:08:41+00:00,448.8005330964016,20,35,35,25.9,73,1010.08,26.43,-0.1569064,0.0,8.8652116,-0.105,0.07875,-0.21,-72.509765625,-31.689453125,256.201171875,classroom_window_closed,run_1,0,2245,0,False,False,False,0,0,0,0,0,0,448.8005330964016,35.0,35.0,20.0,-0.0017343032353138,-0.017343032353139,-0.0060700613235992,-0.0337749999999999,-0.0584499999999999,-0.304675,-1.2783203125,2.2880859375,-2.857421875,445.5166592625499,2.4542386360474,34.806666666666665,1.7328126906936718,35.973333333333336,1.6134779087327749,0.0,-5.0,20.686197898965684,17.679701853288954,Good,10,6,2025-10-12 10:00:00+00:00,Normal
2025-10-12 10:08:46+00:00,448.8005330964016,21,36,37,25.3,73,1009.99,27.18,-0.1569064,0.0392266,8.8652116,-0.06125,-0.1225,-0.00875,-71.97265625,-34.912109375,259.9609375,classroom_window_closed,run_1,0,2245,0,False,False,False,0,0,0,0,0,0,448.8005330964016,36.0,37.0,21.0,-0.0017343032353138,0.0260145485297086,-0.0060700613235992,0.009975,-0.2597,-0.1034249999999999,-0.7412109375,-0.9345703125,0.90234375,445.55264326965784,2.462594749781807,34.806666666666665,1.7328126906936718,35.973333333333336,1.6134779087327749,0.0,5.0,20.10920445847294,17.094820649222385,Good,10,6,2025-10-12 10:00:00+00:00,Normal
2025-10-12 10:08:51+00:00,448.8005330964016,21,34,37,25.2,73,1010.03,26.84,-0.196133,0.0,8.9044382,0.0525,0.32375,0.175,-71.97265625,-34.912109375,259.9609375,classroom_window_closed,run_1,0,2245,0,False,False,False,0,0,0,0,0,0,448.8005330964016,34.0,37.0,21.0,-0.0450918841181615,-0.017343032353139,0.0372875195592475,0.123725,0.18655,0.080325,-0.7412109375,-0.9345703125,0.90234375,445.58862727676586,2.4703949972792967,34.79333333333334,1.7312627453717886,35.98,1.615653295255454,0.0,-10.0,20.013034035244704,16.99898270867744,Good,10,6,2025-10-12 10:00:00+00:00,Normal
2025-10-12 10:08:57+00:00,448.8005330964016,20,33,36,25.6,73,1010.04,26.76,-0.2353596,0.0392266,8.825985,-0.28875,-0.00875,0.13125,-71.435546875,-33.30078125,252.978515625,classroom_window_closed,run_1,0,2245,0,False,False,False,0,0,0,0,0,0,448.8005330964016,33.0,36.0,20.0,-0.0884494650010092,0.0260145485297086,-0.049427642206448,-0.217525,-0.14595,0.036575,-0.2041015625,0.6767578125,-6.080078125,445.6246112838738,2.477644628564955,34.78,1.7373512200314942,35.986666666666665,1.613644283824773,0.0,-5.0,20.39770741401319,17.385138467754402,Good,10,6,2025-10-12 10:00:00+00:00,Normal
2025-10-12 10:09:02+00:00,448.8005330964016,21,34,36,25.4,73,1010.04,26.76,-0.1176798,0.1176798,8.825985,-0.25375,0.23625,0.25375,-70.8984375,-31.689453125,260.498046875,classroom_window_closed,run_1,0,2245,0,False,False,False,0,0,0,0,0,0,448.8005330964016,34.0,36.0,21.0,0.0416232776475337,0.1127297102954039,-0.049427642206448,-0.1825249999999999,0.09905,0.159075,0.3330078125,2.2880859375,1.439453125,445.6699244780097,2.4731255438774618,34.77333333333333,1.7384196582751126,35.99333333333333,1.6116050054254334,0.0,5.0,20.205373495990465,17.191124671161827,Good,10,6,2025-10-12 10:00:00+00:00,Normal
2025-10-12 10:09:07+00:00,448.8005330964016,21,34,34,25.2,73,1010.05,26.68,-0.1569064,0.0,8.7867584,-0.11375,0.385,0.3325,-71.97265625,-32.763671875,243.84765625,classroom_window_closed,run_1,0,2245,0,False,False,False,0,0,0,0,0,0,448.8005330964016,34.0,34.0,21.0,-0.0017343032353138,-0.017343032353139,-0.0927852230892948,-0.0425249999999999,0.2478,0.237825,-0.7412109375,1.2138671875,-15.2109375,445.7152376721458,2.467760700330558,34.76,1.7366170925608353,35.98,1.6198019598894653,0.0,0.0,20.013034035244704,16.99898270867744,Good,10,6,2025-10-12 10:00:00+00:00,Normal
2025-10-12 10:09:13+00:00,448.8005330964016,21,34,34,25.7,73,1009.92,27.76,-0.1569064,-0.0392266,8.825985,-0.37625,-0.02625,-0.6125,-71.97265625,-32.763671875,243.84765625,classroom_window_closed,run_1,0,2245,0,False,False,False,0,0,0,0,0,0,448.8005330964016,34.0,34.0,21.0,-0.0017343032353138,-0.0607006132359867,-0.049427642206448,-0.305025,-0.1634499999999999,-0.707175,-0.7412109375,1.2138671875,-15.2109375,445.7698800533096,2.4444634269471157,34.75333333333333,1.737608735110136,35.96666666666667,1.6278477026972586,0.0,0.0,20.493872294578285,17.482852011125654,Good,10,6,2025-10-12 10:00:00+00:00,Normal
2025-10-12 10:09:18+00:00,450.0,20,31,33,25.1,73,1009.99,27.18,-0.1569064,0.0392266,8.7867584,-0.20125,0.27125,-0.2975,-71.97265625,-34.912109375,257.8125,classroom_window_closed,run_1,0,2251,0,False,False,False,0,0,0,0,0,0,450.0,31.0,33.0,20.0,-0.0017343032353138,0.0260145485297086,-0.0927852230892948,-0.130025,0.13405,-0.3921749999999999,-0.7412109375,-0.9345703125,-1.24609375,445.84051532652154,2.4121684340651304,34.72,1.7613295771077533,35.93333333333333,1.6370978851182427,5.997334517992101,-15.0,19.91686222627581,16.90360897960424,Good,10,6,2025-10-12 10:00:00+00:00,Normal
2025-10-12 10:09:24+00:00,450.0,21,33,36,25.9,73,1010.01,27.01,-0.1176798,0.0,8.825985,-0.04375,0.2625,-0.20125,-71.435546875,-33.837890625,255.6640625,classroom_window_closed,run_1,0,2251,0,False,False,False,0,0,0,0,0,0,450.0,33.0,36.0,21.0,0.0416232776475337,-0.017343032353139,-0.049427642206448,0.027475,0.1253,-0.295925,-0.2041015625,0.1396484375,-3.39453125,445.90315415370947,2.397227769118091,34.7,1.7637285094462525,35.92666666666667,1.6347594559283682,0.0,10.0,20.686197898965684,17.679701853288954,Good,10,6,2025-10-12 10:00:00+00:00,Normal
2025-10-12 10:09:29+00:00,448.8005330964016,21,34,37,25.2,73,1009.97,27.34,-0.1569064,0.0392266,8.8652116,-0.30625,0.00875,0.39375,-71.435546875,-33.837890625,255.6640625,classroom_window_closed,run_1,0,2245,0,False,False,False,0,0,0,0,0,0,448.8005330964016,34.0,37.0,21.0,-0.0017343032353138,0.0260145485297086,-0.0060700613235992,-0.235025,-0.1284499999999999,0.299075,-0.2041015625,0.1396484375,-3.39453125,445.9577965348734,2.368878492525526,34.68,1.754457410531549,35.92666666666667,1.6347594559283682,-5.997334517992101,5.0,20.013034035244704,16.99898270867744,Good,10,6,2025-10-12 10:00:00+00:00,Normal
2025-10-12 10:09:34+00:00,450.0,20,33,36,25.7,73,1009.98,27.26,-0.0784532,0.0392266,8.7867584,-0.07875,0.14875,-0.23625,-71.97265625,-34.375,263.720703125,classroom_window_closed,run_1,0,2251,0,False,False,False,0,0,0,0,0,0,450.0,33.0,36.0,20.0,0.0849808585303814,0.0260145485297086,-0.0927852230892948,-0.0075249999999999,0.01155,-0.3309249999999999,-0.7412109375,-0.3974609375,4.662109375,446.02043536206133,2.3505187537164263,34.67333333333333,1.758952810286352,35.92666666666667,1.6347594559283682,5.997334517992101,-5.0,20.493872294578285,17.482852011125654,Good,10,6,2025-10-12 10:00:00+00:00,Normal
2025-10-12 10:09:40+00:00,450.0,21,33,36,25.3,73,1010.01,27.01,-0.1569064,0.0,8.9044382,-0.35,0.14875,-0.1925,-71.97265625,-33.837890625,254.052734375,classroom_window_closed,run_1,0,2251,0,False,False,False,0,0,0,0,0,0,450.0,33.0,36.0,21.0,-0.0017343032353138,-0.017343032353139,0.0372875195592475,-0.278775,0.01155,-0.2871749999999999,-0.7412109375,0.1396484375,-5.005859375,446.0737450022213,2.3494839277722463,34.67333333333333,1.758952810286352,35.92,1.632390267851776,0.0,0.0,20.10920445847294,17.094820649222385,Good,10,6,2025-10-12 10:00:00+00:00,Normal
2025-10-12 10:09:45+00:00,450.0,20,31,35,25.0,73,1010.01,27.01,-0.1176798,0.0392266,8.7867584,-0.07875,-0.11375,-0.06125,-71.97265625,-33.837890625,254.052734375,classroom_window_closed,run_1,0,2251,0,False,False,False,0,0,0,0,0,0,450.0,31.0,35.0,20.0,0.0416232776475337,0.0260145485297086,-0.0927852230892948,-0.0075249999999999,-0.25095,-0.1559249999999999,-0.7412109375,0.1396484375,-5.005859375,446.1270546423811,2.3472300824871972,34.66,1.7791861498181225,35.906666666666666,1.6316774695549534,0.0,-10.0,19.820689031536304,16.80869759783463,Good,10,6,2025-10-12 10:00:00+00:00,Normal
2025-10-12 10:09:50+00:00,450.0,22,33,37,25.1,73,1009.96,27.43,-0.1176798,0.0392266,8.9436648,-0.175,0.02625,-0.09625,-70.361328125,-32.763671875,258.349609375,classroom_window_closed,run_1,0,2251,0,False,False,False,0,0,0,0,0,0,450.0,33.0,37.0,22.0,0.0416232776475337,0.0260145485297086,0.0806451004420963,-0.1037749999999999,-0.11095,-0.1909249999999999,0.8701171875,1.2138671875,-0.708984375,446.18036428254106,2.343753701093798,34.666666666666664,1.7710068674019095,35.913333333333334,1.6341024532569872,0.0,10.0,19.91686222627581,16.90360897960424,Good,10,6,2025-10-12 10:00:00+00:00,Normal
2025-10-12 10:09:56+00:00,450.0,22,33,37,25.1,73,1009.97,27.34,-0.196133,0.0,8.825985,0.06125,-0.06125,0.0525,-70.8984375,-34.912109375,258.88671875,classroom_window_closed,run_1,0,2251,0,False,False,False,0,0,0,0,0,0,450.0,33.0,37.0,22.0,-0.0450918841181615,-0.017343032353139,-0.049427642206448,0.132475,-0.19845,-0.0421749999999999,0.3330078125,-0.9345703125,-0.171875,446.224344735673,2.3531634788294045,34.68,1.7506278835255429,35.92666666666667,1.6347594559283682,0.0,0.0,19.91686222627581,16.90360897960424,Good,10,6,2025-10-12 10:00:00+00:00,Normal
2025-10-12 10:10:01+00:00,448.8005330964016,22,32,34,25.7,73,1009.98,27.26,-0.1569064,0.0392266,8.9436648,-0.0525,-0.07875,0.245,-70.8984375,-34.912109375,258.88671875,classroom_window_closed,run_1,0,2245,0,False,False,False,0,0,0,0,0,0,448.8005330964016,32.0,34.0,22.0,-0.0017343032353138,0.0260145485297086,0.0806451004420963,0.018725,-0.2159499999999999,0.150325,0.3330078125,-0.9345703125,-0.171875,446.2603287427809,2.350997967245168,34.68,1.7506278835255429,35.92666666666667,1.6347594559283682,-5.997334517992101,-5.0,20.493872294578285,17.482852011125654,Good,10,6,2025-10-12 10:00:00+00:00,Normal
2025-10-12 10:10:06+00:00,450.0,21,31,35,25.0,73,1010.06,26.59,-0.196133,-0.0392266,8.825985,-0.14875,0.175,0.21,-71.435546875,-32.2265625,257.8125,classroom_window_closed,run_1,0,2251,0,False,False,False,0,0,0,0,0,0,450.0,31.0,35.0,21.0,-0.0450918841181615,-0.0607006132359867,-0.049427642206448,-0.0775249999999999,0.0378,0.115325,-0.2041015625,1.7509765625,-1.24609375,446.3043091959129,2.3588784275484227,34.666666666666664,1.7710068674019095,35.92,1.6364965033171135,5.997334517992101,-5.0,19.820689031536304,16.80869759783463,Good,10,6,2025-10-12 10:00:00+00:00,Normal
2025-10-12 10:10:12+00:00,450.0,21,32,36,25.3,73,1009.99,27.18,-0.1569064,0.0,8.825985,-0.2275,0.2275,0.41125,-72.509765625,-34.912109375,254.052734375,classroom_window_closed,run_1,0,2251,0,False,False,False,0,0,0,0,0,0,450.0,32.0,36.0,21.0,-0.0017343032353138,-0.017343032353139,-0.049427642206448,-0.156275,0.0903,0.316575,-1.2783203125,-0.9345703125,-5.005859375,446.3482896490448,2.3659097417076063,34.64,1.7808828215694057,35.906666666666666,1.6275590759973384,0.0,5.0,20.10920445847294,17.094820649222385,Good,10,6,2025-10-12 10:00:00+00:00,Normal
2025-10-12 10:10:17+00:00,450.0,21,33,36,25.9,73,1010.04,26.76,-0.196133,0.0392266,8.8652116,-0.06125,-0.035,-0.0875,-72.509765625,-34.912109375,254.052734375,classroom_window_closed,run_1,0,2251,0,False,False,False,0,0,0,0,0,0,450.0,33.0,36.0,21.0,-0.0450918841181615,0.0260145485297086,-0.0060700613235992,0.009975,-0.1722,-0.1821749999999999,-1.2783203125,-0.9345703125,-5.005859375,446.3922701021768,2.372099460784014,34.62,1.7823519639762129,35.89333333333333,1.618461721672474,0.0,5.0,20.686197898965684,17.679701853288954,Good,10,6,2025-10-12 10:00:00+00:00,Normal
2025-10-12 10:10:22+00:00,450.0,22,36,37,0.0,0,1010.02,26.93,-0.196133,0.0392266,8.8652116,-0.13125,0.16625,0.13125,-71.435546875,-33.30078125,248.14453125,classroom_window_closed,run_1,0,2251,0,False,False,False,0,0,0,0,0,0,450.0,36.0,37.0,22.0,-0.0450918841181615,0.0260145485297086,-0.0060700613235992,-0.0600249999999999,0.02905,0.036575,-0.2041015625,0.6767578125,-10.9140625,446.43625055530873,2.377454158083368,34.62,1.7823519639762129,35.88666666666666,1.6117715738478562,0.0,15.0,-96.07763018544566,0.0,Good,10,6,2025-10-12 10:00:00+00:00,Normal
2025-10-12 10:10:28+00:00,450.0,22,36,37,25.5,73,1010.01,27.01,-0.1176798,0.0,8.9044382,-0.0875,0.0525,-0.2275,-73.046875,-33.30078125,255.126953125,classroom_window_closed,run_1,0,2251,0,False,False,False,0,0,0,0,0,0,450.0,36.0,37.0,22.0,0.0416232776475337,-0.017343032353139,0.0372875195592475,-0.0162749999999999,-0.0847,-0.322175,-1.8154296875,0.6767578125,-3.931640625,446.4802310084407,2.381979465007037,34.61333333333334,1.7752461467164762,35.873333333333335,1.594018461181094,0.0,0.0,20.30154114782723,17.287896650184116,Good,10,6,2025-10-12 10:00:00+00:00,Normal
2025-10-12 10:10:33+00:00,450.0,21,34,36,25.8,73,1010.0,27.09,-0.196133,0.0,8.9436648,2.1700000000000004,0.04375,0.32375,-70.8984375,-33.30078125,258.88671875,classroom_window_closed,run_1,0,2251,0,False,False,False,0,0,0,0,0,0,450.0,34.0,36.0,21.0,-0.0450918841181615,-0.017343032353139,0.0806451004420963,2.2412250000000005,-0.0934499999999999,0.229075,0.3330078125,0.6767578125,-0.171875,446.5335406486006,2.3705717437204217,34.58,1.7388957384678558,35.85333333333333,1.5732097172080042,0.0,-10.0,20.590035789552463,17.581039173349833,Good,10,6,2025-10-12 10:00:00+00:00,Normal
2025-10-12 10:10:38+00:00,450.0,21,33,34,25.1,73,1009.99,27.18,-0.2353596,-0.0392266,8.7475318,0.04375,0.3675,-0.16625,-70.8984375,-33.30078125,258.88671875,classroom_window_closed,run_1,0,2251,0,False,False,False,0,0,0,0,0,0,450.0,33.0,34.0,21.0,-0.0884494650010092,-0.0607006132359867,-0.1361428039721416,0.114975,0.2303,-0.2609249999999999,0.3330078125,0.6767578125,-0.171875,446.5868502887605,2.3578958056965584,34.553333333333335,1.7321928789896035,35.833333333333336,1.5775976412486783,0.0,-5.0,19.91686222627581,16.90360897960424,Good,10,6,2025-10-12 10:00:00+00:00,Normal
2025-10-12 10:10:44+00:00,450.0,21,33,34,25.2,73,1010.04,26.76,-0.196133,0.0784532,8.9044382,0.0875,0.09625,0.1575,-72.509765625,-34.375,251.3671875,classroom_window_closed,run_1,0,2251,0,False,False,False,0,0,0,0,0,0,450.0,33.0,34.0,21.0,-0.0450918841181615,0.0693721294125562,0.0372875195592475,0.158725,-0.0409499999999999,0.062825,-1.2783203125,-0.3974609375,-7.69140625,446.6401599289204,2.343931075544338,34.52,1.7134289965371814,35.806666666666665,1.5745316408834704,0.0,0.0,20.013034035244704,16.99898270867744,Good,10,6,2025-10-12 10:00:00+00:00,Normal
2025-10-12 10:10:49+00:00,450.0,20,33,33,25.8,73,1009.99,27.18,-0.1569064,0.0392266,8.8652116,-0.28,0.16625,0.1575,-71.97265625,-34.375,256.73828125,classroom_window_closed,run_1,0,2251,0,False,False,False,0,0,0,0,0,0,450.0,33.0,33.0,20.0,-0.0017343032353138,0.0260145485297086,-0.0060700613235992,-0.208775,0.02905,0.062825,-0.7412109375,-0.3974609375,-2.3203125,446.6934695690803,2.3286543670688284,34.486666666666665,1.6937970793047226,35.77333333333333,1.5807001535368808,0.0,0.0,20.590035789552463,17.581039173349833,Good,10,6,2025-10-12 10:00:00+00:00,Normal
2025-10-12 10:10:54+00:00,450.0,21,33,33,25.8,73,1010.02,26.93,-0.1176798,0.0,8.9044382,-0.09625,0.23625,-0.14,-71.97265625,-34.375,256.73828125,classroom_window_closed,run_1,0,2251,0,False,False,False,0,0,0,0,0,0,450.0,33.0,33.0,21.0,0.0416232776475337,-0.017343032353139,0.0372875195592475,-0.0250249999999999,0.09905,-0.234675,-0.7412109375,-0.3974609375,-2.3203125,446.7374500222123,2.328388282597786,34.473333333333336,1.6975966693833595,35.76,1.595631620536644,0.0,0.0,20.590035789552463,17.581039173349833,Good,10,6,2025-10-12 10:00:00+00:00,Normal
2025-10-12 10:11:00+00:00,450.0,21,33,33,25.5,73,1009.99,27.18,-0.1569064,0.0,8.8652116,0.21,0.175,0.1225,-71.97265625,-33.837890625,262.109375,classroom_window_closed,run_1,0,2251,0,False,False,False,0,0,0,0,0,0,450.0,33.0,33.0,21.0,-0.0017343032353138,-0.017343032353139,-0.0060700613235992,0.281225,0.0378,0.027825,-0.7412109375,0.1396484375,3.05078125,446.7814304753442,2.327285608557711,34.48,1.689763892803586,35.766666666666666,1.5818461165566469,0.0,0.0,20.30154114782723,17.287896650184116,Good,10,6,2025-10-12 10:00:00+00:00,Normal
2025-10-12 10:11:05+00:00,450.0,21,34,34,25.8,73,1010.06,26.59,-0.1176798,0.0,8.8652116,0.0525,0.2975,-0.28,-71.97265625,-33.837890625,256.73828125,classroom_window_closed,run_1,0,2251,0,False,False,False,0,0,0,0,0,0,450.0,34.0,34.0,21.0,0.0416232776475337,-0.017343032353139,-0.0060700613235992,0.123725,0.1603,-0.374675,-0.7412109375,0.1396484375,-2.3203125,446.8254109284762,2.325345154821586,34.49333333333333,1.6779128400728516,35.77333333333333,1.572185529066982,0.0,5.0,20.590035789552463,17.581039173349833,Good,10,6,2025-10-12 10:00:00+00:00,Normal
2025-10-12 10:11:10+00:00,450.0,20,32,33,25.8,73,1010.03,26.84,-0.1176798,-0.0392266,8.9044382,-0.11375,-0.18375,0.34125,-71.97265625,-33.837890625,256.73828125,classroom_window_closed,run_1,0,2251,0,False,False,False,0,0,0,0,0,0,450.0,32.0,33.0,20.0,0.0416232776475337,-0.0607006132359867,0.0372875195592475,-0.0425249999999999,-0.3209499999999999,0.246575,-0.7412109375,0.1396484375,-2.3203125,446.8693913816081,2.322564821548765,34.49333333333333,1.6779128400728516,35.766666666666666,1.5818461165566469,0.0,-10.0,20.590035789552463,17.581039173349833,Good,10,6,2025-10-12 10:00:00+00:00,Normal
2025-10-12 10:11:16+00:00,450.0,21,33,33,25.9,73,1010.08,26.43,-0.0392266,0.0392266,8.7867584,-0.1575,-0.14875,-0.105,-72.509765625,-32.2265625,254.58984375,classroom_window_closed,run_1,0,2251,0,False,False,False,0,0,0,0,0,0,450.0,33.0,33.0,21.0,0.1283384394132291,0.0260145485297086,-0.0927852230892948,-0.0862749999999999,-0.28595,-0.199675,-1.2783203125,1.7509765625,-4.46875,446.9133718347401,2.318941587778936,34.49333333333333,1.6779128400728516,35.74666666666667,1.5977612973504471,0.0,5.0,20.686197898965684,17.679701853288954,Good,10,6,2025-10-12 10:00:00+00:00,Normal
2025-10-12 10:11:21+00:00,450.0,21,32,32,25.1,73,1009.93,27.68,-0.196133,0.0,8.8652116,-0.1925,0.34125,-0.11375,-71.435546875,-31.689453125,259.423828125,classroom_window_closed,run_1,0,2251,0,False,False,False,0,0,0,0,0,0,450.0,32.0,32.0,21.0,-0.0450918841181615,-0.017343032353139,-0.0060700613235992,-0.121275,0.20405,-0.2084249999999999,-0.2041015625,2.2880859375,0.365234375,446.957352287872,2.3144714949112597,34.49333333333333,1.6779128400728516,35.74,1.6113273531241863,0.0,-5.0,19.91686222627581,16.90360897960424,Good,10,6,2025-10-12 10:00:00+00:00,Normal
2025-10-12 10:11:26+00:00,450.0,20,31,32,25.7,73,1009.99,27.18,-0.1569064,0.0,8.8652116,0.00875,0.0175,0.2275,-71.435546875,-31.689453125,259.423828125,classroom_window_closed,run_1,0,2251,0,False,False,False,0,0,0,0,0,0,450.0,31.0,32.0,20.0,-0.0017343032353138,-0.017343032353139,-0.0060700613235992,0.079975,-0.1196999999999999,0.132825,-0.2041015625,2.2880859375,0.365234375,447.01066192803194,2.291582593347972,34.48,1.697688914673893,35.72,1.6389553064816378,0.0,-5.0,20.493872294578285,17.482852011125654,Good,10,6,2025-10-12 10:00:00+00:00,Normal
2025-10-12 10:11:32+00:00,450.0,20,32,33,25.6,73,1010.03,26.84,-0.196133,0.0392266,8.7867584,-0.0175,0.23625,-0.04375,-70.361328125,-34.375,256.73828125,classroom_window_closed,run_1,0,2251,0,False,False,False,0,0,0,0,0,0,450.0,32.0,33.0,20.0,-0.0450918841181615,0.0260145485297086,-0.0927852230892948,0.053725,0.09905,-0.1384249999999999,0.8701171875,-0.3974609375,-2.3203125,447.06397156819185,2.2672012000480577,34.46666666666667,1.7092981670011684,35.7,1.6537531039605295,0.0,5.0,20.39770741401319,17.385138467754402,Good,10,6,2025-10-12 10:00:00+00:00,Normal
2025-10-12 10:11:37+00:00,450.0,20,33,33,25.5,73,1010.06,26.59,-0.196133,0.0,8.825985,0.0175,0.1225,0.32375,-72.509765625,-33.837890625,262.646484375,classroom_window_closed,run_1,0,2251,0,False,False,False,0,0,0,0,0,0,450.0,33.0,33.0,20.0,-0.0450918841181615,-0.017343032353139,-0.049427642206448,0.088725,-0.0146999999999999,0.229075,-1.2783203125,0.1396484375,3.587890625,447.11728120835176,2.2412786080379563,34.46,1.713076435096557,35.68,1.6681782854198577,0.0,5.0,20.30154114782723,17.287896650184116,Good,10,6,2025-10-12 10:00:00+00:00,Normal
2025-10-12 10:11:42+00:00,450.0,21,36,36,25.7,73,1009.96,27.43,-0.196133,0.0,8.9828914,-0.30625,0.28875,-0.06125,-72.509765625,-33.837890625,262.646484375,classroom_window_closed,run_1,0,2251,0,False,False,False,0,0,0,0,0,0,450.0,36.0,36.0,21.0,-0.0450918841181615,-0.017343032353139,0.1240026813249431,-0.235025,0.15155,-0.1559249999999999,-1.2783203125,0.1396484375,3.587890625,447.1705908485118,2.213760676808367,34.46,1.713076435096557,35.67333333333333,1.664862558233452,0.0,15.0,20.493872294578285,17.482852011125654,Good,10,6,2025-10-12 10:00:00+00:00,Normal
2025-10-12 10:11:48+00:00,450.0,20,33,33,25.0,73,1010.04,26.76,-0.0784532,0.0392266,8.7867584,0.035,0.28,-0.1575,-70.361328125,-32.2265625,268.5546875,classroom_window_closed,run_1,0,2251,0,False,False,False,0,0,0,0,0,0,450.0,33.0,33.0,20.0,0.0849808585303814,0.0260145485297086,-0.0927852230892948,0.106225,0.1428,-0.252175,0.8701171875,1.7509765625,9.49609375,447.2145713016436,2.2039163964977746,34.44,1.7124886713973717,35.64666666666667,1.6754711514730338,0.0,-15.0,19.820689031536304,16.80869759783463,Good,10,6,2025-10-12 10:00:00+00:00,Normal
2025-10-12 10:11:53+00:00,450.0,20,33,33,25.1,73,1009.97,27.34,-0.1569064,0.0392266,8.9044382,0.0875,0.315,-0.105,-70.8984375,-32.2265625,266.943359375,classroom_window_closed,run_1,0,2251,0,False,False,False,0,0,0,0,0,0,450.0,33.0,33.0,20.0,-0.0017343032353138,0.0260145485297086,0.0372875195592475,0.158725,0.1778,-0.199675,0.3330078125,1.7509765625,7.884765625,447.2585517547756,2.193140238861086,34.413333333333334,1.7034771650660503,35.61333333333334,1.6780728266774183,0.0,0.0,19.91686222627581,16.90360897960424,Good,10,6,2025-10-12 10:00:00+00:00,Normal
2025-10-12 10:11:58+00:00,450.0,20,32,33,25.3,73,1010.03,26.84,-0.196133,0.0,8.8652116,0.06125,0.2625,0.07875,-69.82421875,-32.763671875,272.8515625,classroom_window_closed,run_1,0,2251,0,False,False,False,0,0,0,0,0,0,450.0,32.0,33.0,20.0,-0.0450918841181615,-0.017343032353139,-0.0060700613235992,0.132475,0.1253,-0.0159249999999999,1.4072265625,1.2138671875,13.79296875,447.3025322079075,2.181418393583133,34.38,1.701440368881307,35.57333333333333,1.668285567215875,0.0,-5.0,20.10920445847294,17.094820649222385,Good,10,6,2025-10-12 10:00:00+00:00,Normal
2025-10-12 10:12:04+00:00,450.0,20,32,33,25.1,73,1009.98,27.26,-0.1569064,0.0,8.825985,-0.175,0.16625,0.42,-69.82421875,-32.763671875,272.8515625,classroom_window_closed,run_1,0,2251,0,False,False,False,0,0,0,0,0,0,450.0,32.0,33.0,20.0,-0.0017343032353138,-0.017343032353139,-0.049427642206448,-0.1037749999999999,0.02905,0.325325,1.4072265625,1.2138671875,13.79296875,447.3465126610395,2.168735526615727,34.35333333333333,1.7072159001584446,35.54,1.6694250105266328,0.0,0.0,19.91686222627581,16.90360897960424,Good,10,6,2025-10-12 10:00:00+00:00,Normal
2025-10-12 10:12:09+00:00,450.0,21,33,34,25.8,73,1010.01,27.01,-0.1569064,0.0392266,8.9044382,-0.06125,-0.0875,0.11375,-72.509765625,-33.837890625,261.572265625,classroom_window_closed,run_1,0,2251,0,False,False,False,0,0,0,0,0,0,450.0,33.0,34.0,21.0,-0.0017343032353138,0.0260145485297086,0.0372875195592475,0.009975,-0.2246999999999999,0.019075,-1.2783203125,0.1396484375,2.513671875,447.3904931141715,2.1550746708498987,34.32,1.6841941892531227,35.5,1.633335616124061,0.0,5.0,20.590035789552463,17.581039173349833,Good,10,6,2025-10-12 10:00:00+00:00,Normal
2025-10-12 10:12:14+00:00,450.0,20,32,33,25.4,73,1010.1,26.26,-0.196133,0.0,8.9044382,-0.1925,0.245,-0.42,-72.509765625,-33.837890625,259.423828125,classroom_window_closed,run_1,0,2251,0,False,False,False,0,0,0,0,0,0,450.0,32.0,33.0,20.0,-0.0450918841181615,-0.017343032353139,0.0372875195592475,-0.121275,0.1078,-0.514675,-1.2783203125,0.1396484375,0.365234375,447.4344735673034,2.140417100815547,34.28,1.6673734519260537,35.45333333333333,1.6036312261925207,0.0,-5.0,20.205373495990465,17.191124671161827,Good,10,6,2025-10-12 10:00:00+00:00,Normal
2025-10-12 10:12:20+00:00,450.0,21,33,34,25.2,73,1009.99,27.18,-0.1176798,0.0,8.7475318,-0.2275,0.34125,-0.00875,-72.509765625,-33.837890625,259.423828125,classroom_window_closed,run_1,0,2251,0,False,False,False,0,0,0,0,0,0,450.0,33.0,34.0,21.0,0.0416232776475337,-0.017343032353139,-0.1361428039721416,-0.156275,0.20405,-0.1034249999999999,-1.2783203125,0.1396484375,0.365234375,447.4784540204354,2.124742189061931,34.25333333333333,1.655524275387737,35.42,1.5812237211653135,0.0,5.0,20.013034035244704,16.99898270867744,Good,10,6,2025-10-12 10:00:00+00:00,Normal
2025-10-12 10:12:25+00:00,450.0,22,33,34,25.8,73,1010.03,26.84,-0.1569064,-0.0392266,8.825985,0.1225,0.11375,0.2975,-72.509765625,-33.30078125,264.794921875,classroom_window_closed,run_1,0,2251,0,False,False,False,0,0,0,0,0,0,450.0,33.0,34.0,22.0,-0.0017343032353138,-0.0607006132359867,-0.049427642206448,0.193725,-0.0234499999999999,0.202825,-1.2783203125,0.6767578125,5.736328125,447.5224344735674,2.108027241400587,34.24666666666667,1.6585619495490815,35.4,1.5800773067486469,0.0,0.0,20.590035789552463,17.581039173349833,Good,10,6,2025-10-12 10:00:00+00:00,Normal
2025-10-12 10:12:30+00:00,450.0,21,32,33,25.9,73,1009.99,27.18,-0.1569064,0.0,9.022118,-0.0175,0.07875,0.1225,-73.046875,-33.837890625,259.423828125,classroom_window_closed,run_1,0,2251,0,False,False,False,0,0,0,0,0,0,450.0,32.0,33.0,21.0,-0.0017343032353138,-0.017343032353139,0.1673602622077919,0.053725,-0.0584499999999999,0.027825,-1.8154296875,0.1396484375,0.365234375,447.5664149266992,2.090247307613498,34.24,1.6656014493027265,35.38,1.591377774595509,0.0,-5.0,20.686197898965684,17.679701853288954,Good,10,6,2025-10-12 10:00:00+00:00,Normal
2025-10-12 10:12:36+00:00,450.0,22,33,34,25.1,73,1010.0,27.09,-0.1569064,0.0392266,8.9436648,-0.28875,-0.02625,0.11375,-73.046875,-33.837890625,259.423828125,classroom_window_closed,run_1,0,2251,0,False,False,False,0,0,0,0,0,0,450.0,33.0,34.0,22.0,-0.0017343032353138,0.0260145485297086,0.0806451004420963,-0.217525,-0.1634499999999999,0.019075,-1.8154296875,0.1396484375,0.365234375,447.6103953798311,2.0713749635146255,34.25333333333333,1.6473964273404864,35.39333333333333,1.57111795645956,0.0,5.0,19.91686222627581,16.90360897960424,Good,10,6,2025-10-12 10:00:00+00:00,Normal
2025-10-12 10:12:41+00:00,450.0,22,34,36,25.7,73,1010.01,27.01,-0.1569064,0.0,8.825985,-2.23125,0.2625,0.3325,-73.046875,-33.837890625,255.6640625,classroom_window_closed,run_1,0,2251,0,False,False,False,0,0,0,0,0,0,450.0,34.0,36.0,22.0,-0.0017343032353138,-0.017343032353139,-0.049427642206448,-2.160025,0.1253,0.237825,-1.8154296875,0.1396484375,-3.39453125,447.654375832963,2.051380059363983,34.266666666666666,1.6370978851182036,35.413333333333334,1.5594985713951417,0.0,5.0,20.493872294578285,17.482852011125654,Good,10,6,2025-10-12 10:00:00+00:00,Normal
2025-10-12 10:12:46+00:00,450.0,22,34,36,25.4,73,1009.99,27.18,-0.196133,0.0392266,8.9044382,-0.1575,0.4025,-0.105,-70.8984375,-32.763671875,260.498046875,classroom_window_closed,run_1,0,2251,0,False,False,False,0,0,0,0,0,0,450.0,34.0,36.0,22.0,-0.0450918841181615,0.0260145485297086,0.0372875195592475,-0.0862749999999999,0.2653,-0.199675,0.3330078125,1.2138671875,1.439453125,447.698356286095,2.0302294285199314,34.28,1.6266241238431025,35.43333333333333,1.5475317722521222,0.0,0.0,20.205373495990465,17.191124671161827,Good,10,6,2025-10-12 10:00:00+00:00,Normal
2025-10-12 10:12:52+00:00,450.0,21,33,35,25.0,73,1010.01,27.01,-0.1569064,0.0,8.825985,-0.02625,0.1575,0.28,-70.8984375,-32.763671875,260.498046875,classroom_window_closed,run_1,0,2251,0,False,False,False,0,0,0,0,0,0,450.0,33.0,35.0,21.0,-0.0017343032353138,-0.017343032353139,-0.049427642206448,0.044975,0.0203,0.185325,0.3330078125,1.2138671875,1.439453125,447.74233673922697,2.0078865488099127,34.26,1.6237747058326455,35.42666666666667,1.5472281631402522,0.0,-5.0,19.820689031536304,16.80869759783463,Good,10,6,2025-10-12 10:00:00+00:00,Normal
2025-10-12 10:12:57+00:00,450.0,22,34,34,25.6,73,1010.03,26.84,-0.1569064,0.0392266,8.8652116,-0.2975,0.13125,0.21875,-72.509765625,-32.763671875,261.03515625,classroom_window_closed,run_1,0,2251,0,False,False,False,0,0,0,0,0,0,450.0,34.0,34.0,22.0,-0.0017343032353138,0.0260145485297086,-0.0060700613235992,-0.2262749999999999,-0.0059499999999999,0.124075,-1.2783203125,1.2138671875,1.9765625,447.7863171923589,1.98431114731194,34.24666666666667,1.6175906628602266,35.413333333333334,1.550867549663605,0.0,5.0,20.39770741401319,17.385138467754402,Good,10,6,2025-10-12 10:00:00+00:00,Normal
2025-10-12 10:13:03+00:00,450.0,21,33,33,25.1,73,1009.96,27.43,-0.1569064,0.0,8.9044382,-0.25375,-0.175,0.35875,-71.97265625,-33.30078125,265.869140625,classroom_window_closed,run_1,0,2251,0,False,False,False,0,0,0,0,0,0,450.0,33.0,33.0,21.0,-0.0017343032353138,-0.017343032353139,0.0372875195592475,-0.1825249999999999,-0.3122,0.264075,-0.7412109375,0.6767578125,6.810546875,447.8223011994669,1.9751050391797504,34.233333333333334,1.6195809660503917,35.4,1.5629948880704223,0.0,-5.0,19.91686222627581,16.90360897960424,Good,10,6,2025-10-12 10:00:00+00:00,Normal
2025-10-12 10:13:08+00:00,450.0,21,33,35,25.7,73,1009.94,27.59,-0.1569064,0.0,8.8652116,-0.06125,-0.07875,0.32375,-71.97265625,-33.30078125,265.869140625,classroom_window_closed,run_1,0,2251,0,False,False,False,0,0,0,0,0,0,450.0,33.0,35.0,21.0,-0.0017343032353138,-0.017343032353139,-0.0060700613235992,0.009975,-0.2159499999999999,0.229075,-0.7412109375,0.6767578125,6.810546875,447.85828520657486,1.965192617578388,34.21333333333333,1.6161378548859633,35.39333333333333,1.5625511177320794,0.0,0.0,20.493872294578285,17.482852011125654,Good,10,6,2025-10-12 10:00:00+00:00,Normal
2025-10-12 10:13:13+00:00,450.0,22,34,36,25.3,73,1009.93,27.68,-0.1176798,0.0,8.8652116,-0.245,-0.0525,0.18375,-73.046875,-33.30078125,262.109375,classroom_window_closed,run_1,0,2251,0,False,False,False,0,0,0,0,0,0,450.0,34.0,36.0,22.0,0.0416232776475337,-0.017343032353139,-0.0060700613235992,-0.1737749999999999,-0.1896999999999999,0.089075,-1.8154296875,0.6767578125,3.05078125,447.8942692136828,1.9545631364886864,34.21333333333333,1.6161378548859633,35.39333333333333,1.5625511177320794,0.0,5.0,20.10920445847294,17.094820649222385,Good,10,6,2025-10-12 10:00:00+00:00,Normal
2025-10-12 10:13:19+00:00,451.3993780541981,22,34,36,25.6,73,1009.99,27.18,-0.1176798,0.0,8.825985,0.105,0.1575,0.07875,-73.046875,-34.912109375,259.423828125,classroom_window_closed,run_1,0,2258,0,False,False,False,0,0,0,0,0,0,451.3993780541981,34.0,36.0,22.0,0.0416232776475337,-0.017343032353139,-0.049427642206448,0.176225,0.0203,-0.0159249999999999,-1.8154296875,-0.9345703125,0.365234375,447.9395824078188,1.9565217499283556,34.22666666666667,1.6059731903562573,35.413333333333334,1.550867549663605,6.996890270990548,0.0,20.39770741401319,17.385138467754402,Good,10,6,2025-10-12 10:00:00+00:00,Normal
2025-10-12 10:13:24+00:00,451.3993780541981,23,33,36,25.2,73,1010.05,26.68,-0.1569064,0.0784532,8.8652116,-0.27125,0.0525,-0.27125,-73.046875,-34.912109375,259.423828125,classroom_window_closed,run_1,0,2258,0,False,False,False,0,0,0,0,0,0,451.3993780541981,33.0,36.0,23.0,-0.0017343032353138,0.0693721294125562,-0.0060700613235992,-0.2000249999999999,-0.0847,-0.3659249999999999,-1.8154296875,-0.9345703125,0.365234375,447.9848956019547,1.9574226751928925,34.233333333333334,1.5987271223173103,35.43333333333333,1.538833632510643,0.0,-5.0,20.013034035244704,16.99898270867744,Good,10,6,2025-10-12 10:00:00+00:00,Normal
2025-10-12 10:13:29+00:00,451.3993780541981,23,33,34,25.0,73,1009.99,27.18,-0.1176798,0.0,8.9828914,0.105,0.175,0.11375,-70.8984375,-32.763671875,271.240234375,classroom_window_closed,run_1,0,2258,0,False,False,False,0,0,0,0,0,0,451.3993780541981,33.0,34.0,23.0,0.0416232776475337,-0.017343032353139,0.1240026813249431,0.176225,0.0378,0.019075,0.3330078125,1.2138671875,12.181640625,448.0302087960906,1.957267372836487,34.24,1.591419947614177,35.43333333333333,1.538833632510643,0.0,0.0,19.820689031536304,16.80869759783463,Good,10,6,2025-10-12 10:00:00+00:00,Normal
2025-10-12 10:13:35+00:00,451.3993780541981,22,32,33,25.5,73,1010.01,27.01,-0.1176798,-0.0392266,8.8652116,-0.13125,0.1925,0.42875,-71.97265625,-32.763671875,267.48046875,classroom_window_closed,run_1,0,2258,0,False,False,False,0,0,0,0,0,0,451.3993780541981,32.0,33.0,22.0,0.0416232776475337,-0.0607006132359867,-0.0060700613235992,-0.0600249999999999,0.0553,0.334075,-0.7412109375,1.2138671875,8.421875,448.0755219902266,1.9560555912794375,34.22666666666667,1.6017887093343832,35.406666666666666,1.546143358203363,0.0,-5.0,20.30154114782723,17.287896650184116,Good,10,6,2025-10-12 10:00:00+00:00,Normal
2025-10-12 10:13:40+00:00,451.3993780541981,21,31,32,25.2,73,1010.0,27.09,-0.1569064,-0.0392266,8.8652116,-0.07875,0.13125,0.11375,-71.435546875,-31.689453125,243.84765625,classroom_window_closed,run_1,0,2258,0,False,False,False,0,0,0,0,0,0,451.3993780541981,31.0,32.0,21.0,-0.0017343032353138,-0.0607006132359867,-0.0060700613235992,-0.0075249999999999,-0.0059499999999999,0.019075,-0.2041015625,2.2880859375,-15.2109375,448.1208351843625,1.9537853647663597,34.2,1.62199644981774,35.38,1.5701493965597104,0.0,-5.0,20.013034035244704,16.99898270867744,Good,10,6,2025-10-12 10:00:00+00:00,Normal
2025-10-12 10:13:45+00:00,451.3993780541981,22,30,32,25.5,73,1009.95,27.51,-0.1176798,-0.0392266,8.9436648,-0.1925,0.0,0.175,-71.435546875,-31.689453125,243.84765625,classroom_window_closed,run_1,0,2258,0,False,False,False,0,0,0,0,0,0,451.3993780541981,30.0,32.0,22.0,0.0416232776475337,-0.0607006132359867,0.0806451004420963,-0.121275,-0.1372,0.080325,-0.2041015625,2.2880859375,-15.2109375,448.1661483784984,1.9504529973750315,34.153333333333336,1.6414785717656704,35.346666666666664,1.588493299315023,0.0,-5.0,20.30154114782723,17.287896650184116,Good,10,6,2025-10-12 10:00:00+00:00,Normal
2025-10-12 10:13:51+00:00,451.3993780541981,21,30,31,25.6,73,1010.01,27.01,-0.1569064,0.0,8.8652116,0.0875,0.0175,-0.02625,-70.8984375,-33.30078125,261.03515625,classroom_window_closed,run_1,0,2258,0,False,False,False,0,0,0,0,0,0,451.3993780541981,30.0,31.0,21.0,-0.0017343032353138,-0.017343032353139,-0.0060700613235992,0.158725,-0.1196999999999999,-0.1209249999999999,0.3330078125,0.6767578125,1.9765625,448.2114615726344,1.9460530327711096,34.11333333333334,1.66904975041222,35.306666666666665,1.6217757550144296,0.0,0.0,20.39770741401319,17.385138467754402,Good,10,6,2025-10-12 10:00:00+00:00,Normal
2025-10-12 10:13:56+00:00,451.3993780541981,22,31,32,25.3,73,1010.05,26.68,-0.1176798,0.0784532,8.9436648,-0.1225,-0.07875,0.11375,-71.97265625,-33.30078125,258.88671875,classroom_window_closed,run_1,0,2258,0,False,False,False,0,0,0,0,0,0,451.3993780541981,31.0,32.0,22.0,0.0416232776475337,0.0693721294125562,0.0806451004420963,-0.0512749999999999,-0.2159499999999999,0.019075,-0.7412109375,0.6767578125,-0.171875,448.2567747667703,1.9405782091274704,34.08,1.6810032159637285,35.27333333333333,1.6380405165260148,0.0,5.0,20.10920445847294,17.094820649222385,Good,10,6,2025-10-12 10:00:00+00:00,Normal
2025-10-12 10:14:01+00:00,451.3993780541981,22,32,33,25.2,73,1010.04,26.76,-0.2353596,0.0392266,8.9828914,-0.14,0.3675,-0.02625,-71.97265625,-33.30078125,258.88671875,classroom_window_closed,run_1,0,2258,0,False,False,False,0,0,0,0,0,0,451.3993780541981,32.0,33.0,22.0,-0.0884494650010092,0.0260145485297086,0.1240026813249431,-0.068775,0.2303,-0.1209249999999999,-0.7412109375,0.6767578125,-0.171875,448.3020879609062,1.934019398330195,34.053333333333335,1.6820675463324632,35.24666666666667,1.6422960955091015,0.0,5.0,20.013034035244704,16.99898270867744,Good,10,6,2025-10-12 10:00:00+00:00,Normal
2025-10-12 10:14:07+00:00,451.3993780541981,22,33,34,25.5,73,1009.99,27.18,-0.1569064,0.0,8.8652116,-0.07,0.385,0.5687500000000001,-71.97265625,-32.763671875,259.9609375,classroom_window_closed,run_1,0,2258,0,False,False,False,0,0,0,0,0,0,451.3993780541981,33.0,34.0,22.0,-0.0017343032353138,-0.017343032353139,-0.0060700613235992,0.001225,0.2478,0.4740750000000001,-0.7412109375,1.2138671875,0.90234375,448.3474011550423,1.926365528265329,34.03333333333333,1.6765923680727957,35.22666666666667,1.6390645010123317,0.0,5.0,20.30154114782723,17.287896650184116,Good,10,6,2025-10-12 10:00:00+00:00,Normal
2025-10-12 10:14:12+00:00,451.3993780541981,21,33,35,25.6,73,1009.99,27.18,-0.1176798,-0.0392266,8.9044382,-0.2625,-0.035,-0.035,-71.435546875,-32.763671875,261.03515625,classroom_window_closed,run_1,0,2258,0,False,False,False,0,0,0,0,0,0,451.3993780541981,33.0,35.0,21.0,0.0416232776475337,-0.0607006132359867,0.0372875195592475,-0.191275,-0.1722,-0.1296749999999999,-0.2041015625,1.2138671875,1.9765625,448.3927143491781,1.9176034866089469,34.026666666666664,1.6787126206232192,35.22,1.6379312537302553,0.0,0.0,20.39770741401319,17.385138467754402,Good,10,6,2025-10-12 10:00:00+00:00,Normal
2025-10-12 10:14:17+00:00,451.3993780541981,21,33,35,25.7,73,1010.02,26.93,-0.196133,0.0392266,8.8652116,-0.0875,0.23625,-0.30625,-71.435546875,-32.763671875,261.03515625,classroom_window_closed,run_1,0,2258,0,False,False,False,0,0,0,0,0,0,451.3993780541981,33.0,35.0,21.0,-0.0450918841181615,0.0260145485297086,-0.0060700613235992,-0.0162749999999999,0.09905,-0.400925,-0.2041015625,1.2138671875,1.9765625,448.4380275433141,1.9077180041125,34.026666666666664,1.6787126206232192,35.22,1.6379312537302553,0.0,0.0,20.493872294578285,17.482852011125654,Good,10,6,2025-10-12 10:00:00+00:00,Normal
2025-10-12 10:14:23+00:00,451.3993780541981,22,33,34,25.8,73,1009.89,28.01,-0.0784532,0.0,8.7867584,0.1575,0.0875,0.27125,-72.509765625,-34.912109375,263.720703125,classroom_window_closed,run_1,0,2258,0,False,False,False,0,0,0,0,0,0,451.3993780541981,33.0,34.0,22.0,0.0849808585303814,-0.017343032353139,-0.0927852230892948,0.228725,-0.0496999999999999,0.176575,-1.2783203125,-0.9345703125,4.662109375,448.4833407374501,1.896691514867279,34.026666666666664,1.6787126206232192,35.21333333333333,1.6408651616593186,0.0,0.0,20.590035789552463,17.581039173349833,Good,10,6,2025-10-12 10:00:00+00:00,Normal
2025-10-12 10:14:28+00:00,451.3993780541981,22,32,33,25.4,73,1010.04,26.76,-0.0784532,-0.0392266,8.8652116,0.1225,0.21875,0.13125,-72.509765625,-33.837890625,261.03515625,classroom_window_closed,run_1,0,2258,0,False,False,False,0,0,0,0,0,0,451.3993780541981,32.0,33.0,22.0,0.0849808585303814,-0.0607006132359867,-0.0060700613235992,0.193725,0.08155,0.036575,-1.2783203125,0.1396484375,1.9765625,448.5286539315859,1.8845039904225316,34.02,1.6847918239155664,35.2,1.6507065804573386,0.0,-5.0,20.205373495990465,17.191124671161827,Good,10,6,2025-10-12 10:00:00+00:00,Normal
2025-10-12 10:14:33+00:00,451.3993780541981,21,32,33,25.1,73,1010.05,26.68,-0.1569064,-0.0392266,8.9436648,-0.37625,0.245,-0.20125,-72.509765625,-33.837890625,261.03515625,classroom_window_closed,run_1,0,2258,0,False,False,False,0,0,0,0,0,0,451.3993780541981,32.0,33.0,21.0,-0.0017343032353138,-0.0607006132359867,0.0806451004420963,-0.305025,0.1078,-0.295925,-1.2783203125,0.1396484375,1.9765625,448.5739671257219,1.8711327438911751,33.99333333333333,1.68489804788515,35.18,1.6591013982468013,0.0,0.0,19.91686222627581,16.90360897960424,Good,10,6,2025-10-12 10:00:00+00:00,Normal
2025-10-12 10:14:39+00:00,451.3993780541981,22,34,36,25.7,73,1010.04,26.76,-0.1569064,0.0392266,8.8652116,-0.4025,0.0175,0.14875,-71.435546875,-33.837890625,258.88671875,classroom_window_closed,run_1,0,2258,0,False,False,False,0,0,0,0,0,0,451.3993780541981,34.0,36.0,22.0,-0.0017343032353138,0.0260145485297086,-0.0060700613235992,-0.331275,-0.1196999999999999,0.054075,-0.2041015625,0.1396484375,-0.171875,448.61928031985786,1.8565521992659813,33.98,1.6768058481377155,35.18,1.6591013982468013,0.0,10.0,20.493872294578285,17.482852011125654,Good,10,6,2025-10-12 10:00:00+00:00,Normal
2025-10-12 10:14:44+00:00,451.3993780541981,22,36,36,25.3,73,1009.97,27.34,-0.1569064,0.0784532,8.8652116,0.02625,0.07,0.3675,-71.435546875,-33.837890625,263.720703125,classroom_window_closed,run_1,0,2258,0,False,False,False,0,0,0,0,0,0,451.3993780541981,36.0,36.0,22.0,-0.0017343032353138,0.0693721294125562,-0.0060700613235992,0.097475,-0.0671999999999999,0.272825,-0.2041015625,0.1396484375,4.662109375,448.6645935139938,1.8407336200361384,33.973333333333336,1.6666756151884603,35.166666666666664,1.6442564940861817,0.0,10.0,20.10920445847294,17.094820649222385,Good,10,6,2025-10-12 10:00:00+00:00,Normal
2025-10-12 10:14:49+00:00,451.3993780541981,22,34,34,25.5,73,1009.99,27.18,-0.2353596,0.0392266,8.9436648,-0.32375,0.21,0.0175,-71.435546875,-33.837890625,263.720703125,classroom_window_closed,run_1,0,2258,0,False,False,False,0,0,0,0,0,0,451.3993780541981,34.0,34.0,22.0,-0.0884494650010092,0.0260145485297086,0.0806451004420963,-0.252525,0.0728,-0.0771749999999999,-0.2041015625,0.1396484375,4.662109375,448.70990670812967,1.8236447897706671,33.96666666666667,1.6645400302498286,35.14666666666667,1.64004692463017,0.0,-10.0,20.30154114782723,17.287896650184116,Good,10,6,2025-10-12 10:00:00+00:00,Normal
2025-10-12 10:14:55+00:00,451.3993780541981,22,33,34,25.6,73,1010.01,27.01,-0.1176798,0.0,8.9044382,-0.04375,0.30625,0.5337500000000001,-72.509765625,-33.30078125,248.681640625,classroom_window_closed,run_1,0,2258,0,False,False,False,0,0,0,0,0,0,451.3993780541981,33.0,34.0,22.0,0.0416232776475337,-0.017343032353139,0.0372875195592475,0.027475,0.16905,0.4390750000000001,-1.2783203125,0.6767578125,-10.376953125,448.7458907152377,1.8231019914158664,33.96,1.6664071386302033,35.126666666666665,1.6355803381386251,0.0,-5.0,20.39770741401319,17.385138467754402,Good,10,6,2025-10-12 10:00:00+00:00,Normal
2025-10-12 10:15:00+00:00,451.3993780541981,22,36,37,25.7,73,1009.99,27.18,-0.196133,0.0,8.9436648,-0.2625,0.27125,-0.44625,-72.509765625,-34.375,259.423828125,classroom_window_closed,run_1,0,2258,0,False,False,False,0,0,0,0,0,0,451.3993780541981,36.0,37.0,22.0,-0.0450918841181615,-0.017343032353139,0.0806451004420963,-0.191275,0.13405,-0.540925,-1.2783203125,-0.3974609375,0.365234375,448.7912039093736,1.8037915099157835,33.973333333333336,1.674709898414566,35.126666666666665,1.6355803381386251,0.0,15.0,20.493872294578285,17.482852011125654,Good,10,6,2025-10-12 10:00:00+00:00,Normal
2025-10-12 10:15:05+00:00,451.3993780541981,21,36,37,25.9,73,1010.03,26.84,-0.1569064,0.0392266,8.8652116,-0.1225,0.09625,0.18375,-72.509765625,-34.375,259.423828125,classroom_window_closed,run_1,0,2258,0,False,False,False,0,0,0,0,0,0,451.3993780541981,36.0,37.0,21.0,-0.0017343032353138,0.0260145485297086,-0.0060700613235992,-0.0512749999999999,-0.0409499999999999,0.089075,-1.2783203125,-0.3974609375,0.365234375,448.8365171035095,1.7831131818755614,33.98,1.6808035789885716,35.13333333333333,1.6411923422471313,0.0,0.0,20.686197898965684,17.679701853288954,Good,10,6,2025-10-12 10:00:00+00:00,Normal
2025-10-12 10:15:11+00:00,451.3993780541981,22,35,35,25.1,73,1010.02,26.93,-0.1569064,0.0,8.9044382,0.0175,0.4375,0.42,-71.435546875,-34.912109375,273.388671875,classroom_window_closed,run_1,0,2258,0,False,False,False,0,0,0,0,0,0,451.3993780541981,35.0,35.0,22.0,-0.0017343032353138,-0.017343032353139,0.0372875195592475,0.088725,0.3003,0.325325,-0.2041015625,-0.9345703125,14.330078125,448.88183029764554,1.7610188231551855,33.973333333333336,1.674709898414566,35.12,1.634034000287028,0.0,-5.0,19.91686222627581,16.90360897960424,Good,10,6,2025-10-12 10:00:00+00:00,Normal
2025-10-12 10:15:16+00:00,451.3993780541981,22,33,35,0.0,0,1009.97,27.34,-0.0784532,0.0392266,8.825985,-0.02625,0.00875,0.1225,-71.97265625,-32.763671875,251.3671875,classroom_window_closed,run_1,0,2258,0,False,False,False,0,0,0,0,0,0,451.3993780541981,33.0,35.0,22.0,0.0849808585303814,0.0260145485297086,-0.049427642206448,0.044975,-0.1284499999999999,0.027825,-0.7412109375,1.2138671875,-7.69140625,448.9271434917814,1.7374544136839165,33.946666666666665,1.6579548599624858,35.1,1.616815994395037,0.0,-10.0,-96.07763018544566,0.0,Good,10,6,2025-10-12 10:00:00+00:00,Normal
2025-10-12 10:15:21+00:00,451.3993780541981,22,34,34,25.8,73,1010.05,26.68,-0.196133,0.0392266,8.8652116,-0.1225,-0.18375,0.245,-69.82421875,-30.615234375,251.904296875,classroom_window_closed,run_1,0,2258,0,False,False,False,0,0,0,0,0,0,451.3993780541981,34.0,34.0,22.0,-0.0450918841181615,0.0260145485297086,-0.0060700613235992,-0.0512749999999999,-0.3209499999999999,0.150325,1.4072265625,3.3623046875,-7.154296875,448.9631274988893,1.7323479340759644,33.93333333333333,1.6493507637353246,35.08,1.6117021724306015,0.0,5.0,20.590035789552463,17.581039173349833,Good,10,6,2025-10-12 10:00:00+00:00,Normal
2025-10-12 10:15:27+00:00,451.3993780541981,21,32,32,25.4,73,1009.97,27.34,-0.1569064,-0.0392266,8.9436648,0.14,0.0,-0.00875,-69.82421875,-30.615234375,251.904296875,classroom_window_closed,run_1,0,2258,0,False,False,False,0,0,0,0,0,0,451.3993780541981,32.0,32.0,21.0,-0.0017343032353138,-0.0607006132359867,0.0806451004420963,0.211225,-0.1372,-0.1034249999999999,1.4072265625,3.3623046875,-7.154296875,448.99911150599735,1.7264714917163686,33.906666666666666,1.6480481303107848,35.04666666666667,1.6233888932974458,0.0,-10.0,20.205373495990465,17.191124671161827,Good,10,6,2025-10-12 10:00:00+00:00,Normal
2025-10-12 10:15:32+00:00,451.3993780541981,21,33,33,25.0,73,1010.0,27.09,-0.1569064,0.0392266,8.7867584,-0.14,0.14875,-0.1925,-73.046875,-32.763671875,262.109375,classroom_window_closed,run_1,0,2258,0,False,False,False,0,0,0,0,0,0,451.3993780541981,33.0,33.0,21.0,-0.0017343032353138,0.0260145485297086,-0.0927852230892948,-0.068775,0.01155,-0.2871749999999999,-1.8154296875,1.2138671875,3.05078125,449.03509551310526,1.7198171939674176,33.88666666666666,1.6406606406589537,35.02,1.6239400260027363,0.0,5.0,19.820689031536304,16.80869759783463,Good,10,6,2025-10-12 10:00:00+00:00,Normal
2025-10-12 10:15:37+00:00,451.3993780541981,20,32,32,25.9,73,1010.0,27.09,-0.196133,-0.0392266,8.9436648,0.06125,-0.0175,-0.315,-73.046875,-32.763671875,237.40234375,classroom_window_closed,run_1,0,2258,0,False,False,False,0,0,0,0,0,0,451.3993780541981,32.0,32.0,20.0,-0.0450918841181615,-0.0607006132359867,0.0806451004420963,0.132475,-0.1547,-0.409675,-1.8154296875,1.2138671875,-21.65625,449.0710795202132,1.7123759726085628,33.873333333333335,1.647844500819562,34.99333333333333,1.6404970055004695,0.0,-5.0,20.686197898965684,17.679701853288954,Good,10,6,2025-10-12 10:00:00+00:00,Normal
2025-10-12 10:15:43+00:00,451.3993780541981,20,33,33,25.0,73,1010.01,27.01,-0.1569064,-0.0392266,8.9828914,0.07875,0.105,0.1575,-73.046875,-32.763671875,237.40234375,classroom_window_closed,run_1,0,2258,0,False,False,False,0,0,0,0,0,0,451.3993780541981,33.0,33.0,20.0,-0.0017343032353138,-0.0607006132359867,0.1240026813249431,0.149975,-0.0321999999999999,0.062825,-1.8154296875,1.2138671875,-21.65625,449.10706352732126,1.7041375192198611,33.873333333333335,1.647844500819562,34.986666666666665,1.6465814359016708,0.0,5.0,19.820689031536304,16.80869759783463,Good,10,6,2025-10-12 10:00:00+00:00,Normal
2025-10-12 10:15:48+00:00,451.3993780541981,21,34,34,25.9,73,1010.0,27.09,-0.1569064,0.0392266,8.9436648,-0.02625,-0.0525,0.30625,-71.97265625,-33.30078125,257.8125,classroom_window_closed,run_1,0,2258,0,False,False,False,0,0,0,0,0,0,451.3993780541981,34.0,34.0,21.0,-0.0017343032353138,0.0260145485297086,0.0806451004420963,0.044975,-0.1896999999999999,0.211575,-0.7412109375,0.6767578125,-1.24609375,449.1430475344292,1.6950902097537663,33.88666666666666,1.6406606406589537,34.99333333333333,1.6404970055004695,0.0,5.0,20.686197898965684,17.679701853288954,Good,10,6,2025-10-12 10:00:00+00:00,Normal
2025-10-12 10:15:53+00:00,451.3993780541981,20,32,33,25.7,73,1009.96,27.43,-0.196133,0.0,8.8652116,-0.1225,0.1225,0.0875,-71.97265625,-32.2265625,259.423828125,classroom_window_closed,run_1,0,2258,0,False,False,False,0,0,0,0,0,0,451.3993780541981,32.0,33.0,20.0,-0.0450918841181615,-0.017343032353139,-0.0060700613235992,-0.0512749999999999,-0.0146999999999999,-0.0071749999999999,-0.7412109375,1.7509765625,0.365234375,449.1790315415371,1.6852210169404644,33.88,1.646309682432087,34.98,1.6485503088487927,0.0,-10.0,20.493872294578285,17.482852011125654,Good,10,6,2025-10-12 10:00:00+00:00,Normal
2025-10-12 10:15:59+00:00,451.3993780541981,21,33,33,25.5,73,1009.97,27.34,-0.1176798,0.0,8.9044382,0.2625,0.105,0.1575,-71.97265625,-32.2265625,259.423828125,classroom_window_closed,run_1,0,2258,0,False,False,False,0,0,0,0,0,0,451.3993780541981,33.0,33.0,21.0,0.0416232776475337,-0.017343032353139,0.0372875195592475,0.333725,-0.0321999999999999,0.062825,-0.7412109375,1.7509765625,0.365234375,449.21501554864506,1.67451540889213,33.86,1.6385867212182756,34.95333333333333,1.6480074064254666,0.0,5.0,20.30154114782723,17.287896650184116,Good,10,6,2025-10-12 10:00:00+00:00,Normal
2025-10-12 10:16:04+00:00,451.3993780541981,21,32,33,25.9,73,1010.0,27.09,-0.196133,0.0,8.9044382,-0.09625,0.3675,0.07,-71.435546875,-33.837890625,257.275390625,classroom_window_closed,run_1,0,2258,0,False,False,False,0,0,0,0,0,0,451.3993780541981,32.0,33.0,21.0,-0.0450918841181615,-0.017343032353139,0.0372875195592475,-0.0250249999999999,0.2303,-0.0246749999999999,-0.2041015625,0.1396484375,-1.783203125,449.25099955575297,1.6629572319338346,33.84,1.6428817372788584,34.93333333333333,1.65341487855483,0.0,-5.0,20.686197898965684,17.679701853288954,Good,10,6,2025-10-12 10:00:00+00:00,Normal
2025-10-12 10:16:09+00:00,451.3993780541981,20,31,33,25.5,73,1009.96,27.43,-0.196133,0.0392266,8.7475318,-0.3675,0.0175,0.16625,-73.046875,-34.375,262.109375,classroom_window_closed,run_1,0,2258,0,False,False,False,0,0,0,0,0,0,451.3993780541981,31.0,33.0,20.0,-0.0450918841181615,0.0260145485297086,-0.1361428039721416,-0.2962749999999999,-0.1196999999999999,0.071575,-1.8154296875,-0.3974609375,3.05078125,449.2869835628609,1.6505285752780663,33.82,1.6591013982467326,34.913333333333334,1.658561949549144,0.0,-5.0,20.30154114782723,17.287896650184116,Good,10,6,2025-10-12 10:00:00+00:00,Normal
2025-10-12 10:16:15+00:00,451.3993780541981,20,32,36,25.8,73,1009.99,27.18,-0.2353596,0.0392266,8.825985,-0.42875,0.27125,-0.14875,-73.046875,-34.375,262.109375,classroom_window_closed,run_1,0,2258,0,False,False,False,0,0,0,0,0,0,451.3993780541981,32.0,36.0,20.0,-0.0884494650010092,0.0260145485297086,-0.049427642206448,-0.357525,0.13405,-0.2434249999999999,-1.8154296875,-0.3974609375,3.05078125,449.3229675699689,1.6372096146561028,33.81333333333333,1.6644190661429967,34.92,1.660920744081695,0.0,5.0,20.590035789552463,17.581039173349833,Good,10,6,2025-10-12 10:00:00+00:00,Normal
2025-10-12 10:16:20+00:00,451.3993780541981,20,32,37,25.5,73,1009.99,27.18,-0.1569064,0.0,8.9044382,-0.07,0.105,-0.09625,-70.361328125,-33.837890625,265.33203125,classroom_window_closed,run_1,0,2258,0,False,False,False,0,0,0,0,0,0,451.3993780541981,32.0,37.0,20.0,-0.0017343032353138,-0.017343032353139,0.0372875195592475,0.001225,-0.0321999999999999,-0.1909249999999999,0.8701171875,0.1396484375,6.2734375,449.3589515770768,1.6229784313969997,33.79333333333334,1.6680844081883248,34.92666666666667,1.6672795293779803,0.0,0.0,20.30154114782723,17.287896650184116,Good,10,6,2025-10-12 10:00:00+00:00,Normal
2025-10-12 10:16:25+00:00,451.3993780541981,21,34,37,25.8,73,1009.96,27.43,-0.0784532,0.0,8.8652116,-0.0875,0.1575,-0.035,-70.8984375,-33.30078125,254.052734375,classroom_window_closed,run_1,0,2258,0,False,False,False,0,0,0,0,0,0,451.3993780541981,34.0,37.0,21.0,0.0849808585303814,-0.017343032353139,-0.0060700613235992,-0.0162749999999999,0.0203,-0.1296749999999999,0.3330078125,0.6767578125,-5.005859375,449.3949355841848,1.6078108026698568,33.78666666666667,1.665225327545408,34.93333333333333,1.6735874206584531,0.0,10.0,20.590035789552463,17.581039173349833,Good,10,6,2025-10-12 10:00:00+00:00,Normal
2025-10-12 10:16:31+00:00,451.3993780541981,20,33,35,25.5,73,1009.96,27.43,-0.196133,0.0,8.8652116,0.07,0.25375,-0.0875,-70.8984375,-33.30078125,254.052734375,classroom_window_closed,run_1,0,2258,0,False,False,False,0,0,0,0,0,0,451.3993780541981,33.0,35.0,20.0,-0.0450918841181615,-0.017343032353139,-0.0060700613235992,0.141225,0.1165499999999999,-0.1821749999999999,0.3330078125,0.6767578125,-5.005859375,449.4309195912928,1.59167995763233,33.766666666666666,1.6564564210145056,34.92666666666667,1.6713000472311383,0.0,-5.0,20.30154114782723,17.287896650184116,Good,10,6,2025-10-12 10:00:00+00:00,Normal
2025-10-12 10:16:36+00:00,451.3993780541981,21,36,37,0.0,0,1009.99,27.18,-0.1569064,0.0,8.825985,-0.07875,0.035,0.3675,-70.8984375,-34.375,255.126953125,classroom_window_closed,run_1,0,2258,0,False,False,False,0,0,0,0,0,0,451.3993780541981,36.0,37.0,21.0,-0.0017343032353138,-0.017343032353139,-0.049427642206448,-0.0075249999999999,-0.1021999999999999,0.272825,0.3330078125,-0.3974609375,-3.931640625,449.46690359840073,1.574556292997987,33.78,1.666366863415665,34.93333333333333,1.677592821091626,0.0,15.0,-96.07763018544566,0.0,Good,10,6,2025-10-12 10:00:00+00:00,Normal
2025-10-12 10:16:41+00:00,451.3993780541981,20,35,36,25.6,73,1010.01,27.01,-0.196133,-0.0392266,8.825985,0.25375,0.1575,0.6125,-70.361328125,-32.2265625,257.275390625,classroom_window_closed,run_1,0,2258,0,False,False,False,0,0,0,0,0,0,451.3993780541981,35.0,36.0,20.0,-0.0450918841181615,-0.0607006132359867,-0.049427642206448,0.324975,0.0203,0.5178250000000001,0.8701171875,1.7509765625,-1.783203125,449.50288760550865,1.5564070399658338,33.78666666666667,1.6692507931076916,34.93333333333333,1.677592821091626,0.0,-5.0,20.39770741401319,17.385138467754402,Good,10,6,2025-10-12 10:00:00+00:00,Normal
2025-10-12 10:16:47+00:00,451.3993780541981,21,34,37,25.3,73,1010.04,26.76,-0.1569064,0.0392266,8.825985,-0.14875,0.21875,0.6562500000000001,-70.361328125,-32.2265625,257.275390625,classroom_window_closed,run_1,0,2258,0,False,False,False,0,0,0,0,0,0,451.3993780541981,34.0,37.0,21.0,-0.0017343032353138,0.0260145485297086,-0.049427642206448,-0.0775249999999999,0.08155,0.5615750000000002,0.8701171875,1.7509765625,-1.783203125,449.5388716126166,1.537195872436364,33.78666666666667,1.6692507931076916,34.95333333333333,1.6842606035767471,0.0,-5.0,20.10920445847294,17.094820649222385,Good,10,6,2025-10-12 10:00:00+00:00,Normal
2025-10-12 10:16:52+00:00,452.7987561083962,21,34,36,25.2,73,1009.98,27.26,-0.1176798,-0.0392266,8.7475318,-0.39375,-0.0175,-0.5687500000000001,-71.97265625,-32.763671875,256.201171875,classroom_window_closed,run_1,0,2265,0,False,False,False,0,0,0,0,0,0,452.7987561083962,34.0,36.0,21.0,0.0416232776475337,-0.0607006132359867,-0.1361428039721416,-0.3225249999999999,-0.1547,-0.663425,-0.7412109375,1.2138671875,-2.857421875,449.5841848067525,1.5324028530318177,33.79333333333334,1.6680844081883248,34.96,1.6864242780622156,6.996890270990548,0.0,20.013034035244704,16.99898270867744,Good,10,6,2025-10-12 10:00:00+00:00,Normal
2025-10-12 10:16:57+00:00,452.7987561083962,21,33,34,25.6,73,1009.99,27.18,-0.1569064,-0.0392266,8.8652116,-0.28875,-0.1225,-0.32375,-71.435546875,-34.375,258.349609375,classroom_window_closed,run_1,0,2265,0,False,False,False,0,0,0,0,0,0,452.7987561083962,33.0,34.0,21.0,-0.0017343032353138,-0.0607006132359867,-0.0060700613235992,-0.217525,-0.2597,-0.4184249999999999,-0.2041015625,-0.3974609375,-0.708984375,449.6294980008885,1.5262410444353394,33.78,1.6663668634156648,34.946666666666665,1.6860528014321157,0.0,-5.0,20.39770741401319,17.385138467754402,Good,10,6,2025-10-12 10:00:00+00:00,Normal
2025-10-12 10:17:03+00:00,452.7987561083962,20,31,31,25.9,73,1010.04,26.76,-0.2353596,0.0392266,8.9044382,0.035,0.4025,0.35875,-71.435546875,-34.375,258.349609375,classroom_window_closed,run_1,0,2265,0,False,False,False,0,0,0,0,0,0,452.7987561083962,31.0,31.0,20.0,-0.0884494650010092,0.0260145485297086,0.0372875195592475,0.106225,0.2653,0.264075,-0.2041015625,-0.3974609375,-0.708984375,449.6748111950244,1.518693785939897,33.75333333333333,1.678672640645497,34.913333333333334,1.714277458166998,0.0,-10.0,20.686197898965684,17.679701853288954,Good,10,6,2025-10-12 10:00:00+00:00,Normal
2025-10-12 10:17:08+00:00,452.7987561083962,20,31,31,25.9,73,1009.91,27.84,-0.1569064,0.0392266,8.8652116,-0.105,0.21875,-0.21875,-69.82421875,-33.837890625,256.73828125,classroom_window_closed,run_1,0,2265,0,False,False,False,0,0,0,0,0,0,452.7987561083962,31.0,31.0,20.0,-0.0017343032353138,0.0260145485297086,-0.0060700613235992,-0.0337749999999999,0.08155,-0.3134249999999999,1.4072265625,0.1396484375,-2.3203125,449.7201243891603,1.5097402999126042,33.74,1.692581523816482,34.88666666666666,1.7437776883531622,0.0,0.0,20.686197898965684,17.679701853288954,Good,10,6,2025-10-12 10:00:00+00:00,Normal
2025-10-12 10:17:14+00:00,452.7987561083962,21,32,33,25.5,73,1010.02,26.93,-0.1176798,0.0,8.8652116,-0.04375,-0.035,0.09625,-70.361328125,-34.375,257.275390625,classroom_window_closed,run_1,0,2265,0,False,False,False,0,0,0,0,0,0,452.7987561083962,32.0,33.0,21.0,0.0416232776475337,-0.017343032353139,-0.0060700613235992,0.027475,-0.1722,0.001575,0.8701171875,-0.3974609375,-1.783203125,449.76543758329626,1.4993553944620015,33.72666666666667,1.6983871807275797,34.86666666666667,1.748121394993265,0.0,5.0,20.30154114782723,17.287896650184116,Good,10,6,2025-10-12 10:00:00+00:00,Normal
2025-10-12 10:17:19+00:00,452.7987561083962,21,34,36,25.2,73,1009.99,27.18,-0.0784532,0.0392266,8.8652116,0.02625,0.3675,0.0175,-70.361328125,-34.375,257.275390625,classroom_window_closed,run_1,0,2265,0,False,False,False,0,0,0,0,0,0,452.7987561083962,34.0,36.0,21.0,0.0849808585303814,0.0260145485297086,-0.0060700613235992,0.097475,0.2303,-0.0771749999999999,0.8701171875,-0.3974609375,-1.783203125,449.8107507774323,1.4875090899281145,33.74,1.692581523816482,34.88666666666666,1.7437776883531622,0.0,10.0,20.013034035244704,16.99898270867744,Good,10,6,2025-10-12 10:00:00+00:00,Normal
2025-10-12 10:17:24+00:00,452.7987561083962,21,34,37,25.7,73,1009.95,27.51,-0.1176798,0.0392266,8.8652116,-0.14875,-0.035,0.0875,-70.8984375,-31.15234375,246.533203125,classroom_window_closed,run_1,0,2265,0,False,False,False,0,0,0,0,0,0,452.7987561083962,34.0,37.0,21.0,0.0416232776475337,0.0260145485297086,-0.0060700613235992,-0.0775249999999999,-0.1722,-0.0071749999999999,0.3330078125,2.8251953125,-12.525390625,449.8560639715682,1.474166155604446,33.75333333333333,1.6866497775281089,34.9,1.7522756057931654,0.0,0.0,20.493872294578285,17.482852011125654,Good,10,6,2025-10-12 10:00:00+00:00,Normal
2025-10-12 10:17:30+00:00,452.7987561083962,20,32,35,25.8,73,1009.99,27.18,-0.196133,0.0,8.7867584,0.0175,-0.035,-0.09625,-71.435546875,-34.375,259.423828125,classroom_window_closed,run_1,0,2265,0,False,False,False,0,0,0,0,0,0,452.7987561083962,32.0,35.0,20.0,-0.0450918841181615,-0.017343032353139,-0.0927852230892948,0.088725,-0.1722,-0.1909249999999999,-0.2041015625,-0.3974609375,0.365234375,449.9013771657041,1.459285538897298,33.74666666666667,1.6916163854507769,34.89333333333333,1.7499632466578636,0.0,-10.0,20.590035789552463,17.581039173349833,Good,10,6,2025-10-12 10:00:00+00:00,Normal
2025-10-12 10:17:35+00:00,452.7987561083962,21,32,36,25.9,73,1010.01,27.01,-0.196133,0.0392266,8.9044382,-0.0175,0.0175,0.4725,-71.435546875,-34.912109375,259.423828125,classroom_window_closed,run_1,0,2265,0,False,False,False,0,0,0,0,0,0,452.7987561083962,32.0,36.0,21.0,-0.0450918841181615,0.0260145485297086,0.0372875195592475,0.053725,-0.1196999999999999,0.3778249999999999,-0.2041015625,-0.9345703125,0.365234375,449.9466903598401,1.4428196636220076,33.733333333333334,1.697478060929693,34.89333333333333,1.7499632466578636,0.0,0.0,20.686197898965684,17.679701853288954,Good,10,6,2025-10-12 10:00:00+00:00,Normal
2025-10-12 10:17:40+00:00,452.7987561083962,20,31,33,25.7,73,1009.98,27.26,-0.1569064,0.0392266,8.825985,-0.00875,-0.06125,0.0,-74.12109375,-34.912109375,268.017578125,classroom_window_closed,run_1,0,2265,0,False,False,False,0,0,0,0,0,0,452.7987561083962,31.0,33.0,20.0,-0.0017343032353138,0.0260145485297086,-0.049427642206448,0.062475,-0.19845,-0.0946749999999999,-2.8896484375,-0.9345703125,8.958984375,449.992003553976,1.4247135668014923,33.7,1.7017559032840854,34.86666666666667,1.748121394993265,0.0,-5.0,20.493872294578285,17.482852011125654,Good,10,6,2025-10-12 10:00:00+00:00,Normal
2025-10-12 10:17:46+00:00,452.7987561083962,21,32,34,25.2,73,1010.03,26.84,-0.1569064,0.0392266,8.9044382,-0.175,-0.13125,0.0525,-70.8984375,-34.375,260.498046875,classroom_window_closed,run_1,0,2265,0,False,False,False,0,0,0,0,0,0,452.7987561083962,32.0,34.0,21.0,-0.0017343032353138,0.0260145485297086,0.0372875195592475,-0.1037749999999999,-0.2684499999999999,-0.0421749999999999,0.3330078125,-0.3974609375,1.439453125,450.027987561084,1.426999103912442,33.666666666666664,1.685575068325876,34.84,1.73042261199612,0.0,5.0,20.013034035244704,16.99898270867744,Good,10,6,2025-10-12 10:00:00+00:00,Normal
2025-10-12 10:17:51+00:00,452.7987561083962,21,32,33,25.7,73,1009.96,27.43,-0.0784532,-0.0392266,8.8652116,0.0175,0.0525,0.00875,-72.509765625,-33.837890625,246.533203125,classroom_window_closed,run_1,0,2265,0,False,False,False,0,0,0,0,0,0,452.7987561083962,32.0,33.0,21.0,0.0849808585303814,-0.0607006132359867,-0.0060700613235992,0.088725,-0.0847,-0.0859249999999999,-1.2783203125,0.1396484375,-12.525390625,450.063971568192,1.428368670774508,33.64,1.6800447421334586,34.81333333333333,1.7277314398979162,0.0,0.0,20.493872294578285,17.482852011125654,Good,10,6,2025-10-12 10:00:00+00:00,Normal
2025-10-12 10:17:56+00:00,452.7987561083962,20,31,32,25.4,73,1009.98,27.26,-0.1569064,0.0392266,8.9436648,0.07,0.13125,0.175,-72.509765625,-33.837890625,246.533203125,classroom_window_closed,run_1,0,2265,0,False,False,False,0,0,0,0,0,0,452.7987561083962,31.0,32.0,20.0,-0.0017343032353138,0.0260145485297086,0.0806451004420963,0.141225,-0.0059499999999999,0.080325,-1.2783203125,0.1396484375,-12.525390625,450.09995557529976,1.428824901336023,33.6,1.6709118195538135,34.78,1.7334839032864189,0.0,-5.0,20.205373495990465,17.191124671161827,Good,10,6,2025-10-12 10:00:00+00:00,Normal
2025-10-12 10:18:02+00:00,452.7987561083962,21,32,33,25.1,73,1009.96,27.43,-0.1176798,0.0392266,8.825985,0.07875,-0.09625,0.1575,-71.97265625,-33.30078125,263.720703125,classroom_window_closed,run_1,0,2265,0,False,False,False,0,0,0,0,0,0,452.7987561083962,32.0,33.0,21.0,0.0416232776475337,0.0260145485297086,-0.049427642206448,0.149975,-0.23345,0.062825,-0.7412109375,0.6767578125,4.662109375,450.1359395824078,1.4283686707745296,33.56666666666667,1.6523997869547828,34.75333333333333,1.7298666072120428,0.0,5.0,19.91686222627581,16.90360897960424,Good,10,6,2025-10-12 10:00:00+00:00,Normal
2025-10-12 10:18:07+00:00,452.7987561083962,20,30,33,25.8,73,1009.94,27.59,-0.1176798,-0.0392266,8.825985,-0.06125,0.13125,0.21,-71.435546875,-34.912109375,277.685546875,classroom_window_closed,run_1,0,2265,0,False,False,False,0,0,0,0,0,0,452.7987561083962,30.0,33.0,20.0,0.0416232776475337,-0.0607006132359867,-0.049427642206448,0.009975,-0.0059499999999999,0.115325,-0.2041015625,-0.9345703125,18.626953125,450.1719235895158,1.426999103912485,33.52,1.6536313507838123,34.72666666666667,1.7258269748742725,0.0,-10.0,20.590035789552463,17.581039173349833,Good,10,6,2025-10-12 10:00:00+00:00,Normal
2025-10-12 10:18:12+00:00,452.7987561083962,20,30,33,25.1,73,1010.06,26.59,-0.1569064,0.0,8.9044382,-0.035,0.105,-0.20125,-71.435546875,-34.912109375,277.685546875,classroom_window_closed,run_1,0,2265,0,False,False,False,0,0,0,0,0,0,452.7987561083962,30.0,33.0,20.0,-0.0017343032353138,-0.017343032353139,0.0372875195592475,0.036225,-0.0321999999999999,-0.295925,-0.2041015625,-0.9345703125,18.626953125,450.2079075966237,1.4247135668015567,33.48,1.6657626183436012,34.70666666666666,1.7283528515376858,0.0,0.0,19.91686222627581,16.90360897960424,Good,10,6,2025-10-12 10:00:00+00:00,Normal
2025-10-12 10:18:18+00:00,452.7987561083962,22,33,36,25.9,73,1009.99,27.18,-0.1176798,0.0392266,8.8652116,-0.06125,0.5337500000000001,0.6475000000000001,-70.8984375,-34.912109375,256.73828125,classroom_window_closed,run_1,0,2265,0,False,False,False,0,0,0,0,0,0,452.7987561083962,33.0,36.0,22.0,0.0416232776475337,0.0260145485297086,-0.0060700613235992,0.009975,0.39655,0.5528250000000001,0.3330078125,-0.9345703125,-2.3203125,450.2438916037316,1.421507641285945,33.46,1.6532660374555008,34.70666666666666,1.7283528515376858,0.0,15.0,20.686197898965684,17.679701853288954,Good,10,6,2025-10-12 10:00:00+00:00,Normal
2025-10-12 10:18:23+00:00,452.7987561083962,21,32,35,25.5,73,1010.04,26.76,-0.1569064,0.0,8.8652116,-0.1225,-0.00875,0.105,-73.046875,-33.837890625,262.109375,classroom_window_closed,run_1,0,2265,0,False,False,False,0,0,0,0,0,0,452.7987561083962,32.0,35.0,21.0,-0.0017343032353138,-0.017343032353139,-0.0060700613235992,-0.0512749999999999,-0.14595,0.010325,-1.8154296875,0.1396484375,3.05078125,450.2798756108396,1.4173750819683522,33.45333333333333,1.657145061216662,34.70666666666666,1.7283528515376858,0.0,-5.0,20.30154114782723,17.287896650184116,Good,10,6,2025-10-12 10:00:00+00:00,Normal
2025-10-12 10:18:28+00:00,452.7987561083962,21,32,35,25.4,73,1009.92,27.76,-0.1569064,0.0784532,8.825985,-0.1575,-0.00875,-0.2625,-73.046875,-33.837890625,262.109375,classroom_window_closed,run_1,0,2265,0,False,False,False,0,0,0,0,0,0,452.7987561083962,32.0,35.0,21.0,-0.0017343032353138,0.0693721294125562,-0.049427642206448,-0.0862749999999999,-0.14595,-0.357175,-1.8154296875,0.1396484375,3.05078125,450.3158596179475,1.4123077545916802,33.42666666666667,1.648048130310766,34.693333333333335,1.7182270660653065,0.0,0.0,20.205373495990465,17.191124671161827,Good,10,6,2025-10-12 10:00:00+00:00,Normal
2025-10-12 10:18:34+00:00,452.7987561083962,22,33,36,25.1,73,1009.92,27.76,-0.196133,0.0,8.825985,-0.32375,0.1575,0.0875,-70.8984375,-32.763671875,261.572265625,classroom_window_closed,run_1,0,2265,0,False,False,False,0,0,0,0,0,0,452.7987561083962,33.0,36.0,22.0,-0.0450918841181615,-0.017343032353139,-0.049427642206448,-0.252525,0.0203,-0.0071749999999999,0.3330078125,1.2138671875,2.513671875,450.3518436250555,1.4062955543979132,33.413333333333334,1.643317428259724,34.693333333333335,1.7182270660653065,0.0,5.0,19.91686222627581,16.90360897960424,Good,10,6,2025-10-12 10:00:00+00:00,Normal
2025-10-12 10:18:39+00:00,452.7987561083962,22,34,36,25.8,73,1009.99,27.18,-0.1176798,0.0,8.7867584,-0.07875,0.09625,0.49875,-72.509765625,-33.30078125,269.62890625,classroom_window_closed,run_1,0,2265,0,False,False,False,0,0,0,0,0,0,452.7987561083962,34.0,36.0,22.0,0.0416232776475337,-0.017343032353139,-0.0927852230892948,-0.0075249999999999,-0.0409499999999999,0.4040750000000001,-1.2783203125,0.6767578125,10.5703125,450.38782763216346,1.3993263025125389,33.4,1.630250937986281,34.68666666666667,1.711142585685357,0.0,5.0,20.590035789552463,17.581039173349833,Good,10,6,2025-10-12 10:00:00+00:00,Normal
2025-10-12 10:18:44+00:00,452.7987561083962,22,34,36,25.6,73,1009.94,27.59,-0.1176798,-0.0392266,8.9044382,0.14,0.02625,0.2975,-72.509765625,-33.30078125,269.62890625,classroom_window_closed,run_1,0,2265,0,False,False,False,0,0,0,0,0,0,452.7987561083962,34.0,36.0,22.0,0.0416232776475337,-0.0607006132359867,0.0372875195592475,0.211225,-0.11095,0.202825,-1.2783203125,0.6767578125,10.5703125,450.4238116392713,1.3913856178040764,33.38,1.6039799493298308,34.67333333333333,1.6928458492583842,0.0,0.0,20.39770741401319,17.385138467754402,Good,10,6,2025-10-12 10:00:00+00:00,Normal
2025-10-12 10:18:50+00:00,452.7987561083962,22,34,34,25.2,73,1009.99,27.18,-0.1569064,0.0,8.9436648,-0.14,0.0875,-0.0875,-72.509765625,-33.30078125,265.869140625,classroom_window_closed,run_1,0,2265,0,False,False,False,0,0,0,0,0,0,452.7987561083962,34.0,34.0,22.0,-0.0017343032353138,-0.017343032353139,0.0806451004420963,-0.068775,-0.0496999999999999,-0.1821749999999999,-1.2783203125,0.6767578125,6.810546875,450.4504664593514,1.3983592801144211,33.373333333333335,1.599272765376763,34.666666666666664,1.693519692399817,0.0,0.0,20.013034035244704,16.99898270867744,Good,10,6,2025-10-12 10:00:00+00:00,Normal
2025-10-12 10:18:55+00:00,452.7987561083962,21,33,33,25.0,73,1009.99,27.18,-0.1569064,-0.0392266,8.9436648,-0.1575,0.25375,-0.14,-71.435546875,-33.30078125,261.572265625,classroom_window_closed,run_1,0,2265,0,False,False,False,0,0,0,0,0,0,452.7987561083962,33.0,33.0,21.0,-0.0017343032353138,-0.0607006132359867,0.0806451004420963,-0.0862749999999999,0.1165499999999999,-0.234675,-0.2041015625,0.6767578125,2.513671875,450.47712127943134,1.4047892794396366,33.35333333333333,1.5848979670613814,34.64666666666667,1.6953812766980143,0.0,-5.0,19.820689031536304,16.80869759783463,Good,10,6,2025-10-12 10:00:00+00:00,Normal
2025-10-12 10:19:00+00:00,452.7987561083962,21,32,32,25.2,73,1010.03,26.84,-0.2353596,0.0,8.825985,0.21,-0.20125,0.07,-71.435546875,-33.30078125,261.572265625,classroom_window_closed,run_1,0,2265,0,False,False,False,0,0,0,0,0,0,452.7987561083962,32.0,32.0,21.0,-0.0884494650010092,-0.017343032353139,-0.049427642206448,0.281225,-0.33845,-0.0246749999999999,-0.2041015625,0.6767578125,2.513671875,450.5037760995113,1.4106830499695042,33.34,1.5878312421951672,34.62,1.7053803527809046,0.0,-5.0,20.013034035244704,16.99898270867744,Good,10,6,2025-10-12 10:00:00+00:00,Normal
2025-10-12 10:19:06+00:00,452.7987561083962,21,32,32,25.0,73,1009.99,27.18,-0.1176798,0.0392266,8.825985,0.06125,0.30625,0.105,-71.97265625,-33.837890625,263.720703125,classroom_window_closed,run_1,0,2265,0,False,False,False,0,0,0,0,0,0,452.7987561083962,32.0,32.0,21.0,0.0416232776475337,0.0260145485297086,-0.049427642206448,0.132475,0.16905,0.010325,-0.7412109375,0.1396484375,4.662109375,450.53043091959125,1.416047287279033,33.32666666666667,1.5906465979444786,34.60666666666667,1.7180317545434964,0.0,0.0,19.820689031536304,16.80869759783463,Good,10,6,2025-10-12 10:00:00+00:00,Normal
2025-10-12 10:19:11+00:00,452.7987561083962,22,33,33,25.1,73,1009.98,27.26,-0.1176798,-0.0392266,8.7867584,-0.21,-0.00875,0.23625,-70.8984375,-32.2265625,261.03515625,classroom_window_closed,run_1,0,2265,0,False,False,False,0,0,0,0,0,0,452.7987561083962,33.0,33.0,22.0,0.0416232776475337,-0.0607006132359867,-0.0927852230892948,-0.1387749999999999,-0.14595,0.141575,0.3330078125,1.7509765625,1.9765625,450.5570857396712,1.4208879887752135,33.32,1.589901014182675,34.6,1.7223364807784376,0.0,5.0,19.91686222627581,16.90360897960424,Good,10,6,2025-10-12 10:00:00+00:00,Normal
2025-10-12 10:19:16+00:00,452.7987561083962,21,32,32,25.3,73,1010.01,27.01,-0.1569064,0.0784532,8.825985,-0.09625,0.02625,-0.09625,-70.8984375,-32.2265625,261.03515625,classroom_window_closed,run_1,0,2265,0,False,False,False,0,0,0,0,0,0,452.7987561083962,32.0,32.0,21.0,-0.0017343032353138,0.0693721294125562,-0.049427642206448,-0.0250249999999999,-0.11095,-0.1909249999999999,0.3330078125,1.7509765625,1.9765625,450.5837405597512,1.4252104890076254,33.32,1.589901014182675,34.593333333333334,1.7304872521212151,0.0,-5.0,20.10920445847294,17.094820649222385,Good,10,6,2025-10-12 10:00:00+00:00,Normal
2025-10-12 10:19:22+00:00,452.7987561083962,22,33,34,25.3,73,1010.01,27.01,-0.196133,0.0,8.825985,-0.3325,0.14875,-0.175,-70.8984375,-33.837890625,255.6640625,classroom_window_closed,run_1,0,2265,0,False,False,False,0,0,0,0,0,0,452.7987561083962,33.0,34.0,22.0,-0.0450918841181615,-0.017343032353139,-0.049427642206448,-0.261275,0.01155,-0.269675,0.3330078125,0.1396484375,-3.39453125,450.6103953798311,1.4290194903518132,33.32,1.589901014182675,34.58,1.7272781863052713,0.0,5.0,20.10920445847294,17.094820649222385,Good,10,6,2025-10-12 10:00:00+00:00,Normal
2025-10-12 10:19:27+00:00,452.7987561083962,21,33,34,25.3,73,1009.9,27.93,-0.196133,0.0392266,8.9044382,-0.1925,0.07,0.14875,-71.435546875,-33.30078125,262.646484375,classroom_window_closed,run_1,0,2265,0,False,False,False,0,0,0,0,0,0,452.7987561083962,33.0,34.0,21.0,-0.0450918841181615,0.0260145485297086,0.0372875195592475,-0.121275,-0.0671999999999999,0.054075,-0.2041015625,0.6767578125,3.587890625,450.6370501999112,1.4323190894942632,33.31333333333333,1.5891269253232232,34.56,1.7164032942337588,0.0,0.0,20.10920445847294,17.094820649222385,Good,10,6,2025-10-12 10:00:00+00:00,Normal
2025-10-12 10:19:32+00:00,452.7987561083962,20,31,32,25.1,73,1009.97,27.34,-0.1176798,0.0,8.7867584,0.0175,0.4025,0.11375,-71.435546875,-33.30078125,262.646484375,classroom_window_closed,run_1,0,2265,0,False,False,False,0,0,0,0,0,0,452.7987561083962,31.0,32.0,20.0,0.0416232776475337,-0.017343032353139,-0.0927852230892948,0.088725,0.2653,0.019075,-0.2041015625,0.6767578125,3.587890625,450.663705019991,1.4351128000789046,33.3,1.6001258339779176,34.526666666666664,1.7172502863186323,0.0,-10.0,19.91686222627581,16.90360897960424,Good,10,6,2025-10-12 10:00:00+00:00,Normal
2025-10-12 10:19:38+00:00,452.7987561083962,21,32,33,25.8,73,1010.0,27.09,-0.1569064,-0.0392266,8.7475318,0.0,-0.20125,-0.06125,-71.435546875,-33.30078125,262.109375,classroom_window_closed,run_1,0,2265,0,False,False,False,0,0,0,0,0,0,452.7987561083962,32.0,33.0,21.0,-0.0017343032353138,-0.0607006132359867,-0.1361428039721416,0.071225,-0.33845,-0.1559249999999999,-0.2041015625,0.6767578125,3.05078125,450.6903598400711,1.4374035718152618,33.28,1.5974812389272677,34.5,1.7096253367175038,0.0,5.0,20.590035789552463,17.581039173349833,Good,10,6,2025-10-12 10:00:00+00:00,Normal
2025-10-12 10:19:43+00:00,452.7987561083962,21,31,32,25.6,73,1010.01,27.01,-0.1569064,0.0392266,8.825985,-0.0875,0.11375,0.34125,-70.8984375,-34.375,258.349609375,classroom_window_closed,run_1,0,2265,0,False,False,False,0,0,0,0,0,0,452.7987561083962,31.0,32.0,21.0,-0.0017343032353138,0.0260145485297086,-0.049427642206448,-0.0162749999999999,-0.0234499999999999,0.246575,0.3330078125,-0.3974609375,-0.708984375,450.71701466015105,1.439193806295923,33.25333333333333,1.601956298437217,34.46,1.6973330837863176,0.0,-5.0,20.39770741401319,17.385138467754402,Good,10,6,2025-10-12 10:00:00+00:00,Normal
2025-10-12 10:19:48+00:00,452.7987561083962,20,30,31,25.3,73,1009.98,27.26,-0.1176798,0.0,8.9436648,0.0525,0.09625,0.1225,-70.8984375,-34.375,258.349609375,classroom_window_closed,run_1,0,2265,0,False,False,False,0,0,0,0,0,0,452.7987561083962,30.0,31.0,20.0,0.0416232776475337,-0.017343032353139,0.0806451004420963,0.123725,-0.0409499999999999,0.027825,0.3330078125,-0.3974609375,-0.708984375,450.7436694802309,1.4404853697244338,33.21333333333333,1.6078109118958583,34.413333333333334,1.6955791973003835,0.0,-5.0,20.10920445847294,17.094820649222385,Good,10,6,2025-10-12 10:00:00+00:00,Normal
2025-10-12 10:19:54+00:00,452.7987561083962,21,32,33,25.2,73,1009.87,28.18,-0.1569064,0.0392266,8.825985,-0.1925,-0.105,0.00875,-69.82421875,-34.375,264.794921875,classroom_window_closed,run_1,0,2265,0,False,False,False,0,0,0,0,0,0,452.7987561083962,32.0,33.0,21.0,-0.0017343032353138,0.0260145485297086,-0.049427642206448,-0.121275,-0.2421999999999999,-0.0859249999999999,1.4072265625,-0.3974609375,5.736328125,450.77032430031096,1.4412796027128287,33.193333333333335,1.6040915247225007,34.39333333333333,1.6944309359983225,0.0,10.0,20.013034035244704,16.99898270867744,Good,10,6,2025-10-12 10:00:00+00:00,Normal
2025-10-12 10:19:59+00:00,452.7987561083962,20,32,32,25.7,73,1009.94,27.59,-0.1569064,-0.0392266,8.7867584,-0.14875,0.14875,0.02625,-73.046875,-32.763671875,260.498046875,classroom_window_closed,run_1,0,2265,0,False,False,False,0,0,0,0,0,0,452.7987561083962,32.0,32.0,20.0,-0.0017343032353138,-0.0607006132359867,-0.0927852230892948,-0.0775249999999999,0.01155,-0.0684249999999999,-1.8154296875,1.2138671875,1.439453125,450.7969791203909,1.441577327269779,33.166666666666664,1.590309018414022,34.36666666666667,1.7004407903340566,0.0,0.0,20.493872294578285,17.482852011125654,Good,10,6,2025-10-12 10:00:00+00:00,Normal
2025-10-12 10:20:04+00:00,452.7987561083962,21,33,33,25.4,73,1010.01,27.01,-0.196133,-0.0392266,8.9436648,-0.0525,0.21,0.04375,-73.046875,-32.763671875,260.498046875,classroom_window_closed,run_1,0,2265,0,False,False,False,0,0,0,0,0,0,452.7987561083962,33.0,33.0,21.0,-0.0450918841181615,-0.0607006132359867,0.0806451004420963,0.018725,0.0728,-0.0509249999999999,-1.8154296875,1.2138671875,1.439453125,450.8236339404709,1.4413788510647805,33.16,1.5888875851956974,34.36,1.7038448427959316,0.0,5.0,20.205373495990465,17.191124671161827,Good,10,6,2025-10-12 10:00:00+00:00,Normal
2025-10-12 10:20:10+00:00,452.7987561083962,20,33,33,25.2,73,1010.0,27.09,-0.1569064,0.0392266,8.8652116,-0.0875,0.175,0.41125,-72.509765625,-33.30078125,253.515625,classroom_window_closed,run_1,0,2265,0,False,False,False,0,0,0,0,0,0,452.7987561083962,33.0,33.0,20.0,-0.0017343032353138,0.0260145485297086,-0.0060700613235992,-0.0162749999999999,0.0378,0.316575,-1.2783203125,0.6767578125,-5.54296875,450.8502887605508,1.440683969020163,33.16,1.5888875851956974,34.36,1.7038448427959316,0.0,0.0,20.013034035244704,16.99898270867744,Good,10,6,2025-10-12 10:00:00+00:00,Normal
2025-10-12 10:20:15+00:00,452.7987561083962,21,34,36,0.0,0,1009.96,27.43,-0.196133,0.0,8.8652116,0.00875,0.13125,0.16625,-72.509765625,-33.30078125,261.03515625,classroom_window_closed,run_1,0,2265,0,False,False,False,0,0,0,0,0,0,452.7987561083962,34.0,36.0,21.0,-0.0450918841181615,-0.017343032353139,-0.0060700613235992,0.079975,-0.0059499999999999,0.071575,-1.2783203125,0.6767578125,1.9765625,450.8769435806309,1.4394919622501798,33.166666666666664,1.590309018414022,34.38,1.7053803527809124,0.0,5.0,-96.07763018544566,0.0,Good,10,6,2025-10-12 10:00:00+00:00,Normal
2025-10-12 10:20:20+00:00,452.7987561083962,20,35,35,25.5,73,1009.99,27.18,-0.1569064,0.0,8.7867584,-0.30625,0.11375,0.06125,-72.509765625,-33.30078125,261.03515625,classroom_window_closed,run_1,0,2265,0,False,False,False,0,0,0,0,0,0,452.7987561083962,35.0,35.0,20.0,-0.0017343032353138,-0.017343032353139,-0.0927852230892948,-0.235025,-0.0234499999999999,-0.0334249999999999,-1.2783203125,0.6767578125,1.9765625,450.9035984007108,1.4378015943343412,33.17333333333333,1.59591200353975,34.38666666666666,1.7058394247926374,0.0,5.0,20.30154114782723,17.287896650184116,Good,10,6,2025-10-12 10:00:00+00:00,Normal
2025-10-12 10:20:26+00:00,452.7987561083962,21,34,36,25.7,73,1010.02,26.93,-0.196133,0.0,8.7475318,-0.06125,0.0875,0.18375,-71.97265625,-34.912109375,262.646484375,classroom_window_closed,run_1,0,2265,0,False,False,False,0,0,0,0,0,0,452.7987561083962,34.0,36.0,21.0,-0.0450918841181615,-0.017343032353139,-0.1361428039721416,0.009975,-0.0496999999999999,0.089075,-0.7412109375,-0.9345703125,3.587890625,450.93025322079075,1.4356111048797964,33.18666666666667,1.5943973495578698,34.413333333333334,1.6995327690602964,0.0,-5.0,20.493872294578285,17.482852011125654,Good,10,6,2025-10-12 10:00:00+00:00,Normal
2025-10-12 10:20:31+00:00,452.7987561083962,21,34,36,25.1,73,1009.97,27.34,-0.1569064,0.0,8.825985,0.14875,0.0525,-0.21,-71.97265625,-34.375,258.88671875,classroom_window_closed,run_1,0,2265,0,False,False,False,0,0,0,0,0,0,452.7987561083962,34.0,36.0,21.0,-0.0017343032353138,-0.017343032353139,-0.049427642206448,0.219975,-0.0847,-0.304675,-0.7412109375,-0.3974609375,-0.171875,450.9569080408707,1.432918200294185,33.193333333333335,1.5957017209060922,34.43333333333333,1.7004407903340544,0.0,0.0,19.91686222627581,16.90360897960424,Good,10,6,2025-10-12 10:00:00+00:00,Normal
2025-10-12 10:20:36+00:00,452.7987561083962,20,32,33,25.0,73,1009.98,27.26,-0.196133,0.0392266,8.8652116,-0.04375,0.2625,0.07,-71.97265625,-34.375,258.88671875,classroom_window_closed,run_1,0,2265,0,False,False,False,0,0,0,0,0,0,452.7987561083962,32.0,33.0,20.0,-0.0450918841181615,0.0260145485297086,-0.0060700613235992,0.027475,0.1253,-0.0246749999999999,-0.7412109375,-0.3974609375,-0.171875,450.98356286095066,1.4297200416552818,33.17333333333333,1.591701072516543,34.42,1.7038054525486075,0.0,-10.0,19.820689031536304,16.80869759783463,Good,10,6,2025-10-12 10:00:00+00:00,Normal
2025-10-12 10:20:42+00:00,452.7987561083962,21,33,34,25.1,73,1009.95,27.51,-0.1176798,0.0,8.8652116,-0.1925,0.14,0.14875,-72.509765625,-32.763671875,257.8125,classroom_window_closed,run_1,0,2265,0,False,False,False,0,0,0,0,0,0,452.7987561083962,33.0,34.0,21.0,0.0416232776475337,-0.017343032353139,-0.0060700613235992,-0.121275,0.0028,0.054075,-1.2783203125,1.2138671875,-1.24609375,451.0102176810306,1.4260132295261334,33.16,1.5846579882097802,34.413333333333334,1.70347716506612,0.0,5.0,19.91686222627581,16.90360897960424,Good,10,6,2025-10-12 10:00:00+00:00,Normal
2025-10-12 10:20:47+00:00,452.7987561083962,20,33,33,0.0,0,1009.94,27.59,-0.1569064,0.0392266,8.8652116,-0.5162500000000001,0.06125,-0.1225,-73.046875,-33.30078125,263.720703125,classroom_window_closed,run_1,0,2265,0,False,False,False,0,0,0,0,0,0,452.7987561083962,33.0,33.0,20.0,-0.0017343032353138,0.0260145485297086,-0.0060700613235992,-0.4450250000000001,-0.0759499999999999,-0.2171749999999999,-1.8154296875,0.6767578125,4.662109375,451.03687250111057,1.421793785523288,33.14,1.5674114084979995,34.38666666666666,1.6939951849993664,0.0,0.0,-96.07763018544566,0.0,Good,10,6,2025-10-12 10:00:00+00:00,Normal
2025-10-12 10:20:52+00:00,452.7987561083962,20,32,32,25.5,73,1009.94,27.59,-0.1176798,0.0,8.9044382,0.07875,-0.0525,-0.07875,-73.046875,-33.30078125,263.720703125,classroom_window_closed,run_1,0,2265,0,False,False,False,0,0,0,0,0,0,452.7987561083962,32.0,32.0,20.0,0.0416232776475337,-0.017343032353139,0.0372875195592475,0.149975,-0.1896999999999999,-0.173425,-1.8154296875,0.6767578125,4.662109375,451.06352732119063,1.4170571304002002,33.11333333333334,1.5523814425509217,34.35333333333333,1.6914180011417277,0.0,-5.0,20.30154114782723,17.287896650184116,Good,10,6,2025-10-12 10:00:00+00:00,Normal
2025-10-12 10:20:58+00:00,452.7987561083962,21,32,32,25.4,73,1009.94,27.59,-0.1176798,0.0,8.9044382,-0.02625,0.14875,-0.5075000000000001,-73.046875,-33.30078125,263.720703125,classroom_window_closed,run_1,0,2265,0,False,False,False,0,0,0,0,0,0,452.7987561083962,32.0,32.0,21.0,0.0416232776475337,-0.017343032353139,0.0372875195592475,0.044975,0.01155,-0.602175,-1.8154296875,0.6767578125,4.662109375,451.0901821412705,1.4117980583567105,33.07333333333333,1.502108882936457,34.31333333333333,1.6754711514730702,0.0,0.0,20.205373495990465,17.191124671161827,Good,10,6,2025-10-12 10:00:00+00:00,Normal
2025-10-12 10:21:03+00:00,454.1981341625944,20,32,32,25.6,73,1009.97,27.34,-0.1569064,-0.0392266,8.7867584,-2.24,0.1925,0.11375,-70.361328125,-33.30078125,262.109375,classroom_window_closed,run_1,0,2272,0,False,False,False,0,0,0,0,0,0,454.1981341625944,32.0,32.0,20.0,-0.0017343032353138,-0.0607006132359867,-0.0927852230892948,-2.168775,0.0553,0.019075,0.8701171875,0.6767578125,3.05078125,451.1261661483785,1.4217994449383908,33.04,1.469511172889836,34.28,1.6713937438497315,6.996890270990832,0.0,20.39770741401319,17.385138467754402,Good,10,6,2025-10-12 10:00:00+00:00,Normal
2025-10-12 10:21:08+00:00,454.1981341625944,20,32,32,25.8,73,1009.98,27.26,-0.196133,0.0,8.9436648,-0.0525,0.0525,-0.0875,-71.97265625,-32.763671875,264.2578125,classroom_window_closed,run_1,0,2272,0,False,False,False,0,0,0,0,0,0,454.1981341625944,32.0,32.0,20.0,-0.0450918841181615,-0.017343032353139,0.0806451004420963,0.018725,-0.0847,-0.1821749999999999,-0.7412109375,1.2138671875,5.19921875,451.1621501554864,1.4308202149882403,33.02,1.4630573853241078,34.26,1.6806438523344025,0.0,0.0,20.590035789552463,17.581039173349833,Good,10,6,2025-10-12 10:00:00+00:00,Normal
2025-10-12 10:21:14+00:00,454.1981341625944,20,32,32,25.0,73,1009.94,27.59,-0.196133,-0.0392266,8.825985,-0.21875,0.28875,0.18375,-71.97265625,-32.763671875,264.2578125,classroom_window_closed,run_1,0,2272,0,False,False,False,0,0,0,0,0,0,454.1981341625944,32.0,32.0,20.0,-0.0450918841181615,-0.0607006132359867,-0.049427642206448,-0.147525,0.15155,0.089075,-0.7412109375,1.2138671875,5.19921875,451.19813416259433,1.4388788119766762,33.0,1.4562985164887217,34.24,1.6896050132120528,0.0,0.0,19.820689031536304,16.80869759783463,Good,10,6,2025-10-12 10:00:00+00:00,Normal
2025-10-12 10:21:19+00:00,454.1981341625944,21,33,33,25.3,73,1009.91,27.84,-0.1569064,0.0392266,8.9044382,0.035,0.245,-0.16625,-71.435546875,-34.912109375,255.126953125,classroom_window_closed,run_1,0,2272,0,False,False,False,0,0,0,0,0,0,454.1981341625944,33.0,33.0,21.0,-0.0017343032353138,0.0260145485297086,0.0372875195592475,0.106225,0.1078,-0.2609249999999999,-0.2041015625,-0.9345703125,-3.931640625,451.2341181697023,1.4459913227389596,32.986666666666665,1.4469902420632046,34.22666666666667,1.6914576798649772,0.0,5.0,20.10920445847294,17.094820649222385,Good,10,6,2025-10-12 10:00:00+00:00,Normal
2025-10-12 10:21:25+00:00,454.1981341625944,21,34,34,25.7,73,1009.88,28.1,-0.1569064,0.0784532,8.9436648,0.07875,0.11375,0.16625,-70.361328125,-33.837890625,278.22265625,classroom_window_closed,run_1,0,2272,0,False,False,False,0,0,0,0,0,0,454.1981341625944,34.0,34.0,21.0,-0.0017343032353138,0.0693721294125562,0.0806451004420963,0.149975,-0.0234499999999999,0.071575,0.8701171875,0.1396484375,19.1640625,451.2701021768102,1.452171648690974,32.986666666666665,1.4469902420632046,34.22666666666667,1.6914576798649772,0.0,5.0,20.493872294578285,17.482852011125654,Good,10,6,2025-10-12 10:00:00+00:00,Normal
2025-10-12 10:21:30+00:00,454.1981341625944,20,33,33,25.2,73,1009.97,27.34,-0.1569064,-0.0392266,8.825985,0.27125,0.1225,0.0525,-70.361328125,-33.837890625,278.22265625,classroom_window_closed,run_1,0,2272,0,False,False,False,0,0,0,0,0,0,454.1981341625944,33.0,33.0,20.0,-0.0017343032353138,-0.0607006132359867,-0.049427642206448,0.342475,-0.0146999999999999,-0.0421749999999999,0.8701171875,0.1396484375,19.1640625,451.30608618391824,1.4574316488370562,32.98,1.4445918584789357,34.22,1.6943253096833917,0.0,-5.0,20.013034035244704,16.99898270867744,Good,10,6,2025-10-12 10:00:00+00:00,Normal
2025-10-12 10:21:35+00:00,454.1981341625944,20,33,33,25.1,73,1009.98,27.26,-0.1569064,0.0392266,8.8652116,-0.1575,0.2975,-0.245,-70.8984375,-32.2265625,256.201171875,classroom_window_closed,run_1,0,2272,0,False,False,False,0,0,0,0,0,0,454.1981341625944,33.0,33.0,20.0,-0.0017343032353138,0.0260145485297086,-0.0060700613235992,-0.0862749999999999,0.1603,-0.3396749999999999,0.3330078125,1.7509765625,-2.857421875,451.34207019102615,1.461781258173219,32.95333333333333,1.4062977558382834,34.193333333333335,1.6817084101395066,0.0,0.0,19.91686222627581,16.90360897960424,Good,10,6,2025-10-12 10:00:00+00:00,Normal
2025-10-12 10:21:41+00:00,454.1981341625944,21,34,34,25.5,73,1009.96,27.43,-0.196133,-0.1176798,8.8652116,-0.14,0.21,-0.07,-70.8984375,-34.375,255.126953125,classroom_window_closed,run_1,0,2272,0,False,False,False,0,0,0,0,0,0,454.1981341625944,34.0,34.0,21.0,-0.0450918841181615,-0.147415775001682,-0.0060700613235992,-0.068775,0.0728,-0.164675,0.3330078125,-0.3974609375,-3.931640625,451.3780541981341,1.465228584353171,32.94,1.386560613738252,34.18,1.6752040845319065,0.0,5.0,20.30154114782723,17.287896650184116,Good,10,6,2025-10-12 10:00:00+00:00,Normal
2025-10-12 10:21:46+00:00,454.1981341625944,20,33,33,25.6,73,1009.93,27.68,-0.1569064,0.0,8.9044382,0.04375,0.16625,0.35,-70.8984375,-34.375,255.126953125,classroom_window_closed,run_1,0,2272,0,False,False,False,0,0,0,0,0,0,454.1981341625944,33.0,33.0,20.0,-0.0017343032353138,-0.017343032353139,0.0372875195592475,0.114975,0.02905,0.255325,0.3330078125,-0.3974609375,-3.931640625,451.4140382052421,1.4677799848782698,32.913333333333334,1.34581961088983,34.153333333333336,1.6617960150168547,0.0,-5.0,20.39770741401319,17.385138467754402,Good,10,6,2025-10-12 10:00:00+00:00,Normal
2025-10-12 10:21:51+00:00,454.1981341625944,21,34,34,0.0,0,1009.95,27.51,-0.196133,0.0392266,8.9044382,0.21,0.09625,-0.2275,-70.8984375,-33.30078125,259.423828125,classroom_window_closed,run_1,0,2272,0,False,False,False,0,0,0,0,0,0,454.1981341625944,34.0,34.0,21.0,-0.0450918841181615,0.0260145485297086,0.0372875195592475,0.281225,-0.0409499999999999,-0.322175,0.3330078125,0.6767578125,0.365234375,451.4500222123499,1.4694401265643489,32.9,1.3247767951797402,34.14,1.6548890349872338,0.0,5.0,-96.07763018544566,0.0,Good,10,6,2025-10-12 10:00:00+00:00,Normal
2025-10-12 10:21:57+00:00,454.1981341625944,20,32,32,25.6,73,1009.99,27.18,-0.196133,0.0,8.9044382,-0.16625,0.28,0.0175,-70.8984375,-31.689453125,265.869140625,classroom_window_closed,run_1,0,2272,0,False,False,False,0,0,0,0,0,0,454.1981341625944,32.0,32.0,20.0,-0.0450918841181615,-0.017343032353139,0.0372875195592475,-0.095025,0.1428,-0.0771749999999999,0.3330078125,2.2880859375,6.810546875,451.486006219458,1.4702120286034204,32.873333333333335,1.3020204570947542,34.11333333333334,1.6569425496907149,0.0,-10.0,20.39770741401319,17.385138467754402,Good,10,6,2025-10-12 10:00:00+00:00,Normal
2025-10-12 10:22:02+00:00,454.1981341625944,21,32,32,25.1,73,1010.03,26.84,-0.196133,0.0,8.8652116,-0.07,0.23625,0.455,-70.8984375,-31.689453125,265.869140625,classroom_window_closed,run_1,0,2272,0,False,False,False,0,0,0,0,0,0,454.1981341625944,32.0,32.0,21.0,-0.0450918841181615,-0.017343032353139,-0.0060700613235992,0.001225,0.09905,0.360325,0.3330078125,2.2880859375,6.810546875,451.5219902265659,1.4700970901567891,32.85333333333333,1.2921376423588211,34.093333333333334,1.6642577669907364,0.0,0.0,19.91686222627581,16.90360897960424,Good,10,6,2025-10-12 10:00:00+00:00,Normal
2025-10-12 10:22:07+00:00,454.1981341625944,20,30,30,25.1,73,1009.93,27.68,-0.1569064,-0.0392266,8.825985,0.245,-0.0875,-0.1925,-70.361328125,-33.837890625,259.423828125,classroom_window_closed,run_1,0,2272,0,False,False,False,0,0,0,0,0,0,454.1981341625944,30.0,30.0,20.0,-0.0017343032353138,-0.0607006132359867,-0.049427642206448,0.316225,-0.2246999999999999,-0.2871749999999999,0.8701171875,0.1396484375,0.365234375,451.55797423367386,1.4690951030717092,32.81333333333333,1.2869331249170104,34.04666666666667,1.6802710977603772,0.0,-10.0,19.91686222627581,16.90360897960424,Good,10,6,2025-10-12 10:00:00+00:00,Normal
2025-10-12 10:22:13+00:00,454.1981341625944,21,32,32,25.5,73,1010.01,27.01,-0.3138128,0.0392266,8.7475318,-0.04375,0.0175,-0.1225,-71.435546875,-33.30078125,259.9609375,classroom_window_closed,run_1,0,2272,0,False,False,False,0,0,0,0,0,0,454.1981341625944,32.0,32.0,21.0,-0.1751646267667045,0.0260145485297086,-0.1361428039721416,0.027475,-0.1196999999999999,-0.2171749999999999,-0.2041015625,0.6767578125,0.90234375,451.5939582407818,1.4672042499923577,32.8,1.2849150599977834,34.013333333333335,1.6708582638296383,0.0,10.0,20.30154114782723,17.287896650184116,Good,10,6,2025-10-12 10:00:00+00:00,Normal
2025-10-12 10:22:18+00:00,454.1981341625944,21,33,35,25.0,73,1009.96,27.43,-0.196133,0.0392266,8.9044382,0.21875,0.16625,-0.14875,-71.435546875,-33.30078125,259.9609375,classroom_window_closed,run_1,0,2272,0,False,False,False,0,0,0,0,0,0,454.1981341625944,33.0,35.0,21.0,-0.0450918841181615,0.0260145485297086,0.0372875195592475,0.289975,0.02905,-0.2434249999999999,-0.2041015625,0.6767578125,0.90234375,451.6299422478898,1.4644210878249937,32.8,1.2849150599977834,34.00666666666667,1.6648625582335,0.0,5.0,19.820689031536304,16.80869759783463,Good,10,6,2025-10-12 10:00:00+00:00,Normal
2025-10-12 10:22:23+00:00,454.1981341625944,22,35,36,25.4,73,1010.04,26.76,-0.196133,0.0392266,8.7867584,0.02625,0.06125,0.16625,-73.583984375,-32.763671875,259.423828125,classroom_window_closed,run_1,0,2272,0,False,False,False,0,0,0,0,0,0,454.1981341625944,35.0,36.0,22.0,-0.0450918841181615,0.0260145485297086,-0.0927852230892948,0.097475,-0.0759499999999999,0.071575,-2.3525390625,1.2138671875,0.365234375,451.6659262549977,1.4607405162047014,32.806666666666665,1.2937467915423444,34.00666666666667,1.6648625582335,0.0,10.0,20.205373495990465,17.191124671161827,Good,10,6,2025-10-12 10:00:00+00:00,Normal
2025-10-12 10:22:29+00:00,454.1981341625944,22,36,37,25.8,73,1010.04,26.76,-0.0784532,0.0392266,8.7867584,-0.28875,-0.25375,0.16625,-71.97265625,-32.763671875,262.109375,classroom_window_closed,run_1,0,2272,0,False,False,False,0,0,0,0,0,0,454.1981341625944,36.0,37.0,22.0,0.0849808585303814,0.0260145485297086,-0.0927852230892948,-0.217525,-0.3909499999999999,0.071575,-0.7412109375,1.2138671875,3.05078125,451.7019102621056,1.4561557302850394,32.82,1.316238284459248,34.026666666666664,1.6827058214173838,0.0,5.0,20.590035789552463,17.581039173349833,Good,10,6,2025-10-12 10:00:00+00:00,Normal
2025-10-12 10:22:34+00:00,454.1981341625944,21,34,36,25.9,73,1009.94,27.59,-0.1569064,0.0392266,8.8652116,-0.25375,0.35875,0.25375,-71.97265625,-32.763671875,262.109375,classroom_window_closed,run_1,0,2272,0,False,False,False,0,0,0,0,0,0,454.1981341625944,34.0,36.0,21.0,-0.0017343032353138,0.0260145485297086,-0.0060700613235992,-0.1825249999999999,0.22155,0.159075,-0.7412109375,1.2138671875,3.05078125,451.7378942692136,1.4506581568193362,32.82,1.316238284459248,34.04,1.6903992618401469,0.0,-10.0,20.686197898965684,17.679701853288954,Good,10,6,2025-10-12 10:00:00+00:00,Normal
2025-10-12 10:22:39+00:00,454.1981341625944,21,34,36,0.0,0,1009.99,27.18,-0.1569064,0.0392266,8.7475318,0.27125,0.13125,0.0,-69.82421875,-33.837890625,252.978515625,classroom_window_closed,run_1,0,2272,0,False,False,False,0,0,0,0,0,0,454.1981341625944,34.0,36.0,21.0,-0.0017343032353138,0.0260145485297086,-0.1361428039721416,0.342475,-0.0059499999999999,-0.0946749999999999,1.4072265625,0.1396484375,-6.080078125,451.7658818302976,1.4573856394512468,32.84,1.3111806248081157,34.06,1.6957507098034306,0.0,0.0,-96.07763018544566,0.0,Good,10,6,2025-10-12 10:00:00+00:00,Normal
2025-10-12 10:22:45+00:00,454.1981341625944,20,33,35,25.3,73,1009.92,27.76,-0.1176798,0.0,8.7475318,-0.21875,0.0175,0.02625,-69.82421875,-32.763671875,264.794921875,classroom_window_closed,run_1,0,2272,0,False,False,False,0,0,0,0,0,0,454.1981341625944,33.0,35.0,20.0,0.0416232776475337,-0.017343032353139,-0.1361428039721416,-0.147525,-0.1196999999999999,-0.0684249999999999,1.4072265625,1.2138671875,5.736328125,451.7938693913815,1.463543506329127,32.84,1.3111806248081157,34.053333333333335,1.6900286589313005,0.0,-5.0,20.10920445847294,17.094820649222385,Good,10,6,2025-10-12 10:00:00+00:00,Normal
2025-10-12 10:22:50+00:00,454.1981341625944,21,33,36,25.4,73,1009.91,27.84,-0.1569064,0.0,8.7867584,-0.21,0.1925,0.18375,-69.82421875,-32.763671875,264.794921875,classroom_window_closed,run_1,0,2272,0,False,False,False,0,0,0,0,0,0,454.1981341625944,33.0,36.0,21.0,-0.0017343032353138,-0.017343032353139,-0.0927852230892948,-0.1387749999999999,0.0553,0.089075,1.4072265625,1.2138671875,5.736328125,451.82985339848943,1.4557872918851424,32.833333333333336,1.3077808791002443,34.04666666666667,1.680271097760377,0.0,0.0,20.205373495990465,17.191124671161827,Good,10,6,2025-10-12 10:00:00+00:00,Normal
2025-10-12 10:22:55+00:00,454.1981341625944,22,36,37,25.6,73,1009.95,27.51,-0.1569064,0.0,8.9044382,-0.13125,-0.07,0.1225,-70.8984375,-33.837890625,266.943359375,classroom_window_closed,run_1,0,2272,0,False,False,False,0,0,0,0,0,0,454.1981341625944,36.0,37.0,22.0,-0.0017343032353138,-0.017343032353139,0.0372875195592475,-0.0600249999999999,-0.2072,0.027825,0.3330078125,0.1396484375,7.884765625,451.8578409595734,1.4607184819069126,32.85333333333333,1.333042473868025,34.053333333333335,1.6900286589313005,0.0,15.0,20.39770741401319,17.385138467754402,Good,10,6,2025-10-12 10:00:00+00:00,Normal
2025-10-12 10:23:01+00:00,454.1981341625944,21,35,35,25.4,73,1009.94,27.59,-0.1569064,0.0392266,8.9044382,-0.11375,-0.0525,0.34125,-72.509765625,-33.837890625,265.33203125,classroom_window_closed,run_1,0,2272,0,False,False,False,0,0,0,0,0,0,454.1981341625944,35.0,35.0,21.0,-0.0017343032353138,0.0260145485297086,0.0372875195592475,-0.0425249999999999,-0.1896999999999999,0.246575,-1.2783203125,0.1396484375,6.2734375,451.8858285206574,1.465094947865764,32.86666666666667,1.3444724853941132,34.04666666666667,1.6842606035767769,0.0,-5.0,20.205373495990465,17.191124671161827,Good,10,6,2025-10-12 10:00:00+00:00,Normal
2025-10-12 10:23:06+00:00,454.1981341625944,22,36,36,25.7,73,1009.96,27.43,-0.1176798,0.0392266,8.8652116,-0.21875,0.1575,0.0175,-71.435546875,-36.5234375,267.48046875,classroom_window_closed,run_1,0,2272,0,False,False,False,0,0,0,0,0,0,454.1981341625944,36.0,36.0,22.0,0.0416232776475337,0.0260145485297086,-0.0060700613235992,-0.147525,0.0203,-0.0771749999999999,-0.2041015625,-2.5458984375,8.421875,451.91381608174146,1.4689216479602736,32.9,1.3597769260398302,34.053333333333335,1.6900286589313005,0.0,5.0,20.493872294578285,17.482852011125654,Good,10,6,2025-10-12 10:00:00+00:00,Normal
2025-10-12 10:23:11+00:00,454.1981341625944,21,35,35,25.5,73,1009.97,27.34,-0.2353596,0.0784532,8.8652116,-0.0875,0.28875,-0.3325,-71.435546875,-36.5234375,267.48046875,classroom_window_closed,run_1,0,2272,0,False,False,False,0,0,0,0,0,0,454.1981341625944,35.0,35.0,21.0,-0.0884494650010092,0.0693721294125562,-0.0060700613235992,-0.0162749999999999,0.15155,-0.4271749999999999,-0.2041015625,-2.5458984375,8.421875,451.9418036428254,1.4722028692194764,32.913333333333334,1.3705270953233235,34.04,1.6744427100566708,0.0,-5.0,20.30154114782723,17.287896650184116,Good,10,6,2025-10-12 10:00:00+00:00,Normal
2025-10-12 10:23:17+00:00,454.1981341625944,22,35,36,25.8,73,1009.98,27.26,-0.196133,0.0,8.7867584,-0.245,0.035,-0.0525,-70.361328125,-32.763671875,257.8125,classroom_window_closed,run_1,0,2272,0,False,False,False,0,0,0,0,0,0,454.1981341625944,35.0,36.0,22.0,-0.0450918841181615,-0.017343032353139,-0.0927852230892948,-0.1737749999999999,-0.1021999999999999,-0.1471749999999999,0.8701171875,1.2138671875,-1.24609375,451.9697912039094,1.4749422521363271,32.92666666666667,1.3810640128560272,34.03333333333333,1.664540030249929,0.0,0.0,20.590035789552463,17.581039173349833,Good,10,6,2025-10-12 10:00:00+00:00,Normal
2025-10-12 10:23:22+00:00,454.1981341625944,23,36,38,25.7,73,1009.94,27.59,-0.1569064,0.0,8.7867584,-0.0875,0.21,0.175,-73.046875,-32.2265625,280.37109375,classroom_window_closed,run_1,0,2272,0,False,False,False,0,0,0,0,0,0,454.1981341625944,36.0,38.0,23.0,-0.0017343032353138,-0.017343032353139,-0.0927852230892948,-0.0162749999999999,0.0728,0.080325,-1.8154296875,1.7509765625,21.3125,452.00577521101735,1.4628964339608246,32.95333333333333,1.4015172347437792,34.06,1.6957507098034306,0.0,5.0,20.493872294578285,17.482852011125654,Good,10,6,2025-10-12 10:00:00+00:00,Normal
2025-10-12 10:23:27+00:00,454.1981341625944,22,35,38,25.5,73,1009.99,27.18,-0.1176798,0.0392266,8.8652116,-0.09625,0.14875,-0.14875,-73.046875,-32.2265625,280.37109375,classroom_window_closed,run_1,0,2272,0,False,False,False,0,0,0,0,0,0,454.1981341625944,35.0,38.0,22.0,0.0416232776475337,0.0260145485297086,-0.0060700613235992,-0.0250249999999999,0.01155,-0.2434249999999999,-1.8154296875,1.7509765625,21.3125,452.03376277210134,1.464422919386657,32.98,1.402155579262199,34.08,1.7243615684629847,0.0,-5.0,20.30154114782723,17.287896650184116,Good,10,6,2025-10-12 10:00:00+00:00,Normal
2025-10-12 10:23:33+00:00,454.1981341625944,20,35,37,25.0,73,1009.99,27.18,-0.1569064,0.0,8.9044382,0.13125,-0.07,0.0525,-71.435546875,-32.2265625,252.44140625,classroom_window_closed,run_1,0,2272,0,False,False,False,0,0,0,0,0,0,454.1981341625944,35.0,37.0,20.0,-0.0017343032353138,-0.017343032353139,0.0372875195592475,0.202475,-0.2072,-0.0421749999999999,-0.2041015625,1.7509765625,-6.6171875,452.0617503331853,1.4654097979274507,33.0,1.4094598898896675,34.086666666666666,1.733741992783046,0.0,0.0,19.820689031536304,16.80869759783463,Good,10,6,2025-10-12 10:00:00+00:00,Normal
2025-10-12 10:23:38+00:00,454.1981341625944,21,36,38,25.5,73,1009.92,27.76,-0.1569064,0.0,8.9044382,-0.14,0.0,0.07,-71.435546875,-31.689453125,248.681640625,classroom_window_closed,run_1,0,2272,0,False,False,False,0,0,0,0,0,0,454.1981341625944,36.0,38.0,21.0,-0.0017343032353138,-0.017343032353139,0.0372875195592475,-0.068775,-0.1372,-0.0246749999999999,-0.2041015625,2.2880859375,-10.376953125,452.08973789426926,1.4658581594430602,33.02,1.4305863068014442,34.1,1.756101539618322,0.0,5.0,20.30154114782723,17.287896650184116,Good,10,6,2025-10-12 10:00:00+00:00,Normal
2025-10-12 10:23:43+00:00,454.1981341625944,20,35,36,25.4,73,1009.89,28.01,-0.196133,0.0392266,9.022118,-0.06125,0.35,-0.105,-71.435546875,-31.689453125,248.681640625,classroom_window_closed,run_1,0,2272,0,False,False,False,0,0,0,0,0,0,454.1981341625944,35.0,36.0,20.0,-0.0450918841181615,0.0260145485297086,0.1673602622077919,0.009975,0.2128,-0.199675,-0.2041015625,2.2880859375,-10.376953125,452.1177254553532,1.4657684981118304,33.013333333333335,1.418888243616974,34.093333333333334,1.7468924150101126,0.0,-5.0,20.205373495990465,17.191124671161827,Good,10,6,2025-10-12 10:00:00+00:00,Normal
2025-10-12 10:23:49+00:00,454.1981341625944,21,36,37,25.2,73,1009.95,27.51,-0.1569064,-0.0392266,8.8652116,-0.0175,0.245,0.11375,-71.435546875,-33.30078125,259.9609375,classroom_window_closed,run_1,0,2272,0,False,False,False,0,0,0,0,0,0,454.1981341625944,36.0,37.0,21.0,-0.0017343032353138,-0.0607006132359867,-0.0060700613235992,0.053725,0.1078,0.019075,-0.2041015625,0.6767578125,0.90234375,452.1457130164372,1.4651407151585871,33.013333333333335,1.418888243616974,34.093333333333334,1.7468924150101126,0.0,5.0,20.013034035244704,16.99898270867744,Good,10,6,2025-10-12 10:00:00+00:00,Normal
2025-10-12 10:23:54+00:00,454.1981341625944,21,34,37,25.1,73,1009.91,27.84,-0.0784532,0.0392266,8.825985,-0.23625,-0.02625,-0.16625,-70.361328125,-34.375,257.8125,classroom_window_closed,run_1,0,2272,0,False,False,False,0,0,0,0,0,0,454.1981341625944,34.0,37.0,21.0,0.0849808585303814,0.0260145485297086,-0.049427642206448,-0.1650249999999999,-0.1634499999999999,-0.2609249999999999,0.8701171875,-0.3974609375,-1.24609375,452.1737005775211,1.4639741183098198,33.013333333333335,1.418888243616974,34.1,1.756101539618322,0.0,-10.0,19.91686222627581,16.90360897960424,Good,10,6,2025-10-12 10:00:00+00:00,Normal
2025-10-12 10:23:59+00:00,454.1981341625944,21,36,38,25.0,73,1009.89,28.01,-0.196133,0.0,8.9436648,-0.07,0.21,0.13125,-70.361328125,-34.375,257.8125,classroom_window_closed,run_1,0,2272,0,False,False,False,0,0,0,0,0,0,454.1981341625944,36.0,38.0,21.0,-0.0450918841181615,-0.017343032353139,0.0806451004420963,0.001225,0.0728,0.036575,0.8701171875,-0.3974609375,-1.24609375,452.2016881386051,1.4622674179690265,33.03333333333333,1.439689874633696,34.126666666666665,1.784710104358611,0.0,10.0,19.820689031536304,16.80869759783463,Good,10,6,2025-10-12 10:00:00+00:00,Normal
2025-10-12 10:24:05+00:00,454.1981341625944,21,34,37,25.6,73,1009.99,27.18,-0.196133,0.0392266,8.825985,-0.16625,-0.09625,0.0175,-71.97265625,-34.375,262.646484375,classroom_window_closed,run_1,0,2272,0,False,False,False,0,0,0,0,0,0,454.1981341625944,34.0,37.0,21.0,-0.0450918841181615,0.0260145485297086,-0.049427642206448,-0.095025,-0.23345,-0.0771749999999999,-0.7412109375,-0.3974609375,3.587890625,452.22967569968904,1.460018720062788,33.04,1.441848180113423,34.14666666666667,1.8000248569002553,0.0,-10.0,20.39770741401319,17.385138467754402,Good,10,6,2025-10-12 10:00:00+00:00,Normal
2025-10-12 10:24:10+00:00,454.1981341625944,20,32,35,25.6,73,1010.01,27.01,-0.1176798,0.0,8.9044382,-0.245,0.13125,-0.0875,-71.97265625,-32.2265625,260.498046875,classroom_window_closed,run_1,0,2272,0,False,False,False,0,0,0,0,0,0,454.1981341625944,32.0,35.0,20.0,0.0416232776475337,-0.017343032353139,0.0372875195592475,-0.1737749999999999,-0.0059499999999999,-0.1821749999999999,-0.7412109375,1.7509765625,1.439453125,452.25766326077303,1.4572255154645597,33.03333333333333,1.4443440566273444,34.16,1.7988810839971012,0.0,-10.0,20.39770741401319,17.385138467754402,Good,10,6,2025-10-12 10:00:00+00:00,Normal
2025-10-12 10:24:15+00:00,454.1981341625944,20,31,35,25.6,73,1009.92,27.76,-0.1176798,0.0,8.8652116,-0.105,-0.04375,-0.09625,-71.97265625,-32.2265625,260.498046875,classroom_window_closed,run_1,0,2272,0,False,False,False,0,0,0,0,0,0,454.1981341625944,31.0,35.0,20.0,0.0416232776475337,-0.017343032353139,-0.0060700613235992,-0.0337749999999999,-0.18095,-0.1909249999999999,-0.7412109375,1.7509765625,1.439453125,452.28565082185696,1.45388466585741,33.02,1.4538539387323366,34.17333333333333,1.797637027164254,0.0,-5.0,20.39770741401319,17.385138467754402,Good,10,6,2025-10-12 10:00:00+00:00,Normal
2025-10-12 10:24:21+00:00,454.1981341625944,20,30,35,25.2,73,1009.99,27.18,-0.1176798,0.0392266,8.8652116,0.07,0.28,-0.2275,-73.046875,-33.837890625,257.275390625,classroom_window_closed,run_1,0,2272,0,False,False,False,0,0,0,0,0,0,454.1981341625944,30.0,35.0,20.0,0.0416232776475337,0.0260145485297086,-0.0060700613235992,0.141225,0.1428,-0.322175,-1.8154296875,0.1396484375,-1.783203125,452.31363838294095,1.4499923858478931,33.0,1.4746174569341848,34.18666666666667,1.796292478041044,0.0,-5.0,20.013034035244704,16.99898270867744,Good,10,6,2025-10-12 10:00:00+00:00,Normal
2025-10-12 10:24:26+00:00,454.1981341625944,21,31,36,25.5,73,1009.91,27.84,-0.196133,0.0,8.9044382,-0.28,0.21875,-0.5687500000000001,-71.435546875,-34.375,258.88671875,classroom_window_closed,run_1,0,2272,0,False,False,False,0,0,0,0,0,0,454.1981341625944,31.0,36.0,21.0,-0.0450918841181615,-0.017343032353139,0.0372875195592475,-0.208775,0.08155,-0.663425,-0.2041015625,-0.3974609375,-0.171875,452.3416259440249,1.4455442210896234,32.98,1.481292742140864,34.2,1.802310225141935,0.0,5.0,20.30154114782723,17.287896650184116,Good,10,6,2025-10-12 10:00:00+00:00,Normal
2025-10-12 10:24:31+00:00,454.1981341625944,20,31,36,25.7,73,1009.93,27.68,-0.1569064,0.0,8.8652116,0.32375,0.0,0.21875,-71.435546875,-34.375,258.88671875,classroom_window_closed,run_1,0,2272,0,False,False,False,0,0,0,0,0,0,454.1981341625944,31.0,36.0,20.0,-0.0017343032353138,-0.017343032353139,-0.0060700613235992,0.3949749999999999,-0.1372,0.124075,-0.2041015625,-0.3974609375,-0.171875,452.3696135051089,1.4405350221155813,32.973333333333336,1.4879681505334628,34.22,1.8055470085268244,0.0,0.0,20.493872294578285,17.482852011125654,Good,10,6,2025-10-12 10:00:00+00:00,Normal
2025-10-12 10:24:37+00:00,454.1981341625944,20,32,35,25.9,73,1009.98,27.26,-0.1176798,0.0,8.9044382,-0.06125,-0.21875,0.2275,-69.82421875,-31.689453125,260.498046875,classroom_window_closed,run_1,0,2272,0,False,False,False,0,0,0,0,0,0,454.1981341625944,32.0,35.0,20.0,0.0416232776475337,-0.017343032353139,0.0372875195592475,0.009975,-0.35595,0.132825,1.4072265625,2.2880859375,1.439453125,452.3976010661928,1.4349589135109972,32.96666666666667,1.490086555148454,34.233333333333334,1.8038611334619088,0.0,5.0,20.686197898965684,17.679701853288954,Good,10,6,2025-10-12 10:00:00+00:00,Normal
2025-10-12 10:24:42+00:00,454.1981341625944,21,34,36,25.5,73,1009.91,27.84,-0.196133,0.0392266,8.8652116,-0.0875,-0.13125,-0.07875,-71.435546875,-32.763671875,262.109375,classroom_window_closed,run_1,0,2272,0,False,False,False,0,0,0,0,0,0,454.1981341625944,34.0,36.0,21.0,-0.0450918841181615,0.0260145485297086,-0.0060700613235992,-0.0162749999999999,-0.2684499999999999,-0.173425,-0.2041015625,1.2138671875,3.05078125,452.4255886272768,1.4288092579819658,32.98,1.4903267512539298,34.26,1.80018641838554,0.0,10.0,20.30154114782723,17.287896650184116,Good,10,6,2025-10-12 10:00:00+00:00,Normal
2025-10-12 10:24:47+00:00,454.1981341625944,21,32,35,25.7,73,1009.91,27.84,-0.196133,0.0,8.8652116,0.11375,0.07875,0.09625,-71.435546875,-32.763671875,262.109375,classroom_window_closed,run_1,0,2272,0,False,False,False,0,0,0,0,0,0,454.1981341625944,32.0,35.0,21.0,-0.0450918841181615,-0.017343032353139,-0.0060700613235992,0.184975,-0.0584499999999999,0.001575,-0.2041015625,1.2138671875,3.05078125,452.4535761883607,1.4220786147862854,32.986666666666665,1.4836317976377114,34.28,1.7915536356833863,0.0,-10.0,20.493872294578285,17.482852011125654,Good,10,6,2025-10-12 10:00:00+00:00,Normal
2025-10-12 10:24:53+00:00,455.3976010661928,22,34,36,25.8,73,1009.9,27.93,-0.1569064,0.0392266,8.9044382,0.16625,0.1225,0.0,-70.8984375,-32.763671875,254.58984375,classroom_window_closed,run_1,0,2278,0,False,False,False,0,0,0,0,0,0,455.3976010661928,34.0,36.0,22.0,-0.0017343032353138,0.0260145485297086,0.0372875195592475,0.237475,-0.0146999999999999,-0.0946749999999999,0.3330078125,1.2138671875,-4.46875,452.48956019546864,1.427855315415571,33.0,1.4836921115510908,34.3,1.793912150962049,5.997334517992101,10.0,20.590035789552463,17.581039173349833,Good,10,6,2025-10-12 10:00:00+00:00,Normal
2025-10-12 10:24:58+00:00,455.3976010661928,21,32,33,0.0,0,1009.96,27.43,-0.1569064,-0.0392266,8.9436648,0.28875,0.21,0.07,-71.435546875,-33.837890625,257.8125,classroom_window_closed,run_1,0,2278,0,False,False,False,0,0,0,0,0,0,455.3976010661928,32.0,33.0,21.0,-0.0017343032353138,-0.0607006132359867,0.0806451004420963,0.359975,0.0728,-0.0246749999999999,-0.2041015625,0.1396484375,-1.24609375,452.52554420257667,1.432699179462689,32.99333333333333,1.4859370607618616,34.3,1.793912150962049,0.0,-10.0,-96.07763018544566,0.0,Good,10,6,2025-10-12 10:00:00+00:00,Normal
2025-10-12 10:25:03+00:00,455.3976010661928,21,32,33,25.1,73,1009.99,27.18,-0.1176798,0.0,8.9436648,-0.5337500000000001,0.0175,0.2975,-71.435546875,-33.837890625,257.8125,classroom_window_closed,run_1,0,2278,0,False,False,False,0,0,0,0,0,0,455.3976010661928,32.0,33.0,21.0,0.0416232776475337,-0.017343032353139,0.0806451004420963,-0.4625250000000001,-0.1196999999999999,0.202825,-0.2041015625,0.1396484375,-1.24609375,452.5615282096846,1.4366196427204263,32.96666666666667,1.4673935558923703,34.28,1.7915536356833863,0.0,0.0,19.91686222627581,16.90360897960424,Good,10,6,2025-10-12 10:00:00+00:00,Normal
2025-10-12 10:25:09+00:00,455.3976010661928,21,32,33,25.2,73,1009.95,27.51,-0.1569064,0.0784532,8.8652116,0.02625,0.1575,-0.1575,-72.509765625,-32.763671875,249.755859375,classroom_window_closed,run_1,0,2278,0,False,False,False,0,0,0,0,0,0,455.3976010661928,32.0,33.0,21.0,-0.0017343032353138,0.0693721294125562,-0.0060700613235992,0.097475,0.0203,-0.252175,-1.2783203125,1.2138671875,-9.302734375,452.59751221679255,1.4396242491746956,32.96,1.4695111728898342,34.28,1.7915536356833863,0.0,0.0,20.013034035244704,16.99898270867744,Good,10,6,2025-10-12 10:00:00+00:00,Normal
2025-10-12 10:25:14+00:00,455.3976010661928,22,34,36,25.5,73,1009.96,27.43,-0.1176798,0.0,8.9828914,-0.06125,0.04375,0.21,-71.97265625,-33.837890625,262.646484375,classroom_window_closed,run_1,0,2278,0,False,False,False,0,0,0,0,0,0,455.3976010661928,34.0,36.0,22.0,0.0416232776475337,-0.017343032353139,0.1240026813249431,0.009975,-0.0934499999999999,0.115325,-0.7412109375,0.1396484375,3.587890625,452.63349622390047,1.4417187248967764,32.96666666666667,1.4719601443878847,34.3,1.793912150962049,0.0,10.0,20.30154114782723,17.287896650184116,Good,10,6,2025-10-12 10:00:00+00:00,Normal
2025-10-12 10:25:19+00:00,455.3976010661928,22,34,36,25.6,73,1009.89,28.01,-0.1176798,0.0784532,8.9044382,-0.34125,-0.07,0.2275,-71.97265625,-32.763671875,254.052734375,classroom_window_closed,run_1,0,2278,0,False,False,False,0,0,0,0,0,0,455.3976010661928,34.0,36.0,22.0,0.0416232776475337,0.0693721294125562,0.0372875195592475,-0.2700249999999999,-0.2072,0.132825,-0.7412109375,1.2138671875,-5.005859375,452.6694802310084,1.4429070332383531,32.98,1.472203297895813,34.32,1.796043377004212,0.0,0.0,20.39770741401319,17.385138467754402,Good,10,6,2025-10-12 10:00:00+00:00,Normal
2025-10-12 10:25:25+00:00,455.3976010661928,22,34,36,25.7,73,1009.97,27.34,-0.1176798,0.0392266,8.8652116,0.11375,0.315,0.02625,-71.435546875,-32.763671875,254.052734375,classroom_window_closed,run_1,0,2278,0,False,False,False,0,0,0,0,0,0,455.3976010661928,34.0,36.0,22.0,0.0416232776475337,0.0260145485297086,-0.0060700613235992,0.184975,0.1778,-0.0684249999999999,-0.2041015625,1.2138671875,-5.005859375,452.7054642381164,1.4431914125866894,32.99333333333333,1.4723248595910354,34.34,1.797948122072654,0.0,0.0,20.493872294578285,17.482852011125654,Good,10,6,2025-10-12 10:00:00+00:00,Normal
2025-10-12 10:25:30+00:00,455.3976010661928,21,35,35,25.9,73,1009.89,28.01,-0.1569064,-0.0392266,8.825985,0.42875,0.21,-0.0525,-70.8984375,-33.837890625,259.423828125,classroom_window_closed,run_1,0,2278,0,False,False,False,0,0,0,0,0,0,455.3976010661928,35.0,35.0,21.0,-0.0017343032353138,-0.0607006132359867,-0.049427642206448,0.499975,0.0728,-0.1471749999999999,0.3330078125,0.1396484375,0.365234375,452.7414482452243,1.4425723975259483,33.00666666666667,1.4814135579755092,34.346666666666664,1.7985328348245375,0.0,5.0,20.686197898965684,17.679701853288954,Good,10,6,2025-10-12 10:00:00+00:00,Normal
2025-10-12 10:25:35+00:00,455.3976010661928,22,37,37,25.2,73,1009.91,27.84,-0.196133,0.0392266,8.7475318,-0.105,0.105,-0.28,-70.8984375,-30.615234375,270.703125,classroom_window_closed,run_1,0,2278,0,False,False,False,0,0,0,0,0,0,455.3976010661928,37.0,37.0,22.0,-0.0450918841181615,0.0260145485297086,-0.1361428039721416,-0.0337749999999999,-0.0321999999999999,-0.374675,0.3330078125,3.3623046875,11.64453125,452.7774322523323,1.4410488238738144,33.04,1.5144937355986432,34.373333333333335,1.8080605006606856,0.0,10.0,20.013034035244704,16.99898270867744,Good,10,6,2025-10-12 10:00:00+00:00,Normal
2025-10-12 10:25:41+00:00,455.3976010661928,22,37,37,25.5,73,1009.87,28.18,-0.196133,0.0,8.825985,0.0525,-0.13125,0.2275,-70.8984375,-30.615234375,270.703125,classroom_window_closed,run_1,0,2278,0,False,False,False,0,0,0,0,0,0,455.3976010661928,37.0,37.0,22.0,-0.0450918841181615,-0.017343032353139,-0.049427642206448,0.123725,-0.2684499999999999,0.132825,0.3330078125,3.3623046875,11.64453125,452.8134162594402,1.4386178177045452,33.06666666666667,1.548615604605447,34.39333333333333,1.820453025211688,0.0,0.0,20.30154114782723,17.287896650184116,Good,10,6,2025-10-12 10:00:00+00:00,Normal
2025-10-12 10:25:46+00:00,455.3976010661928,22,36,37,0.0,0,1009.9,27.93,-0.2353596,0.0,8.8652116,0.04375,0.13125,0.16625,-71.97265625,-32.763671875,261.572265625,classroom_window_closed,run_1,0,2278,0,False,False,False,0,0,0,0,0,0,455.3976010661928,36.0,37.0,22.0,-0.0884494650010092,-0.017343032353139,-0.0060700613235992,0.114975,-0.0059499999999999,0.071575,-0.7412109375,1.2138671875,2.513671875,452.84940026654823,1.435274768115991,33.086666666666666,1.567011718867829,34.413333333333334,1.832542029757541,0.0,-5.0,-96.07763018544566,0.0,Good,10,6,2025-10-12 10:00:00+00:00,Normal
2025-10-12 10:25:52+00:00,455.3976010661928,21,35,36,25.2,73,1009.96,27.43,-0.2745862,0.0,8.825985,-0.00875,0.23625,0.1575,-70.8984375,-34.375,262.646484375,classroom_window_closed,run_1,0,2278,0,False,False,False,0,0,0,0,0,0,455.3976010661928,35.0,36.0,21.0,-0.1318070458838569,-0.017343032353139,-0.049427642206448,0.062475,0.09905,0.062825,0.3330078125,-0.3974609375,3.587890625,452.88538427365614,1.4310132831348477,33.10666666666667,1.5721855290668996,34.43333333333333,1.8333841766389376,0.0,-5.0,20.013034035244704,16.99898270867744,Good,10,6,2025-10-12 10:00:00+00:00,Normal
2025-10-12 10:25:57+00:00,455.3976010661928,21,36,37,25.5,73,1009.92,27.76,-0.196133,0.0392266,8.9044382,0.09625,0.1225,0.3675,-70.8984375,-34.375,262.646484375,classroom_window_closed,run_1,0,2278,0,False,False,False,0,0,0,0,0,0,455.3976010661928,36.0,37.0,21.0,-0.0450918841181615,0.0260145485297086,0.0372875195592475,0.167475,-0.0146999999999999,0.272825,0.3330078125,-0.3974609375,3.587890625,452.92136828076417,1.425825127766683,33.126666666666665,1.5898025147149402,34.45333333333333,1.844951997944798,0.0,5.0,20.30154114782723,17.287896650184116,Good,10,6,2025-10-12 10:00:00+00:00,Normal
2025-10-12 10:26:02+00:00,455.3976010661928,21,36,37,25.7,73,1009.96,27.43,-0.196133,0.0392266,8.9044382,-0.0175,0.09625,0.11375,-71.435546875,-33.837890625,264.2578125,classroom_window_closed,run_1,0,2278,0,False,False,False,0,0,0,0,0,0,455.3976010661928,36.0,37.0,21.0,-0.0450918841181615,0.0260145485297086,0.0372875195592475,0.053725,-0.0409499999999999,0.019075,-0.2041015625,0.1396484375,5.19921875,452.957352287872,1.4197001427688591,33.14,1.6054855628803444,34.46,1.8523701486974409,0.0,0.0,20.493872294578285,17.482852011125654,Good,10,6,2025-10-12 10:00:00+00:00,Normal
2025-10-12 10:26:08+00:00,455.3976010661928,22,36,38,25.9,73,1009.93,27.68,-0.0784532,0.0,8.8652116,-0.245,0.34125,0.3325,-71.97265625,-33.837890625,262.646484375,classroom_window_closed,run_1,0,2278,0,False,False,False,0,0,0,0,0,0,455.3976010661928,36.0,38.0,22.0,0.0849808585303814,-0.017343032353139,-0.0060700613235992,-0.1737749999999999,0.20405,0.237825,-0.7412109375,0.1396484375,3.587890625,452.99333629497994,1.412626142236331,33.153333333333336,1.620906477131248,34.473333333333336,1.8706373556441231,0.0,0.0,20.686197898965684,17.679701853288954,Good,10,6,2025-10-12 10:00:00+00:00,Normal
2025-10-12 10:26:13+00:00,455.3976010661928,21,35,37,25.1,73,1009.92,27.76,-0.1569064,0.0,8.8652116,0.0175,0.34125,0.25375,-71.97265625,-33.837890625,262.646484375,classroom_window_closed,run_1,0,2278,0,False,False,False,0,0,0,0,0,0,455.3976010661928,35.0,37.0,21.0,-0.0017343032353138,-0.017343032353139,-0.0060700613235992,0.088725,0.20405,0.159075,-0.7412109375,0.1396484375,3.587890625,453.029320302088,1.4045887875195426,33.166666666666664,1.6278477026971858,34.486666666666665,1.8815125525647587,0.0,-5.0,19.91686222627581,16.90360897960424,Good,10,6,2025-10-12 10:00:00+00:00,Normal
2025-10-12 10:26:18+00:00,455.3976010661928,21,36,37,25.2,73,1009.99,27.18,-0.1569064,0.0,8.8652116,-0.315,0.14,0.2275,-70.8984375,-33.30078125,259.9609375,classroom_window_closed,run_1,0,2278,0,False,False,False,0,0,0,0,0,0,455.3976010661928,36.0,37.0,21.0,-0.0017343032353138,-0.017343032353139,-0.0060700613235992,-0.243775,0.0028,0.132825,0.3330078125,0.6767578125,0.90234375,453.0653043091959,1.3955714343115089,33.18,1.6428408853253011,34.50666666666667,1.892218848342472,0.0,5.0,20.013034035244704,16.99898270867744,Good,10,6,2025-10-12 10:00:00+00:00,Normal
2025-10-12 10:26:24+00:00,455.3976010661928,20,33,35,25.5,73,1009.95,27.51,-0.0784532,0.0392266,8.8652116,-0.035,0.315,-0.21875,-72.509765625,-31.689453125,261.572265625,classroom_window_closed,run_1,0,2278,0,False,False,False,0,0,0,0,0,0,455.3976010661928,33.0,35.0,20.0,0.0849808585303814,0.0260145485297086,-0.0060700613235992,0.036225,0.1778,-0.3134249999999999,-1.2783203125,2.2880859375,2.513671875,453.1012883163039,1.3855549489108994,33.18,1.6428408853253011,34.52,1.8885739089048412,0.0,-15.0,20.30154114782723,17.287896650184116,Good,10,6,2025-10-12 10:00:00+00:00,Normal
2025-10-12 10:26:29+00:00,455.3976010661928,21,34,34,25.7,73,1009.92,27.76,-0.1176798,0.0,8.8652116,0.035,0.105,0.11375,-72.509765625,-31.689453125,261.572265625,classroom_window_closed,run_1,0,2278,0,False,False,False,0,0,0,0,0,0,455.3976010661928,34.0,34.0,21.0,0.0416232776475337,-0.017343032353139,-0.0060700613235992,0.106225,-0.0321999999999999,0.019075,-1.2783203125,2.2880859375,2.513671875,453.13727232341176,1.3745174886414604,33.18666666666667,1.6441340376564608,34.513333333333335,1.8886331361708777,0.0,5.0,20.493872294578285,17.482852011125654,Good,10,6,2025-10-12 10:00:00+00:00,Normal
2025-10-12 10:26:34+00:00,455.3976010661928,21,34,34,25.8,73,1009.92,27.76,-0.2745862,0.0392266,8.825985,-0.28875,0.0175,-0.04375,-71.97265625,-33.837890625,293.798828125,classroom_window_closed,run_1,0,2278,0,False,False,False,0,0,0,0,0,0,455.3976010661928,34.0,34.0,21.0,-0.1318070458838569,0.0260145485297086,-0.049427642206448,-0.217525,-0.1196999999999999,-0.1384249999999999,-0.7412109375,0.1396484375,34.740234375,453.1732563305198,1.3624342401215217,33.18666666666667,1.6441340376564608,34.5,1.885123676358643,0.0,0.0,20.590035789552463,17.581039173349833,Good,10,6,2025-10-12 10:00:00+00:00,Normal
2025-10-12 10:26:40+00:00,455.3976010661928,20,33,36,25.7,73,1009.9,27.93,-0.196133,0.0392266,8.9044382,-0.27125,0.07,-0.21875,-71.97265625,-33.837890625,256.73828125,classroom_window_closed,run_1,0,2278,0,False,False,False,0,0,0,0,0,0,455.3976010661928,33.0,36.0,20.0,-0.0450918841181615,0.0260145485297086,0.0372875195592475,-0.2000249999999999,-0.0671999999999999,-0.3134249999999999,-0.7412109375,0.1396484375,-2.3203125,453.1999111505996,1.3666014407682268,33.18,1.6428408853253011,34.5,1.885123676358643,0.0,-5.0,20.493872294578285,17.482852011125654,Good,10,6,2025-10-12 10:00:00+00:00,Normal
2025-10-12 10:26:45+00:00,455.3976010661928,21,34,37,25.9,73,1009.91,27.84,-0.196133,0.0392266,8.9044382,0.2275,0.32375,0.06125,-70.8984375,-33.30078125,266.943359375,classroom_window_closed,run_1,0,2278,0,False,False,False,0,0,0,0,0,0,455.3976010661928,34.0,37.0,21.0,-0.0450918841181615,0.0260145485297086,0.0372875195592475,0.298725,0.18655,-0.0334249999999999,0.3330078125,0.6767578125,7.884765625,453.2265659706797,1.3702340827976784,33.18666666666667,1.6441340376564608,34.50666666666667,1.892218848342472,0.0,5.0,20.686197898965684,17.679701853288954,Good,10,6,2025-10-12 10:00:00+00:00,Normal
2025-10-12 10:26:50+00:00,455.3976010661928,21,34,37,25.1,73,1009.92,27.76,-0.196133,0.1176798,8.825985,0.06125,-0.00875,0.07875,-70.8984375,-33.30078125,266.943359375,classroom_window_closed,run_1,0,2278,0,False,False,False,0,0,0,0,0,0,455.3976010661928,34.0,37.0,21.0,-0.0450918841181615,0.1127297102954039,-0.049427642206448,0.132475,-0.14595,-0.0159249999999999,0.3330078125,0.6767578125,7.884765625,453.25322079075966,1.373336408134335,33.193333333333335,1.645398981282668,34.526666666666664,1.9026532751551848,0.0,0.0,19.91686222627581,16.90360897960424,Good,10,6,2025-10-12 10:00:00+00:00,Normal
2025-10-12 10:26:56+00:00,455.3976010661928,20,33,36,25.2,73,1009.91,27.84,-0.1569064,0.0,8.7867584,-0.0525,0.35875,0.035,-72.509765625,-35.44921875,259.9609375,classroom_window_closed,run_1,0,2278,0,False,False,False,0,0,0,0,0,0,455.3976010661928,33.0,36.0,20.0,-0.0017343032353138,-0.017343032353139,-0.0927852230892948,0.018725,0.22155,-0.0596749999999999,-1.2783203125,-1.4716796875,0.90234375,453.2798756108395,1.375912003963392,33.2,1.6425548932017422,34.54666666666667,1.9022652221474363,0.0,-5.0,20.013034035244704,16.99898270867744,Good,10,6,2025-10-12 10:00:00+00:00,Normal
2025-10-12 10:27:01+00:00,455.3976010661928,20,33,36,25.0,73,1009.87,28.18,-0.1569064,-0.0392266,8.9044382,0.105,0.14,0.21,-73.046875,-32.2265625,243.310546875,classroom_window_closed,run_1,0,2278,0,False,False,False,0,0,0,0,0,0,455.3976010661928,33.0,36.0,20.0,-0.0017343032353138,-0.0607006132359867,0.0372875195592475,0.176225,0.0028,0.115325,-1.8154296875,1.7509765625,-15.748046875,453.3065304309196,1.3779638238684335,33.21333333333333,1.632664338179496,34.57333333333333,1.8943457607569092,0.0,0.0,19.820689031536304,16.80869759783463,Good,10,6,2025-10-12 10:00:00+00:00,Normal
2025-10-12 10:27:06+00:00,455.3976010661928,20,33,35,25.9,73,1009.96,27.43,-0.196133,0.0392266,8.9044382,0.28,0.28,0.25375,-73.046875,-32.2265625,243.310546875,classroom_window_closed,run_1,0,2278,0,False,False,False,0,0,0,0,0,0,455.3976010661928,33.0,35.0,20.0,-0.0450918841181615,0.0260145485297086,0.0372875195592475,0.351225,0.1428,0.159075,-1.8154296875,1.7509765625,-15.748046875,453.3331852509995,1.3794942049990615,33.233333333333334,1.6112718169225,34.593333333333334,1.882796245010024,0.0,0.0,20.686197898965684,17.679701853288954,Good,10,6,2025-10-12 10:00:00+00:00,Normal
2025-10-12 10:27:12+00:00,455.3976010661928,22,34,36,25.6,73,1009.91,27.84,-0.1569064,0.0,8.825985,-0.35,0.06125,0.13125,-71.97265625,-33.30078125,257.8125,classroom_window_closed,run_1,0,2278,0,False,False,False,0,0,0,0,0,0,455.3976010661928,34.0,36.0,22.0,-0.0017343032353138,-0.017343032353139,-0.049427642206448,-0.278775,-0.0759499999999999,0.036575,-0.7412109375,0.6767578125,-1.24609375,453.3598400710795,1.380504881504658,33.26,1.590365286645252,34.626666666666665,1.8629076885150648,0.0,5.0,20.39770741401319,17.385138467754402,Good,10,6,2025-10-12 10:00:00+00:00,Normal
2025-10-12 10:27:17+00:00,455.3976010661928,21,33,35,25.7,73,1009.96,27.43,-0.1176798,0.0392266,8.825985,0.0,0.04375,-0.14,-73.046875,-33.837890625,258.88671875,classroom_window_closed,run_1,0,2278,0,False,False,False,0,0,0,0,0,0,455.3976010661928,33.0,35.0,21.0,0.0416232776475337,0.0260145485297086,-0.049427642206448,0.071225,-0.0934499999999999,-0.234675,-1.8154296875,0.1396484375,-0.171875,453.38649489115943,1.3809969944162457,33.27333333333333,1.5796383354088703,34.64666666666667,1.85058186629179,0.0,-5.0,20.493872294578285,17.482852011125654,Good,10,6,2025-10-12 10:00:00+00:00,Normal
2025-10-12 10:27:22+00:00,455.3976010661928,20,33,35,25.4,73,1009.85,28.35,-0.196133,0.0392266,8.8652116,-0.3325,0.23625,0.42,-73.046875,-33.837890625,258.88671875,classroom_window_closed,run_1,0,2278,0,False,False,False,0,0,0,0,0,0,455.3976010661928,33.0,35.0,20.0,-0.0450918841181615,0.0260145485297086,-0.0060700613235992,-0.261275,0.09905,0.325325,-1.8154296875,0.1396484375,-0.171875,453.4131497112395,1.3809710981086945,33.28,1.5763350579000952,34.66,1.8458369629953395,0.0,0.0,20.205373495990465,17.191124671161827,Good,10,6,2025-10-12 10:00:00+00:00,Normal
2025-10-12 10:27:28+00:00,455.3976010661928,21,33,34,25.5,73,1009.82,28.6,-0.1569064,0.0,8.9044382,-0.07,-0.06125,0.18375,-70.8984375,-33.30078125,263.18359375,classroom_window_closed,run_1,0,2278,0,False,False,False,0,0,0,0,0,0,455.3976010661928,33.0,34.0,21.0,-0.0017343032353138,-0.017343032353139,0.0372875195592475,0.001225,-0.19845,0.089075,0.3330078125,0.6767578125,4.125,453.43980453131934,1.3804271634290173,33.28,1.5763350579000952,34.66,1.8458369629953395,0.0,0.0,20.30154114782723,17.287896650184116,Good,10,6,2025-10-12 10:00:00+00:00,Normal
2025-10-12 10:27:33+00:00,455.3976010661928,20,33,35,25.0,73,1009.93,27.68,-0.196133,-0.0392266,8.9044382,0.105,-0.0525,0.14,-72.509765625,-33.30078125,263.720703125,classroom_window_closed,run_1,0,2278,0,False,False,False,0,0,0,0,0,0,455.3976010661928,33.0,35.0,20.0,-0.0450918841181615,-0.0607006132359867,0.0372875195592475,0.176225,-0.1896999999999999,0.045325,-1.2783203125,0.6767578125,4.662109375,453.4664593513994,1.3793645775320431,33.28,1.5763350579000952,34.66,1.8458369629953395,0.0,0.0,19.820689031536304,16.80869759783463,Good,10,6,2025-10-12 10:00:00+00:00,Normal
2025-10-12 10:27:38+00:00,455.3976010661928,21,36,37,25.1,73,1009.93,27.68,-0.1569064,0.0,8.8652116,-0.42,0.3675,0.30625,-72.509765625,-33.30078125,263.720703125,classroom_window_closed,run_1,0,2278,0,False,False,False,0,0,0,0,0,0,455.3976010661928,36.0,37.0,21.0,-0.0017343032353138,-0.017343032353139,-0.0060700613235992,-0.3487749999999999,0.2303,0.211575,-1.2783203125,0.6767578125,4.662109375,453.49311417147936,1.377782140421314,33.3,1.591715127458323,34.67333333333333,1.8555075525055265,0.0,15.0,19.91686222627581,16.90360897960424,Good,10,6,2025-10-12 10:00:00+00:00,Normal
2025-10-12 10:27:44+00:00,455.3976010661928,21,36,37,25.2,73,1009.94,27.59,-0.196133,0.0,8.9436648,-0.00875,0.14875,0.28875,-73.046875,-33.30078125,259.9609375,classroom_window_closed,run_1,0,2278,0,False,False,False,0,0,0,0,0,0,455.3976010661928,36.0,37.0,21.0,-0.0450918841181615,-0.017343032353139,0.0806451004420963,0.062475,0.01155,0.194075,-1.8154296875,0.6767578125,0.90234375,453.5197689915592,1.375678058149522,33.32,1.606697392188995,34.693333333333335,1.8643481926521444,0.0,0.0,20.013034035244704,16.99898270867744,Good,10,6,2025-10-12 10:00:00+00:00,Normal
2025-10-12 10:27:49+00:00,455.3976010661928,21,36,36,25.9,73,1009.9,27.93,-0.1569064,0.0,8.8652116,0.0525,0.06125,0.5075000000000001,-73.046875,-33.30078125,259.423828125,classroom_window_closed,run_1,0,2278,0,False,False,False,0,0,0,0,0,0,455.3976010661928,36.0,36.0,21.0,-0.0017343032353138,-0.017343032353139,-0.0060700613235992,0.123725,-0.0759499999999999,0.4128250000000001,-1.8154296875,0.6767578125,0.365234375,453.5464238116393,1.3730499325882004,33.346666666666664,1.6177981003549589,34.71333333333333,1.8621509777626055,0.0,0.0,20.686197898965684,17.679701853288954,Good,10,6,2025-10-12 10:00:00+00:00,Normal
2025-10-12 10:27:54+00:00,455.3976010661928,21,33,34,25.1,73,1009.9,27.93,-0.1176798,0.0,8.825985,-0.18375,0.0,-0.16625,-73.046875,-33.30078125,259.423828125,classroom_window_closed,run_1,0,2278,0,False,False,False,0,0,0,0,0,0,455.3976010661928,33.0,34.0,21.0,0.0416232776475337,-0.017343032353139,-0.049427642206448,-0.1125249999999999,-0.1372,-0.2609249999999999,-1.8154296875,0.6767578125,0.365234375,453.5730786317192,1.3698947476296128,33.35333333333333,1.6142680376997371,34.72,1.8577607940166465,0.0,-15.0,19.91686222627581,16.90360897960424,Good,10,6,2025-10-12 10:00:00+00:00,Normal
2025-10-12 10:28:00+00:00,455.3976010661928,20,31,33,25.1,73,1009.94,27.59,-0.1569064,0.0,8.9044382,-0.23625,0.49,0.3675,-70.8984375,-34.375,262.109375,classroom_window_closed,run_1,0,2278,0,False,False,False,0,0,0,0,0,0,455.3976010661928,31.0,33.0,20.0,-0.0017343032353138,-0.017343032353139,0.0372875195592475,-0.1650249999999999,0.3528,0.272825,0.3330078125,-0.3974609375,3.05078125,453.5997334517992,1.3662088516336937,33.333333333333336,1.62475260550109,34.7,1.8600353608531983,0.0,-10.0,19.91686222627581,16.90360897960424,Good,10,6,2025-10-12 10:00:00+00:00,Normal
2025-10-12 10:28:05+00:00,455.3976010661928,21,32,34,0.0,0,1009.82,28.6,-0.1569064,0.0,8.825985,0.11375,0.1575,0.14875,-70.8984375,-32.763671875,258.349609375,classroom_window_closed,run_1,0,2278,0,False,False,False,0,0,0,0,0,0,455.3976010661928,32.0,34.0,21.0,-0.0017343032353138,-0.017343032353139,-0.049427642206448,0.184975,0.0203,0.054075,0.3330078125,1.2138671875,-0.708984375,453.62638827187914,1.3619879358781526,33.306666666666665,1.613477908732711,34.68666666666667,1.857821003603925,0.0,5.0,-96.07763018544566,0.0,Good,10,6,2025-10-12 10:00:00+00:00,Normal
2025-10-12 10:28:10+00:00,455.3976010661928,21,32,34,25.1,72,1009.94,27.59,-0.196133,0.0,8.8652116,-0.21875,0.34125,-0.0175,-70.8984375,-32.763671875,258.349609375,classroom_window_closed,run_1,0,2278,0,False,False,False,0,0,0,0,0,0,455.3976010661928,32.0,34.0,21.0,-0.0450918841181615,-0.017343032353139,-0.0060700613235992,-0.147525,0.20405,-0.1121749999999999,0.3330078125,1.2138671875,-0.708984375,453.65304309195915,1.357227008709053,33.29333333333334,1.6159717365237696,34.68666666666667,1.857821003603925,0.0,0.0,19.69427109988908,16.6720526922124,Good,10,6,2025-10-12 10:00:00+00:00,Normal
2025-10-12 10:28:16+00:00,455.3976010661928,21,32,34,25.0,73,1009.94,27.59,-0.1176798,0.1176798,8.825985,-0.0525,0.07875,0.13125,-70.8984375,-33.837890625,260.498046875,classroom_window_closed,run_1,0,2278,0,False,False,False,0,0,0,0,0,0,455.3976010661928,32.0,34.0,21.0,0.0416232776475337,0.1127297102954039,-0.049427642206448,0.018725,-0.0584499999999999,0.036575,0.3330078125,0.1396484375,1.439453125,453.67969791203905,1.3519203650205638,33.28666666666667,1.619249418739832,34.68666666666667,1.857821003603925,0.0,0.0,19.820689031536304,16.80869759783463,Good,10,6,2025-10-12 10:00:00+00:00,Normal
2025-10-12 10:28:21+00:00,455.3976010661928,21,32,34,25.1,73,1009.9,27.93,-0.1569064,-0.0392266,8.825985,0.07875,0.1575,-0.04375,-72.509765625,-34.912109375,257.8125,classroom_window_closed,run_1,0,2278,0,False,False,False,0,0,0,0,0,0,455.3976010661928,32.0,34.0,21.0,-0.0017343032353138,-0.0607006132359867,-0.049427642206448,0.149975,0.0203,-0.1384249999999999,-1.2783203125,-0.9345703125,-1.24609375,453.70635273211906,1.34606155061411,33.26,1.607156812552534,34.666666666666664,1.8488765559159943,0.0,0.0,19.91686222627581,16.90360897960424,Good,10,6,2025-10-12 10:00:00+00:00,Normal
2025-10-12 10:28:26+00:00,455.3976010661928,20,31,33,25.8,72,1009.93,27.68,-0.2353596,0.0392266,8.825985,-0.1575,0.02625,0.23625,-72.509765625,-34.912109375,257.8125,classroom_window_closed,run_1,0,2278,0,False,False,False,0,0,0,0,0,0,455.3976010661928,31.0,33.0,20.0,-0.0884494650010092,0.0260145485297086,-0.049427642206448,-0.0862749999999999,-0.11095,0.141575,-1.2783203125,-0.9345703125,-1.24609375,453.733007552199,1.3396433208963905,33.22666666666667,1.6017887093343544,34.64,1.843836094565971,0.0,-5.0,20.366304363089224,17.340203020290247,Good,10,6,2025-10-12 10:00:00+00:00,Normal
2025-10-12 10:28:32+00:00,455.3976010661928,20,31,33,25.5,73,1009.91,27.84,-0.1569064,0.0392266,8.9044382,-0.3675,0.105,0.0525,-73.046875,-34.375,255.6640625,classroom_window_closed,run_1,0,2278,0,False,False,False,0,0,0,0,0,0,455.3976010661928,31.0,33.0,20.0,-0.0017343032353138,0.0260145485297086,0.0372875195592475,-0.2962749999999999,-0.0321999999999999,-0.0421749999999999,-1.8154296875,-0.3974609375,-3.39453125,453.7596623722789,1.3326575932696565,33.2,1.605360149017495,34.626666666666665,1.848440905401295,0.0,0.0,20.30154114782723,17.287896650184116,Good,10,6,2025-10-12 10:00:00+00:00,Normal
2025-10-12 10:28:37+00:00,455.3976010661928,21,33,33,25.6,72,1009.94,27.59,-0.196133,0.0,8.8652116,-0.42,0.0,0.02625,-70.8984375,-34.375,263.720703125,classroom_window_closed,run_1,0,2278,0,False,False,False,0,0,0,0,0,0,455.3976010661928,33.0,33.0,21.0,-0.0450918841181615,-0.017343032353139,-0.0060700613235992,-0.3487749999999999,-0.1372,-0.0684249999999999,0.3330078125,-0.3974609375,4.662109375,453.7863171923589,1.3250953924425792,33.2,1.605360149017495,34.61333333333334,1.852937688121965,0.0,10.0,20.174302072856335,17.14698588600434,Good,10,6,2025-10-12 10:00:00+00:00,Normal
2025-10-12 10:28:42+00:00,456.7969791203909,21,33,33,25.3,73,1009.95,27.51,-0.196133,0.0,8.825985,-0.25375,0.25375,0.56,-70.8984375,-34.375,263.720703125,classroom_window_closed,run_1,0,2285,0,False,False,False,0,0,0,0,0,0,456.7969791203909,33.0,33.0,21.0,-0.0450918841181615,-0.017343032353139,-0.049427642206448,-0.1825249999999999,0.1165499999999999,0.4653250000000001,0.3330078125,-0.3974609375,4.662109375,453.82230119946695,1.3331049983123944,33.193333333333335,1.6040915247225085,34.60666666666667,1.8569537971963204,6.996890270990548,0.0,20.10920445847294,17.094820649222385,Good,10,6,2025-10-12 10:00:00+00:00,Normal
2025-10-12 10:28:48+00:00,455.3976010661928,20,32,32,25.0,73,1009.9,27.93,-0.1569064,-0.0392266,8.7867584,-0.00875,0.32375,-0.175,-71.435546875,-33.30078125,260.498046875,classroom_window_closed,run_1,0,2278,0,False,False,False,0,0,0,0,0,0,455.3976010661928,32.0,32.0,20.0,-0.0017343032353138,-0.0607006132359867,-0.0927852230892948,0.062475,0.18655,-0.269675,-0.2041015625,0.6767578125,1.439453125,453.8489560195468,1.324276712120665,33.193333333333335,1.6040915247225085,34.60666666666667,1.8569537971963204,-6.996890270990548,-5.0,19.820689031536304,16.80869759783463,Good,10,6,2025-10-12 10:00:00+00:00,Normal
2025-10-12 10:28:53+00:00,455.3976010661928,20,30,32,0.0,0,1009.9,27.93,-0.1569064,-0.0392266,8.825985,0.07,0.07875,-0.00875,-71.97265625,-33.837890625,261.572265625,classroom_window_closed,run_1,0,2278,0,False,False,False,0,0,0,0,0,0,455.3976010661928,30.0,32.0,20.0,-0.0017343032353138,-0.0607006132359867,-0.049427642206448,0.141225,-0.0584499999999999,-0.1034249999999999,-0.7412109375,0.1396484375,2.513671875,453.87561083962686,1.3148453097231876,33.17333333333333,1.6250830300590509,34.6,1.864540175784428,0.0,-10.0,-96.07763018544566,0.0,Good,10,6,2025-10-12 10:00:00+00:00,Normal
2025-10-12 10:28:58+00:00,455.3976010661928,21,32,34,25.1,73,1009.84,28.43,-0.196133,0.0,8.7867584,0.06125,0.13125,-0.14,-71.97265625,-33.837890625,261.572265625,classroom_window_closed,run_1,0,2278,0,False,False,False,0,0,0,0,0,0,455.3976010661928,32.0,34.0,21.0,-0.0450918841181615,-0.017343032353139,-0.0927852230892948,0.132475,-0.0059499999999999,-0.234675,-0.7412109375,0.1396484375,2.513671875,453.9022656597068,1.3047977127636798,33.17333333333333,1.6250830300590509,34.61333333333334,1.8529376881219648,0.0,10.0,19.91686222627581,16.90360897960424,Good,10,6,2025-10-12 10:00:00+00:00,Normal
2025-10-12 10:29:04+00:00,455.3976010661928,21,33,34,25.1,73,1009.92,27.76,-0.1569064,0.0,8.825985,-0.175,0.2275,0.07875,-70.361328125,-34.912109375,256.73828125,classroom_window_closed,run_1,0,2278,0,False,False,False,0,0,0,0,0,0,455.3976010661928,33.0,34.0,21.0,-0.0017343032353138,-0.017343032353139,-0.049427642206448,-0.1037749999999999,0.0903,-0.0159249999999999,0.8701171875,-0.9345703125,-2.3203125,453.92892047978665,1.2941195688428155,33.17333333333333,1.6250830300590509,34.62,1.8488886558538613,0.0,5.0,19.91686222627581,16.90360897960424,Good,10,6,2025-10-12 10:00:00+00:00,Normal
2025-10-12 10:29:09+00:00,455.3976010661928,20,32,33,25.1,73,1009.97,27.34,-0.1176798,0.0392266,8.7475318,0.09625,0.13125,0.32375,-71.435546875,-33.837890625,257.8125,classroom_window_closed,run_1,0,2278,0,False,False,False,0,0,0,0,0,0,455.3976010661928,32.0,33.0,20.0,0.0416232776475337,0.0260145485297086,-0.1361428039721416,0.167475,-0.0059499999999999,0.229075,-0.2041015625,0.1396484375,-1.24609375,453.9555752998667,1.2827951318066415,33.16,1.626459076496102,34.61333333333334,1.8529376881219648,0.0,-5.0,19.91686222627581,16.90360897960424,Good,10,6,2025-10-12 10:00:00+00:00,Normal
2025-10-12 10:29:14+00:00,455.3976010661928,21,33,34,25.7,73,1009.9,27.93,-0.1176798,0.0,8.825985,-0.16625,-0.035,0.0,-71.435546875,-33.837890625,257.8125,classroom_window_closed,run_1,0,2278,0,False,False,False,0,0,0,0,0,0,455.3976010661928,33.0,34.0,21.0,0.0416232776475337,-0.017343032353139,-0.049427642206448,-0.095025,-0.1722,-0.0946749999999999,-0.2041015625,0.1396484375,-1.24609375,453.9822301199467,1.2708071239995624,33.166666666666664,1.6237195953687826,34.62,1.8488886558538613,0.0,5.0,20.493872294578285,17.482852011125654,Good,10,6,2025-10-12 10:00:00+00:00,Normal
2025-10-12 10:29:20+00:00,455.3976010661928,21,34,34,25.8,72,1009.89,28.01,-0.1176798,-0.0392266,8.9044382,-0.25375,0.00875,-0.09625,-70.361328125,-33.30078125,259.9609375,classroom_window_closed,run_1,0,2278,0,False,False,False,0,0,0,0,0,0,455.3976010661928,34.0,34.0,21.0,0.0416232776475337,-0.0607006132359867,0.0372875195592475,-0.1825249999999999,-0.1284499999999999,-0.1909249999999999,0.8701171875,0.6767578125,0.90234375,454.00888494002663,1.258136577294205,33.17333333333333,1.6250830300590509,34.626666666666665,1.8448064836098153,0.0,5.0,20.366304363089224,17.340203020290247,Good,10,6,2025-10-12 10:00:00+00:00,Normal
2025-10-12 10:29:25+00:00,456.7969791203909,21,34,34,25.1,73,1009.91,27.84,-0.196133,-0.0392266,8.9044382,-0.0525,-0.06125,0.3325,-69.82421875,-32.763671875,260.498046875,classroom_window_closed,run_1,0,2285,0,False,False,False,0,0,0,0,0,0,456.7969791203909,34.0,34.0,21.0,-0.0450918841181615,-0.0607006132359867,0.0372875195592475,0.018725,-0.19845,0.237825,1.4072265625,1.2138671875,1.439453125,454.0448689471346,1.26018789234513,33.18666666666667,1.623595589985637,34.63333333333333,1.840690950902381,6.996890270990548,0.0,19.91686222627581,16.90360897960424,Good,10,6,2025-10-12 10:00:00+00:00,Normal
2025-10-12 10:29:30+00:00,455.3976010661928,20,33,35,25.1,73,1009.86,28.26,-0.1176798,0.0392266,8.825985,-0.14,0.35,-0.3675,-73.046875,-33.837890625,276.07421875,classroom_window_closed,run_1,0,2278,0,False,False,False,0,0,0,0,0,0,455.3976010661928,33.0,35.0,20.0,0.0416232776475337,0.0260145485297086,-0.049427642206448,-0.068775,0.2128,-0.462175,-1.8154296875,0.1396484375,17.015625,454.07152376721456,1.2460612987719142,33.2,1.613699738376804,34.64666666666667,1.836017965238962,-6.996890270990548,-5.0,19.91686222627581,16.90360897960424,Good,10,6,2025-10-12 10:00:00+00:00,Normal
2025-10-12 10:29:36+00:00,455.3976010661928,21,34,36,25.9,72,1009.89,28.01,-0.196133,0.0,8.8652116,-0.21875,0.21,0.13125,-73.046875,-33.837890625,276.07421875,classroom_window_closed,run_1,0,2278,0,False,False,False,0,0,0,0,0,0,455.3976010661928,34.0,36.0,21.0,-0.0450918841181615,-0.017343032353139,-0.0060700613235992,-0.147525,0.0728,0.036575,-1.8154296875,0.1396484375,17.015625,454.09817858729446,1.2311919026201217,33.21333333333333,1.6119797601717472,34.64666666666667,1.836017965238962,0.0,5.0,20.462303344274172,17.437514156668563,Good,10,6,2025-10-12 10:00:00+00:00,Normal
2025-10-12 10:29:41+00:00,455.3976010661928,22,36,36,25.0,73,1009.91,27.84,-0.196133,0.0,8.825985,0.07875,0.09625,0.21,-71.435546875,-33.837890625,261.03515625,classroom_window_closed,run_1,0,2278,0,False,False,False,0,0,0,0,0,0,455.3976010661928,36.0,36.0,22.0,-0.0450918841181615,-0.017343032353139,-0.049427642206448,0.149975,-0.0409499999999999,0.115325,-0.2041015625,0.1396484375,1.9765625,454.12483340737447,1.215552444921188,33.24,1.6248076809271277,34.64,1.829218485708174,0.0,10.0,19.820689031536304,16.80869759783463,Good,10,6,2025-10-12 10:00:00+00:00,Normal
2025-10-12 10:29:46+00:00,455.3976010661928,22,37,37,25.0,73,1009.84,28.43,-0.1176798,0.0392266,8.9044382,0.00875,0.04375,0.105,-71.435546875,-32.2265625,270.703125,classroom_window_closed,run_1,0,2278,0,False,False,False,0,0,0,0,0,0,455.3976010661928,37.0,37.0,22.0,0.0416232776475337,0.0260145485297086,0.0372875195592475,0.079975,-0.0934499999999999,0.010325,-0.2041015625,1.7509765625,11.64453125,454.1514882274544,1.1991127954144758,33.26,1.652453940914975,34.64,1.829218485708174,0.0,5.0,19.820689031536304,16.80869759783463,Good,10,6,2025-10-12 10:00:00+00:00,Normal
2025-10-12 10:29:52+00:00,455.3976010661928,21,37,37,25.0,73,1009.91,27.84,-0.1569064,0.0392266,8.9044382,0.00875,0.035,0.4725,-71.435546875,-32.2265625,270.703125,classroom_window_closed,run_1,0,2278,0,False,False,False,0,0,0,0,0,0,455.3976010661928,37.0,37.0,21.0,-0.0017343032353138,0.0260145485297086,0.0372875195592475,0.079975,-0.1021999999999999,0.3778249999999999,-0.2041015625,1.7509765625,11.64453125,454.1781430475344,1.1818395620370303,33.28666666666667,1.680271097760263,34.653333333333336,1.839122444170962,0.0,0.0,19.820689031536304,16.80869759783463,Good,10,6,2025-10-12 10:00:00+00:00,Normal
2025-10-12 10:29:57+00:00,456.7969791203909,20,37,37,25.0,73,1009.91,27.84,-0.2353596,0.0,8.825985,-0.385,0.35,0.2975,-71.97265625,-33.30078125,260.498046875,classroom_window_closed,run_1,0,2285,0,False,False,False,0,0,0,0,0,0,456.7969791203909,37.0,37.0,20.0,-0.0884494650010092,-0.017343032353139,-0.049427642206448,-0.313775,0.2128,0.202825,-0.7412109375,0.6767578125,1.439453125,454.2141270546424,1.178833196248838,33.29333333333334,1.6930440662577655,34.653333333333336,1.839122444170962,6.996890270990548,0.0,19.820689031536304,16.80869759783463,Good,10,6,2025-10-12 10:00:00+00:00,Normal
2025-10-12 10:30:02+00:00,456.7969791203909,20,36,37,25.3,72,1009.9,27.93,-0.1176798,-0.0392266,8.9436648,0.0525,-0.16625,0.13125,-73.046875,-33.30078125,259.9609375,classroom_window_closed,run_1,0,2285,0,False,False,False,0,0,0,0,0,0,456.7969791203909,36.0,37.0,20.0,0.0416232776475337,-0.0607006132359867,0.0806451004420963,0.123725,-0.30345,0.036575,-1.8154296875,0.6767578125,0.90234375,454.2501110617503,1.174709998555032,33.3,1.701755903284081,34.66,1.84583696299534,0.0,-5.0,19.886287817361737,16.86064502389057,Good,10,6,2025-10-12 10:00:00+00:00,Normal
2025-10-12 10:30:08+00:00,456.7969791203909,20,35,35,25.8,72,1009.92,27.76,-0.196133,-0.0392266,8.825985,0.09625,0.4025,0.21875,-73.046875,-33.30078125,259.9609375,classroom_window_closed,run_1,0,2285,0,False,False,False,0,0,0,0,0,0,456.7969791203909,35.0,35.0,20.0,-0.0450918841181615,-0.0607006132359867,-0.049427642206448,0.167475,0.2653,0.124075,-1.8154296875,0.6767578125,0.90234375,454.28609506885823,1.1694581560605806,33.306666666666665,1.7064688084413524,34.64666666666667,1.836017965238962,0.0,-5.0,20.366304363089224,17.340203020290247,Good,10,6,2025-10-12 10:00:00+00:00,Normal
2025-10-12 10:30:13+00:00,456.7969791203909,21,36,36,25.3,72,1009.9,27.93,-0.1569064,0.0,8.825985,0.07,0.13125,0.0875,-71.435546875,-34.912109375,253.515625,classroom_window_closed,run_1,0,2285,0,False,False,False,0,0,0,0,0,0,456.7969791203909,36.0,36.0,21.0,-0.0017343032353138,-0.017343032353139,-0.049427642206448,0.141225,-0.0059499999999999,-0.0071749999999999,-0.2041015625,-0.9345703125,-5.54296875,454.31274988893824,1.1808398048403812,33.32,1.719684690936515,34.64666666666667,1.836017965238962,0.0,5.0,19.886287817361737,16.86064502389057,Good,10,6,2025-10-12 10:00:00+00:00,Normal
2025-10-12 10:30:19+00:00,456.7969791203909,21,36,36,25.2,73,1009.89,28.01,-0.1569064,0.0,8.7867584,-0.1225,0.00875,-0.09625,-71.97265625,-34.375,258.88671875,classroom_window_closed,run_1,0,2285,0,False,False,False,0,0,0,0,0,0,456.7969791203909,36.0,36.0,21.0,-0.0017343032353138,-0.017343032353139,-0.0927852230892948,-0.0512749999999999,-0.1284499999999999,-0.1909249999999999,-0.7412109375,-0.3974609375,-0.171875,454.3394047090182,1.1915126583929545,33.34,1.7333290311424294,34.66,1.8385506401445588,0.0,0.0,20.013034035244704,16.99898270867744,Good,10,6,2025-10-12 10:00:00+00:00,Normal
2025-10-12 10:30:24+00:00,456.7969791203909,21,36,36,25.7,72,1009.89,28.01,-0.1569064,-0.0392266,8.8652116,-0.09625,0.34125,0.20125,-71.97265625,-34.375,258.88671875,classroom_window_closed,run_1,0,2285,0,False,False,False,0,0,0,0,0,0,456.7969791203909,36.0,36.0,21.0,-0.0017343032353138,-0.0607006132359867,-0.0060700613235992,-0.0250249999999999,0.20405,0.106575,-0.7412109375,-0.3974609375,-0.171875,454.3660595290981,1.2014956054943102,33.373333333333335,1.7361017300268022,34.693333333333335,1.8169473132565,0.0,0.0,20.27030393929412,17.243360887685576,Good,10,6,2025-10-12 10:00:00+00:00,Normal
2025-10-12 10:30:29+00:00,456.7969791203909,21,36,36,25.6,72,1009.97,27.34,-0.1569064,-0.0392266,8.8652116,0.0875,0.11375,0.69125,-70.361328125,-32.763671875,259.423828125,classroom_window_closed,run_1,0,2285,0,False,False,False,0,0,0,0,0,0,456.7969791203909,36.0,36.0,21.0,-0.0017343032353138,-0.0607006132359867,-0.0060700613235992,0.158725,-0.0234499999999999,0.5965750000000001,0.8701171875,1.2138671875,0.365234375,454.3927143491781,1.2108057108512291,33.406666666666666,1.7382266156452768,34.72666666666667,1.7944607784676532,0.0,0.0,20.174302072856335,17.14698588600434,Good,10,6,2025-10-12 10:00:00+00:00,Normal
2025-10-12 10:30:35+00:00,456.7969791203909,21,36,36,25.6,73,1009.9,27.93,-0.1569064,0.0392266,8.825985,-0.105,0.2625,-0.02625,-72.509765625,-34.375,258.88671875,classroom_window_closed,run_1,0,2285,0,False,False,False,0,0,0,0,0,0,456.7969791203909,36.0,36.0,21.0,-0.0017343032353138,0.0260145485297086,-0.049427642206448,-0.0337749999999999,0.1253,-0.1209249999999999,-1.2783203125,-0.3974609375,-0.171875,454.41936916925806,1.2194583852407914,33.43333333333333,1.7471613282507583,34.74666666666667,1.791803360895512,0.0,0.0,20.39770741401319,17.385138467754402,Good,10,6,2025-10-12 10:00:00+00:00,Normal
2025-10-12 10:30:40+00:00,456.7969791203909,21,36,36,25.4,72,1009.88,28.1,-0.1569064,0.0,8.825985,-0.0875,0.07,0.07875,-72.509765625,-34.375,258.88671875,classroom_window_closed,run_1,0,2285,0,False,False,False,0,0,0,0,0,0,456.7969791203909,36.0,36.0,21.0,-0.0017343032353138,-0.017343032353139,-0.049427642206448,-0.0162749999999999,-0.0671999999999999,-0.0159249999999999,-1.2783203125,-0.3974609375,-0.171875,454.446023989338,1.2274675318453545,33.446666666666665,1.7591054265068449,34.74666666666667,1.791803360895512,0.0,0.0,19.982294011922665,16.955629812652763,Good,10,6,2025-10-12 10:00:00+00:00,Normal
2025-10-12 10:30:45+00:00,456.7969791203909,20,35,35,25.3,73,1009.95,27.51,-0.1176798,0.0,8.825985,0.00875,0.21875,-0.14875,-69.82421875,-33.30078125,262.109375,classroom_window_closed,run_1,0,2285,0,False,False,False,0,0,0,0,0,0,456.7969791203909,35.0,35.0,20.0,0.0416232776475337,-0.017343032353139,-0.049427642206448,0.079975,0.08155,-0.2434249999999999,1.4072265625,0.6767578125,3.05078125,454.4726788094181,1.2348456723944463,33.45333333333333,1.7631068774459968,34.733333333333334,1.78233941233446,0.0,-5.0,20.10920445847294,17.094820649222385,Good,10,6,2025-10-12 10:00:00+00:00,Normal
2025-10-12 10:30:51+00:00,456.7969791203909,20,33,35,25.1,72,1009.87,28.18,-0.196133,0.0392266,8.825985,-0.18375,0.0875,0.07,-70.8984375,-34.912109375,263.18359375,classroom_window_closed,run_1,0,2285,0,False,False,False,0,0,0,0,0,0,456.7969791203909,33.0,35.0,20.0,-0.0450918841181615,0.0260145485297086,-0.049427642206448,-0.1125249999999999,-0.0496999999999999,-0.0246749999999999,0.3330078125,-0.9345703125,4.125,454.4993336294979,1.2416040560598929,33.46,1.759461479540377,34.733333333333334,1.78233941233446,0.0,-10.0,19.69427109988908,16.6720526922124,Good,10,6,2025-10-12 10:00:00+00:00,Normal
2025-10-12 10:30:56+00:00,456.7969791203909,21,34,36,25.2,73,1009.87,28.18,-0.1176798,0.0,8.9044382,-0.0525,0.1575,-0.32375,-70.8984375,-34.912109375,263.18359375,classroom_window_closed,run_1,0,2285,0,False,False,False,0,0,0,0,0,0,456.7969791203909,34.0,36.0,21.0,0.0416232776475337,-0.017343032353139,0.0372875195592475,0.018725,0.0203,-0.4184249999999999,0.3330078125,-0.9345703125,4.125,454.5259884495779,1.247752753518813,33.473333333333336,1.7558977002606384,34.733333333333334,1.78233941233446,0.0,5.0,20.013034035244704,16.99898270867744,Good,10,6,2025-10-12 10:00:00+00:00,Normal
2025-10-12 10:31:01+00:00,456.7969791203909,21,34,36,25.2,73,1009.87,28.18,-0.0784532,-0.0392266,8.825985,-0.4025,0.105,0.315,-73.046875,-31.689453125,252.978515625,classroom_window_closed,run_1,0,2285,0,False,False,False,0,0,0,0,0,0,456.7969791203909,34.0,36.0,21.0,0.0849808585303814,-0.0607006132359867,-0.049427642206448,-0.331275,-0.0321999999999999,0.220325,-1.8154296875,2.2880859375,-6.080078125,454.5526432696579,1.2533007381708123,33.49333333333333,1.7445857440505357,34.75333333333333,1.7795884701364602,0.0,0.0,20.013034035244704,16.99898270867744,Good,10,6,2025-10-12 10:00:00+00:00,Normal
2025-10-12 10:31:07+00:00,456.7969791203909,20,33,33,25.8,73,1009.83,28.51,-0.196133,-0.0392266,8.825985,0.0525,0.09625,-0.07,-70.361328125,-33.837890625,261.03515625,classroom_window_closed,run_1,0,2285,0,False,False,False,0,0,0,0,0,0,456.7969791203909,33.0,33.0,20.0,-0.0450918841181615,-0.0607006132359867,-0.049427642206448,0.123725,-0.0409499999999999,-0.164675,0.8701171875,0.1396484375,1.9765625,454.5792980897379,1.258255956147851,33.5,1.740747351651503,34.74666666666667,1.7842964009750624,0.0,-5.0,20.590035789552463,17.581039173349833,Good,10,6,2025-10-12 10:00:00+00:00,Normal
2025-10-12 10:31:12+00:00,456.7969791203909,21,32,32,25.5,73,1009.82,28.6,-0.1569064,0.0,8.8652116,0.105,-0.1225,-0.09625,-72.509765625,-33.837890625,281.982421875,classroom_window_closed,run_1,0,2285,0,False,False,False,0,0,0,0,0,0,456.7969791203909,32.0,32.0,21.0,-0.0017343032353138,-0.017343032353139,-0.0060700613235992,0.176225,-0.2597,-0.1909249999999999,-1.2783203125,0.1396484375,22.923828125,454.60595290981786,1.2626253864705472,33.5,1.740747351651503,34.74,1.792714562710926,0.0,-5.0,20.30154114782723,17.287896650184116,Good,10,6,2025-10-12 10:00:00+00:00,Normal
2025-10-12 10:31:17+00:00,456.7969791203909,21,32,32,25.9,73,1009.91,27.84,-0.196133,0.0,8.825985,-0.06125,0.32375,-0.13125,-72.509765625,-33.837890625,281.982421875,classroom_window_closed,run_1,0,2285,0,False,False,False,0,0,0,0,0,0,456.7969791203909,32.0,32.0,21.0,-0.0450918841181615,-0.017343032353139,-0.049427642206448,0.009975,0.18655,-0.225925,-1.2783203125,0.1396484375,22.923828125,454.6326077298978,1.2664150924695166,33.50666666666667,1.7330063363901829,34.74,1.792714562710926,0.0,0.0,20.686197898965684,17.679701853288954,Good,10,6,2025-10-12 10:00:00+00:00,Normal
2025-10-12 10:31:23+00:00,456.7969791203909,21,33,33,25.2,73,1009.87,28.18,-0.1569064,-0.0392266,8.9044382,-0.0875,-0.0875,-0.18375,-71.435546875,-33.30078125,257.275390625,classroom_window_closed,run_1,0,2285,0,False,False,False,0,0,0,0,0,0,456.7969791203909,33.0,33.0,21.0,-0.0017343032353138,-0.0607006132359867,0.0372875195592475,-0.0162749999999999,-0.2246999999999999,-0.278425,-0.2041015625,0.6767578125,-1.783203125,454.65926254997777,1.2696302653944451,33.513333333333335,1.729090487796593,34.74,1.792714562710926,0.0,5.0,20.013034035244704,16.99898270867744,Good,10,6,2025-10-12 10:00:00+00:00,Normal
2025-10-12 10:31:28+00:00,456.7969791203909,20,33,33,25.7,72,1009.86,28.26,-0.0392266,-0.0392266,8.825985,-0.21875,0.13125,-0.035,-71.435546875,-34.375,241.162109375,classroom_window_closed,run_1,0,2285,0,False,False,False,0,0,0,0,0,0,456.7969791203909,33.0,33.0,20.0,0.1283384394132291,-0.0607006132359867,-0.049427642206448,-0.147525,-0.0059499999999999,-0.1296749999999999,-0.2041015625,-0.3974609375,-17.896484375,454.6859173700577,1.2722752609686636,33.53333333333333,1.7053672346217832,34.74,1.792714562710926,0.0,0.0,20.27030393929412,17.243360887685576,Good,10,6,2025-10-12 10:00:00+00:00,Normal
2025-10-12 10:31:33+00:00,456.7969791203909,21,36,36,25.5,72,1009.89,28.01,-0.196133,-0.0392266,8.8652116,-0.105,0.2275,0.18375,-71.435546875,-34.375,241.162109375,classroom_window_closed,run_1,0,2285,0,False,False,False,0,0,0,0,0,0,456.7969791203909,36.0,36.0,21.0,-0.0450918841181615,-0.0607006132359867,-0.0060700613235992,-0.0337749999999999,0.0903,0.089075,-0.2041015625,-0.3974609375,-17.896484375,454.7125721901378,1.2743536295065483,33.57333333333333,1.6922510589544015,34.76,1.7899045754625762,0.0,15.0,20.078298763743355,17.051076148126803,Good,10,6,2025-10-12 10:00:00+00:00,Normal
2025-10-12 10:31:39+00:00,456.7969791203909,20,36,36,0.0,0,1009.89,28.01,-0.0784532,-0.0392266,8.8652116,-0.4025,0.23625,0.1225,-71.435546875,-33.837890625,258.349609375,classroom_window_closed,run_1,0,2285,0,False,False,False,0,0,0,0,0,0,456.7969791203909,36.0,36.0,20.0,0.0849808585303814,-0.0607006132359867,-0.0060700613235992,-0.331275,0.09905,0.027825,-0.2041015625,0.1396484375,-0.708984375,454.7392270102176,1.275868140089901,33.593333333333334,1.7031225435094652,34.76,1.7899045754625762,0.0,0.0,-96.07763018544566,0.0,Good,10,6,2025-10-12 10:00:00+00:00,Normal
2025-10-12 10:31:44+00:00,456.7969791203909,21,37,37,25.9,73,1009.83,28.51,-0.1569064,0.0392266,8.8652116,0.00875,-0.0875,-0.06125,-71.97265625,-33.30078125,263.720703125,classroom_window_closed,run_1,0,2285,0,False,False,False,0,0,0,0,0,0,456.7969791203909,37.0,37.0,21.0,-0.0017343032353138,0.0260145485297086,-0.0060700613235992,0.079975,-0.2246999999999999,-0.1559249999999999,-0.7412109375,0.6767578125,4.662109375,454.7658818302976,1.2768207991933445,33.626666666666665,1.7205690749965017,34.77333333333333,1.7991297921352605,0.0,5.0,20.686197898965684,17.679701853288954,Good,10,6,2025-10-12 10:00:00+00:00,Normal
2025-10-12 10:31:49+00:00,456.7969791203909,20,36,36,25.5,73,1009.87,28.18,-0.1569064,0.0392266,8.9436648,-0.1225,0.18375,0.20125,-71.97265625,-33.30078125,263.720703125,classroom_window_closed,run_1,0,2285,0,False,False,False,0,0,0,0,0,0,456.7969791203909,36.0,36.0,20.0,-0.0017343032353138,0.0260145485297086,0.0806451004420963,-0.0512749999999999,0.04655,0.106575,-0.7412109375,0.6767578125,4.662109375,454.79253665037766,1.2772128640541152,33.653333333333336,1.726176932094368,34.78,1.801826068522756,0.0,-5.0,20.30154114782723,17.287896650184116,Good,10,6,2025-10-12 10:00:00+00:00,Normal
2025-10-12 10:31:55+00:00,456.7969791203909,20,33,33,25.2,73,1009.87,28.18,-0.196133,0.0392266,8.9044382,0.04375,0.0175,-0.30625,-71.435546875,-35.44921875,257.8125,classroom_window_closed,run_1,0,2285,0,False,False,False,0,0,0,0,0,0,456.7969791203909,33.0,33.0,20.0,-0.0450918841181615,0.0260145485297086,0.0372875195592475,0.114975,-0.1196999999999999,-0.400925,-0.2041015625,-1.4716796875,-1.24609375,454.8191914704576,1.2770448509955392,33.653333333333336,1.726176932094368,34.76,1.8048406202292904,0.0,-15.0,20.013034035244704,16.99898270867744,Good,10,6,2025-10-12 10:00:00+00:00,Normal
2025-10-12 10:32:00+00:00,456.7969791203909,21,34,34,25.8,73,1009.83,28.51,-0.1569064,-0.1569064,8.7475318,0.09625,0.25375,0.13125,-73.583984375,-33.30078125,263.720703125,classroom_window_closed,run_1,0,2285,0,False,False,False,0,0,0,0,0,0,456.7969791203909,34.0,34.0,21.0,-0.0017343032353138,-0.1907733558845297,-0.1361428039721416,0.167475,0.1165499999999999,0.036575,-2.3525390625,0.6767578125,4.662109375,454.8458462905376,1.2763165388333109,33.653333333333336,1.726176932094368,34.74666666666667,1.8030051970230956,0.0,5.0,20.590035789552463,17.581039173349833,Good,10,6,2025-10-12 10:00:00+00:00,Normal
2025-10-12 10:32:05+00:00,456.7969791203909,21,36,36,25.8,73,1009.87,28.18,-0.1569064,-0.0392266,8.825985,0.035,0.42,0.28875,-73.583984375,-33.30078125,263.720703125,classroom_window_closed,run_1,0,2285,0,False,False,False,0,0,0,0,0,0,456.7969791203909,36.0,36.0,21.0,-0.0017343032353138,-0.0607006132359867,-0.049427642206448,0.106225,0.2828,0.194075,-2.3525390625,0.6767578125,4.662109375,454.8725011106175,1.2750269674171533,33.666666666666664,1.7365655631899253,34.74666666666667,1.8030051970230956,0.0,10.0,20.590035789552463,17.581039173349833,Good,10,6,2025-10-12 10:00:00+00:00,Normal
2025-10-12 10:32:11+00:00,456.7969791203909,21,37,37,25.7,73,1009.83,28.51,-0.1176798,0.0392266,8.9436648,-0.13125,0.27125,-0.0175,-70.8984375,-33.837890625,259.423828125,classroom_window_closed,run_1,0,2285,0,False,False,False,0,0,0,0,0,0,456.7969791203909,37.0,37.0,21.0,0.0416232776475337,0.0260145485297086,0.0806451004420963,-0.0600249999999999,0.13405,-0.1121749999999999,0.3330078125,0.1396484375,0.365234375,454.8991559306975,1.2731744312853768,33.68666666666667,1.7575786679546073,34.766666666666666,1.8112870082895007,0.0,5.0,20.493872294578285,17.482852011125654,Good,10,6,2025-10-12 10:00:00+00:00,Normal
2025-10-12 10:32:16+00:00,456.7969791203909,22,37,37,25.4,73,1009.89,28.01,-0.1176798,0.0392266,8.825985,-0.13125,-0.035,0.0875,-70.8984375,-32.2265625,259.423828125,classroom_window_closed,run_1,0,2285,0,False,False,False,0,0,0,0,0,0,456.7969791203909,37.0,37.0,22.0,0.0416232776475337,0.0260145485297086,-0.049427642206448,-0.0600249999999999,-0.1722,-0.0071749999999999,0.3330078125,1.7509765625,0.365234375,454.92581075077743,1.270756468334126,33.71333333333333,1.7773242337196713,34.79333333333334,1.814544765756756,0.0,0.0,20.205373495990465,17.191124671161827,Good,10,6,2025-10-12 10:00:00+00:00,Normal
2025-10-12 10:32:21+00:00,456.7969791203909,20,36,36,25.5,73,1009.91,27.84,-0.1569064,0.0,8.7867584,-0.35875,0.07,-0.04375,-70.8984375,-32.2265625,259.423828125,classroom_window_closed,run_1,0,2285,0,False,False,False,0,0,0,0,0,0,456.7969791203909,36.0,36.0,20.0,-0.0017343032353138,-0.017343032353139,-0.0927852230892948,-0.287525,-0.0671999999999999,-0.1384249999999999,0.3330078125,1.7509765625,0.365234375,454.95246557085744,1.2677698433246931,33.74,1.7814480197243334,34.82,1.8025708709969095,0.0,-5.0,20.30154114782723,17.287896650184116,Good,10,6,2025-10-12 10:00:00+00:00,Normal
2025-10-12 10:32:27+00:00,456.7969791203909,21,37,37,25.6,73,1009.89,28.01,-0.0784532,0.0392266,8.8652116,-0.34125,0.18375,0.2625,-71.97265625,-34.912109375,255.126953125,classroom_window_closed,run_1,0,2285,0,False,False,False,0,0,0,0,0,0,456.7969791203909,37.0,37.0,21.0,0.0849808585303814,0.0260145485297086,-0.0060700613235992,-0.2700249999999999,0.04655,0.167825,-0.7412109375,-0.9345703125,-3.931640625,454.97912039093734,1.2642105259688077,33.77333333333333,1.7953955525611862,34.85333333333333,1.7962924780410283,0.0,5.0,20.39770741401319,17.385138467754402,Good,10,6,2025-10-12 10:00:00+00:00,Normal
2025-10-12 10:32:32+00:00,456.7969791203909,20,36,37,25.8,73,1009.87,28.18,-0.0784532,-0.0392266,9.0613446,0.1225,0.4725,-0.09625,-71.97265625,-34.375,262.646484375,classroom_window_closed,run_1,0,2285,0,False,False,False,0,0,0,0,0,0,456.7969791203909,36.0,37.0,20.0,0.0849808585303814,-0.0607006132359867,0.2107178430906387,0.193725,0.3353,-0.1909249999999999,-0.7412109375,-0.3974609375,3.587890625,455.0057752110173,1.2600736632409475,33.79333333333334,1.8034146086131095,34.88,1.7982840441253471,0.0,-5.0,20.590035789552463,17.581039173349833,Good,10,6,2025-10-12 10:00:00+00:00,Normal
2025-10-12 10:32:37+00:00,456.7969791203909,21,38,39,25.8,73,1009.91,27.84,-0.2353596,0.0,8.8652116,-0.0175,0.35875,-0.04375,-71.97265625,-34.375,262.646484375,classroom_window_closed,run_1,0,2285,0,False,False,False,0,0,0,0,0,0,456.7969791203909,38.0,39.0,21.0,-0.0884494650010092,-0.017343032353139,-0.0060700613235992,0.053725,0.22155,-0.1384249999999999,-0.7412109375,-0.3974609375,3.587890625,455.0324300310973,1.255353545465544,33.833333333333336,1.8297198475061252,34.92666666666667,1.81380488012819,0.0,10.0,20.590035789552463,17.581039173349833,Good,10,6,2025-10-12 10:00:00+00:00,Normal
2025-10-12 10:32:43+00:00,456.7969791203909,21,37,38,25.9,73,1009.86,28.26,-0.1569064,-0.0392266,8.9044382,0.07875,-0.18375,0.0175,-72.509765625,-32.2265625,262.109375,classroom_window_closed,run_1,0,2285,0,False,False,False,0,0,0,0,0,0,456.7969791203909,37.0,38.0,21.0,-0.0017343032353138,-0.0607006132359867,0.0372875195592475,0.149975,-0.3209499999999999,-0.0771749999999999,-1.2783203125,1.7509765625,3.05078125,455.05908485117726,1.2500435656122872,33.86,1.8465640139778583,34.95333333333333,1.829426384103686,0.0,-5.0,20.686197898965684,17.679701853288954,Good,10,6,2025-10-12 10:00:00+00:00,Normal
2025-10-12 10:32:48+00:00,456.7969791203909,21,36,36,0.0,0,1009.91,27.84,-0.196133,0.0392266,8.9044382,0.09625,0.13125,0.16625,-71.435546875,-33.837890625,259.423828125,classroom_window_closed,run_1,0,2285,0,False,False,False,0,0,0,0,0,0,456.7969791203909,36.0,36.0,21.0,-0.0450918841181615,0.0260145485297086,0.0372875195592475,0.167475,-0.0059499999999999,0.071575,-0.2041015625,0.1396484375,0.365234375,455.0857396712572,1.2441361711005623,33.88,1.853420563508132,34.96666666666667,1.8297198475061809,0.0,-5.0,-96.07763018544566,0.0,Good,10,6,2025-10-12 10:00:00+00:00,Normal
2025-10-12 10:32:53+00:00,456.7969791203909,20,36,36,25.1,73,1009.94,27.59,-0.196133,-0.0392266,8.9044382,-0.0525,0.13125,0.0175,-72.509765625,-31.689453125,261.572265625,classroom_window_closed,run_1,0,2285,0,False,False,False,0,0,0,0,0,0,456.7969791203909,36.0,36.0,20.0,-0.0450918841181615,-0.0607006132359867,0.0372875195592475,0.018725,-0.0059499999999999,-0.0771749999999999,-1.2783203125,2.2880859375,2.513671875,455.1123944913372,1.2376228072596172,33.913333333333334,1.846224759149721,34.99333333333333,1.8152843498178488,0.0,0.0,19.91686222627581,16.90360897960424,Good,10,6,2025-10-12 10:00:00+00:00,Normal
2025-10-12 10:32:59+00:00,456.7969791203909,20,36,36,25.1,73,1009.93,27.68,-0.1569064,0.0,8.8652116,-0.14875,0.02625,0.14,-72.509765625,-31.689453125,261.572265625,classroom_window_closed,run_1,0,2285,0,False,False,False,0,0,0,0,0,0,456.7969791203909,36.0,36.0,20.0,-0.0017343032353138,-0.017343032353139,-0.0060700613235992,-0.0775249999999999,-0.11095,0.045325,-1.2783203125,2.2880859375,2.513671875,455.1390493114171,1.230493851408409,33.94,1.8472907788099904,35.013333333333335,1.8096930165963976,0.0,0.0,19.91686222627581,16.90360897960424,Good,10,6,2025-10-12 10:00:00+00:00,Normal
2025-10-12 10:33:04+00:00,456.7969791203909,20,33,33,25.1,73,1009.89,28.01,-0.1569064,0.0,8.8652116,-0.48125,0.0175,0.0875,-70.361328125,-34.912109375,256.201171875,classroom_window_closed,run_1,0,2285,0,False,False,False,0,0,0,0,0,0,456.7969791203909,33.0,33.0,20.0,-0.0017343032353138,-0.017343032353139,-0.0060700613235992,-0.410025,-0.1196999999999999,-0.0071749999999999,0.8701171875,-0.9345703125,-2.857421875,455.1657041314971,1.222738536300766,33.95333333333333,1.833091299866552,35.02,1.800335539195783,0.0,-15.0,19.91686222627581,16.90360897960424,Good,10,6,2025-10-12 10:00:00+00:00,Normal
2025-10-12 10:33:09+00:00,456.7969791203909,21,34,34,25.2,73,1009.88,28.1,-0.196133,0.0392266,8.825985,-0.0875,0.07875,-0.06125,-71.97265625,-33.837890625,248.681640625,classroom_window_closed,run_1,0,2285,0,False,False,False,0,0,0,0,0,0,456.7969791203909,34.0,34.0,21.0,-0.0450918841181615,0.0260145485297086,-0.049427642206448,-0.0162749999999999,-0.0584499999999999,-0.1559249999999999,-0.7412109375,0.1396484375,-10.376953125,455.19235895157703,1.2143448614179992,33.98,1.8040595534746453,35.04,1.7718151311749473,0.0,5.0,20.013034035244704,16.99898270867744,Good,10,6,2025-10-12 10:00:00+00:00,Normal
2025-10-12 10:33:15+00:00,456.7969791203909,21,33,33,25.6,73,1009.88,28.1,-0.1569064,0.0,8.7867584,-0.07875,0.16625,-0.245,-71.97265625,-33.837890625,248.681640625,classroom_window_closed,run_1,0,2285,0,False,False,False,0,0,0,0,0,0,456.7969791203909,33.0,33.0,21.0,-0.0017343032353138,-0.017343032353139,-0.0927852230892948,-0.0075249999999999,0.02905,-0.3396749999999999,-0.7412109375,0.1396484375,-10.376953125,455.219013771657,1.2052994902703555,33.986666666666665,1.7985328348244716,35.04,1.7718151311749473,0.0,-5.0,20.39770741401319,17.385138467754402,Good,10,6,2025-10-12 10:00:00+00:00,Normal
2025-10-12 10:33:20+00:00,456.7969791203909,21,33,33,25.7,73,1009.84,28.43,-0.1176798,0.0392266,8.825985,0.06125,-0.09625,0.07,-71.435546875,-33.837890625,258.88671875,classroom_window_closed,run_1,0,2285,0,False,False,False,0,0,0,0,0,0,456.7969791203909,33.0,33.0,21.0,0.0416232776475337,0.0260145485297086,-0.049427642206448,0.132475,-0.23345,-0.0246749999999999,-0.2041015625,0.1396484375,-0.171875,455.24566859173694,1.1955876314749898,33.99333333333333,1.792964126228339,35.04666666666667,1.762154975193625,0.0,0.0,20.493872294578285,17.482852011125654,Good,10,6,2025-10-12 10:00:00+00:00,Normal
2025-10-12 10:33:25+00:00,456.7969791203909,21,32,32,25.2,73,1009.87,28.18,-0.1569064,0.0392266,8.825985,-0.1925,0.00875,-0.35875,-70.361328125,-33.30078125,254.052734375,classroom_window_closed,run_1,0,2285,0,False,False,False,0,0,0,0,0,0,456.7969791203909,32.0,32.0,21.0,-0.0017343032353138,0.0260145485297086,-0.049427642206448,-0.121275,-0.1284499999999999,-0.4534249999999999,0.8701171875,0.6767578125,-5.005859375,455.2723234118169,1.1851929008909443,33.986666666666665,1.7985328348244716,35.04,1.7718151311749473,0.0,-5.0,20.013034035244704,16.99898270867744,Good,10,6,2025-10-12 10:00:00+00:00,Normal
2025-10-12 10:33:31+00:00,456.7969791203909,22,32,33,25.5,73,1009.86,28.26,-0.1569064,0.0392266,8.9044382,-0.0175,-0.02625,0.28,-70.361328125,-33.30078125,254.052734375,classroom_window_closed,run_1,0,2285,0,False,False,False,0,0,0,0,0,0,456.7969791203909,32.0,33.0,22.0,-0.0017343032353138,0.0260145485297086,0.0372875195592475,0.053725,-0.1634499999999999,0.185325,0.8701171875,0.6767578125,-5.005859375,455.29897823189697,1.17409716148406,33.98,1.8040595534746453,35.04,1.7718151311749473,0.0,0.0,20.30154114782723,17.287896650184116,Good,10,6,2025-10-12 10:00:00+00:00,Normal
2025-10-12 10:33:36+00:00,456.7969791203909,22,32,33,25.3,73,1009.84,28.43,-0.0784532,-0.0392266,8.825985,-0.20125,0.02625,0.455,-70.361328125,-31.689453125,254.58984375,classroom_window_closed,run_1,0,2285,0,False,False,False,0,0,0,0,0,0,456.7969791203909,32.0,33.0,22.0,0.0849808585303814,-0.0607006132359867,-0.049427642206448,-0.130025,-0.11095,0.360325,0.8701171875,2.2880859375,-4.46875,455.3256330519769,1.162280336830955,33.96666666666667,1.811287008289444,35.02,1.7778276465787377,0.0,0.0,20.10920445847294,17.094820649222385,Good,10,6,2025-10-12 10:00:00+00:00,Normal
2025-10-12 10:33:41+00:00,456.7969791203909,21,32,33,25.8,73,1009.84,28.43,-0.1569064,0.0,8.8652116,-0.21,0.37625,0.23625,-71.97265625,-34.375,260.498046875,classroom_window_closed,run_1,0,2285,0,False,False,False,0,0,0,0,0,0,456.7969791203909,32.0,33.0,21.0,-0.0017343032353138,-0.017343032353139,-0.0060700613235992,-0.1387749999999999,0.2390499999999999,0.141575,-0.7412109375,-0.3974609375,1.439453125,455.3522878720568,1.149720193203176,33.946666666666665,1.816356211799626,35.00666666666667,1.7854620467425335,0.0,0.0,20.590035789552463,17.581039173349833,Good,10,6,2025-10-12 10:00:00+00:00,Normal
2025-10-12 10:33:47+00:00,456.7969791203909,20,31,31,25.2,72,1009.86,28.26,-0.1176798,0.0392266,8.8652116,-0.1925,0.27125,0.04375,-71.97265625,-34.375,260.498046875,classroom_window_closed,run_1,0,2285,0,False,False,False,0,0,0,0,0,0,456.7969791203909,31.0,31.0,20.0,0.0416232776475337,0.0260145485297086,-0.0060700613235992,-0.121275,0.13405,-0.0509249999999999,-0.7412109375,-0.3974609375,1.439453125,455.3789426921368,1.1363920839352657,33.92666666666667,1.8322123886537756,34.973333333333336,1.813249767781052,0.0,-5.0,19.790280180028056,16.766119931846244,Good,10,6,2025-10-12 10:00:00+00:00,Normal
2025-10-12 10:33:52+00:00,456.7969791203909,21,32,32,25.7,73,1009.91,27.84,-0.1176798,0.0,8.9044382,-0.11375,0.0,-0.07875,-71.97265625,-33.30078125,261.03515625,classroom_window_closed,run_1,0,2285,0,False,False,False,0,0,0,0,0,0,456.7969791203909,32.0,32.0,21.0,0.0416232776475337,-0.017343032353139,0.0372875195592475,-0.0425249999999999,-0.1372,-0.173425,-0.7412109375,0.6767578125,1.9765625,455.4055975122168,1.1222686481848467,33.913333333333334,1.838939972841298,34.946666666666665,1.827407547461462,0.0,5.0,20.493872294578285,17.482852011125654,Good,10,6,2025-10-12 10:00:00+00:00,Normal
2025-10-12 10:33:57+00:00,456.7969791203909,20,32,32,25.0,73,1009.91,27.84,-0.1176798,-0.0392266,8.7867584,-0.07,0.23625,-0.09625,-71.435546875,-33.30078125,258.349609375,classroom_window_closed,run_1,0,2285,0,False,False,False,0,0,0,0,0,0,456.7969791203909,32.0,32.0,20.0,0.0416232776475337,-0.0607006132359867,-0.0927852230892948,0.001225,0.09905,-0.1909249999999999,-0.2041015625,0.6767578125,-0.708984375,455.43225233229674,1.1073194541155986,33.913333333333334,1.838939972841298,34.94,1.8363591057036668,0.0,0.0,19.820689031536304,16.80869759783463,Good,10,6,2025-10-12 10:00:00+00:00,Normal
2025-10-12 10:34:03+00:00,456.7969791203909,21,32,33,25.6,73,1009.83,28.51,-0.1569064,0.0,8.825985,0.0525,0.2625,0.32375,-71.435546875,-33.30078125,258.349609375,classroom_window_closed,run_1,0,2285,0,False,False,False,0,0,0,0,0,0,456.7969791203909,32.0,33.0,21.0,-0.0017343032353138,-0.017343032353139,-0.049427642206448,0.123725,0.1253,0.229075,-0.2041015625,0.6767578125,-0.708984375,455.4589071523767,1.0915105738028417,33.906666666666666,1.8440787396990936,34.93333333333333,1.8416022592926704,0.0,0.0,20.39770741401319,17.385138467754402,Good,10,6,2025-10-12 10:00:00+00:00,Normal
2025-10-12 10:34:08+00:00,456.7969791203909,20,32,33,25.4,72,1009.85,28.35,-0.196133,0.0,8.8652116,-0.0175,-0.18375,0.49,-70.8984375,-34.375,263.18359375,classroom_window_closed,run_1,0,2285,0,False,False,False,0,0,0,0,0,0,456.7969791203909,32.0,33.0,20.0,-0.0450918841181615,-0.017343032353139,-0.0060700613235992,0.053725,-0.3209499999999999,0.395325,0.3330078125,-0.3974609375,4.125,455.48556197245665,1.0748040735316686,33.9,1.849179030610132,34.93333333333333,1.8416022592926704,0.0,0.0,19.982294011922665,16.955629812652763,Good,10,6,2025-10-12 10:00:00+00:00,Normal
2025-10-12 10:34:14+00:00,456.7969791203909,19,31,32,25.9,72,1009.89,28.01,-0.1176798,0.0392266,8.825985,-0.2275,0.105,0.04375,-70.361328125,-33.837890625,260.498046875,classroom_window_closed,run_1,0,2285,0,False,False,False,0,0,0,0,0,0,456.7969791203909,31.0,32.0,19.0,0.0416232776475337,0.0260145485297086,-0.049427642206448,-0.156275,-0.0321999999999999,-0.0509249999999999,0.8701171875,0.1396484375,1.439453125,455.5122167925366,1.0571573982777804,33.89333333333333,1.8578571284196188,34.93333333333333,1.8416022592926704,0.0,-5.0,20.462303344274172,17.437514156668563,Good,10,6,2025-10-12 10:00:00+00:00,Normal
2025-10-12 10:34:19+00:00,456.7969791203909,20,33,34,25.7,72,1009.89,28.01,-0.1569064,-0.0392266,8.8652116,-0.13125,-0.0525,0.0175,-70.361328125,-33.837890625,260.498046875,classroom_window_closed,run_1,0,2285,0,False,False,False,0,0,0,0,0,0,456.7969791203909,33.0,34.0,20.0,-0.0017343032353138,-0.0607006132359867,-0.0060700613235992,-0.0600249999999999,-0.1896999999999999,-0.0771749999999999,0.8701171875,0.1396484375,1.439453125,455.5388716126166,1.0385226225186142,33.9,1.852804875328261,34.946666666666665,1.8274075474614624,0.0,10.0,20.27030393929412,17.243360887685576,Good,10,6,2025-10-12 10:00:00+00:00,Normal
2025-10-12 10:34:24+00:00,456.7969791203909,20,33,34,0.0,0,1009.81,28.68,-0.1569064,0.0,8.8652116,-0.07875,0.07,0.2625,-70.8984375,-30.615234375,270.166015625,classroom_window_closed,run_1,0,2285,0,False,False,False,0,0,0,0,0,0,456.7969791203909,33.0,34.0,20.0,-0.0017343032353138,-0.017343032353139,-0.0060700613235992,-0.0075249999999999,-0.0671999999999999,0.167825,0.3330078125,3.3623046875,11.107421875,455.5561972456686,1.0376829097021076,33.906666666666666,1.847714592950476,34.96,1.813002996625188,0.0,0.0,-96.07763018544566,0.0,Good,10,6,2025-10-12 10:00:00+00:00,Normal
2025-10-12 10:34:30+00:00,456.7969791203909,20,33,33,25.3,73,1009.78,28.93,-0.196133,0.0392266,8.8652116,-0.315,0.1225,0.06125,-73.046875,-33.30078125,255.6640625,classroom_window_closed,run_1,0,2285,0,False,False,False,0,0,0,0,0,0,456.7969791203909,33.0,33.0,20.0,-0.0450918841181615,0.0260145485297086,-0.0060700613235992,-0.243775,-0.0146999999999999,-0.0334249999999999,-1.8154296875,0.6767578125,-3.39453125,455.57352287872055,1.0365510215818703,33.913333333333334,1.842585966109994,34.96666666666667,1.8038611334618904,0.0,0.0,20.10920445847294,17.094820649222385,Good,10,6,2025-10-12 10:00:00+00:00,Normal
2025-10-12 10:34:35+00:00,456.7969791203909,20,36,36,25.5,73,1009.82,28.6,-0.1569064,-0.0392266,8.8652116,-0.11375,0.1225,-0.07875,-71.435546875,-31.689453125,239.55078125,classroom_window_closed,run_1,0,2285,0,False,False,False,0,0,0,0,0,0,456.7969791203909,36.0,36.0,20.0,-0.0017343032353138,-0.0607006132359867,-0.0060700613235992,-0.0425249999999999,-0.0146999999999999,-0.173425,-0.2041015625,2.2880859375,-19.5078125,455.59084851177255,1.0351259996960271,33.94,1.8436540897588336,34.99333333333333,1.789217018460865,0.0,15.0,20.30154114782723,17.287896650184116,Good,10,6,2025-10-12 10:00:00+00:00,Normal
2025-10-12 10:34:40+00:00,456.7969791203909,22,38,38,25.4,73,1009.84,28.43,-0.1569064,0.0,8.9044382,0.1925,0.14875,-0.16625,-71.435546875,-31.689453125,239.55078125,classroom_window_closed,run_1,0,2285,0,False,False,False,0,0,0,0,0,0,456.7969791203909,38.0,38.0,22.0,-0.0017343032353138,-0.017343032353139,0.0372875195592475,0.263725,0.01155,-0.2609249999999999,-0.2041015625,2.2880859375,-19.5078125,455.60817414482455,1.0334066313899255,33.973333333333336,1.8715340822515083,35.026666666666664,1.798383564535178,0.0,10.0,20.205373495990465,17.191124671161827,Good,10,6,2025-10-12 10:00:00+00:00,Normal
2025-10-12 10:34:46+00:00,456.7969791203909,21,36,37,25.5,73,1009.89,28.01,-0.1569064,0.0,8.8652116,-0.09625,0.20125,-0.14,-72.509765625,-33.30078125,263.18359375,classroom_window_closed,run_1,0,2285,0,False,False,False,0,0,0,0,0,0,456.7969791203909,36.0,37.0,21.0,-0.0017343032353138,-0.017343032353139,-0.0060700613235992,-0.0250249999999999,0.06405,-0.234675,-1.2783203125,0.6767578125,4.125,455.62549977787654,1.0313914446049777,33.986666666666665,1.878835376334118,35.04666666666667,1.8035634625127712,0.0,-10.0,20.30154114782723,17.287896650184116,Good,10,6,2025-10-12 10:00:00+00:00,Normal
2025-10-12 10:34:51+00:00,456.7969791203909,22,36,38,25.7,73,1009.83,28.51,-0.1176798,0.0,8.9828914,-0.37625,0.1575,0.0,-72.509765625,-33.837890625,260.498046875,classroom_window_closed,run_1,0,2285,0,False,False,False,0,0,0,0,0,0,456.7969791203909,36.0,38.0,22.0,0.0416232776475337,-0.017343032353139,0.1240026813249431,-0.305025,0.0203,-0.0946749999999999,-1.2783203125,0.1396484375,1.439453125,455.64282541092854,1.0290787014887182,34.00666666666667,1.8842215442299797,35.08,1.8116698515476832,0.0,0.0,20.493872294578285,17.482852011125654,Good,10,6,2025-10-12 10:00:00+00:00,Normal
2025-10-12 10:34:56+00:00,456.7969791203909,21,35,37,25.8,73,1009.84,28.43,-0.2353596,-0.0392266,8.7867584,0.175,0.2275,-0.06125,-72.509765625,-33.837890625,260.498046875,classroom_window_closed,run_1,0,2285,0,False,False,False,0,0,0,0,0,0,456.7969791203909,35.0,37.0,21.0,-0.0884494650010092,-0.0607006132359867,-0.0927852230892948,0.246225,0.0903,-0.1559249999999999,-1.2783203125,0.1396484375,1.439453125,455.6601510439804,1.02646639076044,34.02,1.8841265578261872,35.10666666666667,1.8102862937459576,0.0,-5.0,20.590035789552463,17.581039173349833,Good,10,6,2025-10-12 10:00:00+00:00,Normal
2025-10-12 10:35:02+00:00,456.7969791203909,21,36,38,25.9,73,1009.91,27.84,-0.196133,0.0392266,8.9044382,0.0525,-0.00875,0.34125,-71.97265625,-34.375,253.515625,classroom_window_closed,run_1,0,2285,0,False,False,False,0,0,0,0,0,0,456.7969791203909,36.0,38.0,21.0,-0.0450918841181615,0.0260145485297086,0.0372875195592475,0.123725,-0.14595,0.246575,-0.7412109375,-0.3974609375,-5.54296875,455.6774766770324,1.023552218752672,34.03333333333333,1.8910480268414516,35.13333333333333,1.823289551188216,0.0,5.0,20.686197898965684,17.679701853288954,Good,10,6,2025-10-12 10:00:00+00:00,Normal
2025-10-12 10:35:07+00:00,456.7969791203909,22,39,40,25.6,73,1009.89,28.01,-0.1176798,0.0,8.7867584,-0.13125,0.175,-0.0875,-71.435546875,-32.763671875,263.720703125,classroom_window_closed,run_1,0,2285,0,False,False,False,0,0,0,0,0,0,456.7969791203909,39.0,40.0,22.0,0.0416232776475337,-0.017343032353139,-0.0927852230892948,-0.0600249999999999,0.0378,-0.1821749999999999,-0.2041015625,1.2138671875,4.662109375,455.6948023100844,1.020333599033162,34.07333333333333,1.9320562008675848,35.18,1.8575801535453924,0.0,15.0,20.39770741401319,17.385138467754402,Good,10,6,2025-10-12 10:00:00+00:00,Normal
2025-10-12 10:35:12+00:00,458.196357174589,21,37,38,25.8,73,1009.79,28.85,-0.196133,0.0,8.8652116,-0.02625,0.20125,0.18375,-71.435546875,-32.763671875,263.720703125,classroom_window_closed,run_1,0,2292,0,False,False,False,0,0,0,0,0,0,458.196357174589,37.0,38.0,21.0,-0.0450918841181615,-0.017343032353139,-0.0060700613235992,0.044975,0.06405,0.089075,-0.2041015625,1.2138671875,4.662109375,455.7214571301644,1.0331167629114006,34.093333333333334,1.946763504685831,35.20666666666666,1.869201698269719,6.996890270990548,-10.0,20.590035789552463,17.581039173349833,Good,10,6,2025-10-12 10:00:00+00:00,Normal
2025-10-12 10:35:18+00:00,456.7969791203909,22,37,38,25.8,73,1009.83,28.51,-0.1569064,0.0392266,8.8652116,-0.02625,-0.06125,-0.32375,-70.8984375,-32.2265625,260.498046875,classroom_window_closed,run_1,0,2285,0,False,False,False,0,0,0,0,0,0,456.7969791203909,37.0,38.0,22.0,-0.0017343032353138,0.0260145485297086,-0.0060700613235992,0.044975,-0.19845,-0.4184249999999999,0.3330078125,1.7509765625,1.439453125,455.7387827632164,1.0291829517550704,34.126666666666665,1.953474504522892,35.24666666666667,1.864312193613868,-6.996890270990548,0.0,20.590035789552463,17.581039173349833,Good,10,6,2025-10-12 10:00:00+00:00,Normal
2025-10-12 10:35:23+00:00,456.7969791203909,21,36,36,25.8,73,1009.82,28.6,-0.196133,-0.0392266,8.9044382,0.07,0.1575,0.21,-70.361328125,-34.375,263.18359375,classroom_window_closed,run_1,0,2285,0,False,False,False,0,0,0,0,0,0,456.7969791203909,36.0,36.0,21.0,-0.0450918841181615,-0.0607006132359867,0.0372875195592475,0.141225,0.0203,0.115325,0.8701171875,-0.3974609375,4.125,455.7561083962684,1.024939250008371,34.153333333333336,1.9515496051336925,35.27333333333333,1.8460793451382151,0.0,-5.0,20.590035789552463,17.581039173349833,Good,10,6,2025-10-12 10:00:00+00:00,Normal
2025-10-12 10:35:28+00:00,458.196357174589,21,36,36,25.3,73,1009.88,28.1,-0.1569064,0.0784532,8.8652116,-0.28875,0.13125,-0.0875,-70.361328125,-34.375,263.18359375,classroom_window_closed,run_1,0,2292,0,False,False,False,0,0,0,0,0,0,458.196357174589,36.0,36.0,21.0,-0.0017343032353138,0.0693721294125562,-0.0060700613235992,-0.217525,-0.0059499999999999,-0.1821749999999999,0.8701171875,-0.3974609375,4.125,455.7827632163484,1.036079108486326,34.193333333333335,1.927186866134723,35.31333333333333,1.7953581709421542,6.996890270990548,0.0,20.10920445847294,17.094820649222385,Good,10,6,2025-10-12 10:00:00+00:00,Normal
2025-10-12 10:35:34+00:00,458.196357174589,21,36,36,25.2,73,1009.8,28.76,-0.196133,0.0,8.9436648,0.21,0.105,0.0525,-70.361328125,-33.837890625,262.646484375,classroom_window_closed,run_1,0,2292,0,False,False,False,0,0,0,0,0,0,458.196357174589,36.0,36.0,21.0,-0.0450918841181615,-0.017343032353139,0.0806451004420963,0.281225,-0.0321999999999999,-0.0421749999999999,0.8701171875,0.1396484375,3.587890625,455.8094180364283,1.0464171617343805,34.22,1.924305854102764,35.34,1.7754099630544002,0.0,0.0,20.013034035244704,16.99898270867744,Good,10,6,2025-10-12 10:00:00+00:00,Normal
2025-10-12 10:35:39+00:00,458.196357174589,21,36,37,25.3,73,1009.8,28.76,-0.1176798,-0.0392266,8.8652116,0.1225,0.27125,0.0175,-70.361328125,-34.912109375,263.720703125,classroom_window_closed,run_1,0,2292,0,False,False,False,0,0,0,0,0,0,458.196357174589,36.0,37.0,21.0,0.0416232776475337,-0.0607006132359867,-0.0060700613235992,0.193725,0.13405,-0.0771749999999999,0.8701171875,-0.9345703125,4.662109375,455.8360728565083,1.055976959123149,34.24,1.9271288237571575,35.35333333333333,1.780342575686199,0.0,0.0,20.10920445847294,17.094820649222385,Good,10,6,2025-10-12 10:00:00+00:00,Normal
2025-10-12 10:35:44+00:00,458.196357174589,21,35,37,25.2,73,1009.83,28.51,-0.0784532,0.0784532,8.825985,0.07875,0.105,0.21875,-70.361328125,-34.912109375,263.720703125,classroom_window_closed,run_1,0,2292,0,False,False,False,0,0,0,0,0,0,458.196357174589,35.0,37.0,21.0,0.0849808585303814,0.0693721294125562,-0.049427642206448,0.149975,-0.0321999999999999,0.124075,0.8701171875,-0.9345703125,4.662109375,455.86272767658824,1.0647794628569922,34.24,1.9271288237571575,35.36,1.784647428192217,0.0,-5.0,20.013034035244704,16.99898270867744,Good,10,6,2025-10-12 10:00:00+00:00,Normal
2025-10-12 10:35:50+00:00,458.196357174589,22,33,36,25.3,73,1009.85,28.35,-0.196133,-0.0392266,8.825985,-0.23625,0.09625,0.04375,-71.97265625,-34.375,263.720703125,classroom_window_closed,run_1,0,2292,0,False,False,False,0,0,0,0,0,0,458.196357174589,33.0,36.0,22.0,-0.0450918841181615,-0.0607006132359867,-0.049427642206448,-0.1650249999999999,-0.0409499999999999,-0.0509249999999999,-0.7412109375,-0.3974609375,4.662109375,455.88938249666813,1.0728433135091977,34.22,1.924305854102764,35.35333333333333,1.780342575686199,0.0,-10.0,20.10920445847294,17.094820649222385,Good,10,6,2025-10-12 10:00:00+00:00,Normal
2025-10-12 10:35:55+00:00,458.196357174589,21,31,33,25.2,73,1009.8,28.76,-0.2353596,-0.0392266,8.9044382,-0.245,0.0,0.23625,-71.435546875,-33.837890625,254.58984375,classroom_window_closed,run_1,0,2292,0,False,False,False,0,0,0,0,0,0,458.196357174589,31.0,33.0,21.0,-0.0884494650010092,-0.0607006132359867,0.0372875195592475,-0.1737749999999999,-0.1372,0.141575,-0.2041015625,0.1396484375,-4.46875,455.9160373167481,1.080185053894509,34.2,1.9421153623142084,35.333333333333336,1.7898545802228163,0.0,-10.0,20.013034035244704,16.99898270867744,Good,10,6,2025-10-12 10:00:00+00:00,Normal
2025-10-12 10:36:00+00:00,458.196357174589,22,33,36,25.1,73,1009.84,28.43,-0.1176798,-0.0392266,8.7867584,0.0525,0.1225,-0.2975,-71.435546875,-33.837890625,254.58984375,classroom_window_closed,run_1,0,2292,0,False,False,False,0,0,0,0,0,0,458.196357174589,33.0,36.0,22.0,0.0416232776475337,-0.0607006132359867,-0.0927852230892948,0.123725,-0.0146999999999999,-0.3921749999999999,-0.2041015625,0.1396484375,-4.46875,455.942692136828,1.0868193182259376,34.193333333333335,1.9445213578055411,35.333333333333336,1.7898545802228163,0.0,10.0,19.91686222627581,16.90360897960424,Good,10,6,2025-10-12 10:00:00+00:00,Normal
2025-10-12 10:36:06+00:00,458.196357174589,22,33,36,25.2,73,1009.84,28.43,-0.2353596,0.0,8.8652116,-0.11375,0.21875,0.2975,-70.361328125,-33.30078125,279.833984375,classroom_window_closed,run_1,0,2292,0,False,False,False,0,0,0,0,0,0,458.196357174589,33.0,36.0,22.0,-0.0884494650010092,-0.017343032353139,-0.0060700613235992,-0.0425249999999999,0.08155,0.202825,0.8701171875,0.6767578125,20.775390625,455.9693469569081,1.0927589920826173,34.193333333333335,1.9445213578055411,35.34,1.7904669257153598,0.0,0.0,20.013034035244704,16.99898270867744,Good,10,6,2025-10-12 10:00:00+00:00,Normal
2025-10-12 10:36:11+00:00,458.196357174589,22,34,36,25.6,73,1009.89,28.01,-0.1569064,0.0,8.8652116,-0.09625,0.20125,0.35875,-70.361328125,-32.2265625,261.572265625,classroom_window_closed,run_1,0,2292,0,False,False,False,0,0,0,0,0,0,458.196357174589,34.0,36.0,22.0,-0.0017343032353138,-0.017343032353139,-0.0060700613235992,-0.0250249999999999,0.06405,0.264075,0.8701171875,1.7509765625,2.513671875,455.99600177698807,1.098015347607702,34.2,1.9421153623142084,35.34,1.7904669257153598,0.0,5.0,20.39770741401319,17.385138467754402,Good,10,6,2025-10-12 10:00:00+00:00,Normal
2025-10-12 10:36:16+00:00,458.196357174589,21,33,35,25.6,73,1009.86,28.26,-0.1569064,0.0,8.9044382,-0.14,0.02625,0.0875,-71.435546875,-32.763671875,259.9609375,classroom_window_closed,run_1,0,2292,0,False,False,False,0,0,0,0,0,0,458.196357174589,33.0,35.0,21.0,-0.0017343032353138,-0.017343032353139,0.0372875195592475,-0.068775,-0.11095,-0.0071749999999999,-0.2041015625,1.2138671875,0.90234375,456.022656597068,1.1025981574821475,34.18,1.9388988779872809,35.32666666666667,1.7854620467425282,0.0,-5.0,20.39770741401319,17.385138467754402,Good,10,6,2025-10-12 10:00:00+00:00,Normal
2025-10-12 10:36:22+00:00,458.196357174589,22,34,36,25.1,73,1009.83,28.51,-0.1176798,0.0392266,8.9044382,-0.2625,0.1925,0.41125,-71.435546875,-32.763671875,259.9609375,classroom_window_closed,run_1,0,2292,0,False,False,False,0,0,0,0,0,0,458.196357174589,34.0,36.0,22.0,0.0416232776475337,0.0260145485297086,0.0372875195592475,-0.191275,0.0553,0.316575,-0.2041015625,1.2138671875,0.90234375,456.04931141714786,1.106515790524612,34.17333333333333,1.9377793512981831,35.333333333333336,1.7861009488695336,0.0,5.0,19.91686222627581,16.90360897960424,Good,10,6,2025-10-12 10:00:00+00:00,Normal
2025-10-12 10:36:27+00:00,458.196357174589,21,33,35,25.2,73,1009.89,28.01,-0.1569064,0.0,8.9044382,-0.09625,0.00875,0.27125,-72.509765625,-33.837890625,272.8515625,classroom_window_closed,run_1,0,2292,0,False,False,False,0,0,0,0,0,0,458.196357174589,33.0,35.0,21.0,-0.0017343032353138,-0.017343032353139,0.0372875195592475,-0.0250249999999999,-0.1284499999999999,0.176575,-1.2783203125,0.1396484375,13.79296875,456.0759662372278,1.109775291207146,34.153333333333336,1.934278099792721,35.32666666666667,1.7854620467425282,0.0,-5.0,20.013034035244704,16.99898270867744,Good,10,6,2025-10-12 10:00:00+00:00,Normal
2025-10-12 10:36:32+00:00,458.196357174589,21,36,37,25.2,73,1009.85,28.35,-0.1569064,0.0,8.8652116,-0.14,0.0875,0.28,-70.8984375,-33.837890625,271.240234375,classroom_window_closed,run_1,0,2292,0,False,False,False,0,0,0,0,0,0,458.196357174589,36.0,37.0,21.0,-0.0017343032353138,-0.017343032353139,-0.0060700613235992,-0.068775,-0.0496999999999999,0.185325,0.3330078125,0.1396484375,12.181640625,456.1026210573078,1.1123824449189328,34.16,1.9389334922189192,35.34,1.7904669257153598,0.0,15.0,20.013034035244704,16.99898270867744,Good,10,6,2025-10-12 10:00:00+00:00,Normal
2025-10-12 10:36:38+00:00,458.196357174589,20,35,36,25.5,73,1009.85,28.35,-0.196133,0.0,8.8652116,-0.42,0.105,0.49875,-70.8984375,-33.837890625,271.240234375,classroom_window_closed,run_1,0,2292,0,False,False,False,0,0,0,0,0,0,458.196357174589,35.0,36.0,20.0,-0.0450918841181615,-0.017343032353139,-0.0060700613235992,-0.3487749999999999,-0.0321999999999999,0.4040750000000001,0.3330078125,0.1396484375,12.181640625,456.1292758773877,1.1143418304317845,34.16,1.9389334922189192,35.34,1.7904669257153598,0.0,-5.0,20.30154114782723,17.287896650184116,Good,10,6,2025-10-12 10:00:00+00:00,Normal
2025-10-12 10:36:43+00:00,458.196357174589,21,34,37,25.1,73,1009.85,28.35,-0.1569064,0.0,8.825985,-0.23625,0.2275,0.02625,-72.509765625,-32.2265625,269.091796875,classroom_window_closed,run_1,0,2292,0,False,False,False,0,0,0,0,0,0,458.196357174589,34.0,37.0,21.0,-0.0017343032353138,-0.017343032353139,-0.049427642206448,-0.1650249999999999,0.0903,-0.0684249999999999,-1.2783203125,1.7509765625,10.033203125,456.1559306974677,1.115656860702525,34.14666666666667,1.933063315248768,35.333333333333336,1.7823394123344471,0.0,-5.0,19.91686222627581,16.90360897960424,Good,10,6,2025-10-12 10:00:00+00:00,Normal
2025-10-12 10:36:48+00:00,458.196357174589,20,35,35,25.7,73,1009.83,28.51,-0.1569064,0.0392266,8.7867584,0.2275,-0.0875,-0.3325,-71.97265625,-33.837890625,268.5546875,classroom_window_closed,run_1,0,2292,0,False,False,False,0,0,0,0,0,0,458.196357174589,35.0,35.0,20.0,-0.0017343032353138,0.0260145485297086,-0.0927852230892948,0.298725,-0.2246999999999999,-0.4271749999999999,-0.7412109375,0.1396484375,9.49609375,456.1825855175477,1.1163298128740835,34.14666666666667,1.933063315248768,35.31333333333333,1.7689972386708617,0.0,5.0,20.493872294578285,17.482852011125654,Good,10,6,2025-10-12 10:00:00+00:00,Normal
2025-10-12 10:36:54+00:00,458.196357174589,21,36,36,25.2,73,1009.88,28.1,-0.196133,0.0,8.8652116,-0.34125,0.14875,-0.0525,-71.97265625,-33.837890625,268.5546875,classroom_window_closed,run_1,0,2292,0,False,False,False,0,0,0,0,0,0,458.196357174589,36.0,36.0,21.0,-0.0450918841181615,-0.017343032353139,-0.0060700613235992,-0.2700249999999999,0.01155,-0.1471749999999999,-0.7412109375,0.1396484375,9.49609375,456.2092403376277,1.116361848097058,34.153333333333336,1.937744716449947,35.306666666666665,1.764476714514169,0.0,5.0,20.013034035244704,16.99898270867744,Good,10,6,2025-10-12 10:00:00+00:00,Normal
2025-10-12 10:36:59+00:00,458.196357174589,21,36,36,25.2,73,1009.89,28.01,-0.1176798,0.0,8.8652116,0.09625,0.0,-0.2275,-72.509765625,-33.837890625,268.5546875,classroom_window_closed,run_1,0,2292,0,False,False,False,0,0,0,0,0,0,458.196357174589,36.0,36.0,21.0,0.0416232776475337,-0.017343032353139,-0.0060700613235992,0.167475,-0.1372,-0.322175,-1.2783203125,0.1396484375,9.49609375,456.23589515770766,1.1157530215769922,34.153333333333336,1.937744716449947,35.29333333333334,1.7514966434938153,0.0,0.0,20.013034035244704,16.99898270867744,Good,10,6,2025-10-12 10:00:00+00:00,Normal
2025-10-12 10:37:04+00:00,458.196357174589,22,35,36,25.4,73,1009.85,28.35,-0.1569064,0.0,8.9044382,-0.14,-0.07,0.0,-70.8984375,-33.30078125,266.943359375,classroom_window_closed,run_1,0,2292,0,False,False,False,0,0,0,0,0,0,458.196357174589,35.0,36.0,22.0,-0.0017343032353138,-0.017343032353139,0.0372875195592475,-0.068775,-0.2072,-0.0946749999999999,0.3330078125,0.6767578125,7.884765625,456.2625499777876,1.1145022830510551,34.153333333333336,1.937744716449947,35.29333333333334,1.7514966434938153,0.0,-5.0,20.205373495990465,17.191124671161827,Good,10,6,2025-10-12 10:00:00+00:00,Normal
2025-10-12 10:37:10+00:00,458.196357174589,23,36,37,25.5,73,1009.81,28.68,-0.1176798,0.0392266,8.9044382,-0.1575,0.035,-0.0175,-70.8984375,-33.30078125,266.943359375,classroom_window_closed,run_1,0,2292,0,False,False,False,0,0,0,0,0,0,458.196357174589,36.0,37.0,23.0,0.0416232776475337,0.0260145485297086,0.0372875195592475,-0.0862749999999999,-0.1021999999999999,-0.1121749999999999,0.3330078125,0.6767578125,7.884765625,456.2892047978676,1.112607467703754,34.153333333333336,1.937744716449947,35.29333333333334,1.7514966434938153,0.0,5.0,20.30154114782723,17.287896650184116,Good,10,6,2025-10-12 10:00:00+00:00,Normal
2025-10-12 10:37:15+00:00,458.196357174589,21,35,36,25.9,73,1009.84,28.43,-0.1569064,0.0,8.8652116,-0.315,-0.14875,0.09625,-70.8984375,-31.689453125,270.166015625,classroom_window_closed,run_1,0,2292,0,False,False,False,0,0,0,0,0,0,458.196357174589,35.0,36.0,21.0,-0.0017343032353138,-0.017343032353139,-0.0060700613235992,-0.243775,-0.28595,0.001575,0.3330078125,2.2880859375,11.107421875,456.3158596179475,1.1100652773376098,34.16,1.9389334922189192,35.28666666666667,1.746853995453497,0.0,-5.0,20.686197898965684,17.679701853288954,Good,10,6,2025-10-12 10:00:00+00:00,Normal
2025-10-12 10:37:20+00:00,458.196357174589,21,35,36,25.3,73,1009.84,28.43,-0.196133,0.0,8.9044382,-0.18375,-0.02625,-0.21,-72.509765625,-32.2265625,272.314453125,classroom_window_closed,run_1,0,2292,0,False,False,False,0,0,0,0,0,0,458.196357174589,35.0,36.0,21.0,-0.0450918841181615,-0.017343032353139,0.0372875195592475,-0.1125249999999999,-0.1634499999999999,-0.304675,-1.2783203125,1.7509765625,13.255859375,456.3425144380275,1.106871251414277,34.153333333333336,1.9342780997927211,35.27333333333333,1.7335871436958548,0.0,0.0,20.10920445847294,17.094820649222385,Good,10,6,2025-10-12 10:00:00+00:00,Normal
2025-10-12 10:37:26+00:00,458.196357174589,21,35,36,25.7,73,1009.83,28.51,-0.1176798,0.0,8.8652116,-0.30625,0.11375,-0.11375,-72.509765625,-32.2265625,261.03515625,classroom_window_closed,run_1,0,2292,0,False,False,False,0,0,0,0,0,0,458.196357174589,35.0,36.0,21.0,0.0416232776475337,-0.017343032353139,-0.0060700613235992,-0.235025,-0.0234499999999999,-0.2084249999999999,-1.2783203125,1.7509765625,1.9765625,456.36916925810743,1.1030197273668811,34.16,1.9354690047779917,35.266666666666666,1.7288187636861934,0.0,0.0,20.493872294578285,17.482852011125654,Good,10,6,2025-10-12 10:00:00+00:00,Normal
2025-10-12 10:37:31+00:00,458.196357174589,21,36,36,25.9,73,1009.82,28.6,-0.1569064,0.0,8.9044382,-0.06125,0.11375,-0.07875,-72.509765625,-32.2265625,261.03515625,classroom_window_closed,run_1,0,2292,0,False,False,False,0,0,0,0,0,0,458.196357174589,36.0,36.0,21.0,-0.0017343032353138,-0.017343032353139,0.0372875195592475,0.009975,-0.0234499999999999,-0.173425,-1.2783203125,1.7509765625,1.9765625,456.3958240781874,1.098503789347096,34.18666666666667,1.9330633152487695,35.27333333333333,1.729711411188469,0.0,5.0,20.686197898965684,17.679701853288954,Good,10,6,2025-10-12 10:00:00+00:00,Normal
2025-10-12 10:37:36+00:00,458.196357174589,20,33,33,25.9,73,1009.8,28.76,-0.196133,0.0392266,8.8652116,0.0525,0.11375,-0.16625,-69.287109375,-33.837890625,270.166015625,classroom_window_closed,run_1,0,2292,0,False,False,False,0,0,0,0,0,0,458.196357174589,33.0,33.0,20.0,-0.0450918841181615,0.0260145485297086,-0.0060700613235992,0.123725,-0.0234499999999999,-0.2609249999999999,1.9443359375,0.1396484375,11.107421875,456.42247889826734,1.0933152043009675,34.2,1.91777275739156,35.26,1.7395131618555053,0.0,-15.0,20.686197898965684,17.679701853288954,Good,10,6,2025-10-12 10:00:00+00:00,Normal
2025-10-12 10:37:42+00:00,458.196357174589,20,32,32,25.9,73,1009.81,28.68,-0.2353596,0.0392266,8.9044382,-0.16625,0.09625,-0.16625,-71.435546875,-33.30078125,258.349609375,classroom_window_closed,run_1,0,2292,0,False,False,False,0,0,0,0,0,0,458.196357174589,32.0,32.0,20.0,-0.0884494650010092,0.0260145485297086,0.0372875195592475,-0.095025,-0.0409499999999999,-0.2609249999999999,-0.2041015625,0.6767578125,-0.708984375,456.4491337183474,1.087444343954081,34.21333333333333,1.895195857373994,35.24,1.7596521926012132,0.0,-5.0,20.686197898965684,17.679701853288954,Good,10,6,2025-10-12 10:00:00+00:00,Normal
2025-10-12 10:37:47+00:00,458.196357174589,20,31,32,25.1,73,1009.84,28.43,-0.2353596,0.0392266,8.9436648,-0.32375,-0.035,-0.07,-71.435546875,-33.30078125,258.349609375,classroom_window_closed,run_1,0,2292,0,False,False,False,0,0,0,0,0,0,458.196357174589,31.0,32.0,20.0,-0.0884494650010092,0.0260145485297086,0.0806451004420963,-0.252525,-0.1722,-0.164675,-0.2041015625,0.6767578125,-0.708984375,456.47578853842737,1.0808800909148504,34.21333333333333,1.895195857373994,35.21333333333333,1.7782680159260047,0.0,-5.0,19.91686222627581,16.90360897960424,Good,10,6,2025-10-12 10:00:00+00:00,Normal
2025-10-12 10:37:53+00:00,458.196357174589,21,33,34,25.0,73,1009.83,28.51,-0.1176798,0.0,8.9044382,-0.0525,0.11375,0.315,-71.97265625,-33.30078125,271.77734375,classroom_window_closed,run_1,0,2292,0,False,False,False,0,0,0,0,0,0,458.196357174589,33.0,34.0,21.0,0.0416232776475337,-0.017343032353139,0.0372875195592475,0.018725,-0.0234499999999999,0.220325,-0.7412109375,0.6767578125,12.71875,456.5024433585073,1.0736097266561944,34.22666666666667,1.8794068272652695,35.2,1.7798273047965678,0.0,10.0,19.820689031536304,16.80869759783463,Good,10,6,2025-10-12 10:00:00+00:00,Normal
2025-10-12 10:37:58+00:00,458.196357174589,21,34,36,25.9,73,1009.77,29.01,-0.1569064,-0.0392266,8.9436648,-0.09625,0.1575,-0.035,-71.435546875,-33.30078125,270.166015625,classroom_window_closed,run_1,0,2292,0,False,False,False,0,0,0,0,0,0,458.196357174589,34.0,36.0,21.0,-0.0017343032353138,-0.0607006132359867,0.0806451004420963,-0.0250249999999999,0.0203,-0.1296749999999999,-0.2041015625,0.6767578125,11.107421875,456.5290981785873,1.065618798586905,34.24,1.870577558585719,35.20666666666666,1.78094563022224,0.0,5.0,20.686197898965684,17.679701853288954,Good,10,6,2025-10-12 10:00:00+00:00,Normal
2025-10-12 10:38:03+00:00,458.196357174589,21,34,36,25.3,73,1009.81,28.68,-0.1176798,0.0,8.825985,-0.1925,0.14875,-0.07,-71.435546875,-33.30078125,270.166015625,classroom_window_closed,run_1,0,2292,0,False,False,False,0,0,0,0,0,0,458.196357174589,34.0,36.0,21.0,0.0416232776475337,-0.017343032353139,-0.049427642206448,-0.121275,0.01155,-0.164675,-0.2041015625,0.6767578125,11.107421875,456.5557529986672,1.0568909627436165,34.24,1.870577558585719,35.20666666666666,1.78094563022224,0.0,0.0,20.10920445847294,17.094820649222385,Good,10,6,2025-10-12 10:00:00+00:00,Normal
2025-10-12 10:38:09+00:00,458.196357174589,20,35,35,25.6,73,1009.82,28.6,-0.196133,0.0392266,8.8652116,-0.23625,0.21,0.2975,-70.8984375,-34.375,269.62890625,classroom_window_closed,run_1,0,2292,0,False,False,False,0,0,0,0,0,0,458.196357174589,35.0,35.0,20.0,-0.0450918841181615,0.0260145485297086,-0.0060700613235992,-0.1650249999999999,0.0728,0.202825,0.3330078125,-0.3974609375,10.5703125,456.5824078187472,1.0474077977811591,34.26,1.8624873316086297,35.20666666666666,1.78094563022224,0.0,5.0,20.39770741401319,17.385138467754402,Good,10,6,2025-10-12 10:00:00+00:00,Normal
2025-10-12 10:38:14+00:00,458.196357174589,21,36,36,25.1,73,1009.83,28.51,-0.2353596,0.0,8.825985,-0.09625,-0.105,0.02625,-69.287109375,-32.763671875,267.48046875,classroom_window_closed,run_1,0,2292,0,False,False,False,0,0,0,0,0,0,458.196357174589,36.0,36.0,21.0,-0.0884494650010092,-0.017343032353139,-0.049427642206448,-0.0250249999999999,-0.2421999999999999,-0.0684249999999999,1.9443359375,1.2138671875,8.421875,456.6010661928032,1.0510820451409248,34.27333333333333,1.8677649373776908,35.20666666666666,1.78094563022224,0.0,5.0,19.91686222627581,16.90360897960424,Good,10,6,2025-10-12 10:00:00+00:00,Normal
2025-10-12 10:38:19+00:00,458.196357174589,20,33,35,25.6,73,1009.89,28.01,-0.196133,-0.0392266,8.8652116,-0.28,-0.04375,0.14,-69.287109375,-32.763671875,267.48046875,classroom_window_closed,run_1,0,2292,0,False,False,False,0,0,0,0,0,0,458.196357174589,33.0,35.0,20.0,-0.0450918841181615,-0.0607006132359867,-0.0060700613235992,-0.208775,-0.18095,0.045325,1.9443359375,1.2138671875,8.421875,456.6197245668591,1.0544111596458354,34.28,1.8613699220136584,35.22,1.7717772520473805,0.0,-15.0,20.39770741401319,17.385138467754402,Good,10,6,2025-10-12 10:00:00+00:00,Normal
2025-10-12 10:38:25+00:00,458.196357174589,21,34,36,25.8,73,1009.81,28.68,-0.1176798,0.0392266,8.9436648,0.04375,0.07,-0.07,-72.509765625,-33.837890625,266.40625,classroom_window_closed,run_1,0,2292,0,False,False,False,0,0,0,0,0,0,458.196357174589,34.0,36.0,21.0,0.0416232776475337,0.0260145485297086,0.0806451004420963,0.114975,-0.0671999999999999,-0.164675,-1.2783203125,0.1396484375,7.34765625,456.6383829409152,1.0573984011511068,34.29333333333334,1.852068195167912,35.24,1.763462122564078,0.0,5.0,20.590035789552463,17.581039173349833,Good,10,6,2025-10-12 10:00:00+00:00,Normal
2025-10-12 10:38:30+00:00,458.196357174589,21,34,36,25.9,73,1009.82,28.6,-0.1176798,0.0392266,8.825985,0.30625,0.21,0.04375,-70.8984375,-33.837890625,272.8515625,classroom_window_closed,run_1,0,2292,0,False,False,False,0,0,0,0,0,0,458.196357174589,34.0,36.0,21.0,0.0416232776475337,0.0260145485297086,-0.049427642206448,0.377475,0.0728,-0.0509249999999999,0.3330078125,0.1396484375,13.79296875,456.6570413149711,1.0600466598840612,34.306666666666665,1.8426223896103804,35.26,1.754878148315809,0.0,0.0,20.686197898965684,17.679701853288954,Good,10,6,2025-10-12 10:00:00+00:00,Normal
2025-10-12 10:38:35+00:00,458.196357174589,20,33,35,25.2,73,1009.84,28.43,-0.196133,0.0,8.9828914,-0.32375,0.06125,-0.07,-70.8984375,-33.837890625,272.8515625,classroom_window_closed,run_1,0,2292,0,False,False,False,0,0,0,0,0,0,458.196357174589,33.0,35.0,20.0,-0.0450918841181615,-0.017343032353139,0.1240026813249431,-0.252525,-0.0759499999999999,-0.164675,0.3330078125,0.1396484375,13.79296875,456.6756996890271,1.062358470907531,34.3,1.8455460624043851,35.25333333333333,1.7539472900281092,0.0,-5.0,20.013034035244704,16.99898270867744,Good,10,6,2025-10-12 10:00:00+00:00,Normal
2025-10-12 10:38:41+00:00,458.196357174589,20,32,33,25.5,73,1009.84,28.43,-0.0392266,0.0,8.825985,0.2975,0.06125,-0.13125,-72.509765625,-31.689453125,267.48046875,classroom_window_closed,run_1,0,2292,0,False,False,False,0,0,0,0,0,0,458.196357174589,32.0,33.0,20.0,0.1283384394132291,-0.017343032353139,-0.049427642206448,0.3687249999999999,-0.0759499999999999,-0.225925,-1.2783203125,2.2880859375,8.421875,456.6943580630831,1.064336026586443,34.28666666666667,1.8549287389002744,35.233333333333334,1.762459639850794,0.0,-5.0,20.30154114782723,17.287896650184116,Good,10,6,2025-10-12 10:00:00+00:00,Normal
2025-10-12 10:38:46+00:00,458.196357174589,21,32,33,25.6,73,1009.84,28.43,-0.196133,0.0,8.825985,-0.0175,0.42875,0.14875,-73.046875,-32.2265625,266.40625,classroom_window_closed,run_1,0,2292,0,False,False,False,0,0,0,0,0,0,458.196357174589,32.0,33.0,21.0,-0.0450918841181615,-0.017343032353139,-0.049427642206448,0.053725,0.29155,0.054075,-1.8154296875,1.7509765625,7.34765625,456.713016437139,1.065981187204466,34.27333333333333,1.8641681905089849,35.21333333333333,1.7707036733687305,0.0,0.0,20.39770741401319,17.385138467754402,Good,10,6,2025-10-12 10:00:00+00:00,Normal
2025-10-12 10:38:51+00:00,458.196357174589,21,32,33,25.8,73,1009.9,27.93,-0.1569064,0.0,8.8652116,-0.0525,-0.00875,-0.2975,-73.046875,-32.2265625,266.40625,classroom_window_closed,run_1,0,2292,0,False,False,False,0,0,0,0,0,0,458.196357174589,32.0,33.0,21.0,-0.0017343032353138,-0.017343032353139,-0.0060700613235992,0.018725,-0.14595,-0.3921749999999999,-1.8154296875,1.7509765625,7.34765625,456.73167481119503,1.067295489853238,34.25333333333333,1.8723945357587155,35.2,1.7798273047965678,0.0,0.0,20.590035789552463,17.581039173349833,Good,10,6,2025-10-12 10:00:00+00:00,Normal
2025-10-12 10:38:57+00:00,458.196357174589,21,32,33,25.0,73,1009.85,28.35,-0.1569064,0.0,8.9828914,-0.04375,0.105,0.21875,-71.97265625,-32.763671875,275.537109375,classroom_window_closed,run_1,0,2292,0,False,False,False,0,0,0,0,0,0,458.196357174589,32.0,33.0,21.0,-0.0017343032353138,-0.017343032353139,0.1240026813249431,0.027475,-0.0321999999999999,0.124075,-0.7412109375,1.2138671875,16.478515625,456.75033318525095,1.068280155694882,34.22,1.8676691140196724,35.17333333333333,1.782640627345868,0.0,0.0,19.820689031536304,16.80869759783463,Good,10,6,2025-10-12 10:00:00+00:00,Normal
2025-10-12 10:39:02+00:00,458.196357174589,21,32,34,25.6,73,1009.88,28.1,-0.196133,0.0,8.8652116,-0.20125,0.11375,0.28875,-70.361328125,-33.30078125,271.77734375,classroom_window_closed,run_1,0,2292,0,False,False,False,0,0,0,0,0,0,458.196357174589,32.0,34.0,21.0,-0.0450918841181615,-0.017343032353139,-0.0060700613235992,-0.130025,-0.0234499999999999,0.194075,0.8701171875,0.6767578125,12.71875,456.7689915593069,1.0689360956788272,34.18666666666667,1.862331174877775,35.153333333333336,1.7788340448968831,0.0,0.0,20.39770741401319,17.385138467754402,Good,10,6,2025-10-12 10:00:00+00:00,Normal
2025-10-12 10:39:07+00:00,458.196357174589,20,32,35,25.4,73,1009.82,28.6,-0.1176798,0.0392266,8.825985,-0.35875,0.07,0.035,-71.97265625,-32.2265625,290.576171875,classroom_window_closed,run_1,0,2292,0,False,False,False,0,0,0,0,0,0,458.196357174589,32.0,35.0,20.0,0.0416232776475337,0.0260145485297086,-0.049427642206448,-0.287525,-0.0671999999999999,-0.0596749999999999,-0.7412109375,1.7509765625,31.517578125,456.7876499333629,1.0692639147759095,34.16,1.8648281134242315,35.14,1.7723832209427186,0.0,0.0,20.205373495990465,17.191124671161827,Good,10,6,2025-10-12 10:00:00+00:00,Normal
2025-10-12 10:39:13+00:00,458.196357174589,20,33,35,25.6,73,1009.86,28.26,-0.1176798,0.0392266,8.8652116,0.1225,0.07875,0.18375,-71.97265625,-32.2265625,290.576171875,classroom_window_closed,run_1,0,2292,0,False,False,False,0,0,0,0,0,0,458.196357174589,33.0,35.0,20.0,0.0416232776475337,0.0260145485297086,-0.0060700613235992,0.193725,-0.0584499999999999,0.089075,-0.7412109375,1.7509765625,31.517578125,456.806308307419,1.0692639147759124,34.14666666666667,1.8659314627589016,35.13333333333333,1.7710068674019532,0.0,5.0,20.39770741401319,17.385138467754402,Good,10,6,2025-10-12 10:00:00+00:00,Normal
2025-10-12 10:39:18+00:00,458.196357174589,21,33,34,25.2,73,1009.84,28.43,-0.1176798,0.0,8.9044382,0.035,0.105,0.42875,-69.82421875,-32.763671875,270.703125,classroom_window_closed,run_1,0,2292,0,False,False,False,0,0,0,0,0,0,458.196357174589,33.0,34.0,21.0,0.0416232776475337,-0.017343032353139,0.0372875195592475,0.106225,-0.0321999999999999,0.334075,1.4072265625,1.2138671875,11.64453125,456.8249666814749,1.068936095678835,34.126666666666665,1.8620068075145024,35.11333333333334,1.7667194285313053,0.0,0.0,20.013034035244704,16.99898270867744,Good,10,6,2025-10-12 10:00:00+00:00,Normal
2025-10-12 10:39:23+00:00,459.59573522878713,21,33,34,25.5,73,1009.89,28.01,-0.2353596,0.0392266,8.825985,-0.49875,-0.105,-0.18375,-71.97265625,-33.30078125,259.9609375,classroom_window_closed,run_1,0,2299,0,False,False,False,0,0,0,0,0,0,459.59573522878713,33.0,34.0,21.0,-0.0884494650010092,0.0260145485297086,-0.049427642206448,-0.427525,-0.2421999999999999,-0.278425,-0.7412109375,0.6767578125,0.90234375,456.8529542425589,1.0861338439741817,34.10666666666667,1.857857128419623,35.093333333333334,1.7621930611563443,6.996890270990548,0.0,20.30154114782723,17.287896650184116,Good,10,6,2025-10-12 10:00:00+00:00,Normal
2025-10-12 10:39:29+00:00,459.59573522878713,21,33,33,25.2,73,1009.84,28.43,-0.2353596,0.0,8.9044382,-0.0525,-0.04375,0.0175,-71.97265625,-33.30078125,259.9609375,classroom_window_closed,run_1,0,2299,0,False,False,False,0,0,0,0,0,0,459.59573522878713,33.0,33.0,21.0,-0.0884494650010092,-0.017343032353139,0.0372875195592475,0.018725,-0.18095,-0.0771749999999999,-0.7412109375,0.6767578125,0.90234375,456.8809418036429,1.1023483823702669,34.086666666666666,1.8534809140860744,35.06,1.754113095463902,0.0,0.0,20.013034035244704,16.99898270867744,Good,10,6,2025-10-12 10:00:00+00:00,Normal
2025-10-12 10:39:34+00:00,459.59573522878713,21,33,33,25.5,73,1009.89,28.01,-0.1176798,-0.0392266,8.9828914,-0.09625,0.105,0.7175,-70.8984375,-33.30078125,270.703125,classroom_window_closed,run_1,0,2299,0,False,False,False,0,0,0,0,0,0,459.59573522878713,33.0,33.0,21.0,0.0416232776475337,-0.0607006132359867,0.1240026813249431,-0.0250249999999999,-0.0321999999999999,0.6228250000000001,0.3330078125,0.6767578125,11.64453125,456.9089293647267,1.1176225051016766,34.07333333333333,1.854060179683512,35.03333333333333,1.7548271551691683,0.0,0.0,20.30154114782723,17.287896650184116,Good,10,6,2025-10-12 10:00:00+00:00,Normal
2025-10-12 10:39:39+00:00,459.59573522878713,20,32,33,25.1,73,1009.83,28.51,-0.2353596,0.0,8.7867584,0.0175,0.06125,0.25375,-71.97265625,-33.837890625,267.48046875,classroom_window_closed,run_1,0,2299,0,False,False,False,0,0,0,0,0,0,459.59573522878713,32.0,33.0,20.0,-0.0884494650010092,-0.017343032353139,-0.0927852230892948,0.088725,-0.0759499999999999,0.159075,-0.7412109375,0.1396484375,8.421875,456.9369169258108,1.1319942802030136,34.04666666666667,1.854928738900263,35.00666666666667,1.7551330918259378,0.0,-5.0,19.91686222627581,16.90360897960424,Good,10,6,2025-10-12 10:00:00+00:00,Normal
2025-10-12 10:39:45+00:00,459.59573522878713,21,33,36,25.7,73,1009.84,28.43,-0.1176798,0.0,8.7867584,0.0,0.0875,-0.02625,-71.97265625,-33.837890625,267.48046875,classroom_window_closed,run_1,0,2299,0,False,False,False,0,0,0,0,0,0,459.59573522878713,33.0,36.0,21.0,0.0416232776475337,-0.017343032353139,-0.0927852230892948,0.071225,-0.0496999999999999,-0.1209249999999999,-0.7412109375,0.1396484375,8.421875,456.9649044868947,1.1454976715917506,34.04666666666667,1.854928738900263,35.013333333333335,1.7570057914618635,0.0,5.0,20.493872294578285,17.482852011125654,Good,10,6,2025-10-12 10:00:00+00:00,Normal
2025-10-12 10:39:50+00:00,459.59573522878713,21,33,34,25.3,73,1009.83,28.51,-0.1176798,0.0,8.8652116,-0.18375,-0.00875,-0.09625,-71.435546875,-34.375,264.2578125,classroom_window_closed,run_1,0,2299,0,False,False,False,0,0,0,0,0,0,459.59573522878713,33.0,34.0,21.0,0.0416232776475337,-0.017343032353139,-0.0060700613235992,-0.1125249999999999,-0.14595,-0.1909249999999999,-0.2041015625,-0.3974609375,5.19921875,456.9928920479786,1.1581630539518586,34.04,1.8568935594899016,35.013333333333335,1.7570057914618635,0.0,0.0,20.10920445847294,17.094820649222385,Good,10,6,2025-10-12 10:00:00+00:00,Normal
2025-10-12 10:39:55+00:00,459.59573522878713,20,32,33,25.2,73,1009.86,28.26,-0.1569064,0.0392266,8.9828914,-0.13125,0.39375,-0.525,-71.435546875,-32.763671875,260.498046875,classroom_window_closed,run_1,0,2299,0,False,False,False,0,0,0,0,0,0,459.59573522878713,32.0,33.0,20.0,-0.0017343032353138,0.0260145485297086,0.1240026813249431,-0.0600249999999999,0.25655,-0.619675,-0.2041015625,1.2138671875,1.439453125,457.0208796090626,1.1700176418171055,34.026666666666664,1.864348192652085,35.00666666666667,1.7627642518517244,0.0,-5.0,20.013034035244704,16.99898270867744,Good,10,6,2025-10-12 10:00:00+00:00,Normal
2025-10-12 10:40:01+00:00,459.59573522878713,21,34,34,25.5,73,1009.83,28.51,-0.196133,0.0392266,8.9436648,-0.20125,0.04375,0.4025,-71.435546875,-32.763671875,260.498046875,classroom_window_closed,run_1,0,2299,0,False,False,False,0,0,0,0,0,0,459.59573522878713,34.0,34.0,21.0,-0.0450918841181615,0.0260145485297086,0.0806451004420963,-0.130025,-0.0934499999999999,0.307825,-0.2041015625,1.2138671875,1.439453125,457.04886717014654,1.1810858493329843,34.03333333333333,1.8624392847782625,34.99333333333333,1.7627642518517248,0.0,10.0,20.30154114782723,17.287896650184116,Good,10,6,2025-10-12 10:00:00+00:00,Normal
2025-10-12 10:40:06+00:00,459.59573522878713,20,35,35,25.2,73,1009.94,27.59,-0.1176798,0.0,8.825985,-0.105,0.30625,-0.0875,-71.97265625,-33.837890625,266.40625,classroom_window_closed,run_1,0,2299,0,False,False,False,0,0,0,0,0,0,459.59573522878713,35.0,35.0,20.0,0.0416232776475337,-0.017343032353139,-0.049427642206448,-0.0337749999999999,0.16905,-0.1821749999999999,-0.7412109375,0.1396484375,7.34765625,457.0768547312305,1.1913895935138783,34.04,1.8641081859320745,34.98,1.7550311188659955,0.0,5.0,20.013034035244704,16.99898270867744,Good,10,6,2025-10-12 10:00:00+00:00,Normal
2025-10-12 10:40:11+00:00,459.59573522878713,20,35,35,25.5,73,1009.89,28.01,0.0392266,0.0,8.8652116,-0.14875,-0.00875,0.09625,-71.435546875,-35.986328125,260.498046875,classroom_window_closed,run_1,0,2299,0,False,False,False,0,0,0,0,0,0,459.59573522878713,35.0,35.0,20.0,0.2150536011789244,-0.017343032353139,-0.0060700613235992,-0.0775249999999999,-0.14595,0.001575,-0.2041015625,-2.0087890625,1.439453125,457.10484229231446,1.2009485510540834,34.04666666666667,1.865751613364962,34.96666666666667,1.747161328250838,0.0,0.0,20.30154114782723,17.287896650184116,Good,10,6,2025-10-12 10:00:00+00:00,Normal
2025-10-12 10:40:17+00:00,459.59573522878713,21,34,34,25.7,73,1009.75,29.18,-0.196133,0.0392266,8.825985,-0.14,0.06125,-0.30625,-71.435546875,-35.986328125,260.498046875,classroom_window_closed,run_1,0,2299,0,False,False,False,0,0,0,0,0,0,459.59573522878713,34.0,34.0,21.0,-0.0450918841181615,0.0260145485297086,-0.049427642206448,-0.068775,-0.0759499999999999,-0.400925,-0.2041015625,-2.0087890625,1.439453125,457.1328298533985,1.2097803766518251,34.053333333333335,1.8637721246006416,34.95333333333333,1.7468539954535065,0.0,-5.0,20.493872294578285,17.482852011125654,Good,10,6,2025-10-12 10:00:00+00:00,Normal
2025-10-12 10:40:22+00:00,459.59573522878713,21,34,34,25.5,73,1009.83,28.51,-0.1569064,0.0392266,8.9044382,-0.13125,0.0175,0.18375,-69.82421875,-33.30078125,261.572265625,classroom_window_closed,run_1,0,2299,0,False,False,False,0,0,0,0,0,0,459.59573522878713,34.0,34.0,21.0,-0.0017343032353138,0.0260145485297086,0.0372875195592475,-0.0600249999999999,-0.1196999999999999,0.089075,1.4072265625,0.6767578125,2.513671875,457.1608174144824,1.2179008891908865,34.06,1.8617664989585043,34.94,1.7464441342608337,0.0,0.0,20.30154114782723,17.287896650184116,Good,10,6,2025-10-12 10:00:00+00:00,Normal
2025-10-12 10:40:27+00:00,459.59573522878713,21,34,34,25.6,73,1009.79,28.85,-0.196133,-0.0784532,8.825985,-0.105,-0.0175,0.5425000000000001,-71.435546875,-32.763671875,264.2578125,classroom_window_closed,run_1,0,2299,0,False,False,False,0,0,0,0,0,0,459.59573522878713,34.0,34.0,21.0,-0.0450918841181615,-0.1040581941188344,-0.049427642206448,-0.0337749999999999,-0.1547,0.4478250000000001,-0.2041015625,1.2138671875,5.19921875,457.1888049755664,1.2253242308708594,34.06666666666667,1.8597346518768243,34.93333333333333,1.748121394993272,0.0,0.0,20.39770741401319,17.385138467754402,Good,10,6,2025-10-12 10:00:00+00:00,Normal
2025-10-12 10:40:33+00:00,459.59573522878713,20,33,33,25.2,73,1009.84,28.43,-0.1176798,0.0784532,8.825985,-0.02625,0.2275,0.245,-71.435546875,-33.837890625,269.091796875,classroom_window_closed,run_1,0,2299,0,False,False,False,0,0,0,0,0,0,459.59573522878713,33.0,33.0,20.0,0.0416232776475337,0.0693721294125562,-0.049427642206448,0.044975,0.0903,0.150325,-0.2041015625,0.1396484375,10.033203125,457.2167925366503,1.2320630033946178,34.06,1.8617664989585043,34.913333333333334,1.752990413978068,0.0,-5.0,20.013034035244704,16.99898270867744,Good,10,6,2025-10-12 10:00:00+00:00,Normal
2025-10-12 10:40:38+00:00,459.59573522878713,21,33,33,25.4,73,1009.81,28.68,-0.0784532,0.0,8.8652116,0.07,0.27125,0.245,-71.435546875,-33.837890625,269.091796875,classroom_window_closed,run_1,0,2299,0,False,False,False,0,0,0,0,0,0,459.59573522878713,33.0,33.0,21.0,0.0849808585303814,-0.017343032353139,-0.0060700613235992,0.141225,0.13405,0.150325,-0.2041015625,0.1396484375,10.033203125,457.2447800977343,1.238128384544776,34.06,1.8617664989585043,34.9,1.7599191561664782,0.0,0.0,20.205373495990465,17.191124671161827,Good,10,6,2025-10-12 10:00:00+00:00,Normal
2025-10-12 10:40:43+00:00,459.59573522878713,21,32,33,25.5,73,1009.85,28.35,-0.1569064,0.0392266,8.7867584,0.02625,-0.0175,0.04375,-71.97265625,-33.30078125,262.646484375,classroom_window_closed,run_1,0,2299,0,False,False,False,0,0,0,0,0,0,459.59573522878713,32.0,33.0,21.0,-0.0017343032353138,0.0260145485297086,-0.0927852230892948,0.097475,-0.1547,-0.0509249999999999,-0.7412109375,0.6767578125,3.587890625,457.2727676588182,1.243530227861124,34.053333333333335,1.867369634333368,34.88666666666666,1.7667194285313128,0.0,-5.0,20.30154114782723,17.287896650184116,Good,10,6,2025-10-12 10:00:00+00:00,Normal
2025-10-12 10:40:49+00:00,459.59573522878713,20,31,32,25.2,73,1009.85,28.35,-0.1176798,0.0,8.9436648,-0.06125,0.0525,0.1225,-70.8984375,-33.837890625,248.681640625,classroom_window_closed,run_1,0,2299,0,False,False,False,0,0,0,0,0,0,459.59573522878713,31.0,32.0,20.0,0.0416232776475337,-0.017343032353139,0.0806451004420963,0.009975,-0.0847,0.027825,0.3330078125,0.1396484375,-10.376953125,457.3007552199022,1.2482771476320522,34.04,1.8820237572407796,34.873333333333335,1.7809456302222502,0.0,-5.0,20.013034035244704,16.99898270867744,Good,10,6,2025-10-12 10:00:00+00:00,Normal
2025-10-12 10:40:54+00:00,459.59573522878713,20,32,32,25.5,73,1009.84,28.43,-0.2353596,0.0392266,8.9044382,-0.07,0.28,0.245,-70.8984375,-33.837890625,248.681640625,classroom_window_closed,run_1,0,2299,0,False,False,False,0,0,0,0,0,0,459.59573522878713,32.0,32.0,20.0,-0.0884494650010092,0.0260145485297086,0.0372875195592475,0.001225,0.1428,0.150325,0.3330078125,0.1396484375,-10.376953125,457.32874278098615,1.2523765910075435,34.03333333333333,1.8874956479496825,34.85333333333333,1.796292478041032,0.0,5.0,20.30154114782723,17.287896650184116,Good,10,6,2025-10-12 10:00:00+00:00,Normal
2025-10-12 10:40:59+00:00,459.59573522878713,21,33,33,25.3,73,1009.85,28.35,-0.1569064,0.0392266,8.825985,-0.06125,0.0525,-0.00875,-71.97265625,-32.2265625,259.9609375,classroom_window_closed,run_1,0,2299,0,False,False,False,0,0,0,0,0,0,459.59573522878713,33.0,33.0,21.0,-0.0017343032353138,0.0260145485297086,-0.049427642206448,0.009975,-0.0847,-0.1034249999999999,-0.7412109375,1.7509765625,0.90234375,457.35673034207014,1.2558348987084773,34.013333333333335,1.882404098528396,34.82666666666667,1.793899680205097,0.0,5.0,20.10920445847294,17.094820649222385,Good,10,6,2025-10-12 10:00:00+00:00,Normal
2025-10-12 10:41:05+00:00,459.59573522878713,21,34,34,25.5,73,1009.86,28.26,-0.2353596,0.0,8.8652116,-0.04375,0.1575,-0.13125,-71.435546875,-33.30078125,262.109375,classroom_window_closed,run_1,0,2299,0,False,False,False,0,0,0,0,0,0,459.59573522878713,34.0,34.0,21.0,-0.0884494650010092,-0.017343032353139,-0.0060700613235992,0.027475,0.0203,-0.225925,-0.2041015625,0.6767578125,3.05078125,457.3847179031542,1.2586573555307965,34.0,1.8753075810356643,34.806666666666665,1.7862136725813242,0.0,5.0,20.30154114782723,17.287896650184116,Good,10,6,2025-10-12 10:00:00+00:00,Normal
2025-10-12 10:41:10+00:00,459.59573522878713,21,36,36,25.2,73,1009.84,28.43,-0.1569064,0.0,8.7867584,0.0525,0.28875,-0.035,-71.435546875,-33.30078125,262.109375,classroom_window_closed,run_1,0,2299,0,False,False,False,0,0,0,0,0,0,459.59573522878713,36.0,36.0,21.0,-0.0017343032353138,-0.017343032353139,-0.0927852230892948,0.123725,0.15155,-0.1296749999999999,-0.2041015625,0.6767578125,3.05078125,457.41270546423806,1.2608482316110117,34.0,1.8753075810356643,34.806666666666665,1.7862136725813242,0.0,10.0,20.013034035244704,16.99898270867744,Good,10,6,2025-10-12 10:00:00+00:00,Normal
2025-10-12 10:41:15+00:00,459.59573522878713,20,35,35,25.4,73,1009.86,28.26,-0.1569064,0.0,8.825985,-0.09625,0.13125,0.09625,-70.8984375,-32.763671875,261.572265625,classroom_window_closed,run_1,0,2299,0,False,False,False,0,0,0,0,0,0,459.59573522878713,35.0,35.0,20.0,-0.0017343032353138,-0.017343032353139,-0.049427642206448,-0.0250249999999999,-0.0059499999999999,0.001575,0.3330078125,1.2138671875,2.513671875,457.4406930253221,1.2624108152216709,34.013333333333335,1.8752598626784,34.81333333333333,1.785048517629411,0.0,-5.0,20.205373495990465,17.191124671161827,Good,10,6,2025-10-12 10:00:00+00:00,Normal
2025-10-12 10:41:21+00:00,459.59573522878713,21,36,36,25.6,73,1009.84,28.43,-0.1569064,0.0392266,8.825985,-0.11375,0.14875,-0.25375,-71.435546875,-33.30078125,257.275390625,classroom_window_closed,run_1,0,2299,0,False,False,False,0,0,0,0,0,0,459.59573522878713,36.0,36.0,21.0,-0.0017343032353138,0.0260145485297086,-0.049427642206448,-0.0425249999999999,0.01155,-0.348425,-0.2041015625,0.6767578125,-1.783203125,457.468680586406,1.2633474376939478,34.04666666666667,1.8657516133649623,34.833333333333336,1.781397787149958,0.0,5.0,20.39770741401319,17.385138467754402,Good,10,6,2025-10-12 10:00:00+00:00,Normal
2025-10-12 10:41:26+00:00,459.59573522878713,23,38,38,25.4,73,1009.86,28.26,-0.196133,0.0392266,8.825985,-0.02625,0.37625,0.42,-71.435546875,-33.30078125,257.275390625,classroom_window_closed,run_1,0,2299,0,False,False,False,0,0,0,0,0,0,459.59573522878713,38.0,38.0,23.0,-0.0450918841181615,0.0260145485297086,-0.049427642206448,0.044975,0.2390499999999999,0.325325,-0.2041015625,0.6767578125,-1.783203125,457.49666814749,1.2636594909129095,34.086666666666666,1.8857881291409349,34.86,1.79869453032552,0.0,10.0,20.205373495990465,17.191124671161827,Good,10,6,2025-10-12 10:00:00+00:00,Normal
2025-10-12 10:41:31+00:00,459.59573522878713,21,36,37,25.6,73,1009.89,28.01,-0.196133,0.0392266,8.8652116,-0.07875,0.21875,0.20125,-70.8984375,-34.912109375,263.720703125,classroom_window_closed,run_1,0,2299,0,False,False,False,0,0,0,0,0,0,459.59573522878713,36.0,37.0,21.0,-0.0450918841181615,0.0260145485297086,-0.0060700613235992,-0.0075249999999999,0.08155,0.106575,0.3330078125,-0.9345703125,4.662109375,457.5246557085739,1.2633474376939524,34.11333333333334,1.884364014858088,34.88,1.805732854256055,0.0,-10.0,20.39770741401319,17.385138467754402,Good,10,6,2025-10-12 10:00:00+00:00,Normal
2025-10-12 10:41:37+00:00,459.59573522878713,21,36,37,25.4,73,1009.87,28.18,-0.196133,0.0,8.9828914,0.0525,0.34125,0.48125,-70.8984375,-33.30078125,262.109375,classroom_window_closed,run_1,0,2299,0,False,False,False,0,0,0,0,0,0,459.59573522878713,36.0,37.0,21.0,-0.0450918841181615,-0.017343032353139,0.1240026813249431,0.123725,0.20405,0.386575,0.3330078125,0.6767578125,3.05078125,457.5526432696579,1.2624108152216795,34.14,1.8825585902270112,34.9,1.8125216962367587,0.0,0.0,20.205373495990465,17.191124671161827,Good,10,6,2025-10-12 10:00:00+00:00,Normal
2025-10-12 10:41:42+00:00,459.59573522878713,21,36,37,25.2,73,1009.8,28.76,-0.1569064,0.0,8.8652116,-0.06125,-0.0525,0.41125,-70.8984375,-33.30078125,262.109375,classroom_window_closed,run_1,0,2299,0,False,False,False,0,0,0,0,0,0,459.59573522878713,36.0,37.0,21.0,-0.0017343032353138,-0.017343032353139,-0.0060700613235992,0.009975,-0.1896999999999999,0.316575,0.3330078125,0.6767578125,3.05078125,457.5806308307418,1.260848231611024,34.166666666666664,1.8803707569107544,34.92,1.81906384950906,0.0,0.0,20.013034035244704,16.99898270867744,Good,10,6,2025-10-12 10:00:00+00:00,Normal
2025-10-12 10:41:47+00:00,459.59573522878713,21,36,38,25.0,73,1009.83,28.51,-0.1176798,0.0,8.825985,-0.3675,0.07875,-0.02625,-71.97265625,-34.375,285.205078125,classroom_window_closed,run_1,0,2299,0,False,False,False,0,0,0,0,0,0,459.59573522878713,36.0,38.0,21.0,0.0416232776475337,-0.017343032353139,-0.049427642206448,-0.2962749999999999,-0.0584499999999999,-0.1209249999999999,-0.7412109375,-0.3974609375,26.146484375,457.60861839182576,1.2586573555308127,34.2,1.8681362064651443,34.95333333333333,1.8294263841036889,0.0,0.0,19.820689031536304,16.80869759783463,Good,10,6,2025-10-12 10:00:00+00:00,Normal
2025-10-12 10:41:53+00:00,459.59573522878713,21,37,38,25.5,73,1009.84,28.43,-0.1569064,0.0392266,8.9044382,-0.18375,-0.00875,-0.0875,-69.82421875,-34.912109375,255.6640625,classroom_window_closed,run_1,0,2299,0,False,False,False,0,0,0,0,0,0,459.59573522878713,37.0,38.0,21.0,-0.0017343032353138,0.0260145485297086,0.0372875195592475,-0.1125249999999999,-0.14595,-0.1821749999999999,1.4072265625,-0.9345703125,-3.39453125,457.63660595290986,1.2558348987084975,34.24,1.863387980293052,34.986666666666665,1.839122444170956,0.0,5.0,20.30154114782723,17.287896650184116,Good,10,6,2025-10-12 10:00:00+00:00,Normal
2025-10-12 10:41:58+00:00,459.59573522878713,20,37,39,25.3,73,1009.81,28.68,-0.1569064,0.0,8.8652116,0.0525,0.105,-0.0875,-70.8984375,-32.2265625,237.40234375,classroom_window_closed,run_1,0,2299,0,False,False,False,0,0,0,0,0,0,459.59573522878713,37.0,39.0,20.0,-0.0017343032353138,-0.017343032353139,-0.0060700613235992,0.123725,-0.0321999999999999,-0.1821749999999999,0.3330078125,1.7509765625,-21.65625,457.6645935139937,1.2523765910075677,34.266666666666666,1.8741142576052392,35.026666666666664,1.8607448413614764,0.0,0.0,20.10920445847294,17.094820649222385,Good,10,6,2025-10-12 10:00:00+00:00,Normal
2025-10-12 10:42:03+00:00,459.59573522878713,21,39,40,25.6,73,1009.8,28.76,-0.0784532,0.0,8.8652116,-0.09625,0.09625,-0.07875,-70.8984375,-32.2265625,237.40234375,classroom_window_closed,run_1,0,2299,0,False,False,False,0,0,0,0,0,0,459.59573522878713,39.0,40.0,21.0,0.0849808585303814,-0.017343032353139,-0.0060700613235992,-0.0250249999999999,-0.0409499999999999,-0.173425,0.3330078125,1.7509765625,-21.65625,457.6832518880497,1.2601878923455232,34.306666666666665,1.9105734290365424,35.07333333333333,1.8970010478098307,0.0,10.0,20.39770741401319,17.385138467754402,Good,10,6,2025-10-12 10:00:00+00:00,Normal
2025-10-12 10:42:09+00:00,459.59573522878713,21,38,40,25.4,73,1009.86,28.26,-0.1176798,0.0,8.825985,-0.02625,0.37625,0.23625,-73.046875,-34.375,258.349609375,classroom_window_closed,run_1,0,2299,0,False,False,False,0,0,0,0,0,0,459.59573522878713,38.0,40.0,21.0,0.0416232776475337,-0.017343032353139,-0.049427642206448,0.044975,0.2390499999999999,0.141575,-1.8154296875,-0.3974609375,-0.708984375,457.7112394491336,1.2556953537446056,34.346666666666664,1.9247127099024215,35.126666666666665,1.9223051970729317,0.0,-5.0,20.205373495990465,17.191124671161827,Good,10,6,2025-10-12 10:00:00+00:00,Normal
2025-10-12 10:42:14+00:00,459.59573522878713,21,37,38,25.5,73,1009.84,28.43,-0.2353596,-0.0392266,8.7867584,-0.07875,0.14875,-0.21,-70.8984375,-33.30078125,257.8125,classroom_window_closed,run_1,0,2299,0,False,False,False,0,0,0,0,0,0,459.59573522878713,37.0,38.0,21.0,-0.0884494650010092,-0.0607006132359867,-0.0927852230892948,-0.0075249999999999,0.01155,-0.304675,0.3330078125,0.6767578125,-1.24609375,457.7392270102176,1.2505562752329529,34.39333333333333,1.9033586233857716,35.166666666666664,1.919230364014879,0.0,-5.0,20.30154114782723,17.287896650184116,Good,10,6,2025-10-12 10:00:00+00:00,Normal
2025-10-12 10:42:20+00:00,459.59573522878713,20,36,37,25.2,73,1009.79,28.85,-0.196133,0.0,8.9044382,-0.21875,0.07875,-0.02625,-70.8984375,-33.30078125,257.8125,classroom_window_closed,run_1,0,2299,0,False,False,False,0,0,0,0,0,0,459.59573522878713,36.0,37.0,20.0,-0.0450918841181615,-0.017343032353139,0.0372875195592475,-0.147525,-0.0584499999999999,-0.1209249999999999,0.3330078125,0.6767578125,-1.24609375,457.7672145713016,1.2447626489979664,34.42,1.897614185580256,35.18666666666667,1.9226193914513785,0.0,-5.0,20.013034035244704,16.99898270867744,Good,10,6,2025-10-12 10:00:00+00:00,Normal
2025-10-12 10:42:25+00:00,459.59573522878713,22,38,38,25.6,73,1009.83,28.51,-0.196133,0.0392266,8.8652116,-0.23625,0.0175,0.13125,-71.435546875,-33.837890625,253.515625,classroom_window_closed,run_1,0,2299,0,False,False,False,0,0,0,0,0,0,459.59573522878713,38.0,38.0,22.0,-0.0450918841181615,0.0260145485297086,-0.0060700613235992,-0.1650249999999999,-0.1196999999999999,0.036575,-0.2041015625,0.1396484375,-5.54296875,457.79520213238567,1.2383052878283058,34.45333333333333,1.9163257161973464,35.21333333333333,1.933757571289404,0.0,10.0,20.39770741401319,17.385138467754402,Good,10,6,2025-10-12 10:00:00+00:00,Normal
2025-10-12 10:42:30+00:00,459.59573522878713,20,36,37,25.8,73,1009.88,28.1,-0.1176798,0.0,8.8652116,0.21875,0.11375,0.5775,-72.509765625,-34.912109375,258.88671875,classroom_window_closed,run_1,0,2299,0,False,False,False,0,0,0,0,0,0,459.59573522878713,36.0,37.0,20.0,0.0416232776475337,-0.017343032353139,-0.0060700613235992,0.289975,-0.0234499999999999,0.482825,-1.2783203125,-0.9345703125,-0.171875,457.8231896934695,1.2311737481338054,34.48,1.9097770346686136,35.24,1.930608277758004,0.0,-10.0,20.590035789552463,17.581039173349833,Good,10,6,2025-10-12 10:00:00+00:00,Normal
2025-10-12 10:42:36+00:00,459.59573522878713,21,36,38,25.4,73,1009.8,28.76,-0.1569064,0.0,8.825985,-0.035,-0.0525,0.02625,-72.509765625,-34.912109375,258.88671875,classroom_window_closed,run_1,0,2299,0,False,False,False,0,0,0,0,0,0,459.59573522878713,36.0,38.0,21.0,-0.0017343032353138,-0.017343032353139,-0.049427642206448,0.036225,-0.1896999999999999,-0.0684249999999999,-1.2783203125,-0.9345703125,-0.171875,457.8511772545535,1.2233562396257822,34.5,1.9098824588731649,35.266666666666666,1.940963113406933,0.0,0.0,20.205373495990465,17.191124671161827,Good,10,6,2025-10-12 10:00:00+00:00,Normal
2025-10-12 10:42:41+00:00,459.59573522878713,21,36,37,25.2,73,1009.86,28.26,-0.1569064,0.0392266,8.9044382,-0.16625,0.07,-0.035,-70.361328125,-35.44921875,261.572265625,classroom_window_closed,run_1,0,2299,0,False,False,False,0,0,0,0,0,0,459.59573522878713,36.0,37.0,21.0,-0.0017343032353138,0.0260145485297086,0.0372875195592475,-0.095025,-0.0671999999999999,-0.1296749999999999,0.8701171875,-1.4716796875,2.513671875,457.87916481563747,1.214839519721027,34.513333333333335,1.9133465066699569,35.28666666666667,1.9432784402130685,0.0,0.0,20.013034035244704,16.99898270867744,Good,10,6,2025-10-12 10:00:00+00:00,Normal
2025-10-12 10:42:46+00:00,459.59573522878713,20,35,37,0.0,0,1009.8,28.76,-0.2353596,0.0,8.8652116,-0.14,0.21875,-0.105,-71.435546875,-33.837890625,254.58984375,classroom_window_closed,run_1,0,2299,0,False,False,False,0,0,0,0,0,0,459.59573522878713,35.0,37.0,20.0,-0.0884494650010092,-0.017343032353139,-0.0060700613235992,-0.068775,0.08155,-0.199675,-0.2041015625,0.1396484375,-4.46875,457.8978231896933,1.2195903471343503,34.52,1.9132880444249885,35.306666666666665,1.9453840278104528,0.0,-5.0,-96.07763018544566,0.0,Good,10,6,2025-10-12 10:00:00+00:00,Normal
2025-10-12 10:42:52+00:00,459.59573522878713,20,35,36,25.5,73,1009.86,28.26,-0.196133,0.0,8.825985,0.14,0.035,0.1225,-71.435546875,-33.837890625,254.58984375,classroom_window_closed,run_1,0,2299,0,False,False,False,0,0,0,0,0,0,459.59573522878713,35.0,36.0,20.0,-0.0450918841181615,-0.017343032353139,-0.049427642206448,0.211225,-0.1021999999999999,0.027825,-0.2041015625,0.1396484375,-4.46875,457.92581075077743,1.2099614245834254,34.53333333333333,1.909589599489573,35.31333333333333,1.9460394012533475,0.0,0.0,20.30154114782723,17.287896650184116,Good,10,6,2025-10-12 10:00:00+00:00,Normal
2025-10-12 10:42:57+00:00,459.59573522878713,21,36,36,25.2,73,1009.78,28.93,-0.1176798,0.0,8.825985,-0.245,0.18375,0.175,-71.97265625,-33.30078125,256.73828125,classroom_window_closed,run_1,0,2299,0,False,False,False,0,0,0,0,0,0,459.59573522878713,36.0,36.0,21.0,0.0416232776475337,-0.017343032353139,-0.049427642206448,-0.1737749999999999,0.04655,0.080325,-0.7412109375,0.6767578125,-2.3203125,457.95379831186136,1.1995980834612106,34.54666666666667,1.9128202821403115,35.31333333333333,1.9460394012533475,0.0,5.0,20.013034035244704,16.99898270867744,Good,10,6,2025-10-12 10:00:00+00:00,Normal
2025-10-12 10:43:02+00:00,459.59573522878713,21,34,34,25.7,73,1009.84,28.43,-0.2353596,0.0,8.9828914,-0.13125,0.245,0.07875,-70.361328125,-32.2265625,259.9609375,classroom_window_closed,run_1,0,2299,0,False,False,False,0,0,0,0,0,0,459.59573522878713,34.0,34.0,21.0,-0.0884494650010092,-0.017343032353139,0.1240026813249431,-0.0600249999999999,0.1078,-0.0159249999999999,0.8701171875,1.7509765625,0.90234375,457.98178587294535,1.1884811119302057,34.53333333333333,1.909589599489573,35.3,1.94815348815818,0.0,-10.0,20.493872294578285,17.482852011125654,Good,10,6,2025-10-12 10:00:00+00:00,Normal
2025-10-12 10:43:08+00:00,459.59573522878713,21,34,34,25.4,73,1009.81,28.68,-0.2353596,0.0,8.8652116,-0.20125,0.25375,0.105,-70.361328125,-32.2265625,259.9609375,classroom_window_closed,run_1,0,2299,0,False,False,False,0,0,0,0,0,0,459.59573522878713,34.0,34.0,21.0,-0.0884494650010092,-0.017343032353139,-0.0060700613235992,-0.130025,0.1165499999999999,0.010325,0.8701171875,1.7509765625,0.90234375,458.0097734340293,1.1765891482132145,34.513333333333335,1.899263957278804,35.28,1.94598192118631,0.0,0.0,20.205373495990465,17.191124671161827,Good,10,6,2025-10-12 10:00:00+00:00,Normal
2025-10-12 10:43:13+00:00,459.59573522878713,20,33,33,25.2,73,1009.84,28.43,-0.196133,0.0392266,8.7867584,-0.02625,0.06125,-0.25375,-69.82421875,-32.763671875,255.6640625,classroom_window_closed,run_1,0,2299,0,False,False,False,0,0,0,0,0,0,459.59573522878713,33.0,33.0,20.0,-0.0450918841181615,0.0260145485297086,-0.0927852230892948,0.044975,-0.0759499999999999,-0.348425,1.4072265625,1.2138671875,-3.39453125,458.0377609951133,1.1638984374413983,34.486666666666665,1.8921833795471423,35.25333333333333,1.9496572290949097,0.0,-5.0,20.013034035244704,16.99898270867744,Good,10,6,2025-10-12 10:00:00+00:00,Normal
2025-10-12 10:43:18+00:00,459.59573522878713,20,33,35,25.7,73,1009.77,29.01,-0.1569064,0.0784532,8.7867584,0.035,0.30625,-0.18375,-72.509765625,-32.763671875,257.8125,classroom_window_closed,run_1,0,2299,0,False,False,False,0,0,0,0,0,0,459.59573522878713,33.0,35.0,20.0,-0.0017343032353138,0.0693721294125562,-0.0927852230892948,0.106225,0.16905,-0.278425,-1.2783203125,1.2138671875,-1.24609375,458.05641936916913,1.166304897980353,34.46,1.8846964044409755,35.24,1.9444638328638335,0.0,0.0,20.493872294578285,17.482852011125654,Good,10,6,2025-10-12 10:00:00+00:00,Normal
2025-10-12 10:43:24+00:00,459.59573522878713,21,34,37,25.3,73,1009.81,28.68,-0.1569064,0.0,8.825985,-0.0175,0.07875,0.28,-72.509765625,-32.763671875,257.8125,classroom_window_closed,run_1,0,2299,0,False,False,False,0,0,0,0,0,0,459.59573522878713,34.0,37.0,21.0,-0.0017343032353138,-0.017343032353139,-0.049427642206448,0.053725,-0.0584499999999999,0.185325,-1.2783203125,1.2138671875,-1.24609375,458.0750777432253,1.1684064851885196,34.446666666666665,1.8807990115108555,35.24,1.9444638328638335,0.0,5.0,20.10920445847294,17.094820649222385,Good,10,6,2025-10-12 10:00:00+00:00,Normal
2025-10-12 10:43:29+00:00,459.59573522878713,20,33,36,25.9,73,1009.81,28.68,-0.1569064,-0.0392266,8.9044382,-0.07,-0.04375,0.0875,-72.509765625,-33.837890625,264.2578125,classroom_window_closed,run_1,0,2299,0,False,False,False,0,0,0,0,0,0,459.59573522878713,33.0,36.0,20.0,-0.0017343032353138,-0.0607006132359867,0.0372875195592475,0.001225,-0.18095,-0.0071749999999999,-1.2783203125,0.1396484375,5.19921875,458.0937361172812,1.1702048416458617,34.43333333333333,1.8839365706512312,35.24666666666667,1.9453495283552795,0.0,-5.0,20.686197898965684,17.679701853288954,Good,10,6,2025-10-12 10:00:00+00:00,Normal
2025-10-12 10:43:34+00:00,459.59573522878713,21,34,37,25.3,73,1009.85,28.35,-0.196133,-0.0392266,8.8652116,0.28875,0.035,0.1225,-72.509765625,-31.689453125,258.349609375,classroom_window_closed,run_1,0,2299,0,False,False,False,0,0,0,0,0,0,459.59573522878713,34.0,37.0,21.0,-0.0450918841181615,-0.0607006132359867,-0.0060700613235992,0.359975,-0.1021999999999999,0.027825,-1.2783203125,2.2880859375,-0.708984375,458.11239449133706,1.1717013635715532,34.42,1.8798472021299195,35.25333333333333,1.9496572290949097,0.0,5.0,20.10920445847294,17.094820649222385,Good,10,6,2025-10-12 10:00:00+00:00,Normal
2025-10-12 10:43:40+00:00,459.59573522878713,21,34,37,25.2,73,1009.85,28.35,-0.1569064,0.0,8.9044382,-0.2975,0.1925,0.1225,-71.97265625,-33.30078125,288.96484375,classroom_window_closed,run_1,0,2299,0,False,False,False,0,0,0,0,0,0,459.59573522878713,34.0,37.0,21.0,-0.0017343032353138,-0.017343032353139,0.0372875195592475,-0.2262749999999999,0.0553,0.027825,-0.7412109375,0.6767578125,29.90625,458.1310528653931,1.1728972063154783,34.406666666666666,1.8756535028196977,35.26,1.9539325344016767,0.0,0.0,20.013034035244704,16.99898270867744,Good,10,6,2025-10-12 10:00:00+00:00,Normal
2025-10-12 10:43:45+00:00,459.59573522878713,21,34,37,25.0,73,1009.79,28.85,-0.1569064,0.0,8.825985,-0.30625,0.14875,0.16625,-71.97265625,-33.30078125,288.96484375,classroom_window_closed,run_1,0,2299,0,False,False,False,0,0,0,0,0,0,459.59573522878713,34.0,37.0,21.0,-0.0017343032353138,-0.017343032353139,-0.049427642206448,-0.235025,0.01155,0.071575,-0.7412109375,0.6767578125,29.90625,458.1497112394491,1.1737932888601244,34.39333333333333,1.871354771305928,35.266666666666666,1.9581756564634507,0.0,0.0,19.820689031536304,16.80869759783463,Good,10,6,2025-10-12 10:00:00+00:00,Normal
2025-10-12 10:43:50+00:00,459.59573522878713,20,35,36,25.1,73,1009.81,28.68,-0.0392266,0.0392266,8.825985,0.00875,0.2625,0.34125,-71.97265625,-32.763671875,261.03515625,classroom_window_closed,run_1,0,2299,0,False,False,False,0,0,0,0,0,0,459.59573522878713,35.0,36.0,20.0,0.1283384394132291,0.0260145485297086,-0.049427642206448,0.079975,0.1253,0.246575,-0.7412109375,1.2138671875,1.9765625,458.1683696135051,1.1743902973742062,34.38666666666666,1.8673696343333852,35.266666666666666,1.9581756564634507,0.0,5.0,19.91686222627581,16.90360897960424,Good,10,6,2025-10-12 10:00:00+00:00,Normal
2025-10-12 10:43:56+00:00,459.59573522878713,20,35,35,25.2,73,1009.84,28.43,-0.196133,0.0,8.9436648,-0.18375,-0.035,0.06125,-72.509765625,-33.30078125,257.275390625,classroom_window_closed,run_1,0,2299,0,False,False,False,0,0,0,0,0,0,459.59573522878713,35.0,35.0,20.0,-0.0450918841181615,-0.017343032353139,0.0806451004420963,-0.1125249999999999,-0.1722,-0.0334249999999999,-1.2783203125,0.6767578125,-1.783203125,458.187027987561,1.174688687850309,34.38,1.863351962703967,35.26,1.957364342115516,0.0,0.0,20.013034035244704,16.99898270867744,Good,10,6,2025-10-12 10:00:00+00:00,Normal
2025-10-12 10:44:01+00:00,459.59573522878713,20,36,37,25.0,73,1009.77,29.01,-0.1569064,0.0,8.9044382,-0.37625,0.20125,0.04375,-72.509765625,-33.30078125,257.275390625,classroom_window_closed,run_1,0,2299,0,False,False,False,0,0,0,0,0,0,459.59573522878713,36.0,37.0,20.0,-0.0017343032353138,-0.017343032353139,0.0372875195592475,-0.305025,0.06405,-0.0509249999999999,-1.2783203125,0.6767578125,-1.783203125,458.20568636161704,1.174688687850309,34.38,1.863351962703967,35.266666666666666,1.961600040874289,0.0,5.0,19.820689031536304,16.80869759783463,Good,10,6,2025-10-12 10:00:00+00:00,Normal
2025-10-12 10:44:06+00:00,459.59573522878713,22,37,37,25.5,73,1009.79,28.85,-0.196133,0.0,8.8652116,0.035,0.0525,0.1575,-72.509765625,-33.30078125,259.9609375,classroom_window_closed,run_1,0,2299,0,False,False,False,0,0,0,0,0,0,459.59573522878713,37.0,37.0,22.0,-0.0450918841181615,-0.017343032353139,-0.0060700613235992,0.106225,-0.0847,0.062825,-1.2783203125,0.6767578125,0.90234375,458.22434473567296,1.1743902973742062,34.39333333333333,1.8749377320010947,35.28,1.966566182546532,0.0,5.0,20.30154114782723,17.287896650184116,Good,10,6,2025-10-12 10:00:00+00:00,Normal
2025-10-12 10:44:12+00:00,459.59573522878713,22,34,34,25.9,73,1009.84,28.43,-0.196133,0.0,8.8652116,0.02625,-0.04375,0.25375,-70.8984375,-33.837890625,257.275390625,classroom_window_closed,run_1,0,2299,0,False,False,False,0,0,0,0,0,0,459.59573522878713,34.0,34.0,22.0,-0.0450918841181615,-0.017343032353139,-0.0060700613235992,0.097475,-0.18095,0.159075,0.3330078125,0.1396484375,-1.783203125,458.24300310972905,1.1737932888601244,34.4,1.8717253283262385,35.27333333333333,1.9692149720800045,0.0,-15.0,20.686197898965684,17.679701853288954,Good,10,6,2025-10-12 10:00:00+00:00,Normal
2025-10-12 10:44:17+00:00,459.59573522878713,21,33,35,25.6,73,1009.81,28.68,-0.1176798,0.0,8.8652116,0.07875,0.0525,-0.0525,-70.8984375,-33.837890625,257.275390625,classroom_window_closed,run_1,0,2299,0,False,False,False,0,0,0,0,0,0,459.59573522878713,33.0,35.0,21.0,0.0416232776475337,-0.017343032353139,-0.0060700613235992,0.149975,-0.0847,-0.1471749999999999,0.3330078125,0.1396484375,-1.783203125,458.26166148378496,1.1728972063154783,34.39333333333333,1.8749377320010947,35.266666666666666,1.9684309380676543,0.0,-5.0,20.39770741401319,17.385138467754402,Good,10,6,2025-10-12 10:00:00+00:00,Normal
2025-10-12 10:44:22+00:00,459.59573522878713,22,36,37,25.8,73,1009.74,29.26,-0.196133,0.0,8.825985,-0.245,0.14,0.35,-73.583984375,-33.30078125,262.109375,classroom_window_closed,run_1,0,2299,0,False,False,False,0,0,0,0,0,0,459.59573522878713,36.0,37.0,22.0,-0.0450918841181615,-0.017343032353139,-0.049427642206448,-0.1737749999999999,0.0028,0.255325,-2.3525390625,0.6767578125,3.05078125,458.28031985784094,1.1717013635715532,34.406666666666666,1.8792282675161491,35.27333333333333,1.9726201928034697,0.0,15.0,20.590035789552463,17.581039173349833,Good,10,6,2025-10-12 10:00:00+00:00,Normal
2025-10-12 10:44:28+00:00,459.59573522878713,22,36,37,25.6,73,1009.79,28.85,-0.1176798,0.0,8.825985,-0.0875,-2.12625,-0.2975,-70.361328125,-33.837890625,260.498046875,classroom_window_closed,run_1,0,2299,0,False,False,False,0,0,0,0,0,0,459.59573522878713,36.0,37.0,22.0,0.0416232776475337,-0.017343032353139,-0.049427642206448,-0.0162749999999999,-2.26345,-0.3921749999999999,0.8701171875,0.1396484375,1.439453125,458.29897823189685,1.1702048416458617,34.42666666666667,1.8801208966791836,35.3,1.968715044432424,0.0,0.0,20.39770741401319,17.385138467754402,Good,10,6,2025-10-12 10:00:00+00:00,Normal
2025-10-12 10:44:33+00:00,459.59573522878713,21,35,36,25.5,73,1009.79,28.85,-0.196133,0.0392266,8.825985,0.21875,0.41125,-0.07,-70.361328125,-33.837890625,260.498046875,classroom_window_closed,run_1,0,2299,0,False,False,False,0,0,0,0,0,0,459.59573522878713,35.0,36.0,21.0,-0.0450918841181615,0.0260145485297086,-0.049427642206448,0.289975,0.27405,-0.164675,0.8701171875,0.1396484375,1.439453125,458.3176366059528,1.1684064851885196,34.446666666666665,1.8700632249537372,35.32666666666667,1.950724066798668,0.0,-5.0,20.30154114782723,17.287896650184116,Good,10,6,2025-10-12 10:00:00+00:00,Normal
2025-10-12 10:44:38+00:00,459.59573522878713,22,37,38,25.7,73,1009.84,28.43,-0.196133,0.0,8.8652116,-0.1225,0.105,-0.41125,-73.046875,-33.837890625,257.275390625,classroom_window_closed,run_1,0,2299,0,False,False,False,0,0,0,0,0,0,459.59573522878713,37.0,38.0,22.0,-0.0450918841181615,-0.017343032353139,-0.0060700613235992,-0.0512749999999999,-0.0321999999999999,-0.505925,-1.8154296875,0.1396484375,-1.783203125,458.33629498000886,1.166304897980353,34.48,1.8707210683146311,35.36666666666667,1.9435547128136836,0.0,10.0,20.493872294578285,17.482852011125654,Good,10,6,2025-10-12 10:00:00+00:00,Normal
2025-10-12 10:44:44+00:00,459.59573522878713,21,36,38,25.4,73,1009.77,29.01,-0.1176798,0.0392266,8.8652116,0.09625,0.21,0.27125,-71.97265625,-33.837890625,260.498046875,classroom_window_closed,run_1,0,2299,0,False,False,False,0,0,0,0,0,0,459.59573522878713,36.0,38.0,21.0,0.0416232776475337,0.0260145485297086,-0.0060700613235992,0.167475,0.0728,0.176575,-0.7412109375,0.1396484375,1.439453125,458.3549533540648,1.1638984374413983,34.5,1.8708286933869696,35.4,1.9455680145728425,0.0,-5.0,20.205373495990465,17.191124671161827,Good,10,6,2025-10-12 10:00:00+00:00,Normal
2025-10-12 10:44:49+00:00,459.59573522878713,22,37,40,25.5,73,1009.84,28.43,-0.1569064,0.0,8.9044382,-0.07,-0.06125,0.0175,-69.82421875,-33.837890625,284.66796875,classroom_window_closed,run_1,0,2299,0,False,False,False,0,0,0,0,0,0,459.59573522878713,37.0,40.0,22.0,-0.0017343032353138,-0.017343032353139,0.0372875195592475,0.001225,-0.19845,-0.0771749999999999,1.4072265625,0.1396484375,25.609375,458.3736117281208,1.1611852080987302,34.526666666666664,1.877799178270933,35.446666666666665,1.9713949909368425,0.0,5.0,20.30154114782723,17.287896650184116,Good,10,6,2025-10-12 10:00:00+00:00,Normal
2025-10-12 10:44:54+00:00,459.59573522878713,22,36,38,25.2,73,1009.81,28.68,-0.1176798,0.0,8.8652116,0.07,-0.14,0.0525,-69.82421875,-33.837890625,284.66796875,classroom_window_closed,run_1,0,2299,0,False,False,False,0,0,0,0,0,0,459.59573522878713,36.0,38.0,22.0,0.0416232776475337,-0.017343032353139,-0.0060700613235992,0.141225,-0.2772,-0.0421749999999999,1.4072265625,0.1396484375,25.609375,458.3922701021767,1.1581630539519254,34.526666666666664,1.877799178270933,35.46,1.9818979446700309,0.0,-5.0,20.013034035244704,16.99898270867744,Good,10,6,2025-10-12 10:00:00+00:00,Normal
2025-10-12 10:45:00+00:00,459.59573522878713,22,34,37,25.7,73,1009.84,28.43,-0.196133,0.0784532,8.825985,-0.0875,0.09625,-0.0525,-72.509765625,-33.837890625,257.8125,classroom_window_closed,run_1,0,2299,0,False,False,False,0,0,0,0,0,0,459.59573522878713,34.0,37.0,22.0,-0.0450918841181615,0.0693721294125562,-0.049427642206448,-0.0162749999999999,-0.0409499999999999,-0.1471749999999999,-1.2783203125,0.1396484375,-1.24609375,458.4109284762328,1.1548295496628087,34.513333333333335,1.874364918545671,35.46666666666667,1.9854053621116288,0.0,-10.0,20.493872294578285,17.482852011125654,Good,10,6,2025-10-12 10:00:00+00:00,Normal
2025-10-12 10:45:05+00:00,459.59573522878713,21,33,36,25.4,73,1009.79,28.85,-0.196133,0.0,8.9436648,-0.1925,-0.07875,0.1925,-70.361328125,-33.837890625,255.6640625,classroom_window_closed,run_1,0,2299,0,False,False,False,0,0,0,0,0,0,459.59573522878713,33.0,36.0,21.0,-0.0450918841181615,-0.017343032353139,0.0806451004420963,-0.121275,-0.2159499999999999,0.097825,0.8701171875,0.1396484375,-3.39453125,458.42958685028873,1.1511819904831535,34.486666666666665,1.8671899234654257,35.46,1.9818979446700309,0.0,-5.0,20.205373495990465,17.191124671161827,Good,10,6,2025-10-12 10:00:00+00:00,Normal
2025-10-12 10:45:10+00:00,459.59573522878713,22,34,37,25.2,73,1009.81,28.68,-0.196133,0.0,8.9044382,-0.11375,0.20125,0.07,-70.361328125,-33.837890625,255.6640625,classroom_window_closed,run_1,0,2299,0,False,False,False,0,0,0,0,0,0,459.59573522878713,34.0,37.0,22.0,-0.0450918841181615,-0.017343032353139,0.0372875195592475,-0.0425249999999999,0.06405,-0.0246749999999999,0.8701171875,0.1396484375,-3.39453125,458.4482452243447,1.1472173808194777,34.473333333333336,1.8634480080611844,35.46666666666667,1.9854053621116288,0.0,5.0,20.013034035244704,16.99898270867744,Good,10,6,2025-10-12 10:00:00+00:00,Normal
2025-10-12 10:45:16+00:00,458.196357174589,22,35,37,25.7,73,1009.74,29.26,-0.1569064,0.0392266,8.9044382,0.5075000000000001,0.0525,-0.37625,-73.583984375,-32.763671875,268.017578125,classroom_window_closed,run_1,0,2292,0,False,False,False,0,0,0,0,0,0,458.196357174589,35.0,37.0,22.0,-0.0017343032353138,0.0260145485297086,0.0372875195592475,0.578725,-0.0847,-0.4709249999999999,-2.3525390625,1.2138671875,8.958984375,458.45757441137266,1.1393621284237063,34.486666666666665,1.8599872506839743,35.49333333333333,1.9789044039116863,-6.996890270990548,5.0,20.493872294578285,17.482852011125654,Good,10,6,2025-10-12 10:00:00+00:00,Normal
2025-10-12 10:45:21+00:00,458.196357174589,21,35,37,25.5,73,1009.75,29.18,-0.1569064,0.0392266,8.8652116,-0.315,0.30625,0.525,-70.361328125,-32.763671875,264.794921875,classroom_window_closed,run_1,0,2292,0,False,False,False,0,0,0,0,0,0,458.196357174589,35.0,37.0,21.0,-0.0017343032353138,0.0260145485297086,-0.0060700613235992,-0.243775,0.16905,0.430325,0.8701171875,1.2138671875,5.736328125,458.4669035984006,1.1313749002072189,34.49333333333333,1.8600233334275271,35.513333333333335,1.9788704888479045,0.0,0.0,20.30154114782723,17.287896650184116,Good,10,6,2025-10-12 10:00:00+00:00,Normal
2025-10-12 10:45:26+00:00,458.196357174589,21,34,36,25.8,73,1009.78,28.93,-0.1569064,0.0,8.9044382,-0.07875,-0.14,-0.11375,-70.361328125,-32.763671875,264.794921875,classroom_window_closed,run_1,0,2292,0,False,False,False,0,0,0,0,0,0,458.196357174589,34.0,36.0,21.0,-0.0017343032353138,-0.017343032353139,0.0372875195592475,-0.0075249999999999,-0.2772,-0.2084249999999999,0.8701171875,1.2138671875,5.736328125,458.4762327854287,1.12325288081197,34.48,1.8563151780525984,35.513333333333335,1.9788704888479045,0.0,-5.0,20.590035789552463,17.581039173349833,Good,10,6,2025-10-12 10:00:00+00:00,Normal
2025-10-12 10:45:32+00:00,458.196357174589,21,34,36,25.6,73,1009.77,29.01,-0.196133,0.0,8.825985,-0.07,0.0,-0.18375,-71.435546875,-33.837890625,263.720703125,classroom_window_closed,run_1,0,2292,0,False,False,False,0,0,0,0,0,0,458.196357174589,34.0,36.0,21.0,-0.0450918841181615,-0.017343032353139,-0.049427642206448,0.001225,-0.1372,-0.278425,-0.2041015625,0.1396484375,4.662109375,458.48556197245665,1.1149931246365077,34.46,1.8451096255240047,35.50666666666667,1.9755100154211112,0.0,0.0,20.39770741401319,17.385138467754402,Good,10,6,2025-10-12 10:00:00+00:00,Normal
2025-10-12 10:45:37+00:00,458.196357174589,21,36,36,25.4,73,1009.84,28.43,-0.196133,0.0,8.7867584,-0.0525,0.27125,0.14875,-71.97265625,-33.837890625,263.18359375,classroom_window_closed,run_1,0,2292,0,False,False,False,0,0,0,0,0,0,458.196357174589,36.0,36.0,21.0,-0.0450918841181615,-0.017343032353139,-0.0927852230892948,0.018725,0.13405,0.054075,-0.7412109375,0.1396484375,4.125,458.4948911594846,1.1065925474273604,34.45333333333333,1.837662166214578,35.5,1.972121128370791,0.0,10.0,20.205373495990465,17.191124671161827,Good,10,6,2025-10-12 10:00:00+00:00,Normal
2025-10-12 10:45:42+00:00,458.196357174589,21,36,36,25.1,73,1009.81,28.68,-0.1176798,0.0392266,8.7867584,-0.1225,0.32375,0.1925,-71.97265625,-33.837890625,263.18359375,classroom_window_closed,run_1,0,2292,0,False,False,False,0,0,0,0,0,0,458.196357174589,36.0,36.0,21.0,0.0416232776475337,0.0260145485297086,-0.0927852230892948,-0.0512749999999999,0.18655,0.097825,-0.7412109375,0.1396484375,4.125,458.50422034651257,1.0980479171500963,34.45333333333333,1.837662166214578,35.5,1.972121128370791,0.0,0.0,19.91686222627581,16.90360897960424,Good,10,6,2025-10-12 10:00:00+00:00,Normal
2025-10-12 10:45:48+00:00,458.196357174589,21,34,37,0.0,0,1009.86,28.26,-0.196133,0.0,8.9436648,0.16625,-0.00875,0.00875,-72.509765625,-32.763671875,260.498046875,classroom_window_closed,run_1,0,2292,0,False,False,False,0,0,0,0,0,0,458.196357174589,34.0,37.0,21.0,-0.0450918841181615,-0.017343032353139,0.0806451004420963,0.237475,-0.14595,-0.0859249999999999,-1.2783203125,1.2138671875,1.439453125,458.5135495335406,1.0893558440630655,34.43333333333333,1.8260481651823923,35.5,1.972121128370791,0.0,-10.0,-96.07763018544566,0.0,Good,10,6,2025-10-12 10:00:00+00:00,Normal
2025-10-12 10:45:53+00:00,458.196357174589,20,32,37,25.2,73,1009.8,28.76,-0.1569064,0.0392266,8.825985,-0.06125,0.32375,0.21,-70.8984375,-32.763671875,262.109375,classroom_window_closed,run_1,0,2292,0,False,False,False,0,0,0,0,0,0,458.196357174589,32.0,37.0,20.0,-0.0017343032353138,0.0260145485297086,-0.049427642206448,0.009975,0.18655,0.115325,0.3330078125,1.2138671875,3.05078125,458.52287872056866,1.0805127699068822,34.406666666666666,1.8322123886537955,35.5,1.972121128370791,0.0,-10.0,20.013034035244704,16.99898270867744,Good,10,6,2025-10-12 10:00:00+00:00,Normal
2025-10-12 10:45:58+00:00,458.196357174589,21,34,38,25.6,73,1009.82,28.6,-0.1569064,0.0,8.7867584,-0.1575,0.035,0.0175,-70.8984375,-32.763671875,262.109375,classroom_window_closed,run_1,0,2292,0,False,False,False,0,0,0,0,0,0,458.196357174589,34.0,38.0,21.0,-0.0017343032353138,-0.017343032353139,-0.0927852230892948,-0.0862749999999999,-0.1021999999999999,-0.0771749999999999,0.3330078125,1.2138671875,3.05078125,458.5322079075966,1.0715149561112671,34.38,1.8085182484657256,35.49333333333333,1.961873733414395,0.0,10.0,20.39770741401319,17.385138467754402,Good,10,6,2025-10-12 10:00:00+00:00,Normal
2025-10-12 10:46:04+00:00,459.59573522878713,20,33,36,25.7,73,1009.81,28.68,-0.1176798,0.0,8.9044382,-0.04375,0.00875,0.04375,-69.287109375,-32.763671875,259.9609375,classroom_window_closed,run_1,0,2299,0,False,False,False,0,0,0,0,0,0,459.59573522878713,33.0,36.0,20.0,0.0416232776475337,-0.017343032353139,0.0372875195592475,0.027475,-0.1284499999999999,-0.0509249999999999,1.9443359375,1.2138671875,0.90234375,458.55086628165253,1.0654467886428007,34.35333333333333,1.799092488106323,35.48,1.951492287366529,6.996890270990548,-5.0,20.493872294578285,17.482852011125654,Good,10,6,2025-10-12 10:00:00+00:00,Normal
2025-10-12 10:46:09+00:00,458.196357174589,21,36,38,0.0,0,1009.82,28.6,-0.196133,-0.0392266,8.9436648,-2.1,0.16625,-0.07,-71.97265625,-34.912109375,257.8125,classroom_window_closed,run_1,0,2292,0,False,False,False,0,0,0,0,0,0,458.196357174589,36.0,38.0,21.0,-0.0450918841181615,-0.0607006132359867,0.0806451004420963,-2.028775,0.02905,-0.164675,-0.7412109375,-0.9345703125,-1.24609375,458.5601954686805,1.0560717814476166,34.35333333333333,1.799092488106323,35.49333333333333,1.961873733414395,-6.996890270990548,15.0,-96.07763018544566,0.0,Good,10,6,2025-10-12 10:00:00+00:00,Normal
2025-10-12 10:46:15+00:00,458.196357174589,20,35,37,25.9,73,1009.72,29.43,-0.196133,-0.0392266,8.9436648,0.175,0.14875,-0.28875,-71.97265625,-34.912109375,257.8125,classroom_window_closed,run_1,0,2292,0,False,False,False,0,0,0,0,0,0,458.196357174589,35.0,37.0,20.0,-0.0450918841181615,-0.0607006132359867,0.0806451004420963,0.246225,0.01155,-0.383425,-0.7412109375,-0.9345703125,-1.24609375,458.5695246557085,1.0465290822578353,34.346666666666664,1.7947973532267818,35.5,1.9653030573890096,0.0,-5.0,20.686197898965684,17.679701853288954,Good,10,6,2025-10-12 10:00:00+00:00,Normal
2025-10-12 10:46:20+00:00,458.196357174589,20,33,36,25.7,73,1009.8,28.76,-0.1569064,0.0392266,8.825985,-0.23625,0.09625,0.25375,-71.97265625,-34.912109375,257.8125,classroom_window_closed,run_1,0,2292,0,False,False,False,0,0,0,0,0,0,458.196357174589,33.0,36.0,20.0,-0.0017343032353138,0.0260145485297086,-0.049427642206448,-0.1650249999999999,-0.0409499999999999,0.159075,-0.7412109375,-0.9345703125,-1.24609375,458.57885384273646,1.036814060839122,34.32666666666667,1.7929641262283535,35.5,1.9653030573890096,0.0,-10.0,20.493872294578285,17.482852011125654,Good,10,6,2025-10-12 10:00:00+00:00,Normal
2025-10-12 10:46:25+00:00,458.196357174589,21,34,37,25.7,73,1009.78,28.93,-0.196133,-0.0392266,8.9436648,-0.21875,0.1925,-0.00875,-70.8984375,-33.837890625,255.126953125,classroom_window_closed,run_1,0,2292,0,False,False,False,0,0,0,0,0,0,458.196357174589,34.0,37.0,21.0,-0.0450918841181615,-0.0607006132359867,0.0806451004420963,-0.147525,0.0553,-0.1034249999999999,0.3330078125,0.1396484375,-3.931640625,458.58818302976454,1.0269218265266318,34.333333333333336,1.7898545802227872,35.526666666666664,1.95827847512293,0.0,5.0,20.493872294578285,17.482852011125654,Good,10,6,2025-10-12 10:00:00+00:00,Normal
2025-10-12 10:46:31+00:00,458.196357174589,21,34,37,25.0,73,1009.76,29.1,-0.1569064,0.0,8.825985,0.0875,0.13125,0.00875,-71.435546875,-32.763671875,284.66796875,classroom_window_closed,run_1,0,2292,0,False,False,False,0,0,0,0,0,0,458.196357174589,34.0,37.0,21.0,-0.0017343032353138,-0.017343032353139,-0.049427642206448,0.158725,-0.0059499999999999,-0.0859249999999999,-0.2041015625,1.2138671875,25.609375,458.5975122167925,1.016847207372217,34.333333333333336,1.7898545802227872,35.54666666666667,1.957901446973946,0.0,0.0,19.820689031536304,16.80869759783463,Good,10,6,2025-10-12 10:00:00+00:00,Normal
2025-10-12 10:46:36+00:00,458.196357174589,20,33,36,25.3,73,1009.75,29.18,-0.196133,0.0,8.8652116,0.18375,0.21875,0.0525,-71.435546875,-32.763671875,284.66796875,classroom_window_closed,run_1,0,2292,0,False,False,False,0,0,0,0,0,0,458.196357174589,33.0,36.0,20.0,-0.0450918841181615,-0.017343032353139,-0.0060700613235992,0.254975,0.08155,-0.0421749999999999,-0.2041015625,1.2138671875,25.609375,458.6068414038205,1.0065847270773371,34.333333333333336,1.7898545802227872,35.56666666666667,1.947004812652552,0.0,-5.0,20.10920445847294,17.094820649222385,Good,10,6,2025-10-12 10:00:00+00:00,Normal
2025-10-12 10:46:41+00:00,458.196357174589,20,32,35,25.1,73,1009.81,28.68,-0.196133,0.0392266,8.8652116,0.0,0.25375,-0.0875,-71.435546875,-33.30078125,257.8125,classroom_window_closed,run_1,0,2292,0,False,False,False,0,0,0,0,0,0,458.196357174589,32.0,35.0,20.0,-0.0450918841181615,0.0260145485297086,-0.0060700613235992,0.071225,0.1165499999999999,-0.1821749999999999,-0.2041015625,0.6767578125,-1.24609375,458.61617059084847,0.9961285794167524,34.32666666666667,1.796703419246969,35.58,1.936127734429439,0.0,-5.0,19.91686222627581,16.90360897960424,Good,10,6,2025-10-12 10:00:00+00:00,Normal
2025-10-12 10:46:47+00:00,458.196357174589,20,32,33,25.0,73,1009.79,28.85,-0.1569064,0.1176798,8.7867584,0.0175,0.28875,0.06125,-71.97265625,-32.2265625,254.58984375,classroom_window_closed,run_1,0,2292,0,False,False,False,0,0,0,0,0,0,458.196357174589,32.0,33.0,20.0,-0.0017343032353138,0.1127297102954039,-0.0927852230892948,0.088725,0.15155,-0.0334249999999999,-0.7412109375,1.7509765625,-4.46875,458.6254997778764,0.9854725998104232,34.32666666666667,1.796703419246969,35.586666666666666,1.9254099769707151,0.0,0.0,19.820689031536304,16.80869759783463,Good,10,6,2025-10-12 10:00:00+00:00,Normal
2025-10-12 10:46:52+00:00,458.196357174589,21,33,34,25.4,73,1009.72,29.43,-0.1176798,0.0392266,8.9044382,0.06125,-0.04375,0.21,-71.97265625,-32.2265625,254.58984375,classroom_window_closed,run_1,0,2292,0,False,False,False,0,0,0,0,0,0,458.196357174589,33.0,34.0,21.0,0.0416232776475337,0.0260145485297086,0.0372875195592475,0.132475,-0.18095,0.115325,-0.7412109375,1.7509765625,-4.46875,458.6348289649044,0.9746102336442972,34.333333333333336,1.7898545802227872,35.593333333333334,1.918111020807503,0.0,5.0,20.205373495990465,17.191124671161827,Good,10,6,2025-10-12 10:00:00+00:00,Normal
2025-10-12 10:46:57+00:00,459.59573522878713,21,33,34,25.3,73,1009.78,28.93,-0.1569064,0.0392266,8.9044382,-0.30625,0.035,0.665,-71.435546875,-32.763671875,255.126953125,classroom_window_closed,run_1,0,2299,0,False,False,False,0,0,0,0,0,0,459.59573522878713,33.0,34.0,21.0,-0.0017343032353138,0.0260145485297086,0.0372875195592475,-0.235025,-0.1021999999999999,0.5703250000000001,-0.2041015625,1.2138671875,-3.931640625,458.6534873389604,0.9659412406564356,34.34,1.7829543388703526,35.6,1.9107607677073075,6.996890270990548,0.0,20.10920445847294,17.094820649222385,Good,10,6,2025-10-12 10:00:00+00:00,Normal
2025-10-12 10:47:03+00:00,458.196357174589,21,33,33,0.0,0,1009.76,29.1,-0.1176798,0.0784532,8.7867584,-0.1925,0.11375,0.30625,-69.82421875,-33.837890625,257.8125,classroom_window_closed,run_1,0,2292,0,False,False,False,0,0,0,0,0,0,458.196357174589,33.0,33.0,21.0,0.0416232776475337,0.0693721294125562,-0.0927852230892948,-0.121275,-0.0234499999999999,0.211575,1.4072265625,0.1396484375,-1.24609375,458.6628165259884,0.9545813929940016,34.346666666666664,1.7760020960545428,35.6,1.9107607677073075,-6.996890270990548,0.0,-96.07763018544566,0.0,Good,10,6,2025-10-12 10:00:00+00:00,Normal
