timestamp,co2_ppm,pm1_ugm3,pm25_ugm3,pm10_ugm3,temp_c,rh_pct,pressure_hpa,altitude_m,accel_x,accel_y,accel_z,gyro_x,gyro_y,gyro_z,mag_x,mag_y,mag_z,room_label,run_id,quality_flag,co2_ppm_raw_logger,co2_ppm_clamped_flag,co2_ppm_invalid,rh_pct_invalid,temp_c_invalid,co2_ppm_flatline_flag,pm25_ugm3_flatline_flag,pm10_ugm3_flatline_flag,pm1_ugm3_flatline_flag,temp_c_flatline_flag,rh_pct_flatline_flag,co2_ppm_corr,pm25_ugm3_corr,pm10_ugm3_corr,pm1_ugm3_corr,accel_x_cal,accel_y_cal,accel_z_cal,gyro_x_cal,gyro_y_cal,gyro_z_cal,mag_x_cal,mag_y_cal,mag_z_cal,co2_ppm_roll_mean,co2_ppm_roll_std,pm25_ugm3_roll_mean,pm25_ugm3_roll_std,pm10_ugm3_roll_mean,pm10_ugm3_roll_std,co2_ppm_d_dt,pm25_ugm3_d_dt,dew_point_c,abs_humidity,co2_category,hour,weekday,hour_ts,iaq_standard_class
2025-11-16 18:02:54+00:00,369.23589515770766,41,75,77,27.0,58,1013.25,0.0,-0.4707192,0.2745862,8.9436648,-0.14,-0.07875,0.175,179.931640625,-171.875,183.69140625,kitchen idle,run_5,0,1847,0,False,False,False,0,0,0,0,0,0,369.23589515770766,75.0,77.0,41.0,0.0008597500317835,0.0653410024155447,0.0111767504131855,-0.0162749999999999,-0.05915,0.27195,0.0751953125,-1.1279296875,10.1083984375,369.23589515770766,,75.0,,77.0,,,,18.029864633816153,14.934542694301902,Good,18,6,2025-11-16 18:00:00+00:00,Abnormal
2025-11-16 18:02:59+00:00,370.23545091070633,41,74,76,27.4,58,1013.25,0.0,-0.4314926,0.2353596,8.9828914,-0.0525,0.20125,0.04375,179.39453125,-170.80078125,185.83984375,kitchen idle,run_5,0,1852,0,False,False,False,0,0,0,0,0,0,370.23545091070633,74.0,76.0,41.0,0.0438472516209577,0.0223535008263705,0.0541642520023588,0.071225,0.22085,0.1407,-0.4619140625,-0.0537109375,12.2568359375,369.735673034207,0.7067926511193681,74.5,0.7071067811865476,76.5,0.7071067811865476,4.99777876499337,-5.0,18.403720985357456,15.26910646734519,Good,18,6,2025-11-16 18:00:00+00:00,Abnormal
2025-11-16 18:03:04+00:00,370.23545091070633,41,74,75,27.1,58,1013.25,0.0,-0.5099458,0.2745862,8.825985,-0.02625,0.0525,-0.14875,177.24609375,-169.189453125,178.3203125,kitchen idle,run_5,0,1852,0,False,False,False,0,0,0,0,0,0,370.23545091070633,74.0,75.0,41.0,-0.0421277515573906,0.0653410024155447,-0.1177857543543383,0.097475,0.0721,-0.0517999999999999,-2.6103515625,1.5576171875,4.7373046875,369.9022656597067,0.5770937830637989,74.33333333333333,0.5773502691896247,76.0,1.0,0.0,0.0,18.123332168740525,15.017585293749132,Good,18,6,2025-11-16 18:00:00+00:00,Abnormal
2025-11-16 18:03:10+00:00,370.23545091070633,40,74,75,27.5,58,1013.25,0.0,-0.4707192,0.1569064,8.9044382,-0.2275,0.1575,-0.32375,180.46875,-171.337890625,178.857421875,kitchen idle,run_5,0,1852,0,False,False,False,0,0,0,0,0,0,370.23545091070633,74.0,75.0,40.0,0.0008597500317835,-0.0636215023519777,-0.0318107511759897,-0.1037749999999999,0.1771,-0.2267999999999999,0.6123046875,-0.5908203125,5.2744140625,369.98556197245665,0.4997778764993101,74.25,0.4999999999999988,75.75,0.957427107756338,0.0,0.0,18.4971793284602,15.353749913596165,Good,18,6,2025-11-16 18:00:00+00:00,Abnormal
2025-11-16 18:03:15+00:00,370.23545091070633,42,77,79,27.0,58,1013.25,0.0,-0.4314926,0.2353596,8.9044382,0.0875,-0.21,-0.2625,178.3203125,-170.80078125,181.005859375,kitchen idle,run_5,0,1852,0,False,False,False,0,0,0,0,0,0,370.23545091070633,77.0,79.0,42.0,0.0438472516209577,0.0223535008263705,-0.0318107511759897,0.211225,-0.1903999999999999,-0.16555,-1.5361328125,-0.0537109375,7.4228515625,370.03553976010664,0.4470149222011768,74.8,1.3038404810405302,76.4,1.6733200530681498,0.0,15.0,18.029864633816153,14.934542694301902,Good,18,6,2025-11-16 18:00:00+00:00,Abnormal
2025-11-16 18:03:20+00:00,370.23545091070633,41,78,81,27.5,58,1013.25,0.0,-0.4314926,0.2353596,9.022118,-0.0525,0.0175,0.14875,177.783203125,-170.263671875,175.09765625,kitchen idle,run_5,0,1852,0,False,False,False,0,0,0,0,0,0,370.23545091070633,78.0,81.0,41.0,0.0438472516209577,0.0223535008263705,0.0971517535915341,0.071225,0.0371,0.2457,-2.0732421875,0.4833984375,1.5146484375,370.06885828520655,0.4080669273849992,75.33333333333333,1.7511900715418278,77.16666666666667,2.401388487243714,0.0,5.0,18.4971793284602,15.353749913596165,Good,18,6,2025-11-16 18:00:00+00:00,Abnormal
2025-11-16 18:03:26+00:00,370.23545091070633,41,78,81,27.8,58,1013.25,0.0,-0.4314926,0.196133,8.9044382,0.1575,0.20125,0.28,181.005859375,-169.7265625,191.748046875,kitchen idle,run_5,0,1852,0,False,False,False,0,0,0,0,0,0,370.23545091070633,78.0,81.0,41.0,0.0438472516209577,-0.0206340007628035,-0.0318107511759897,0.281225,0.22085,0.37695,1.1494140625,1.0205078125,18.1650390625,370.09265723170654,0.3777965634254571,75.71428571428571,1.8898223650461383,77.71428571428571,2.6276913640612145,0.0,0.0,18.777540571646146,15.610111656727575,Good,18,6,2025-11-16 18:00:00+00:00,Abnormal
2025-11-16 18:03:31+00:00,371.4349178143047,40,78,81,27.2,58,1013.25,0.0,-0.4707192,0.196133,8.9436648,-0.30625,-0.13125,-0.3325,177.783203125,-170.263671875,178.857421875,kitchen idle,run_5,0,1858,0,False,False,False,0,0,0,0,0,0,371.4349178143047,78.0,81.0,40.0,0.0008597500317835,-0.0206340007628035,0.0111767504131855,-0.182525,-0.11165,-0.23555,-2.0732421875,0.4833984375,5.2744140625,370.2604398045313,0.5895321386687943,76.0,1.9272482233188657,78.125,2.695896352395085,5.997334517992101,0.0,18.21679740558236,15.101025738788024,Good,18,6,2025-11-16 18:00:00+00:00,Abnormal
2025-11-16 18:03:36+00:00,372.4344735673034,39,78,81,27.0,58,1013.25,0.0,-0.4707192,0.196133,8.9436648,-0.14875,-0.1225,-0.25375,180.46875,-170.80078125,182.6171875,kitchen idle,run_5,0,1863,0,False,False,False,0,0,0,0,0,0,372.4344735673034,78.0,81.0,39.0,0.0008597500317835,-0.0206340007628035,0.0111767504131855,-0.0250249999999999,-0.1028999999999999,-0.1567999999999999,0.6123046875,-0.0537109375,9.0341796875,370.501999111506,0.910638629634591,76.22222222222223,1.922093765778468,78.44444444444444,2.697735676039771,4.99777876499337,0.0,18.029864633816153,14.934542694301902,Good,18,6,2025-11-16 18:00:00+00:00,Abnormal
2025-11-16 18:03:42+00:00,373.6339404709018,40,79,82,27.0,58,1013.25,0.0,-0.392266,0.1569064,8.9436648,-0.245,0.27125,-0.06125,177.783203125,-171.337890625,181.54296875,kitchen idle,run_5,0,1869,0,False,False,False,0,0,0,0,0,0,373.6339404709018,79.0,82.0,40.0,0.0868347532101318,-0.0636215023519777,0.0111767504131855,-0.1212749999999999,0.29085,0.0357,-2.0732421875,-0.5908203125,7.9599609375,370.8151932474456,1.3107357018563086,76.5,2.013840995599097,78.8,2.780887148615226,5.997334517991817,5.0,18.029864633816153,14.934542694301902,Good,18,6,2025-11-16 18:00:00+00:00,Abnormal
2025-11-16 18:03:47+00:00,374.8334073745002,40,81,83,27.5,58,1013.25,0.0,-0.4314926,0.196133,8.9828914,-0.175,-0.07875,-0.0525,176.708984375,-170.263671875,179.39453125,kitchen idle,run_5,0,1875,0,False,False,False,0,0,0,0,0,0,374.8334073745002,81.0,83.0,40.0,0.0438472516209577,-0.0206340007628035,0.0541642520023588,-0.0512749999999999,-0.05915,0.04445,-3.1474609375,0.4833984375,5.8115234375,371.18048544081415,1.7361012424410005,76.9090909090909,2.343268890014353,79.18181818181819,2.926369143432926,5.997334517992101,10.0,18.4971793284602,15.353749913596165,Good,18,6,2025-11-16 18:00:00+00:00,Abnormal
2025-11-16 18:03:52+00:00,375.8329631274989,40,80,81,27.6,58,1013.25,0.0,-0.5099458,0.1569064,8.9436648,-0.245,-0.0175,-0.0875,179.931640625,-171.337890625,175.09765625,kitchen idle,run_5,0,1880,0,False,False,False,0,0,0,0,0,0,375.8329631274989,80.0,81.0,40.0,-0.0421277515573906,-0.0636215023519777,0.0111767504131855,-0.1212749999999999,0.0020999999999999,0.00945,0.0751953125,-0.5908203125,1.5146484375,371.5681919147046,2.1316282326895943,77.16666666666667,2.4058010698889456,79.33333333333333,2.83912064918102,4.99777876499337,-5.0,18.590635373819406,15.43879753092184,Good,18,6,2025-11-16 18:00:00+00:00,Abnormal
2025-11-16 18:03:58+00:00,377.0324300310973,42,81,81,27.5,58,1013.25,0.0,-0.5491724,0.2745862,8.9828914,-0.06125,0.0525,0.1225,180.46875,-169.189453125,178.3203125,kitchen idle,run_5,0,1886,0,False,False,False,0,0,0,0,0,0,377.0324300310973,81.0,81.0,42.0,-0.0851152531465647,0.0653410024155447,0.0541642520023588,0.062475,0.0721,0.21945,0.6123046875,1.5576171875,4.7373046875,371.9885179236578,2.542036010425474,77.46153846153847,2.536907060949898,79.46153846153847,2.7572747600781646,5.997334517991817,5.0,18.4971793284602,15.353749913596165,Good,18,6,2025-11-16 18:00:00+00:00,Abnormal
2025-11-16 18:04:03+00:00,378.23189693469567,42,81,82,27.8,58,1013.25,0.0,-0.5099458,0.2353596,9.0613446,-0.035,0.14875,0.07875,181.005859375,-171.875,185.302734375,kitchen idle,run_5,0,1892,0,False,False,False,0,0,0,0,0,0,378.23189693469567,81.0,82.0,42.0,-0.0421277515573906,0.0223535008263705,0.1401392551807074,0.088725,0.16835,0.1757,1.1494140625,-1.1279296875,11.7197265625,372.4344735673034,2.957895253641265,77.71428571428571,2.6144148169647545,79.64285714285714,2.7345972240938847,5.997334517992101,0.0,18.777540571646146,15.610111656727575,Good,18,6,2025-11-16 18:00:00+00:00,Abnormal
2025-11-16 18:04:08+00:00,378.23189693469567,44,80,81,27.2,58,1013.25,0.0,-0.4707192,0.2353596,8.9044382,-0.25375,-0.14875,-0.1225,180.46875,-170.263671875,182.6171875,kitchen idle,run_5,0,1892,0,False,False,False,0,0,0,0,0,0,378.23189693469567,80.0,81.0,44.0,0.0008597500317835,0.0223535008263705,-0.0318107511759897,-0.1300249999999999,-0.12915,-0.0255499999999999,0.6123046875,0.4833984375,9.0341796875,372.82096845846286,3.219453364171762,77.86666666666666,2.587515815456615,79.73333333333333,2.658320271650252,0.0,-5.0,18.21679740558236,15.101025738788024,Good,18,6,2025-11-16 18:00:00+00:00,Abnormal
2025-11-16 18:04:14+00:00,378.23189693469567,43,79,81,27.0,58,1013.25,0.0,-0.4707192,0.196133,8.9044382,0.0,-0.02625,0.04375,178.3203125,-170.80078125,174.560546875,kitchen idle,run_5,0,1892,0,False,False,False,0,0,0,0,0,0,378.23189693469567,79.0,81.0,43.0,0.0008597500317835,-0.0206340007628035,-0.0318107511759897,0.123725,-0.00665,0.1407,-1.5361328125,-0.0537109375,0.9775390625,373.15915148822745,3.3917211194913204,77.9375,2.515783509498916,79.8125,2.5876308340513594,0.0,-5.0,18.029864633816153,14.934542694301902,Good,18,6,2025-11-16 18:00:00+00:00,Abnormal
2025-11-16 18:04:19+00:00,379.23145268769434,41,76,80,27.6,58,1013.25,0.0,-0.5099458,0.2353596,8.9044382,-0.1225,0.02625,-0.035,177.783203125,-170.263671875,159.521484375,kitchen idle,run_5,0,1897,0,False,False,False,0,0,0,0,0,0,379.23145268769434,76.0,80.0,41.0,-0.0421277515573906,0.0223535008263705,-0.0318107511759897,0.001225,0.04585,0.06195,-2.0732421875,0.4833984375,-14.0615234375,373.5163456764314,3.599135603218033,77.82352941176471,2.480808691678159,79.82352941176471,2.5058754487615467,4.99777876499337,-15.0,18.590635373819406,15.43879753092184,Good,18,6,2025-11-16 18:00:00+00:00,Abnormal
2025-11-16 18:04:24+00:00,379.23145268769434,41,76,80,27.5,58,1013.25,0.0,-0.4707192,0.1569064,8.9436648,-0.2975,-0.06125,-0.455,178.3203125,-169.189453125,186.376953125,kitchen idle,run_5,0,1897,0,False,False,False,0,0,0,0,0,0,379.23145268769434,76.0,80.0,41.0,0.0008597500317835,-0.0636215023519777,0.0111767504131855,-0.1737749999999999,-0.04165,-0.35805,-1.5361328125,1.5576171875,12.7939453125,373.83385162150154,3.7425086045955984,77.72222222222223,2.444815776905604,79.83333333333333,2.431412080640045,0.0,0.0,18.4971793284602,15.353749913596165,Good,18,6,2025-11-16 18:00:00+00:00,Abnormal
2025-11-16 18:04:30+00:00,379.23145268769434,41,78,82,27.3,58,1013.25,0.0,-0.4707192,0.2353596,8.9044382,0.0,0.0525,0.105,179.931640625,-170.80078125,178.857421875,kitchen idle,run_5,0,1897,0,False,False,False,0,0,0,0,0,0,379.23145268769434,78.0,82.0,41.0,0.0008597500317835,0.0223535008263705,-0.0318107511759897,0.123725,0.0721,0.20195,0.0751953125,-0.0537109375,5.2744140625,374.1179358881433,3.842084394297492,77.73684210526316,2.376788338707837,79.94736842105263,2.4146240611584124,0.0,10.0,18.310260344426425,15.18486560365751,Good,18,6,2025-11-16 18:00:00+00:00,Abnormal
2025-11-16 18:04:35+00:00,380.4309195912928,40,76,80,27.8,58,1013.25,0.0,-0.4707192,0.196133,9.022118,-0.28875,-0.28,0.3325,178.857421875,-169.7265625,170.80078125,kitchen idle,run_5,0,1903,0,False,False,False,0,0,0,0,0,0,380.4309195912928,76.0,80.0,40.0,0.0008597500317835,-0.0206340007628035,0.0971517535915341,-0.1650249999999999,-0.2604,0.42945,-0.9990234375,1.0205078125,-2.7822265625,374.4335850733007,3.997170709565098,77.65,2.3457688673327097,79.95,2.350251946180731,5.997334517992101,-10.0,18.777540571646146,15.610111656727575,Good,18,6,2025-11-16 18:00:00+00:00,Abnormal
2025-11-16 18:04:41+00:00,380.4309195912928,40,75,78,27.4,58,1013.25,0.0,-0.4314926,0.2353596,8.9828914,-0.23625,0.06125,-0.0175,179.39453125,-172.94921875,176.171875,kitchen idle,run_5,0,1903,0,False,False,False,0,0,0,0,0,0,380.4309195912928,75.0,78.0,40.0,0.0438472516209577,0.0223535008263705,0.0541642520023588,-0.1125249999999999,0.08085,0.07945,-0.4619140625,-2.2021484375,2.5888671875,374.7191724313003,4.10989877215585,77.52380952380952,2.358369089414288,79.85714285714286,2.32992949004287,0.0,-5.0,18.403720985357456,15.26910646734519,Good,18,6,2025-11-16 18:00:00+00:00,Abnormal
2025-11-16 18:04:46+00:00,380.4309195912928,40,75,77,27.9,57,1013.25,0.0,-0.4314926,0.196133,8.9044382,-0.07,0.0875,-0.37625,180.46875,-171.337890625,178.857421875,kitchen idle,run_5,0,1903,0,False,False,False,0,0,0,0,0,0,380.4309195912928,75.0,77.0,40.0,0.0438472516209577,-0.0206340007628035,-0.0318107511759897,0.053725,0.1071,-0.2793,0.6123046875,-0.5908203125,5.2744140625,374.9787973022091,4.191638515561825,77.4090909090909,2.363594738228215,79.72727272727273,2.353959545346,0.0,0.0,18.59261645774704,15.425754101208108,Good,18,6,2025-11-16 18:00:00+00:00,Abnormal
2025-11-16 18:04:51+00:00,380.4309195912928,42,77,81,27.0,57,1013.25,0.0,-0.392266,0.196133,8.8652116,-0.00875,-0.06125,-0.23625,179.39453125,-170.263671875,172.94921875,kitchen idle,run_5,0,1903,0,False,False,False,0,0,0,0,0,0,380.4309195912928,77.0,81.0,42.0,0.0868347532101318,-0.0206340007628035,-0.074798252765163,0.114975,-0.04165,-0.1392999999999999,-0.4619140625,0.4833984375,-0.6337890625,375.21584609738665,4.250132194646223,77.3913043478261,2.310826897155349,79.78260869565217,2.3150990895567314,0.0,10.0,17.753274995617193,14.677050578882904,Good,18,6,2025-11-16 18:00:00+00:00,Abnormal
2025-11-16 18:04:57+00:00,381.6303864948912,41,76,80,27.0,57,1013.25,0.0,-0.4707192,0.2353596,8.9828914,0.02625,-0.0875,-0.1925,179.931640625,-172.412109375,169.189453125,kitchen idle,run_5,0,1909,0,False,False,False,0,0,0,0,0,0,381.6303864948912,76.0,80.0,41.0,0.0008597500317835,0.0223535008263705,0.0541642520023588,0.149975,-0.0678999999999999,-0.09555,0.0751953125,-1.6650390625,-4.3935546875,375.4831186139494,4.358059096013144,77.33333333333333,2.27780723440362,79.79166666666667,2.26464637160105,5.997334517992101,-5.0,17.753274995617193,14.677050578882904,Good,18,6,2025-11-16 18:00:00+00:00,Abnormal
2025-11-16 18:05:02+00:00,381.6303864948912,40,75,77,27.1,57,1013.25,0.0,-0.5099458,0.1569064,8.8652116,-0.13125,-0.28,-0.16625,179.931640625,-173.486328125,168.115234375,kitchen idle,run_5,0,1909,0,False,False,False,0,0,0,0,0,0,381.6303864948912,75.0,77.0,40.0,-0.0421277515573906,-0.0636215023519777,-0.074798252765163,-0.0075249999999999,-0.2604,-0.0693,0.0751953125,-2.7392578125,-5.4677734375,375.729009329187,4.4399181920200945,77.24,2.2781571499789073,79.68,2.2861904265976345,0.0,-5.0,17.84654461293625,14.758661409374149,Good,18,6,2025-11-16 18:00:00+00:00,Abnormal
2025-11-16 18:05:07+00:00,381.6303864948912,40,76,78,27.8,57,1013.25,0.0,-0.4314926,0.196133,9.0613446,-0.0875,-0.1925,0.06125,178.3203125,-171.875,173.486328125,kitchen idle,run_5,0,1909,0,False,False,False,0,0,0,0,0,0,381.6303864948912,76.0,78.0,40.0,0.0438472516209577,-0.0206340007628035,0.1401392551807074,0.036225,-0.1729,0.1582,-1.5361328125,-1.1279296875,-0.0966796875,375.9559853740218,4.501536388601956,77.1923076923077,2.2453370485382544,79.61538461538461,2.264101112175394,0.0,5.0,18.49936574930969,15.3409718005771,Good,18,6,2025-11-16 18:00:00+00:00,Abnormal
2025-11-16 18:05:13+00:00,381.6303864948912,39,77,80,27.6,57,1013.25,0.0,-0.5099458,0.2353596,8.9436648,-0.09625,0.18375,-0.09625,180.46875,-170.80078125,171.337890625,kitchen idle,run_5,0,1909,0,False,False,False,0,0,0,0,0,0,381.6303864948912,77.0,80.0,39.0,-0.0421277515573906,0.0223535008263705,0.0111767504131855,0.027475,0.20335,0.0007,0.6123046875,-0.0537109375,-2.2451171875,376.16614837849846,4.54719704594128,77.18518518518519,2.2020451514450987,79.62962962962963,2.2213673569387264,0.0,5.0,18.312857242457955,15.1726113665956,Good,18,6,2025-11-16 18:00:00+00:00,Abnormal
2025-11-16 18:05:18+00:00,382.62994224788986,41,79,82,27.2,57,1013.25,0.0,-0.5099458,0.196133,8.825985,0.06125,-0.04375,0.07,179.39453125,-170.263671875,172.412109375,kitchen idle,run_5,0,1914,0,False,False,False,0,0,0,0,0,0,382.62994224788986,79.0,82.0,41.0,-0.0421277515573906,-0.0206340007628035,-0.1177857543543383,0.184975,-0.0241499999999999,0.16695,-0.4619140625,0.4833984375,-1.1708984375,376.39699815954816,4.626375635765507,77.25,2.187929851946139,79.71428571428571,2.225394561056748,4.99777876499337,10.0,17.939811866330572,14.8406632260503,Good,18,6,2025-11-16 18:00:00+00:00,Abnormal
2025-11-16 18:05:23+00:00,383.8294091514882,39,76,78,27.8,57,1013.25,0.0,-0.5099458,0.196133,8.7475318,-0.315,0.0525,-0.55125,181.005859375,-171.337890625,170.263671875,kitchen idle,run_5,0,1920,0,False,False,False,0,0,0,0,0,0,383.8294091514882,76.0,78.0,39.0,-0.0421277515573906,-0.0206340007628035,-0.2037607575326849,-0.1912749999999999,0.0721,-0.4543,1.1494140625,-0.5908203125,-3.3193359375,376.6532881937529,4.748031063399896,77.20689655172414,2.161006880811876,79.65517241379311,2.208358505913476,5.997334517991817,-15.0,18.49936574930969,15.3409718005771,Good,18,6,2025-11-16 18:00:00+00:00,Abnormal
2025-11-16 18:05:29+00:00,385.02887605508664,40,76,78,27.5,57,1013.25,0.0,-0.5099458,0.2353596,8.9044382,-0.1925,-0.0175,-0.28875,180.46875,-170.263671875,172.412109375,kitchen idle,run_5,0,1926,0,False,False,False,0,0,0,0,0,0,385.02887605508664,76.0,78.0,40.0,-0.0421277515573906,0.0223535008263705,-0.0318107511759897,-0.0687749999999999,0.0020999999999999,-0.1918,0.6123046875,0.4833984375,-1.1708984375,376.9324744557974,4.909661461634035,77.16666666666667,2.134823473818815,79.6,2.190890230020667,5.997334517992101,0.0,18.21959944386388,15.089030087499678,Good,18,6,2025-11-16 18:00:00+00:00,Abnormal
2025-11-16 18:05:34+00:00,385.02887605508664,41,76,77,27.1,57,1013.25,0.0,-0.4707192,0.1569064,8.9436648,-0.06125,-0.0175,-0.1925,181.005859375,-169.7265625,171.875,kitchen idle,run_5,0,1926,0,False,False,False,0,0,0,0,0,0,385.02887605508664,76.0,77.0,41.0,0.0008597500317835,-0.0636215023519777,0.0111767504131855,0.062475,0.0020999999999999,-0.09555,1.1494140625,1.0205078125,-1.7080078125,377.19364870093574,5.041413960549561,77.12903225806451,2.109374875547591,79.51612903225806,2.2041017481343843,0.0,0.0,17.84654461293625,14.758661409374149,Good,18,6,2025-11-16 18:00:00+00:00,Abnormal
2025-11-16 18:05:39+00:00,386.22834295868506,40,73,76,27.1,57,1013.25,0.0,-0.3530394,0.2353596,8.7867584,-0.14,0.00875,0.4725,178.3203125,-170.80078125,171.875,kitchen idle,run_5,0,1932,0,False,False,False,0,0,0,0,0,0,386.22834295868506,73.0,76.0,40.0,0.129822254799306,0.0223535008263705,-0.1607732559435116,-0.0162749999999999,0.02835,0.56945,-1.5361328125,-0.0537109375,-1.7080078125,377.4759828964905,5.210258302198202,77.0,2.199706725320305,79.40625,2.255593405936285,5.997334517992101,-15.0,17.84654461293625,14.758661409374149,Good,18,6,2025-11-16 18:00:00+00:00,Abnormal
2025-11-16 18:05:45+00:00,386.22834295868506,41,72,76,27.7,57,1013.25,0.0,-0.4314926,0.2745862,8.9436648,-0.16625,0.105,0.18375,180.46875,-171.337890625,164.35546875,kitchen idle,run_5,0,1932,0,False,False,False,0,0,0,0,0,0,386.22834295868506,72.0,76.0,41.0,0.0438472516209577,0.0653410024155447,0.0111767504131855,-0.0425249999999999,0.1245999999999999,0.2807,0.6123046875,-0.5908203125,-9.2275390625,377.74120592867814,5.349745957835841,76.84848484848484,2.333468610797195,79.3030303030303,2.297890996175202,0.0,-5.0,18.40611267757661,15.25659141411554,Good,18,6,2025-11-16 18:00:00+00:00,Abnormal
2025-11-16 18:05:50+00:00,387.4278098622834,42,72,75,27.9,57,1013.25,0.0,-0.5491724,0.2745862,8.825985,-0.42875,-0.25375,0.07875,181.005859375,-171.337890625,162.744140625,kitchen idle,run_5,0,1938,0,False,False,False,0,0,0,0,0,0,387.4278098622834,72.0,75.0,42.0,-0.0851152531465647,0.0653410024155447,-0.1177857543543383,-0.305025,-0.2341499999999999,0.1757,1.1494140625,-0.5908203125,-10.8388671875,378.0261060443724,5.523787675064337,76.70588235294117,2.443661085521334,79.17647058823529,2.380101706959686,5.997334517991817,0.0,18.59261645774704,15.425754101208108,Good,18,6,2025-11-16 18:00:00+00:00,Abnormal
2025-11-16 18:05:55+00:00,387.4278098622834,41,71,74,27.4,57,1013.25,0.0,-0.4707192,0.2353596,8.7083052,0.07875,-0.28875,-0.28875,178.3203125,-171.337890625,157.373046875,kitchen idle,run_5,0,1938,0,False,False,False,0,0,0,0,0,0,387.4278098622834,71.0,74.0,41.0,0.0008597500317835,0.0223535008263705,-0.2467482591218602,0.202475,-0.26915,-0.1918,-1.5361328125,-0.5908203125,-16.2099609375,378.2947261534556,5.669241434857428,76.54285714285714,2.593463016927003,79.02857142857142,2.502771572920417,0.0,-5.0,18.126339281704528,15.005846011011654,Good,18,6,2025-11-16 18:00:00+00:00,Abnormal
2025-11-16 18:06:01+00:00,387.4278098622834,42,72,75,27.1,57,1013.25,0.0,-0.392266,0.3138128,8.8652116,-0.315,0.0175,0.105,179.931640625,-171.337890625,167.041015625,kitchen idle,run_5,0,1938,0,False,False,False,0,0,0,0,0,0,387.4278098622834,72.0,75.0,42.0,0.0868347532101318,0.1083285040047189,-0.074798252765163,-0.1912749999999999,0.0371,0.20195,0.0751953125,-0.5908203125,-6.5419921875,378.54842292314527,5.791289842479378,76.41666666666667,2.6659225152173707,78.91666666666667,2.5565043097390516,0.0,5.0,17.84654461293625,14.758661409374149,Good,18,6,2025-11-16 18:00:00+00:00,Abnormal
2025-11-16 18:06:06+00:00,388.4273656152821,41,72,76,27.7,57,1013.25,0.0,-0.5099458,0.2353596,9.1005712,-0.07,0.035,0.0875,179.39453125,-168.115234375,155.224609375,kitchen idle,run_5,0,1943,0,False,False,False,0,0,0,0,0,0,388.4273656152821,72.0,76.0,41.0,-0.0421277515573906,0.0223535008263705,0.1831267567698807,0.053725,0.0546,0.18445,-0.4619140625,2.6318359375,-18.3583984375,378.8154213742841,5.936755047309102,76.29729729729729,2.7270747948923217,78.83783783783784,2.5659470150578216,4.99777876499337,0.0,18.40611267757661,15.25659141411554,Good,18,6,2025-11-16 18:00:00+00:00,Abnormal
2025-11-16 18:06:11+00:00,388.4273656152821,40,73,76,27.1,57,1013.25,0.0,-0.5491724,0.2353596,8.9436648,-0.1225,-0.18375,-0.28,181.54296875,-169.189453125,174.0234375,kitchen idle,run_5,0,1943,0,False,False,False,0,0,0,0,0,0,388.4273656152821,73.0,76.0,40.0,-0.0851152531465647,0.0223535008263705,0.0111767504131855,0.001225,-0.16415,-0.18305,1.6865234375,1.5576171875,0.4404296875,379.068367275363,6.0600159394534385,76.21052631578948,2.7426352955057096,78.76315789473684,2.572560093341839,0.0,5.0,17.84654461293625,14.758661409374149,Good,18,6,2025-11-16 18:00:00+00:00,Abnormal
2025-11-16 18:06:17+00:00,388.4273656152821,39,73,75,27.9,57,1013.25,0.0,-0.4707192,0.1569064,8.9436648,0.0525,-0.20125,-0.21,179.39453125,-168.115234375,165.966796875,kitchen idle,run_5,0,1943,0,False,False,False,0,0,0,0,0,0,388.4273656152821,73.0,75.0,39.0,0.0008597500317835,-0.0636215023519777,0.0111767504131855,0.176225,-0.18165,-0.1130499999999999,-0.4619140625,2.6318359375,-7.6162109375,379.3083415917712,6.164681403377468,76.12820512820512,2.75470398810441,78.66666666666667,2.609026167722301,0.0,0.0,18.59261645774704,15.425754101208108,Good,18,6,2025-11-16 18:00:00+00:00,Abnormal
2025-11-16 18:06:22+00:00,389.6268325188805,40,73,76,27.2,57,1013.25,0.0,-0.4314926,0.2353596,8.8652116,-0.27125,-0.0525,-0.1575,181.005859375,-169.7265625,165.966796875,kitchen idle,run_5,0,1949,0,False,False,False,0,0,0,0,0,0,389.6268325188805,73.0,76.0,40.0,0.0438472516209577,0.0223535008263705,-0.074798252765163,-0.1475249999999999,-0.0329,-0.0605499999999999,1.1494140625,1.0205078125,-7.6162109375,379.5663038649489,6.300050370643451,76.05,2.7637766802803756,78.6,2.6096467979894284,5.997334517992101,0.0,17.939811866330572,14.8406632260503,Good,18,6,2025-11-16 18:00:00+00:00,Abnormal
2025-11-16 18:06:28+00:00,389.6268325188805,40,73,76,27.0,57,1013.25,0.0,-0.4314926,0.1569064,9.0613446,-0.09625,0.20125,-0.55125,179.931640625,-170.80078125,161.669921875,kitchen idle,run_5,0,1949,0,False,False,False,0,0,0,0,0,0,389.6268325188805,73.0,76.0,40.0,0.0438472516209577,-0.0636215023519777,0.1401392551807074,0.027475,0.22085,-0.4543,0.0751953125,-0.0537109375,-11.9130859375,379.8116826126058,6.416152174605619,75.97560975609755,2.770268984034315,78.53658536585365,2.6086161175574603,0.0,0.0,17.753274995617193,14.677050578882904,Good,18,6,2025-11-16 18:00:00+00:00,Abnormal
2025-11-16 18:06:33+00:00,390.8262994224789,40,72,74,27.1,57,1013.25,0.0,-0.5491724,0.1569064,8.8652116,-0.3325,-0.09625,-0.42875,181.005859375,-172.94921875,169.189453125,kitchen idle,run_5,0,1955,0,False,False,False,0,0,0,0,0,0,390.8262994224789,72.0,74.0,40.0,-0.0851152531465647,-0.0636215023519777,-0.074798252765163,-0.208775,-0.07665,-0.3318,1.1494140625,-2.2021484375,-4.3935546875,380.0739353937933,6.561367939400857,75.88095238095238,2.8041987765072944,78.42857142857143,2.6700037192159956,5.997334517991817,-5.0,17.84654461293625,14.758661409374149,Good,18,6,2025-11-16 18:00:00+00:00,Abnormal
2025-11-16 18:06:38+00:00,390.8262994224789,41,72,75,27.5,57,1013.25,0.0,-0.4707192,0.2353596,8.9436648,-0.39375,0.09625,-0.46375,180.46875,-169.7265625,168.65234375,kitchen idle,run_5,0,1955,0,False,False,False,0,0,0,0,0,0,390.8262994224789,72.0,75.0,41.0,0.0008597500317835,0.0223535008263705,0.0111767504131855,-0.2700249999999999,0.11585,-0.3668,0.6123046875,1.0205078125,-4.9306640625,380.3239903712045,6.686942088423707,75.79069767441861,2.8331216128309404,78.34883720930233,2.6893415810445047,0.0,0.0,18.21959944386388,15.089030087499678,Good,18,6,2025-11-16 18:00:00+00:00,Abnormal
2025-11-16 18:06:44+00:00,390.8262994224789,41,72,75,27.9,57,1013.25,0.0,-0.4707192,0.2353596,8.825985,-0.11375,-0.035,-0.06125,182.080078125,-171.337890625,176.171875,kitchen idle,run_5,0,1955,0,False,False,False,0,0,0,0,0,0,390.8262994224789,72.0,75.0,41.0,0.0008597500317835,0.0223535008263705,-0.1177857543543383,0.009975,-0.0154,0.0357,2.2236328125,-0.5908203125,2.5888671875,380.56267921327895,6.795740595140745,75.70454545454545,2.8577072079305146,78.27272727272727,2.705409192827274,0.0,0.0,18.59261645774704,15.425754101208108,Good,18,6,2025-11-16 18:00:00+00:00,Abnormal
2025-11-16 18:06:49+00:00,390.8262994224789,41,73,76,27.2,57,1013.25,0.0,-0.4314926,0.1569064,9.022118,-0.09625,-0.35,0.175,181.005859375,-170.263671875,170.80078125,kitchen idle,run_5,0,1955,0,False,False,False,0,0,0,0,0,0,390.8262994224789,73.0,76.0,41.0,0.0438472516209577,-0.0636215023519777,0.0971517535915341,0.027475,-0.3303999999999999,0.27195,1.1494140625,0.4833984375,-2.7822265625,380.7907596623723,6.890096398684309,75.64444444444445,2.8536703284427296,78.22222222222223,2.695862898531163,0.0,5.0,17.939811866330572,14.8406632260503,Good,18,6,2025-11-16 18:00:00+00:00,Abnormal
2025-11-16 18:06:54+00:00,392.0257663260773,40,72,75,27.8,57,1013.25,0.0,-0.5099458,0.196133,8.9828914,0.07,0.0525,-0.4025,182.6171875,-170.80078125,170.263671875,kitchen idle,run_5,0,1961,0,False,False,False,0,0,0,0,0,0,392.0257663260773,72.0,75.0,40.0,-0.0421277515573906,-0.0206340007628035,0.0541642520023588,0.193725,0.0721,-0.30555,2.7607421875,-0.0537109375,-3.3193359375,381.0349989376702,7.011597050137149,75.56521739130434,2.8724915542902285,78.15217391304348,2.707745198125387,5.997334517992101,-5.0,18.49936574930969,15.3409718005771,Good,18,6,2025-11-16 18:00:00+00:00,Abnormal
2025-11-16 18:07:00+00:00,392.0257663260773,39,71,74,27.2,57,1013.25,0.0,-0.4707192,0.1569064,9.1005712,-0.1925,-0.02625,-0.32375,181.005859375,-171.337890625,174.560546875,kitchen idle,run_5,0,1961,0,False,False,False,0,0,0,0,0,0,392.0257663260773,71.0,74.0,39.0,0.0008597500317835,-0.0636215023519777,0.1831267567698807,-0.0687749999999999,-0.00665,-0.2267999999999999,1.1494140625,-0.5908203125,0.9775390625,381.26884505231715,7.11785723320067,75.46808510638297,2.918092466796324,78.06382978723404,2.7457813912725695,0.0,-5.0,17.939811866330572,14.8406632260503,Good,18,6,2025-11-16 18:00:00+00:00,Abnormal
2025-11-16 18:07:05+00:00,392.0257663260773,39,72,76,27.8,57,1013.25,0.0,-0.5099458,0.2745862,9.022118,-0.0175,0.07,-0.02625,179.931640625,-169.7265625,168.115234375,kitchen idle,run_5,0,1961,0,False,False,False,0,0,0,0,0,0,392.0257663260773,72.0,76.0,39.0,-0.0421277515573906,0.0653410024155447,0.0971517535915341,0.106225,0.0896,0.0707,0.0751953125,1.0205078125,-5.4677734375,381.49294757885383,7.210866084401561,75.39583333333333,2.929959576609799,78.02083333333333,2.7326986376056377,0.0,5.0,18.49936574930969,15.3409718005771,Good,18,6,2025-11-16 18:00:00+00:00,Abnormal
2025-11-16 18:07:10+00:00,392.0257663260773,39,74,77,27.5,57,1013.25,0.0,-0.5099458,0.2353596,8.9828914,-0.07875,0.1925,0.07,181.54296875,-172.412109375,184.765625,kitchen idle,run_5,0,1961,0,False,False,False,0,0,0,0,0,0,392.0257663260773,74.0,77.0,39.0,-0.0421277515573906,0.0223535008263705,0.0541642520023588,0.044975,0.2121,0.16695,1.6865234375,-1.6650390625,11.1826171875,381.7079030634911,7.292284591294326,75.36734693877551,2.9061277038858107,78.0,2.708012801545334,0.0,10.0,18.21959944386388,15.089030087499678,Good,18,6,2025-11-16 18:00:00+00:00,Abnormal
2025-11-16 18:07:16+00:00,393.22523322967567,40,75,79,27.3,57,1013.25,0.0,-0.5099458,0.2353596,8.9828914,-0.00875,0.0175,-0.035,182.080078125,-171.875,164.892578125,kitchen idle,run_5,0,1967,0,False,False,False,0,0,0,0,0,0,393.22523322967567,75.0,79.0,40.0,-0.0421277515573906,0.0223535008263705,0.0541642520023588,0.114975,0.0371,0.06195,2.2236328125,-1.1279296875,-8.6904296875,381.9382496668147,7.398995816000353,75.36,2.876789593861017,78.02,2.6839659963173585,5.997334517991817,5.0,18.03307675589005,14.923057576008244,Good,18,6,2025-11-16 18:00:00+00:00,Abnormal
2025-11-16 18:07:21+00:00,393.22523322967567,39,76,80,27.5,57,1013.25,0.0,-0.5099458,0.2353596,8.9828914,-0.3675,-0.07875,0.20125,181.005859375,-171.337890625,163.818359375,kitchen idle,run_5,0,1967,0,False,False,False,0,0,0,0,0,0,393.22523322967567,76.0,80.0,39.0,-0.0421277515573906,0.0223535008263705,0.0541642520023588,-0.2437749999999999,-0.05915,0.2982,1.1494140625,-0.5908203125,-9.7646484375,382.1595630700081,7.493210062955069,75.37254901960785,2.8492861163016103,78.05882352941177,2.671417336964662,0.0,5.0,18.21959944386388,15.089030087499678,Good,18,6,2025-11-16 18:00:00+00:00,Abnormal
2025-11-16 18:07:26+00:00,393.22523322967567,40,75,78,27.0,57,1013.25,0.0,-0.5099458,0.196133,9.1005712,0.07,-0.14875,-0.09625,183.154296875,-171.337890625,163.28125,kitchen idle,run_5,0,1967,0,False,False,False,0,0,0,0,0,0,393.22523322967567,75.0,78.0,40.0,-0.0421277515573906,-0.0206340007628035,0.1831267567698807,0.193725,-0.12915,0.0007,3.2978515625,-0.5908203125,-10.3017578125,382.3723644192325,7.576413501616175,75.36538461538461,2.821686647281203,78.0576923076923,2.645109890881984,0.0,-5.0,17.753274995617193,14.677050578882904,Good,18,6,2025-11-16 18:00:00+00:00,Abnormal
2025-11-16 18:07:32+00:00,393.22523322967567,39,72,74,27.8,57,1013.25,0.0,-0.4707192,0.2745862,8.7867584,-0.0875,-0.175,0.0,181.005859375,-170.80078125,169.7265625,kitchen idle,run_5,0,1967,0,False,False,False,0,0,0,0,0,0,393.22523322967567,72.0,74.0,39.0,0.0008597500317835,0.0653410024155447,-0.1607732559435116,0.036225,-0.1553999999999999,0.09695,1.1494140625,-0.0537109375,-3.8564453125,382.5771355288635,7.649869941514797,75.30188679245283,2.832401167128885,77.98113207547169,2.6781923154199596,0.0,-15.0,18.49936574930969,15.3409718005771,Good,18,6,2025-11-16 18:00:00+00:00,Abnormal
2025-11-16 18:07:37+00:00,393.22523322967567,39,69,73,27.6,57,1013.25,0.0,-0.4707192,0.2353596,8.9828914,-0.105,0.035,-0.14875,179.931640625,-170.80078125,164.892578125,kitchen idle,run_5,0,1967,0,False,False,False,0,0,0,0,0,0,393.22523322967567,69.0,73.0,39.0,0.0008597500317835,0.0223535008263705,0.0541642520023588,0.018725,0.0546,-0.0517999999999999,0.0751953125,-0.0537109375,-8.6904296875,382.77432252332295,7.714662399359054,75.18518518518519,2.933695422668145,77.88888888888889,2.738038594671744,0.0,-15.0,18.312857242457955,15.1726113665956,Good,18,6,2025-11-16 18:00:00+00:00,Abnormal
2025-11-16 18:07:42+00:00,393.22523322967567,39,71,73,27.5,57,1013.25,0.0,-0.5491724,0.1569064,8.9436648,-0.1225,-0.0525,-0.1225,182.080078125,-170.80078125,160.595703125,kitchen idle,run_5,0,1967,0,False,False,False,0,0,0,0,0,0,393.22523322967567,71.0,73.0,39.0,-0.0851152531465647,-0.0636215023519777,0.0111767504131855,0.001225,-0.0329,-0.0255499999999999,2.2236328125,-0.0537109375,-12.9873046875,382.9643390816203,7.771725263821244,75.10909090909091,2.96068515138923,77.8,2.7915215551008483,0.0,10.0,18.21959944386388,15.089030087499678,Good,18,6,2025-11-16 18:00:00+00:00,Abnormal
2025-11-16 18:07:48+00:00,393.22523322967567,40,72,74,27.1,57,1013.25,0.0,-0.5099458,0.2353596,9.0613446,-0.035,-0.13125,-0.14875,182.080078125,-170.263671875,168.65234375,kitchen idle,run_5,0,1967,0,False,False,False,0,0,0,0,0,0,393.22523322967567,72.0,74.0,40.0,-0.0421277515573906,0.0223535008263705,0.1401392551807074,0.088725,-0.11165,-0.0517999999999999,2.2236328125,0.4833984375,-4.9306640625,383.1475693342641,7.821869545891114,75.05357142857143,2.9629201987053597,77.73214285714286,2.8122528751458855,0.0,5.0,17.84654461293625,14.758661409374149,Good,18,6,2025-11-16 18:00:00+00:00,Abnormal
2025-11-16 18:07:53+00:00,393.22523322967567,40,72,74,27.1,57,1013.25,0.0,-0.5491724,0.2353596,8.9044382,-0.1225,-0.0175,-0.0175,181.005859375,-171.875,170.80078125,kitchen idle,run_5,0,1967,0,False,False,False,0,0,0,0,0,0,393.22523322967567,72.0,74.0,40.0,-0.0851152531465647,0.0223535008263705,-0.0318107511759897,0.001225,0.0020999999999999,0.07945,1.1494140625,-1.1279296875,-2.7822265625,383.3243704552363,7.865802954797239,75.0,2.964070560178079,77.66666666666667,2.830530826877677,0.0,0.0,17.84654461293625,14.758661409374149,Good,18,6,2025-11-16 18:00:00+00:00,Abnormal
2025-11-16 18:07:58+00:00,394.42470013327414,40,73,75,27.0,57,1013.25,0.0,-0.4707192,0.196133,8.8652116,-0.1225,-0.035,-0.04375,181.005859375,-171.875,165.966796875,kitchen idle,run_5,0,1973,0,False,False,False,0,0,0,0,0,0,394.42470013327414,73.0,75.0,40.0,0.0008597500317835,-0.0206340007628035,-0.074798252765163,0.001225,-0.0154,0.0532,1.1494140625,-1.1279296875,-7.6162109375,383.5157554496852,7.931572293139889,74.96551724137932,2.949668534701807,77.62068965517241,2.8273574930002225,5.997334517992385,5.0,17.753274995617193,14.677050578882904,Good,18,6,2025-11-16 18:00:00+00:00,Abnormal
2025-11-16 18:08:04+00:00,395.6241670368725,39,73,76,27.4,57,1013.25,0.0,-0.4707192,0.2353596,9.1397978,-0.02625,-0.16625,0.23625,182.080078125,-170.80078125,161.669921875,kitchen idle,run_5,0,1979,0,False,False,False,0,0,0,0,0,0,395.6241670368725,73.0,76.0,39.0,0.0008597500317835,0.0223535008263705,0.226114258359056,0.097475,-0.14665,0.3332,2.2236328125,-0.0537109375,-11.9130859375,383.7209827647223,8.01936178529456,74.9322033898305,2.9353047587746266,77.59322033898304,2.810808228764389,5.997334517991817,0.0,18.126339281704528,15.005846011011654,Good,18,6,2025-11-16 18:00:00+00:00,Abnormal
2025-11-16 18:08:09+00:00,396.8236339404709,40,76,78,27.2,57,1013.25,0.0,-0.4707192,0.196133,8.9828914,-0.00875,-0.07875,-0.3325,181.005859375,-170.80078125,161.1328125,kitchen idle,run_5,0,1985,0,False,False,False,0,0,0,0,0,0,396.8236339404709,76.0,78.0,40.0,0.0008597500317835,-0.0206340007628035,0.0541642520023588,0.114975,-0.05915,-0.23555,1.1494140625,-0.0537109375,-12.4501953125,383.93936028431807,8.129051921171625,74.95,2.9135859436178575,77.6,2.7873807643419997,5.997334517992101,15.0,17.939811866330572,14.8406632260503,Good,18,6,2025-11-16 18:00:00+00:00,Abnormal
2025-11-16 18:08:14+00:00,396.8236339404709,40,75,77,27.0,57,1013.25,0.0,-0.5099458,0.2745862,8.9044382,-0.14875,0.07875,0.21875,180.46875,-171.337890625,167.041015625,kitchen idle,run_5,0,1985,0,False,False,False,0,0,0,0,0,0,396.8236339404709,75.0,77.0,40.0,-0.0421277515573906,0.0653410024155447,-0.0318107511759897,-0.0250249999999999,0.0983499999999999,0.3157,0.6123046875,-0.5908203125,-6.5419921875,384.1505778852386,8.228092878835412,74.95081967213115,2.8892111351728276,77.59016393442623,2.765122355221252,0.0,-5.0,17.753274995617193,14.677050578882904,Good,18,6,2025-11-16 18:00:00+00:00,Abnormal
2025-11-16 18:08:20+00:00,396.8236339404709,40,73,75,27.6,57,1013.25,0.0,-0.4707192,0.196133,8.9044382,-0.21,0.105,-0.1575,182.6171875,-171.337890625,165.4296875,kitchen idle,run_5,0,1985,0,False,False,False,0,0,0,0,0,0,396.8236339404709,73.0,75.0,40.0,0.0008597500317835,-0.0206340007628035,-0.0318107511759897,-0.0862749999999999,0.1245999999999999,-0.0605499999999999,2.7607421875,-0.5908203125,-8.1533203125,384.35498201516174,8.317576363327799,74.91935483870968,2.8761220880672136,77.54838709677419,2.762022419840159,0.0,-10.0,18.312857242457955,15.1726113665956,Good,18,6,2025-11-16 18:00:00+00:00,Abnormal
2025-11-16 18:08:25+00:00,396.8236339404709,39,72,74,27.9,56,1013.25,0.0,-0.5099458,0.196133,8.9828914,-0.0525,0.0,-0.49875,182.080078125,-171.337890625,166.50390625,kitchen idle,run_5,0,1985,0,False,False,False,0,0,0,0,0,0,396.8236339404709,72.0,74.0,39.0,-0.0421277515573906,-0.0206340007628035,0.0541642520023588,0.071225,0.0196,-0.4018,2.2236328125,-0.5908203125,-7.0791015625,384.5528971250872,8.398450525644447,74.87301587301587,2.8764452944567105,77.4920634920635,2.7758928576575355,0.0,-5.0,18.30992267813455,15.155126836274636,Good,18,6,2025-11-16 18:00:00+00:00,Abnormal
2025-11-16 18:08:30+00:00,396.8236339404709,39,72,74,27.0,56,1013.25,0.0,-0.5099458,0.1569064,8.7083052,-0.41125,-0.245,0.35,179.931640625,-169.7265625,176.171875,kitchen idle,run_5,0,1985,0,False,False,False,0,0,0,0,0,0,396.8236339404709,72.0,74.0,39.0,-0.0421277515573906,-0.0636215023519777,-0.2467482591218602,-0.287525,-0.2254,0.4469499999999999,0.0751953125,1.0205078125,2.5888671875,384.7446273878276,8.471543895913035,74.828125,2.876035010383651,77.4375,2.788155218744032,0.0,0.0,17.472390596065303,14.419558463463906,Good,18,6,2025-11-16 18:00:00+00:00,Abnormal
2025-11-16 18:08:36+00:00,396.8236339404709,39,72,74,27.1,56,1013.25,0.0,-0.4314926,0.196133,8.9828914,0.0,-0.035,-0.245,182.080078125,-170.263671875,160.05859375,kitchen idle,run_5,0,1985,0,False,False,False,0,0,0,0,0,0,396.8236339404709,72.0,74.0,39.0,0.0438472516209577,-0.0206340007628035,0.0541642520023588,0.123725,-0.0154,-0.14805,2.2236328125,0.4833984375,-13.5244140625,384.9304582578683,8.537584437508809,74.78461538461538,2.874958193675992,77.38461538461539,2.798952413919299,0.0,0.0,17.565459437357394,14.499737524999164,Good,18,6,2025-11-16 18:00:00+00:00,Abnormal
2025-11-16 18:08:41+00:00,396.8236339404709,41,73,74,27.6,56,1013.25,0.0,-0.4314926,0.2745862,8.9436648,-0.1575,-0.1225,-0.525,181.54296875,-170.80078125,160.05859375,kitchen idle,run_5,0,1985,0,False,False,False,0,0,0,0,0,0,396.8236339404709,73.0,74.0,41.0,0.0438472516209577,0.0653410024155447,0.0111767504131855,-0.0337749999999999,-0.1028999999999999,-0.42805,1.6865234375,-0.0537109375,-13.5244140625,385.1106578894229,8.597214894019826,74.75757575757575,2.861202576973587,77.33333333333333,2.8084122715832773,0.0,5.0,18.030767188406777,14.90642520226936,Good,18,6,2025-11-16 18:00:00+00:00,Abnormal
2025-11-16 18:08:47+00:00,396.8236339404709,41,73,73,27.2,56,1013.25,0.0,-0.5099458,0.2353596,8.825985,-0.14,0.07,-0.28,183.69140625,-169.7265625,164.35546875,kitchen idle,run_5,0,1985,0,False,False,False,0,0,0,0,0,0,396.8236339404709,73.0,73.0,41.0,-0.0421277515573906,0.0223535008263705,-0.1177857543543383,-0.0162749999999999,0.0896,-0.18305,3.8349609375,1.0205078125,-9.2275390625,385.2854784274982,8.651005279563092,74.73134328358209,2.847551258230441,77.26865671641791,2.836889512766342,0.0,0.0,17.658525848161812,14.580300713312576,Good,18,6,2025-11-16 18:00:00+00:00,Abnormal
2025-11-16 18:08:52+00:00,398.0231008440693,40,73,74,27.9,56,1013.25,0.0,-0.5491724,0.2353596,8.9436648,-0.18375,-0.11375,-0.385,183.154296875,-170.80078125,162.744140625,kitchen idle,run_5,0,1991,0,False,False,False,0,0,0,0,0,0,398.0231008440693,73.0,74.0,40.0,-0.0851152531465647,0.0223535008263705,0.0111767504131855,-0.0600249999999999,-0.09415,-0.28805,3.2978515625,-0.0537109375,-10.8388671875,385.47279640421254,8.724039470774919,74.70588235294117,2.834008940091732,77.22058823529412,2.843403406552945,5.997334517991817,0.0,18.30992267813455,15.155126836274636,Good,18,6,2025-11-16 18:00:00+00:00,Abnormal
2025-11-16 18:08:57+00:00,386.22834295868506,39,72,74,27.8,56,1013.25,0.0,-0.5099458,0.2353596,8.9436648,-0.48125,-0.25375,-0.13125,182.080078125,-170.263671875,161.669921875,kitchen idle,run_5,0,1932,0,False,False,False,0,0,0,0,0,0,386.22834295868506,72.0,74.0,39.0,-0.0421277515573906,0.0223535008263705,0.0111767504131855,-0.357525,-0.2341499999999999,-0.0343,2.2236328125,0.4833984375,-11.9130859375,385.4837463542773,8.660132208838935,74.66666666666667,2.8318912131537406,77.17391304347827,2.848924057683017,-58.973789426921144,-5.0,18.216873278078353,15.071831944426629,Good,18,6,2025-11-16 18:00:00+00:00,Abnormal
2025-11-16 18:09:03+00:00,354.0426477121279,39,73,74,28.8,57,1013.25,0.0,-0.6276256,0.2353596,8.9828914,-0.18375,0.07875,-0.09625,183.69140625,-170.80078125,153.076171875,kitchen idle,run_5,0,1771,0,False,False,False,0,0,0,0,0,0,354.0426477121279,73.0,74.0,39.0,-0.1710902563249131,0.0223535008263705,0.0541642520023588,-0.0600249999999999,0.0983499999999999,0.0007,3.8349609375,-0.0537109375,-20.5068359375,385.0345878022466,9.382590381910566,74.64285714285714,2.8183442270586334,77.12857142857143,2.853532916144428,-160.92847623278573,5.0,19.431766500196872,16.207143199810435,Good,18,6,2025-11-16 18:00:00+00:00,Abnormal
2025-11-16 18:09:08+00:00,367.0368725011106,40,73,77,28.4,57,1013.25,0.0,-0.5491724,0.2353596,8.9436648,-0.35875,-0.02625,0.21,182.080078125,-170.80078125,161.1328125,kitchen idle,run_5,0,1836,0,False,False,False,0,0,0,0,0,0,367.0368725011106,73.0,77.0,40.0,-0.0851152531465647,0.0223535008263705,0.0111767504131855,-0.2350249999999999,-0.00665,0.30695,2.2236328125,-0.0537109375,-12.4501953125,384.78109885434327,9.557071197435896,74.61971830985915,2.8049252456710723,77.12676056338029,2.8331183095904895,64.97112394491353,0.0,19.058834553641933,15.85574978068423,Good,18,6,2025-11-16 18:00:00+00:00,Abnormal
2025-11-16 18:09:13+00:00,375.8329631274989,39,72,76,28.6,57,1013.25,0.0,-0.5099458,0.2745862,8.825985,-0.0875,-0.21875,0.035,183.154296875,-171.337890625,153.61328125,kitchen idle,run_5,0,1880,0,False,False,False,0,0,0,0,0,0,375.8329631274989,72.0,76.0,39.0,-0.0421277515573906,0.0653410024155447,-0.1177857543543383,0.036225,-0.19915,0.13195,3.2978515625,-0.5908203125,-19.9697265625,384.6568191914705,9.547944069529024,74.58333333333333,2.8021621430703196,77.11111111111111,2.8162284016066064,43.98045313194132,-5.0,19.24530525207372,16.03061711465323,Good,18,6,2025-11-16 18:00:00+00:00,Abnormal
2025-11-16 18:09:19+00:00,383.8294091514882,39,69,74,28.5,57,1013.25,0.0,-0.4707192,0.196133,9.0613446,-0.14875,-0.02625,-0.14,181.54296875,-171.875,158.984375,kitchen idle,run_5,0,1920,0,False,False,False,0,0,0,0,0,0,383.8294091514882,69.0,74.0,39.0,0.0008597500317835,-0.0206340007628035,0.1401392551807074,-0.0250249999999999,-0.00665,-0.04305,1.6865234375,-1.1279296875,-14.5986328125,384.64548480736113,9.481901606910665,74.5068493150685,2.858337160693438,77.06849315068493,2.8202086562053914,39.98223011994668,-15.0,19.152071084191306,15.9429769109796,Good,18,6,2025-11-16 18:00:00+00:00,Abnormal
2025-11-16 18:09:24+00:00,390.8262994224789,39,69,74,28.6,57,1013.25,0.0,-0.4707192,0.2745862,8.9828914,-0.0875,0.06125,0.0175,182.080078125,-170.80078125,156.8359375,kitchen idle,run_5,0,1955,0,False,False,False,0,0,0,0,0,0,390.8262994224789,69.0,74.0,39.0,0.0008597500317835,0.0653410024155447,0.0541642520023588,0.036225,0.08085,0.11445,2.2236328125,-0.0537109375,-16.7470703125,384.729009329187,9.44410463475231,74.43243243243244,2.909978492040675,77.02702702702703,2.823448648945503,34.98445135495331,0.0,19.24530525207372,16.03061711465323,Good,18,6,2025-11-16 18:00:00+00:00,Abnormal
2025-11-16 18:09:29+00:00,395.6241670368725,39,72,76,28.5,57,1013.25,0.0,-0.3530394,0.2353596,8.8652116,-0.11375,0.105,0.06125,182.080078125,-171.337890625,153.61328125,kitchen idle,run_5,0,1979,0,False,False,False,0,0,0,0,0,0,395.6241670368725,72.0,76.0,39.0,0.129822254799306,0.0223535008263705,-0.074798252765163,0.009975,0.1245999999999999,0.1582,2.2236328125,-0.5908203125,-19.9697265625,384.8742780986228,9.46406642004897,74.4,2.9038650850947856,77.01333333333334,2.8068128185182295,23.98933807196812,15.0,19.152071084191306,15.9429769109796,Good,18,6,2025-11-16 18:00:00+00:00,Abnormal
2025-11-16 18:09:35+00:00,398.0231008440693,40,72,77,28.5,56,1013.25,0.0,-0.5099458,0.196133,8.9044382,-0.11375,0.21875,-0.14875,181.54296875,-169.7265625,150.927734375,kitchen idle,run_5,0,1991,0,False,False,False,0,0,0,0,0,0,398.0231008440693,72.0,77.0,40.0,-0.0421277515573906,-0.0206340007628035,-0.0318107511759897,0.009975,0.23835,-0.0517999999999999,1.6865234375,1.0205078125,-22.6552734375,385.0472889242208,9.52098705523164,74.36842105263158,2.8975488733901154,77.01315789473684,2.78803835962436,11.994669035983918,0.0,18.868168057553056,15.663275561664165,Good,18,6,2025-11-16 18:00:00+00:00,Abnormal
2025-11-16 18:09:40+00:00,400.4220346512661,39,71,76,28.7,56,1013.25,0.0,-0.4314926,0.2745862,8.9436648,-0.315,-0.00875,-0.07,181.54296875,-165.966796875,145.556640625,kitchen idle,run_5,0,2003,0,False,False,False,0,0,0,0,0,0,400.4220346512661,71.0,76.0,39.0,0.0438472516209577,0.0653410024155447,0.0111767504131855,-0.1912749999999999,0.0108499999999999,0.02695,1.6865234375,4.7802734375,-28.0263671875,385.2469609466499,9.619061727645462,74.32467532467533,2.9039064362626155,77.0,2.772040859423944,11.994669035983918,-5.0,19.054230416435782,15.83588828554216,Good,18,6,2025-11-16 18:00:00+00:00,Abnormal
2025-11-16 18:09:45+00:00,401.6215015548645,41,73,77,28.2,56,1013.25,0.0,-0.4707192,0.2353596,8.9436648,-0.2625,0.07875,-0.11375,180.46875,-168.65234375,160.595703125,kitchen idle,run_5,0,2009,0,False,False,False,0,0,0,0,0,0,401.6215015548645,73.0,77.0,41.0,0.0008597500317835,0.0223535008263705,0.0111767504131855,-0.1387749999999999,0.0983499999999999,-0.0167999999999999,0.6123046875,2.0947265625,-12.9873046875,385.4568909544476,9.73458859263941,74.3076923076923,2.888884619650716,77.0,2.753981769078298,5.997334517992101,10.0,18.58905630032685,15.407396235595156,Good,18,6,2025-11-16 18:00:00+00:00,Abnormal
2025-11-16 18:09:51+00:00,402.8209684584629,41,73,76,28.8,56,1013.25,0.0,-0.3530394,0.2353596,8.9828914,-0.23625,-0.20125,-0.09625,183.154296875,-170.263671875,158.447265625,kitchen idle,run_5,0,2015,0,False,False,False,0,0,0,0,0,0,402.8209684584629,73.0,76.0,41.0,0.129822254799306,0.0223535008263705,0.0541642520023588,-0.1125249999999999,-0.18165,0.0007,3.2978515625,0.4833984375,-15.1357421875,385.6766894038655,9.867315348448212,74.29113924050633,2.8740746503436982,76.9873417721519,2.738583158318848,5.997334517992101,0.0,19.147257952382137,15.922807354199726,Good,18,6,2025-11-16 18:00:00+00:00,Abnormal
2025-11-16 18:09:56+00:00,402.8209684584629,40,72,75,28.5,56,1013.25,0.0,-0.4707192,0.196133,8.9436648,-0.245,-0.07,-0.385,183.154296875,-171.875,154.150390625,kitchen idle,run_5,0,2015,0,False,False,False,0,0,0,0,0,0,402.8209684584629,72.0,75.0,40.0,0.0008597500317835,-0.0206340007628035,0.0111767504131855,-0.1212749999999999,-0.0504,-0.28805,3.2978515625,-1.1279296875,-19.4326171875,385.890992892048,9.990272088630327,74.2625,2.8672915372340126,76.9625,2.730251298305484,0.0,-5.0,18.868168057553056,15.663275561664165,Good,18,6,2025-11-16 18:00:00+00:00,Abnormal
2025-11-16 18:10:01+00:00,404.0204353620613,39,72,74,28.5,56,1013.25,0.0,-0.4707192,0.2745862,8.9044382,0.035,-0.25375,0.14875,182.6171875,-171.337890625,158.984375,kitchen idle,run_5,0,2021,0,False,False,False,0,0,0,0,0,0,404.0204353620613,72.0,74.0,39.0,0.0008597500317835,0.0653410024155447,-0.0318107511759897,0.158725,-0.2341499999999999,0.2457,2.7607421875,-0.5908203125,-14.5986328125,386.11481316945554,10.12994096935853,74.23456790123457,2.860382863089644,76.92592592592592,2.7330284382795016,5.997334517991817,0.0,18.868168057553056,15.663275561664165,Good,18,6,2025-11-16 18:00:00+00:00,Abnormal
2025-11-16 18:10:07+00:00,405.21990226565975,39,71,72,28.8,56,1013.25,0.0,-0.4314926,0.2745862,8.9044382,-0.04375,-0.28,0.0,184.765625,-170.263671875,167.041015625,kitchen idle,run_5,0,2027,0,False,False,False,0,0,0,0,0,0,405.21990226565975,71.0,72.0,39.0,0.0438472516209577,0.0653410024155447,-0.0318107511759897,0.079975,-0.2604,0.09695,4.9091796875,0.4833984375,-6.5419921875,386.34780206087265,10.285918385244054,74.1951219512195,2.865025475034862,76.86585365853658,2.7700434329257617,5.997334517992385,-5.0,19.147257952382137,15.922807354199726,Good,18,6,2025-11-16 18:00:00+00:00,Abnormal
2025-11-16 18:10:12+00:00,405.21990226565975,40,73,75,28.9,56,1013.25,0.0,-0.5491724,0.2353596,9.022118,-0.34125,-0.2275,-0.30625,182.080078125,-170.263671875,153.61328125,kitchen idle,run_5,0,2027,0,False,False,False,0,0,0,0,0,0,405.21990226565975,73.0,75.0,40.0,-0.0851152531465647,0.0223535008263705,0.0971517535915341,-0.2175249999999999,-0.2079,-0.2093,2.2236328125,0.4833984375,-19.9697265625,386.5751767621352,10.430767461915377,74.18072289156626,2.850522324037396,76.8433734939759,2.7607083206981207,0.0,10.0,19.240283059458655,16.010137018214305,Good,18,6,2025-11-16 18:00:00+00:00,Abnormal
2025-11-16 18:10:17+00:00,405.21990226565975,40,74,76,28.2,56,1013.25,0.0,-0.5099458,0.196133,8.9828914,0.105,-0.11375,-0.49,183.154296875,-169.189453125,156.298828125,kitchen idle,run_5,0,2027,0,False,False,False,0,0,0,0,0,0,405.21990226565975,74.0,76.0,40.0,-0.0421277515573906,-0.0206340007628035,0.0541642520023588,0.228725,-0.09415,-0.39305,3.2978515625,1.5576171875,-17.2841796875,386.7971377800343,10.565436941285853,74.17857142857143,2.833367081571499,76.83333333333333,2.745569633143879,0.0,5.0,18.58905630032685,15.407396235595156,Good,18,6,2025-11-16 18:00:00+00:00,Abnormal
2025-11-16 18:10:23+00:00,405.21990226565975,40,75,78,28.8,56,1013.25,0.0,-0.5099458,0.1569064,8.8652116,-0.1925,-0.20125,-0.42875,182.6171875,-170.263671875,156.8359375,kitchen idle,run_5,0,2027,0,False,False,False,0,0,0,0,0,0,405.21990226565975,75.0,78.0,40.0,-0.0421277515573906,-0.0636215023519777,-0.074798252765163,-0.0687749999999999,-0.18165,-0.3318,2.7607421875,0.4833984375,-16.7470703125,387.0138761857475,10.690765555015265,74.18823529411765,2.817860204916826,76.84705882352941,2.732110131438367,0.0,5.0,19.147257952382137,15.922807354199726,Good,18,6,2025-11-16 18:00:00+00:00,Abnormal
2025-11-16 18:10:28+00:00,406.4193691692581,40,74,78,28.1,56,1013.25,0.0,-0.4707192,0.196133,8.8652116,-0.1575,-0.105,-0.16625,181.54296875,-169.189453125,162.744140625,kitchen idle,run_5,0,2033,0,False,False,False,0,0,0,0,0,0,406.4193691692581,74.0,78.0,40.0,0.0008597500317835,-0.0206340007628035,-0.074798252765163,-0.0337749999999999,-0.0854,-0.0693,1.6865234375,1.5576171875,-10.8388671875,387.2395214529977,10.831740789471729,74.18604651162791,2.801309054949265,76.86046511627907,2.7188353505636815,5.997334517991817,-5.0,18.49601418916364,15.32290742265942,Good,18,6,2025-11-16 18:00:00+00:00,Abnormal
2025-11-16 18:10:34+00:00,406.4193691692581,40,75,79,28.9,56,1013.25,0.0,-0.5491724,0.2745862,8.7475318,-0.13125,-0.11375,-0.30625,183.69140625,-170.263671875,162.20703125,kitchen idle,run_5,0,2033,0,False,False,False,0,0,0,0,0,0,406.4193691692581,75.0,79.0,40.0,-0.0851152531465647,0.0653410024155447,-0.2037607575326849,-0.0075249999999999,-0.09415,-0.2093,3.8349609375,0.4833984375,-11.3759765625,387.4599794727248,10.963151777049022,74.19540229885058,2.7863416060447723,76.88505747126437,2.71269747906724,0.0,5.0,19.240283059458655,16.010137018214305,Good,18,6,2025-11-16 18:00:00+00:00,Abnormal
2025-11-16 18:10:39+00:00,407.61883607285654,41,77,81,28.3,56,1013.25,0.0,-0.4707192,0.0784532,9.1005712,0.07,-0.00875,-0.1575,184.765625,-170.80078125,154.150390625,kitchen idle,run_5,0,2039,0,False,False,False,0,0,0,0,0,0,407.61883607285654,77.0,81.0,41.0,0.0008597500317835,-0.1495965055303261,0.1831267567698807,0.193725,0.0108499999999999,-0.0605499999999999,4.9091796875,-0.0537109375,-19.4326171875,387.6890573886354,11.10977693208317,74.22727272727273,2.786367770064166,76.93181818181819,2.73250108388977,5.997334517992101,10.0,18.68209598204939,15.49228614838948,Good,18,6,2025-11-16 18:00:00+00:00,Abnormal
2025-11-16 18:10:44+00:00,407.61883607285654,41,77,81,28.7,56,1013.25,0.0,-0.5491724,0.1569064,8.8652116,-0.39375,-0.35,0.25375,183.154296875,-172.412109375,163.818359375,kitchen idle,run_5,0,2039,0,False,False,False,0,0,0,0,0,0,407.61883607285654,77.0,81.0,41.0,-0.0851152531465647,-0.0636215023519777,-0.074798252765163,-0.2700249999999999,-0.3303999999999999,0.3507,3.2978515625,-1.6650390625,-9.7646484375,387.91298748621085,11.246663487014589,74.25842696629213,2.786036978021114,76.97752808988764,2.7509400380509987,0.0,0.0,19.054230416435782,15.83588828554216,Good,18,6,2025-11-16 18:00:00+00:00,Abnormal
2025-11-16 18:10:50+00:00,408.8183029764549,40,76,81,28.3,56,1013.25,0.0,-0.5491724,0.196133,8.9436648,-0.25375,-0.09625,-0.14875,183.154296875,-169.7265625,156.298828125,kitchen idle,run_5,0,2045,0,False,False,False,0,0,0,0,0,0,408.8183029764549,76.0,81.0,40.0,-0.0851152531465647,-0.0206340007628035,0.0111767504131855,-0.1300249999999999,-0.07665,-0.0517999999999999,3.2978515625,1.0205078125,-17.2841796875,388.1452687694358,11.398339612067938,74.27777777777777,2.7764166452938523,77.02222222222223,2.7681080131624864,5.997334517991817,-5.0,18.68209598204939,15.49228614838948,Good,18,6,2025-11-16 18:00:00+00:00,Abnormal
2025-11-16 18:10:55+00:00,408.8183029764549,39,73,76,28.0,56,1013.25,0.0,-0.4314926,0.2353596,8.9044382,0.00875,0.0175,-0.11375,183.69140625,-170.263671875,160.05859375,kitchen idle,run_5,0,2045,0,False,False,False,0,0,0,0,0,0,408.8183029764549,73.0,76.0,39.0,0.0438472516209577,0.0223535008263705,-0.0318107511759897,0.132475,0.0371,-0.0167999999999999,3.8349609375,0.4833984375,-13.5244140625,388.3724449695129,11.540146787117994,74.26373626373626,2.7641963462788857,77.01098901098901,2.754771640039665,0.0,-15.0,18.40296964846459,15.238818143394596,Good,18,6,2025-11-16 18:00:00+00:00,Abnormal
2025-11-16 18:11:00+00:00,411.2172367836517,40,74,76,28.2,56,1013.25,0.0,-0.5099458,0.1569064,9.022118,-0.14,-0.16625,-0.16625,183.69140625,-170.80078125,162.20703125,kitchen idle,run_5,0,2057,0,False,False,False,0,0,0,0,0,0,411.2172367836517,74.0,76.0,40.0,-0.0421277515573906,-0.0636215023519777,0.0971517535915341,-0.0162749999999999,-0.14665,-0.0693,3.8349609375,-0.0537109375,-11.3759765625,388.62075792401447,11.721099957488,74.26086956521739,2.7491040107498272,77.0,2.741620600390133,11.994669035983918,5.0,18.58905630032685,15.407396235595156,Good,18,6,2025-11-16 18:00:00+00:00,Abnormal
2025-11-16 18:11:06+00:00,413.8160817414482,40,72,75,28.9,56,1013.25,0.0,-0.5099458,0.2353596,8.9044382,-0.28,-0.0525,-0.11375,181.005859375,-171.337890625,163.28125,kitchen idle,run_5,0,2070,0,False,False,False,0,0,0,0,0,0,413.8160817414482,72.0,75.0,40.0,-0.0421277515573906,0.0223535008263705,-0.0318107511759897,-0.156275,-0.0329,-0.0167999999999999,1.1494140625,-0.5908203125,-10.3017578125,388.89167538441694,11.946410800149032,74.23655913978494,2.7441552492143475,76.97849462365592,2.7345554229863147,12.994224788982647,-10.0,19.240283059458655,16.010137018214305,Good,18,6,2025-11-16 18:00:00+00:00,Abnormal
2025-11-16 18:11:11+00:00,413.8160817414482,41,73,78,28.0,56,1013.25,0.0,-0.5491724,0.196133,8.9828914,-0.21,-0.175,-0.11375,183.69140625,-170.263671875,161.669921875,kitchen idle,run_5,0,2070,0,False,False,False,0,0,0,0,0,0,413.8160817414482,73.0,78.0,41.0,-0.0851152531465647,-0.0206340007628035,0.0541642520023588,-0.0862749999999999,-0.1553999999999999,-0.0167999999999999,3.8349609375,0.4833984375,-11.9130859375,389.1568286435343,12.156929302978188,74.22340425531915,2.732340189304642,76.98936170212765,2.721853736011171,0.0,5.0,18.40296964846459,15.238818143394596,Good,18,6,2025-11-16 18:00:00+00:00,Abnormal
2025-11-16 18:11:16+00:00,413.8160817414482,41,74,80,28.9,56,1013.25,0.0,-0.5099458,0.2353596,9.022118,-0.02625,-0.06125,-0.1925,182.080078125,-168.65234375,162.20703125,kitchen idle,run_5,0,2070,0,False,False,False,0,0,0,0,0,0,413.8160817414482,74.0,80.0,41.0,-0.0421277515573906,0.0223535008263705,0.0971517535915341,0.097475,-0.04165,-0.09555,2.2236328125,2.0947265625,-11.3759765625,389.4163997287755,12.353927117660882,74.22105263157894,2.7178642560330024,77.02105263157895,2.7249007296711167,0.0,5.0,19.240283059458655,16.010137018214305,Good,18,6,2025-11-16 18:00:00+00:00,Abnormal
2025-11-16 18:11:22+00:00,413.8160817414482,42,76,81,28.4,56,1013.25,0.0,-0.5099458,0.196133,9.022118,-0.21875,-0.1925,-0.20125,182.080078125,-167.578125,158.984375,kitchen idle,run_5,0,2070,0,False,False,False,0,0,0,0,0,0,413.8160817414482,76.0,81.0,42.0,-0.0421277515573906,-0.0206340007628035,0.0971517535915341,-0.0950249999999999,-0.1729,-0.1043,2.2236328125,3.1689453125,-14.5986328125,389.6705630830742,12.538520608098375,74.23958333333333,2.7096117090895486,77.0625,2.7407739974801264,0.0,10.0,18.775133234426413,15.577578731900298,Good,18,6,2025-11-16 18:00:00+00:00,Abnormal
2025-11-16 18:11:27+00:00,413.8160817414482,42,75,79,28.1,56,1013.25,0.0,-0.4707192,0.196133,8.7867584,-0.2275,-0.1225,-0.04375,182.6171875,-170.80078125,154.6875,kitchen idle,run_5,0,2070,0,False,False,False,0,0,0,0,0,0,413.8160817414482,75.0,79.0,42.0,0.0008597500317835,-0.0206340007628035,-0.1607732559435116,-0.1037749999999999,-0.1028999999999999,0.0532,2.7607421875,-0.0537109375,-18.8955078125,389.9194859558409,12.71169618410264,74.24742268041237,2.6965677560985437,77.08247422680412,2.7335496729404833,0.0,-5.0,18.49601418916364,15.32290742265942,Good,18,6,2025-11-16 18:00:00+00:00,Abnormal
2025-11-16 18:11:32+00:00,413.8160817414482,41,74,77,28.6,56,1013.25,0.0,-0.4707192,0.196133,8.9828914,-0.48125,0.02625,0.21,184.765625,-170.263671875,155.224609375,kitchen idle,run_5,0,2070,0,False,False,False,0,0,0,0,0,0,413.8160817414482,74.0,77.0,41.0,0.0008597500317835,-0.0206340007628035,0.0541642520023588,-0.357525,0.04585,0.30695,4.9091796875,0.4833984375,-18.3583984375,390.1633287699798,12.87433048410804,74.24489795918367,2.682748338788832,77.08163265306122,2.7194354682041904,0.0,-5.0,18.961200451524466,15.749378217904926,Good,18,6,2025-11-16 18:00:00+00:00,Abnormal
2025-11-16 18:11:38+00:00,413.8160817414482,42,76,79,28.7,56,1013.25,0.0,-0.5099458,0.196133,8.7867584,-0.0875,-0.35875,0.04375,183.154296875,-170.80078125,155.76171875,kitchen idle,run_5,0,2070,0,False,False,False,0,0,0,0,0,0,413.8160817414482,76.0,79.0,42.0,-0.0421277515573906,-0.0206340007628035,-0.1607732559435116,0.036225,-0.33915,0.1407,3.2978515625,-0.0537109375,-17.8212890625,390.40224546666127,13.027206644793624,74.26262626262626,2.674848302339371,77.1010101010101,2.712386363630972,0.0,10.0,19.054230416435782,15.83588828554216,Good,18,6,2025-11-16 18:00:00+00:00,Abnormal
2025-11-16 18:11:43+00:00,415.0155486450467,41,76,78,28.1,56,1013.25,0.0,-0.588399,0.1569064,9.1397978,0.09625,0.07875,-0.1225,183.69140625,-171.337890625,156.298828125,kitchen idle,run_5,0,2076,0,False,False,False,0,0,0,0,0,0,415.0155486450467,76.0,78.0,41.0,-0.1281027547357389,-0.0636215023519777,0.226114258359056,0.219975,0.0983499999999999,-0.0255499999999999,3.8349609375,-0.5908203125,-17.2841796875,390.64837849844514,13.19287825064614,74.28,2.6669696797540388,77.11,2.7001496404473793,5.997334517992385,0.0,18.49601418916364,15.32290742265942,Good,18,6,2025-11-16 18:00:00+00:00,Abnormal
2025-11-16 18:11:48+00:00,415.0155486450467,40,75,77,28.4,56,1013.25,0.0,-0.4314926,0.196133,9.022118,-0.105,-0.14875,-0.07875,184.765625,-170.80078125,159.521484375,kitchen idle,run_5,0,2076,0,False,False,False,0,0,0,0,0,0,415.0155486450467,75.0,77.0,40.0,0.0438472516209577,-0.0206340007628035,0.0971517535915341,0.018725,-0.12915,0.0182,4.9091796875,-0.0537109375,-14.0615234375,390.8896376088075,13.348794625831443,74.2871287128713,2.6545682649476943,77.10891089108911,2.6866372665434812,0.0,-5.0,18.775133234426413,15.577578731900298,Good,18,6,2025-11-16 18:00:00+00:00,Abnormal
2025-11-16 18:11:54+00:00,416.21501554864506,40,74,76,28.0,56,1013.25,0.0,-0.5099458,0.2353596,8.825985,-0.0875,0.2625,-0.3325,183.69140625,-171.337890625,155.224609375,kitchen idle,run_5,0,2082,0,False,False,False,0,0,0,0,0,0,416.21501554864506,74.0,76.0,40.0,-0.0421277515573906,0.0223535008263705,-0.1177857543543383,0.036225,0.2821,-0.23555,3.8349609375,-0.5908203125,-18.3583984375,391.1379256278255,13.517175936870244,74.2843137254902,2.641547142593238,77.09803921568627,2.67555788175942,5.997334517991817,-5.0,18.40296964846459,15.238818143394596,Good,18,6,2025-11-16 18:00:00+00:00,Abnormal
2025-11-16 18:11:59+00:00,416.21501554864506,39,74,75,28.9,56,1013.25,0.0,-0.5099458,0.2745862,8.9436648,-0.13125,-0.13125,-0.1225,184.228515625,-170.263671875,156.298828125,kitchen idle,run_5,0,2082,0,False,False,False,0,0,0,0,0,0,416.21501554864506,74.0,75.0,39.0,-0.0421277515573906,0.0653410024155447,0.0111767504131855,-0.0075249999999999,-0.11165,-0.0255499999999999,4.3720703125,0.4833984375,-17.2841796875,391.3813925202607,13.675824373431876,74.28155339805825,2.6287157668536727,77.07766990291262,2.6704237762702814,0.0,0.0,19.240283059458655,16.010137018214305,Good,18,6,2025-11-16 18:00:00+00:00,Abnormal
2025-11-16 18:12:04+00:00,416.21501554864506,40,74,75,28.3,56,1013.25,0.0,-0.5099458,0.2353596,9.022118,-0.34125,-0.00875,-0.1575,184.765625,-170.80078125,158.447265625,kitchen idle,run_5,0,2082,0,False,False,False,0,0,0,0,0,0,416.21501554864506,74.0,75.0,40.0,-0.0421277515573906,0.0223535008263705,0.0971517535915341,-0.2175249999999999,0.0108499999999999,-0.0605499999999999,4.9091796875,-0.0537109375,-15.1357421875,391.62017735707207,13.825420695849798,74.27884615384616,2.6160695737951247,77.0576923076923,2.6652270821736623,0.0,0.0,18.68209598204939,15.49228614838948,Good,18,6,2025-11-16 18:00:00+00:00,Abnormal
2025-11-16 18:12:10+00:00,417.6143936028432,40,73,75,28.0,56,1013.25,0.0,-0.5099458,0.2353596,8.8652116,0.04375,-0.04375,0.11375,182.6171875,-169.189453125,160.595703125,kitchen idle,run_5,0,2089,0,False,False,False,0,0,0,0,0,0,417.6143936028432,73.0,75.0,40.0,-0.0421277515573906,0.0223535008263705,-0.074798252765163,0.167475,-0.0241499999999999,0.2107,2.7607421875,1.5576171875,-12.9873046875,391.8677413213175,13.990696277068158,74.26666666666667,2.6064515617194632,77.03809523809524,2.659973284726353,6.996890270990548,-5.0,18.40296964846459,15.238818143394596,Good,18,6,2025-11-16 18:00:00+00:00,Abnormal
2025-11-16 18:12:15+00:00,417.6143936028432,39,69,74,28.6,56,1013.25,0.0,-0.5099458,0.1176798,8.9436648,-0.09625,-0.105,-0.02625,183.154296875,-169.189453125,157.91015625,kitchen idle,run_5,0,2089,0,False,False,False,0,0,0,0,0,0,417.6143936028432,69.0,74.0,39.0,-0.0421277515573906,-0.1066090039411519,0.0111767504131855,0.027475,-0.0854,0.0707,3.2978515625,1.5576171875,-15.6728515625,392.1106342673696,14.146698414914686,74.21698113207547,2.6439678586805746,77.00943396226415,2.6636719482658644,0.0,-20.0,18.961200451524466,15.749378217904926,Good,18,6,2025-11-16 18:00:00+00:00,Abnormal
2025-11-16 18:12:20+00:00,416.21501554864506,40,73,77,28.8,56,1013.25,0.0,-0.392266,0.2745862,8.9828914,-0.11375,-0.1575,-0.00875,183.69140625,-170.263671875,147.16796875,kitchen idle,run_5,0,2082,0,False,False,False,0,0,0,0,0,0,416.21501554864506,73.0,77.0,40.0,0.0868347532101318,0.0653410024155447,0.0541642520023588,0.009975,-0.1379,0.0882,3.8349609375,0.4833984375,-26.4150390625,392.33590885878345,14.271340880787148,74.20560747663552,2.634095447322295,77.00934579439253,2.6510778409772984,-6.996890270990548,20.0,19.147257952382137,15.922807354199726,Good,18,6,2025-11-16 18:00:00+00:00,Abnormal
2025-11-16 18:12:26+00:00,417.6143936028432,41,75,81,28.4,56,1013.25,0.0,-0.4707192,0.3138128,8.9436648,-0.13125,0.0875,-0.0175,184.228515625,-170.80078125,153.076171875,kitchen idle,run_5,0,2089,0,False,False,False,0,0,0,0,0,0,417.6143936028432,75.0,81.0,41.0,0.0008597500317835,0.1083285040047189,0.0111767504131855,-0.0075249999999999,0.1071,0.07945,4.3720703125,-0.0537109375,-20.5068359375,392.56996890270995,14.411258963106087,74.21296296296296,2.622871815274851,77.04629629629629,2.6664557289365796,6.996890270990548,10.0,18.775133234426413,15.577578731900298,Good,18,6,2025-11-16 18:00:00+00:00,Abnormal
2025-11-16 18:12:31+00:00,417.6143936028432,41,75,81,28.8,56,1013.25,0.0,-0.4707192,0.1569064,8.9044382,-0.13125,0.2975,-0.1225,185.302734375,-171.337890625,155.224609375,kitchen idle,run_5,0,2089,0,False,False,False,0,0,0,0,0,0,417.6143936028432,75.0,81.0,41.0,0.0008597500317835,-0.0636215023519777,-0.0318107511759897,-0.0075249999999999,0.3171,-0.0255499999999999,5.4462890625,-0.5908203125,-18.3583984375,392.7997342669313,14.543580119789718,74.22018348623853,2.6117887944399136,77.08256880733946,2.6809632057339985,0.0,0.0,19.147257952382137,15.922807354199726,Good,18,6,2025-11-16 18:00:00+00:00,Abnormal
2025-11-16 18:12:36+00:00,418.8138605064416,40,74,79,28.5,56,1013.25,0.0,-0.4314926,0.2353596,8.9436648,-0.1925,-0.04375,0.0525,185.83984375,-166.50390625,149.853515625,kitchen idle,run_5,0,2095,0,False,False,False,0,0,0,0,0,0,418.8138605064416,74.0,79.0,40.0,0.0438472516209577,0.0223535008263705,0.0111767504131855,-0.0687749999999999,-0.0241499999999999,0.14945,5.9833984375,4.2431640625,-23.7294921875,393.03622632365415,14.687659640035704,74.21818181818182,2.5998652688514916,77.1,2.6748917495030824,5.997334517992101,-5.0,18.868168057553056,15.663275561664165,Good,18,6,2025-11-16 18:00:00+00:00,Abnormal
2025-11-16 18:12:42+00:00,418.8138605064416,40,75,79,28.1,56,1013.25,0.0,-0.4707192,0.2745862,8.9044382,-0.41125,-0.21,-0.3675,183.69140625,-166.50390625,152.5390625,kitchen idle,run_5,0,2095,0,False,False,False,0,0,0,0,0,0,418.8138605064416,75.0,79.0,40.0,0.0008597500317835,0.0653410024155447,-0.0318107511759897,-0.287525,-0.1903999999999999,-0.2705499999999999,3.8349609375,4.2431640625,-21.0439453125,393.2684572622378,14.824053163493218,74.22522522522523,2.5890843754806427,77.11711711711712,2.668805448608525,0.0,5.0,18.49601418916364,15.32290742265942,Good,18,6,2025-11-16 18:00:00+00:00,Abnormal
2025-11-16 18:12:47+00:00,420.0133274100399,40,72,76,28.3,56,1013.25,0.0,-0.4707192,0.196133,8.9044382,-0.0875,-0.175,-0.0175,184.228515625,-166.50390625,150.927734375,kitchen idle,run_5,0,2101,0,False,False,False,0,0,0,0,0,0,420.0133274100399,72.0,76.0,40.0,0.0008597500317835,-0.0206340007628035,-0.0318107511759897,0.036225,-0.1553999999999999,0.07945,4.3720703125,4.2431640625,-22.6552734375,393.50725074570033,14.971950446717043,74.20535714285714,2.58595789789361,77.10714285714286,2.658852773189613,5.997334517991817,-15.0,18.68209598204939,15.49228614838948,Good,18,6,2025-11-16 18:00:00+00:00,Abnormal
2025-11-16 18:12:53+00:00,420.0133274100399,40,72,75,28.4,56,1013.25,0.0,-0.5099458,0.196133,8.9436648,-0.13125,0.1225,-0.175,185.302734375,-164.35546875,168.65234375,kitchen idle,run_5,0,2101,0,False,False,False,0,0,0,0,0,0,420.0133274100399,72.0,75.0,40.0,-0.0421277515573906,-0.0206340007628035,0.0111767504131855,-0.0075249999999999,0.1421,-0.0780499999999999,5.4462890625,6.3916015625,-4.9306640625,393.7418177958272,15.112092180420158,74.1858407079646,2.5827334376806816,77.08849557522124,2.654368105204458,0.0,0.0,18.775133234426413,15.577578731900298,Good,18,6,2025-11-16 18:00:00+00:00,Abnormal
2025-11-16 18:12:58+00:00,421.2127943136384,40,72,75,28.0,56,1013.25,0.0,-0.4314926,0.196133,8.9436648,-0.11375,-0.16625,0.00875,184.765625,-166.50390625,168.65234375,kitchen idle,run_5,0,2107,0,False,False,False,0,0,0,0,0,0,421.2127943136384,72.0,75.0,40.0,0.0438472516209577,-0.0206340007628035,0.0111767504131855,0.009975,-0.14665,0.1057,4.9091796875,4.2431640625,-4.9306640625,393.9827912740536,15.263488664496236,74.16666666666667,2.579417052433277,77.0701754385965,2.649826503739896,5.997334517992101,0.0,18.40296964846459,15.238818143394596,Good,18,6,2025-11-16 18:00:00+00:00,Abnormal
2025-11-16 18:13:03+00:00,422.61217236783654,39,71,74,0.0,0,1013.25,0.0,-0.4707192,0.2353596,8.9436648,-0.0525,-0.0175,-0.07875,184.765625,-165.966796875,145.556640625,kitchen idle,run_5,0,2114,0,False,False,False,0,0,0,0,0,0,422.61217236783654,71.0,74.0,39.0,0.0008597500317835,0.0223535008263705,0.0111767504131855,0.071225,0.0020999999999999,0.0182,4.9091796875,4.7802734375,-28.0263671875,394.23174241399954,15.429120873700588,74.13913043478261,2.5850004463053833,77.04347826086956,2.653667784003233,6.996890270990832,-5.0,-96.07763018544566,0.0,Good,18,6,2025-11-16 18:00:00+00:00,Abnormal
2025-11-16 18:13:09+00:00,423.81163927143496,40,73,77,28.3,56,1013.25,0.0,-0.4707192,0.196133,8.9044382,-0.21,-0.20125,-0.20125,184.228515625,-168.115234375,153.61328125,kitchen idle,run_5,0,2120,0,False,False,False,0,0,0,0,0,0,423.81163927143496,73.0,77.0,40.0,0.0008597500317835,-0.0206340007628035,-0.0318107511759897,-0.0862749999999999,-0.18165,-0.1043,4.3720703125,2.6318359375,-19.9697265625,394.48674152483954,15.605465413094764,74.12931034482759,2.575909033006976,77.04310344827586,2.6421079903523412,5.997334517992101,10.0,18.68209598204939,15.49228614838948,Good,18,6,2025-11-16 18:00:00+00:00,Abnormal
2025-11-16 18:13:14+00:00,423.81163927143496,39,73,76,28.7,55,1013.25,0.0,-0.4707192,0.196133,8.9828914,-0.0875,-0.28,-0.11375,182.6171875,-165.966796875,158.447265625,kitchen idle,run_5,0,2120,0,False,False,False,0,0,0,0,0,0,423.81163927143496,73.0,76.0,39.0,0.0008597500317835,-0.0206340007628035,0.0541642520023588,0.036225,-0.2604,-0.0167999999999999,2.7607421875,4.7802734375,-15.1357421875,394.7373816765198,15.77279766810137,74.11965811965813,2.5669060712581695,77.03418803418803,2.6324618867189753,0.0,0.0,18.765432856665395,15.55310456615748,Good,18,6,2025-11-16 18:00:00+00:00,Abnormal
2025-11-16 18:13:19+00:00,425.0111061750333,40,74,77,28.1,55,1013.25,0.0,-0.5099458,0.1176798,8.9436648,0.07875,-0.1225,-0.175,185.83984375,-167.041015625,149.853515625,kitchen idle,run_5,0,2126,0,False,False,False,0,0,0,0,0,0,425.0111061750333,74.0,77.0,40.0,-0.0421277515573906,-0.1066090039411519,0.0111767504131855,0.202475,-0.1028999999999999,-0.0780499999999999,5.9833984375,3.7060546875,-23.7294921875,394.9939386637954,15.950603350539202,74.11864406779661,2.555936583905695,77.03389830508475,2.621189797664745,5.997334517991817,5.0,18.208444449886684,15.049284075826218,Good,18,6,2025-11-16 18:00:00+00:00,Abnormal
2025-11-16 18:13:25+00:00,426.41048422923143,39,72,75,28.1,56,1013.25,0.0,-0.4707192,0.2353596,8.825985,-0.06125,-0.175,-0.385,185.83984375,-167.041015625,148.779296875,kitchen idle,run_5,0,2133,0,False,False,False,0,0,0,0,0,0,426.41048422923143,72.0,75.0,39.0,0.0008597500317835,0.0223535008263705,-0.1177857543543383,0.062475,-0.1553999999999999,-0.28805,5.9833984375,3.7060546875,-24.8037109375,395.25794324837887,16.141863052485526,74.10084033613445,2.5524828656381335,77.01680672268908,2.616710294895497,6.996890270990548,-10.0,18.49601418916364,15.32290742265942,Good,18,6,2025-11-16 18:00:00+00:00,Abnormal
2025-11-16 18:13:30+00:00,426.41048422923143,39,73,76,28.3,56,1013.25,0.0,-0.4707192,0.2353596,9.1790244,-0.14875,0.04375,-0.0525,184.765625,-165.4296875,150.927734375,kitchen idle,run_5,0,2133,0,False,False,False,0,0,0,0,0,0,426.41048422923143,73.0,76.0,39.0,0.0008597500317835,0.0223535008263705,0.2691017599482293,-0.0250249999999999,0.0633499999999999,0.04445,4.9091796875,5.3173828125,-22.6552734375,395.51754775655263,16.32352612685945,74.09166666666667,2.5437213305083195,77.00833333333334,2.607345259017286,0.0,5.0,18.68209598204939,15.49228614838948,Good,18,6,2025-11-16 18:00:00+00:00,Abnormal
2025-11-16 18:13:35+00:00,427.60995113282985,40,73,76,28.7,56,1013.25,0.0,-0.5099458,0.2745862,8.825985,-0.23625,0.06125,-0.35875,185.302734375,-165.4296875,152.5390625,kitchen idle,run_5,0,2139,0,False,False,False,0,0,0,0,0,0,427.60995113282985,73.0,76.0,40.0,-0.0421277515573906,0.0653410024155447,-0.1177857543543383,-0.1125249999999999,0.08085,-0.2618,5.4462890625,5.3173828125,-21.0439453125,395.7827742307367,16.51510765934417,74.08264462809917,2.5350436447903295,77.0,2.5980762113533213,5.997334517992101,0.0,19.054230416435782,15.83588828554216,Good,18,6,2025-11-16 18:00:00+00:00,Abnormal
2025-11-16 18:13:41+00:00,429.009329187028,40,70,74,28.9,56,1013.25,0.0,-0.4707192,0.1569064,8.9436648,-0.0175,-0.1575,-0.18375,184.765625,-166.50390625,152.5390625,kitchen idle,run_5,0,2146,0,False,False,False,0,0,0,0,0,0,429.009329187028,70.0,74.0,40.0,0.0008597500317835,-0.0636215023519777,0.0111767504131855,0.106225,-0.1379,-0.0867999999999999,4.9091796875,4.2431640625,-21.0439453125,396.0551230418539,16.71956553211149,74.04918032786885,2.551461933925544,76.97540983606558,2.601535194425854,6.996890270990832,-15.0,19.240283059458655,16.010137018214305,Good,18,6,2025-11-16 18:00:00+00:00,Abnormal
2025-11-16 18:13:46+00:00,429.009329187028,40,70,73,28.1,56,1013.25,0.0,-0.5491724,0.2745862,9.0613446,-0.1575,0.28875,-0.21,186.376953125,-167.041015625,155.224609375,kitchen idle,run_5,0,2146,0,False,False,False,0,0,0,0,0,0,429.009329187028,70.0,73.0,40.0,-0.0851152531465647,0.0653410024155447,0.1401392551807074,-0.0337749999999999,0.30835,-0.1130499999999999,6.5205078125,3.7060546875,-18.3583984375,396.3230434170179,16.913947843319278,74.01626016260163,2.5670795418887384,76.9430894308943,2.6155299529081177,0.0,0.0,18.49601418916364,15.32290742265942,Good,18,6,2025-11-16 18:00:00+00:00,Abnormal
2025-11-16 18:13:51+00:00,430.2087960906264,39,72,74,28.0,56,1013.25,0.0,-0.4707192,0.196133,9.022118,-0.07875,-0.27125,-0.32375,185.83984375,-166.50390625,151.46484375,kitchen idle,run_5,0,2152,0,False,False,False,0,0,0,0,0,0,430.2087960906264,72.0,74.0,39.0,0.0008597500317835,-0.0206340007628035,0.0971517535915341,0.044975,-0.25165,-0.2267999999999999,5.9833984375,4.2431640625,-22.1181640625,396.5963156159986,17.117704252317342,74.0,2.5630266660838763,76.91935483870968,2.618249816329247,5.997334517991817,10.0,18.40296964846459,15.238818143394596,Good,18,6,2025-11-16 18:00:00+00:00,Abnormal
2025-11-16 18:13:57+00:00,430.2087960906264,39,72,75,28.4,56,1013.25,0.0,-0.5491724,0.4314926,8.8652116,-0.3325,-0.16625,-0.04375,184.765625,-165.966796875,150.927734375,kitchen idle,run_5,0,2152,0,False,False,False,0,0,0,0,0,0,430.2087960906264,72.0,75.0,39.0,-0.0851152531465647,0.2372910087722414,-0.074798252765163,-0.208775,-0.14665,0.0532,4.9091796875,4.7802734375,-22.6552734375,396.8652154597957,17.311590307739333,73.984,2.5589312285128307,76.904,2.613315777865113,0.0,0.0,18.775133234426413,15.577578731900298,Good,18,6,2025-11-16 18:00:00+00:00,Abnormal
2025-11-16 18:14:02+00:00,431.60817414482455,40,70,75,28.2,55,1013.25,0.0,-0.4707192,0.196133,8.9828914,-0.1225,-0.28875,-0.49875,184.765625,-166.50390625,149.31640625,kitchen idle,run_5,0,2159,0,False,False,False,0,0,0,0,0,0,431.60817414482455,70.0,75.0,40.0,0.0008597500317835,-0.0206340007628035,0.0541642520023588,0.001225,-0.26915,-0.4018,4.9091796875,4.2431640625,-24.2666015625,397.1409532271371,17.51780738476703,73.95238095238095,2.573269182521411,76.88888888888889,2.6083626196439,6.996890270990832,-10.0,18.301282092390952,15.132264159959526,Good,18,6,2025-11-16 18:00:00+00:00,Abnormal
2025-11-16 18:14:07+00:00,431.60817414482455,39,69,73,28.3,55,1013.25,0.0,-0.392266,0.196133,8.9828914,-0.02625,-0.1575,0.04375,184.765625,-166.50390625,148.2421875,kitchen idle,run_5,0,2159,0,False,False,False,0,0,0,0,0,0,431.60817414482455,69.0,73.0,39.0,0.0868347532101318,-0.0206340007628035,0.0541642520023588,0.097475,-0.1379,0.1407,4.9091796875,4.2431640625,-25.3408203125,397.4123486674339,17.714184079390883,73.91338582677166,2.6004383697822475,76.85826771653544,2.620809306268305,0.0,-5.0,18.394117238211145,15.215638181453956,Good,18,6,2025-11-16 18:00:00+00:00,Abnormal
2025-11-16 18:14:13+00:00,431.60817414482455,39,69,73,28.1,55,1013.25,0.0,-0.392266,0.2745862,8.9828914,-0.07,-0.32375,-0.32375,185.83984375,-167.041015625,154.6875,kitchen idle,run_5,0,2159,0,False,False,False,0,0,0,0,0,0,431.60817414482455,69.0,73.0,39.0,0.0868347532101318,0.0653410024155447,0.0541642520023588,0.053725,-0.30415,-0.2267999999999999,5.9833984375,3.7060546875,-18.8955078125,397.679503553976,17.901315421604902,73.875,2.626335430838134,76.828125,2.6326519517803013,0.0,0.0,18.208444449886684,15.049284075826218,Good,18,6,2025-11-16 18:00:00+00:00,Abnormal
2025-11-16 18:14:18+00:00,432.8076410484229,39,71,74,28.8,55,1013.25,0.0,-0.4707192,0.196133,9.0613446,-0.00875,1.4787500000000002,2.4850000000000003,184.765625,-169.189453125,151.46484375,kitchen idle,run_5,0,2165,0,False,False,False,0,0,0,0,0,0,432.8076410484229,71.0,74.0,39.0,0.0008597500317835,-0.0206340007628035,0.1401392551807074,0.114975,1.4983500000000003,2.5819500000000004,4.9091796875,1.5576171875,-22.1181640625,397.9518146973438,18.09749446922931,73.85271317829458,2.6282740748261477,76.8062015503876,2.6341433598629576,5.997334517991817,10.0,18.858255520575828,15.63847150858902,Good,18,6,2025-11-16 18:00:00+00:00,Abnormal
2025-11-16 18:14:23+00:00,442.00355397601066,40,72,76,28.6,55,1013.25,0.0,-0.6668522,0.3138128,8.9044382,-0.14875,-0.1225,-0.245,187.98828125,-168.115234375,151.46484375,kitchen idle,run_5,0,2211,0,False,False,False,0,0,0,0,0,0,442.00355397601066,72.0,76.0,40.0,-0.2140777579140873,0.1083285040047189,-0.0318107511759897,-0.0250249999999999,-0.1028999999999999,-0.14805,8.1318359375,2.6318359375,-22.1181640625,398.2906742302566,18.43658722514611,73.83846153846154,2.6231049893839726,76.8,2.6248661833739617,45.97956463793878,5.0,18.672607696574406,15.468139321156626,Good,18,6,2025-11-16 18:00:00+00:00,Abnormal
2025-11-16 18:14:29+00:00,442.00355397601066,39,73,76,28.4,56,1013.25,0.0,-0.6276256,0.2353596,9.0613446,-0.07,-0.28,-0.14,187.98828125,-168.115234375,152.5390625,kitchen idle,run_5,0,2211,0,False,False,False,0,0,0,0,0,0,442.00355397601066,73.0,76.0,39.0,-0.1710902563249131,0.0223535008263705,0.1401392551807074,0.053725,-0.2604,-0.04305,8.1318359375,2.6318359375,-21.0439453125,398.62436033518605,18.75845020516055,73.83206106870229,2.6140233409461553,76.79389312977099,2.6156851058769126,0.0,5.0,18.775133234426413,15.577578731900298,Good,18,6,2025-11-16 18:00:00+00:00,Abnormal
2025-11-16 18:14:34+00:00,443.4029320302088,40,75,78,28.0,55,1013.25,0.0,-0.6276256,0.2745862,8.9828914,-0.3325,0.0175,-0.44625,190.673828125,-168.115234375,153.61328125,kitchen idle,run_5,0,2218,0,False,False,False,0,0,0,0,0,0,443.4029320302088,75.0,78.0,40.0,-0.1710902563249131,0.0653410024155447,0.0541642520023588,-0.208775,0.0371,-0.3492999999999999,10.8173828125,2.6318359375,-19.9697265625,398.96359193893625,19.088835954195407,73.8409090909091,2.6060105084781493,76.8030303030303,2.607796279272837,6.996890270990548,10.0,18.115604310597625,14.966696390833976,Good,18,6,2025-11-16 18:00:00+00:00,Abnormal
2025-11-16 18:14:40+00:00,443.4029320302088,40,73,77,28.2,56,1013.25,0.0,-0.6668522,0.2745862,8.8652116,-0.245,-0.06125,-0.14875,187.98828125,-168.65234375,147.16796875,kitchen idle,run_5,0,2218,0,False,False,False,0,0,0,0,0,0,443.4029320302088,73.0,77.0,40.0,-0.2140777579140873,0.0653410024155447,-0.074798252765163,-0.1212749999999999,-0.04165,-0.0517999999999999,8.1318359375,2.0947265625,-26.4150390625,399.29772231556234,19.402878891279705,73.83458646616542,2.5971442683111863,76.80451127819549,2.59795562579194,0.0,-10.0,18.58905630032685,15.407396235595156,Good,18,6,2025-11-16 18:00:00+00:00,Abnormal
2025-11-16 18:14:45+00:00,443.4029320302088,39,72,76,28.6,56,1013.25,0.0,-0.6668522,0.2745862,8.9044382,-0.32375,0.09625,-0.105,189.0625,-169.189453125,170.263671875,kitchen idle,run_5,0,2218,0,False,False,False,0,0,0,0,0,0,443.4029320302088,72.0,76.0,39.0,-0.2140777579140873,0.0653410024155447,-0.0318107511759897,-0.2000249999999999,0.11585,-0.0080499999999999,9.2060546875,1.5576171875,-3.3193359375,399.6268656716418,19.701726616221315,73.82089552238806,2.592211429313908,76.79850746268657,2.5891033973558413,0.0,-5.0,18.961200451524466,15.749378217904926,Good,18,6,2025-11-16 18:00:00+00:00,Abnormal
2025-11-16 18:14:50+00:00,443.4029320302088,39,72,75,28.8,55,1013.25,0.0,-0.5491724,0.2745862,8.8652116,-0.20125,0.28875,0.07875,189.599609375,-168.65234375,155.76171875,kitchen idle,run_5,0,2218,0,False,False,False,0,0,0,0,0,0,443.4029320302088,72.0,75.0,39.0,-0.0851152531465647,0.0653410024155447,-0.074798252765163,-0.0775249999999999,0.30835,0.1757,9.7431640625,2.0947265625,-17.8212890625,399.9511328298534,19.98640714503961,73.80740740740741,2.5872716462688365,76.78518518518518,2.5840647870476294,0.0,0.0,18.858255520575828,15.63847150858902,Good,18,6,2025-11-16 18:00:00+00:00,Abnormal
2025-11-16 18:14:56+00:00,443.4029320302088,40,72,74,28.6,55,1013.25,0.0,-0.7060788,0.3138128,8.8652116,-0.2625,0.27125,-0.41125,187.98828125,-168.65234375,149.31640625,kitchen idle,run_5,0,2218,0,False,False,False,0,0,0,0,0,0,443.4029320302088,72.0,74.0,40.0,-0.2570652595032615,0.1083285040047189,-0.074798252765163,-0.1387749999999999,0.29085,-0.3143,8.1318359375,2.0947265625,-24.2666015625,400.2706313533854,20.257845873576912,73.79411764705883,2.5823263903032845,76.76470588235294,2.5855303750413507,0.0,0.0,18.672607696574406,15.468139321156626,Good,18,6,2025-11-16 18:00:00+00:00,Abnormal
2025-11-16 18:15:01+00:00,443.4029320302088,40,72,73,28.4,55,1013.25,0.0,-0.588399,0.2745862,8.9436648,0.035,-0.1225,-0.27125,187.98828125,-167.041015625,150.927734375,kitchen idle,run_5,0,2218,0,False,False,False,0,0,0,0,0,0,443.4029320302088,72.0,73.0,40.0,-0.1281027547357389,0.0653410024155447,0.0111767504131855,0.158725,-0.1028999999999999,-0.1742999999999999,8.1318359375,3.7060546875,-22.6552734375,400.5854656648951,20.51687952092634,73.78102189781022,2.577377053800682,76.73722627737226,2.596009587675757,0.0,0.0,18.486949887447985,15.29940768311636,Good,18,6,2025-11-16 18:00:00+00:00,Abnormal
2025-11-16 18:15:06+00:00,443.4029320302088,40,73,74,28.2,56,1013.25,0.0,-0.588399,0.3138128,8.7867584,-0.06125,-0.25375,-0.105,186.9140625,-169.7265625,147.16796875,kitchen idle,run_5,0,2218,0,False,False,False,0,0,0,0,0,0,443.4029320302088,73.0,74.0,40.0,-0.1281027547357389,0.1083285040047189,-0.1607732559435116,0.062475,-0.2341499999999999,-0.0080499999999999,7.0576171875,1.0205078125,-26.4150390625,400.8957371602959,20.76426769070649,73.77536231884058,2.568813853180596,76.71739130434783,2.596991888254773,0.0,5.0,18.58905630032685,15.407396235595156,Good,18,6,2025-11-16 18:00:00+00:00,Abnormal
2025-11-16 18:15:12+00:00,444.6023989338072,40,73,75,28.6,56,1013.25,0.0,-0.6668522,0.3530394,8.9436648,-0.245,0.14875,0.0,189.0625,-167.578125,151.46484375,kitchen idle,run_5,0,2224,0,False,False,False,0,0,0,0,0,0,444.6023989338072,73.0,75.0,40.0,-0.2140777579140873,0.151316005593893,0.0111767504131855,-0.1212749999999999,0.16835,0.09695,9.2060546875,3.1689453125,-22.1181640625,401.2101735759327,21.018407850302207,73.76978417266187,2.5603344062683964,76.70503597122303,2.591662320915525,5.997334517992101,0.0,18.961200451524466,15.749378217904926,Good,18,6,2025-11-16 18:00:00+00:00,Abnormal
2025-11-16 18:15:17+00:00,444.6023989338072,39,73,76,28.7,55,1013.25,0.0,-0.7060788,0.2745862,8.6690786,-0.09625,0.07875,-0.1225,190.13671875,-168.65234375,153.076171875,kitchen idle,run_5,0,2224,0,False,False,False,0,0,0,0,0,0,444.6023989338072,73.0,76.0,39.0,-0.2570652595032615,0.0653410024155447,-0.2897357607110335,0.027475,0.0983499999999999,-0.0255499999999999,10.2802734375,2.0947265625,-20.5068359375,401.52011804277464,21.261336324952588,73.76428571428572,2.5519373774079694,76.7,2.5830103457096714,0.0,0.0,18.765432856665395,15.55310456615748,Good,18,6,2025-11-16 18:00:00+00:00,Abnormal
2025-11-16 18:15:22+00:00,444.6023989338072,40,73,77,28.4,55,1013.25,0.0,-0.6668522,0.2353596,9.022118,-0.0525,0.13125,-0.21875,187.451171875,-168.65234375,152.001953125,kitchen idle,run_5,0,2224,0,False,False,False,0,0,0,0,0,0,444.6023989338072,73.0,77.0,40.0,-0.2140777579140873,0.0223535008263705,0.0971517535915341,0.071225,0.15085,-0.1217999999999999,7.5947265625,2.0947265625,-21.5810546875,401.8256661342004,21.493702386801477,73.75886524822695,2.5436214599881812,76.70212765957447,2.5738927740211097,0.0,0.0,18.486949887447985,15.29940768311636,Good,18,6,2025-11-16 18:00:00+00:00,Abnormal
2025-11-16 18:15:28+00:00,446.0017769880053,40,72,76,28.3,55,1013.25,0.0,-0.588399,0.2745862,8.9828914,-0.14875,-0.0525,-0.035,187.98828125,-168.115234375,146.09375,kitchen idle,run_5,0,2231,0,False,False,False,0,0,0,0,0,0,446.0017769880053,72.0,76.0,40.0,-0.1281027547357389,0.0653410024155447,0.0541642520023588,-0.0250249999999999,-0.0329,0.06195,8.1318359375,2.6318359375,-27.4892578125,402.1367655064103,21.735821910357856,73.74647887323944,2.5388795756298967,76.69718309859155,2.565425977982345,6.996890270990548,-5.0,18.394117238211145,15.215638181453956,Good,18,6,2025-11-16 18:00:00+00:00,Abnormal
2025-11-16 18:15:33+00:00,446.0017769880053,39,68,73,28.8,55,1013.25,0.0,-0.588399,0.2353596,8.9436648,-0.04375,0.00875,-0.28875,187.98828125,-170.263671875,146.09375,kitchen idle,run_5,0,2231,0,False,False,False,0,0,0,0,0,0,446.0017769880053,68.0,73.0,39.0,-0.1281027547357389,0.0223535008263705,0.0111767504131855,0.079975,0.02835,-0.1918,8.1318359375,0.4833984375,-27.4892578125,402.4435138384494,21.967575857197215,73.7062937062937,2.5751580502081457,76.67132867132867,2.5750050561313027,0.0,-20.0,18.858255520575828,15.63847150858902,Good,18,6,2025-11-16 18:00:00+00:00,Abnormal
2025-11-16 18:15:38+00:00,447.4011550422034,39,69,73,28.6,55,1013.25,0.0,-0.5099458,0.2745862,9.1790244,-0.06125,-0.0875,-0.2625,188.525390625,-169.189453125,138.037109375,kitchen idle,run_5,0,2238,0,False,False,False,0,0,0,0,0,0,447.4011550422034,69.0,73.0,39.0,-0.0421277515573906,0.0653410024155447,0.2691017599482293,0.062475,-0.0678999999999999,-0.16555,8.6689453125,1.5576171875,-35.5458984375,402.75571968014214,22.20891220156983,73.67361111111111,2.595935125610681,76.64583333333333,2.584160330820177,6.996890270990832,5.0,18.672607696574406,15.468139321156626,Good,18,6,2025-11-16 18:00:00+00:00,Abnormal
2025-11-16 18:15:44+00:00,447.4011550422034,40,71,74,28.3,55,1013.25,0.0,-0.7060788,0.3138128,9.0613446,-0.13125,-0.14875,-0.2625,188.525390625,-167.578125,149.853515625,kitchen idle,run_5,0,2238,0,False,False,False,0,0,0,0,0,0,447.4011550422034,71.0,74.0,40.0,-0.2570652595032615,0.1083285040047189,0.1401392551807074,-0.0075249999999999,-0.12915,-0.16555,8.6689453125,3.1689453125,-23.7294921875,403.0636192343633,22.44007224459466,73.65517241379311,2.5964166288069017,76.62758620689655,2.5845288297929048,0.0,10.0,18.394117238211145,15.215638181453956,Good,18,6,2025-11-16 18:00:00+00:00,Abnormal
2025-11-16 18:15:49+00:00,447.4011550422034,42,74,76,28.1,56,1013.25,0.0,-0.6668522,0.2745862,8.8652116,-0.11375,-0.2625,-0.315,189.599609375,-170.80078125,147.705078125,kitchen idle,run_5,0,2238,0,False,False,False,0,0,0,0,0,0,447.4011550422034,74.0,76.0,42.0,-0.2140777579140873,0.0653410024155447,-0.074798252765163,0.009975,-0.2429,-0.21805,9.7431640625,-0.0537109375,-25.8779296875,403.3673009864718,22.661609322633428,73.65753424657534,2.5876053532825463,76.62328767123287,2.576124892450317,0.0,15.0,18.49601418916364,15.32290742265942,Good,18,6,2025-11-16 18:00:00+00:00,Abnormal
2025-11-16 18:15:54+00:00,447.4011550422034,42,75,77,28.1,56,1013.25,0.0,-0.6276256,0.2745862,8.9436648,0.0525,-0.04375,-0.2975,189.0625,-166.50390625,126.7578125,kitchen idle,run_5,0,2238,0,False,False,False,0,0,0,0,0,0,447.4011550422034,75.0,77.0,42.0,-0.1710902563249131,0.0653410024155447,0.0111767504131855,0.176225,-0.0241499999999999,-0.2005499999999999,9.2060546875,4.2431640625,-46.8251953125,403.6668510140618,22.87403382780245,73.66666666666667,2.581104503235227,76.62585034013605,2.5674753986463092,0.0,5.0,18.49601418916364,15.32290742265942,Good,18,6,2025-11-16 18:00:00+00:00,Abnormal
2025-11-16 18:16:00+00:00,447.4011550422034,41,73,75,28.1,56,1013.25,0.0,-0.588399,0.3530394,8.825985,0.1575,-0.175,-0.02625,189.0625,-167.041015625,152.001953125,kitchen idle,run_5,0,2238,0,False,False,False,0,0,0,0,0,0,447.4011550422034,73.0,75.0,41.0,-0.1281027547357389,0.151316005593893,-0.1177857543543383,0.281225,-0.1553999999999999,0.0707,9.2060546875,3.7060546875,-21.5810546875,403.9623530683059,23.07781772232299,73.66216216216216,2.572893905382544,76.61486486486487,2.562215369687318,0.0,-10.0,18.49601418916364,15.32290742265942,Good,18,6,2025-11-16 18:00:00+00:00,Abnormal
2025-11-16 18:16:05+00:00,447.4011550422034,41,73,75,28.1,56,1013.25,0.0,-0.6668522,0.2745862,9.022118,-0.035,-0.32375,0.2275,189.599609375,-168.115234375,148.2421875,kitchen idle,run_5,0,2238,0,False,False,False,0,0,0,0,0,0,447.4011550422034,73.0,75.0,41.0,-0.2140777579140873,0.0653410024155447,0.0971517535915341,0.088725,-0.30415,0.32445,9.7431640625,2.6318359375,-25.3408203125,404.2538886520234,23.273398451543652,73.65771812080537,2.564760702394662,76.60402684563758,2.556969257354937,0.0,0.0,18.49601418916364,15.32290742265942,Good,18,6,2025-11-16 18:00:00+00:00,Abnormal
2025-11-16 18:16:10+00:00,447.4011550422034,43,75,77,28.4,56,1013.25,0.0,-0.7060788,0.3138128,9.0613446,0.13125,-0.06125,-0.32375,187.98828125,-169.189453125,153.076171875,kitchen idle,run_5,0,2238,0,False,False,False,0,0,0,0,0,0,447.4011550422034,75.0,77.0,43.0,-0.2570652595032615,0.1083285040047189,0.1401392551807074,0.254975,-0.04165,-0.2267999999999999,8.1318359375,1.5576171875,-20.5068359375,404.54153709462463,23.461182351846738,73.66666666666667,2.558488088215247,76.60666666666667,2.5485794613261605,0.0,10.0,18.775133234426413,15.577578731900298,Good,18,6,2025-11-16 18:00:00+00:00,Abnormal
2025-11-16 18:16:16+00:00,448.8005330964016,42,75,76,28.8,56,1013.25,0.0,-0.6276256,0.2745862,9.0613446,-0.2625,-0.2275,-0.2275,189.599609375,-168.65234375,150.390625,kitchen idle,run_5,0,2245,0,False,False,False,0,0,0,0,0,0,448.8005330964016,75.0,76.0,42.0,-0.1710902563249131,0.0653410024155447,0.1401392551807074,-0.1387749999999999,-0.2079,-0.13055,9.7431640625,2.0947265625,-23.1923828125,405.07196801421594,23.55684277039861,73.66666666666667,2.558488088215247,76.6,2.548851563999372,6.996890270990548,0.0,19.147257952382137,15.922807354199726,Good,18,6,2025-11-16 18:00:00+00:00,Abnormal
2025-11-16 18:16:21+00:00,448.8005330964016,43,76,77,28.2,55,1013.25,0.0,-0.6276256,0.2353596,8.9044382,-0.02625,-0.1225,-0.1225,189.599609375,-169.7265625,158.984375,kitchen idle,run_5,0,2245,0,False,False,False,0,0,0,0,0,0,448.8005330964016,76.0,77.0,43.0,-0.1710902563249131,0.0223535008263705,-0.0318107511759897,0.097475,-0.1028999999999999,-0.0255499999999999,9.7431640625,1.0205078125,-14.5986328125,405.5957352287872,23.65031265611511,73.68,2.5654388533089754,76.60666666666667,2.5485794613261605,0.0,5.0,18.301282092390952,15.132264159959526,Good,18,6,2025-11-16 18:00:00+00:00,Abnormal
2025-11-16 18:16:26+00:00,450.0,42,76,78,28.5,55,1013.25,0.0,-0.6668522,0.2353596,8.9436648,-0.21,-0.23625,-0.245,189.599609375,-169.189453125,158.447265625,kitchen idle,run_5,0,2251,0,False,False,False,0,0,0,0,0,0,450.0,76.0,78.0,42.0,-0.2140777579140873,0.0223535008263705,0.0111767504131855,-0.0862749999999999,-0.2166499999999999,-0.14805,9.7431640625,1.5576171875,-15.1357421875,406.1274988893825,23.74645563877963,73.69333333333333,2.5723012616645,76.62666666666667,2.5476576073162502,5.997334517992101,0.0,18.579780040202166,15.383574212348734,Good,18,6,2025-11-16 18:00:00+00:00,Abnormal
2025-11-16 18:16:32+00:00,450.0,42,75,78,28.5,55,1013.25,0.0,-0.6668522,0.2745862,8.9436648,-0.07,-0.14,0.23625,187.451171875,-168.65234375,153.61328125,kitchen idle,run_5,0,2251,0,False,False,False,0,0,0,0,0,0,450.0,75.0,78.0,42.0,-0.2140777579140873,0.0653410024155447,0.0111767504131855,0.053725,-0.1204,0.3332,7.5947265625,2.0947265625,-19.9697265625,406.65926254997777,23.830268174956725,73.7,2.5743963911029013,76.64666666666666,2.546577296767499,0.0,-5.0,18.579780040202166,15.383574212348734,Good,18,6,2025-11-16 18:00:00+00:00,Abnormal
2025-11-16 18:16:37+00:00,450.0,41,75,79,28.5,55,1013.25,0.0,-0.6668522,0.2745862,8.9044382,-0.1575,0.21875,-0.16625,188.525390625,-170.80078125,145.556640625,kitchen idle,run_5,0,2251,0,False,False,False,0,0,0,0,0,0,450.0,75.0,79.0,41.0,-0.2140777579140873,0.0653410024155447,-0.0318107511759897,-0.0337749999999999,0.23835,-0.0693,8.6689453125,-0.0537109375,-28.0263671875,407.19102621057306,23.90187997604953,73.68666666666667,2.562341281165229,76.64666666666666,2.546577296767499,0.0,0.0,18.579780040202166,15.383574212348734,Good,18,6,2025-11-16 18:00:00+00:00,Abnormal
2025-11-16 18:16:42+00:00,450.0,41,75,77,28.9,55,1013.25,0.0,-0.6276256,0.3138128,8.9436648,-0.39375,0.23625,0.2975,190.13671875,-169.189453125,153.076171875,kitchen idle,run_5,0,2251,0,False,False,False,0,0,0,0,0,0,450.0,75.0,77.0,41.0,-0.1710902563249131,0.1083285040047189,0.0111767504131855,-0.2700249999999999,0.2558499999999999,0.3944499999999999,10.2802734375,1.5576171875,-20.5068359375,407.72278987116835,23.961400432818937,73.66666666666667,2.540059362691291,76.62,2.5215048239456612,0.0,0.0,18.95107568840639,15.724241714317625,Good,18,6,2025-11-16 18:00:00+00:00,Abnormal
2025-11-16 18:16:48+00:00,450.0,40,73,75,28.2,55,1013.25,0.0,-0.6668522,0.4314926,8.9044382,-0.06125,-0.02625,-0.2625,188.525390625,-169.7265625,145.01953125,kitchen idle,run_5,0,2251,0,False,False,False,0,0,0,0,0,0,450.0,73.0,75.0,40.0,-0.2140777579140873,0.2372910087722414,-0.0318107511759897,0.062475,-0.00665,-0.16555,8.6689453125,1.0205078125,-28.5634765625,408.2545535317637,24.00891947230465,73.63333333333334,2.5155000481355976,76.58,2.499046798147024,0.0,-10.0,18.301282092390952,15.132264159959526,Good,18,6,2025-11-16 18:00:00+00:00,Abnormal
2025-11-16 18:16:53+00:00,451.3993780541981,40,70,74,28.9,55,1013.25,0.0,-0.6276256,0.3530394,8.9044382,-0.14,-0.11375,-0.23625,189.0625,-168.65234375,143.9453125,kitchen idle,run_5,0,2258,0,False,False,False,0,0,0,0,0,0,451.3993780541981,70.0,74.0,40.0,-0.1710902563249131,0.151316005593893,-0.0318107511759897,-0.0162749999999999,-0.09415,-0.1392999999999999,9.2060546875,2.0947265625,-29.6376953125,408.78764993336296,24.07356809775215,73.58,2.5070906157745645,76.53333333333333,2.4812495949768416,6.996890270990548,-15.0,18.95107568840639,15.724241714317625,Good,18,6,2025-11-16 18:00:00+00:00,Abnormal
2025-11-16 18:16:59+00:00,451.3993780541981,40,70,74,28.2,55,1013.25,0.0,-0.6668522,0.3530394,9.1005712,-0.02625,-0.02625,0.04375,188.525390625,-169.189453125,147.705078125,kitchen idle,run_5,0,2258,0,False,False,False,0,0,0,0,0,0,451.3993780541981,70.0,74.0,40.0,-0.2140777579140873,0.151316005593893,0.1831267567698807,0.097475,-0.00665,0.1407,8.6689453125,1.5576171875,-25.8779296875,409.3140826299423,24.13658028865149,73.52666666666667,2.4975065865555486,76.48666666666666,2.462433637348336,0.0,0.0,18.301282092390952,15.132264159959526,Good,18,6,2025-11-16 18:00:00+00:00,Abnormal
2025-11-16 18:17:04+00:00,451.3993780541981,40,72,74,28.7,55,1013.25,0.0,-0.588399,0.2353596,8.9436648,-0.035,-0.14,0.04375,191.2109375,-168.115234375,138.037109375,kitchen idle,run_5,0,2258,0,False,False,False,0,0,0,0,0,0,451.3993780541981,72.0,74.0,40.0,-0.1281027547357389,0.0223535008263705,0.0111767504131855,0.088725,-0.1204,0.1407,11.3544921875,2.6318359375,-35.5458984375,409.8325188804975,24.20014210689897,73.48,2.4596611323323097,76.43333333333334,2.42862312655294,0.0,10.0,18.765432856665395,15.55310456615748,Good,18,6,2025-11-16 18:00:00+00:00,Abnormal
2025-11-16 18:17:09+00:00,451.3993780541981,39,73,75,28.4,55,1013.25,0.0,-0.6276256,0.3138128,8.9436648,0.07875,-0.105,-0.32375,190.13671875,-169.189453125,149.853515625,kitchen idle,run_5,0,2258,0,False,False,False,0,0,0,0,0,0,451.3993780541981,73.0,75.0,39.0,-0.1710902563249131,0.1083285040047189,0.0111767504131855,0.202475,-0.0854,-0.2267999999999999,10.2802734375,1.5576171875,-23.7294921875,410.34295868502886,24.264367289965676,73.42666666666666,2.38098357282226,76.38,2.37059729680606,0.0,5.0,18.486949887447985,15.29940768311636,Good,18,6,2025-11-16 18:00:00+00:00,Abnormal
2025-11-16 18:17:15+00:00,451.3993780541981,39,74,78,28.4,55,1013.25,0.0,-0.5099458,0.196133,8.9436648,-0.2275,-0.315,-0.48125,190.673828125,-165.966796875,146.09375,kitchen idle,run_5,0,2258,0,False,False,False,0,0,0,0,0,0,451.3993780541981,74.0,78.0,39.0,-0.0421277515573906,-0.0206340007628035,0.0111767504131855,-0.1037749999999999,-0.2954,-0.3843,10.8173828125,4.7802734375,-27.4892578125,410.8467347845402,24.327434964609942,73.38666666666667,2.31941518510488,76.36,2.3438624693372745,0.0,5.0,18.486949887447985,15.29940768311636,Good,18,6,2025-11-16 18:00:00+00:00,Abnormal
2025-11-16 18:17:20+00:00,451.3993780541981,39,74,80,28.3,55,1013.25,0.0,-0.5099458,0.196133,8.9828914,-0.13125,-2.24,-0.07,189.0625,-167.578125,143.408203125,kitchen idle,run_5,0,2258,0,False,False,False,0,0,0,0,0,0,451.3993780541981,74.0,80.0,39.0,-0.0421277515573906,-0.0206340007628035,0.0541642520023588,-0.0075249999999999,-2.2204,0.02695,9.2060546875,3.1689453125,-30.1748046875,411.34251443802754,24.39138776277553,73.34,2.2340561119653337,76.35333333333334,2.3319682807962594,0.0,0.0,18.394117238211145,15.215638181453956,Good,18,6,2025-11-16 18:00:00+00:00,Abnormal
2025-11-16 18:17:25+00:00,451.3993780541981,39,73,78,28.8,55,1013.25,0.0,-0.5491724,0.3138128,8.8652116,-0.175,-0.105,-0.28,189.599609375,-167.041015625,143.9453125,kitchen idle,run_5,0,2258,0,False,False,False,0,0,0,0,0,0,451.3993780541981,73.0,78.0,39.0,-0.0851152531465647,0.1083285040047189,-0.074798252765163,-0.0512749999999999,-0.0854,-0.18305,9.7431640625,3.7060546875,-29.6376953125,411.8302976454909,24.456313497705167,73.28666666666666,2.1436238108646486,76.32666666666667,2.289446657060559,0.0,-5.0,18.858255520575828,15.63847150858902,Good,18,6,2025-11-16 18:00:00+00:00,Abnormal
2025-11-16 18:17:31+00:00,451.3993780541981,39,71,76,28.3,55,1013.25,0.0,-0.5491724,0.2745862,8.8652116,0.0,-0.13125,-0.1925,188.525390625,-164.892578125,147.705078125,kitchen idle,run_5,0,2258,0,False,False,False,0,0,0,0,0,0,451.3993780541981,71.0,76.0,39.0,-0.0851152531465647,0.0653410024155447,-0.074798252765163,0.123725,-0.11165,-0.09555,8.6689453125,5.8544921875,-25.8779296875,412.31808085295427,24.511297072223012,73.22666666666667,2.0794509686685343,76.29333333333334,2.2571189888337653,0.0,-10.0,18.394117238211145,15.215638181453956,Good,18,6,2025-11-16 18:00:00+00:00,Abnormal
2025-11-16 18:17:36+00:00,451.3993780541981,40,70,76,28.8,55,1013.25,0.0,-0.6668522,0.196133,9.1005712,-0.14,-0.11375,-0.11375,189.0625,-167.578125,141.259765625,kitchen idle,run_5,0,2258,0,False,False,False,0,0,0,0,0,0,451.3993780541981,70.0,76.0,40.0,-0.2140777579140873,-0.0206340007628035,0.1831267567698807,-0.0162749999999999,-0.09415,-0.0167999999999999,9.2060546875,3.1689453125,-32.3232421875,412.80586406041755,24.556405270077143,73.16666666666667,2.0412414523193956,76.26,2.2238185914136124,0.0,-5.0,18.858255520575828,15.63847150858902,Good,18,6,2025-11-16 18:00:00+00:00,Abnormal
2025-11-16 18:17:41+00:00,451.3993780541981,40,72,77,28.5,55,1013.25,0.0,-0.588399,0.2353596,9.022118,-0.3325,0.07,0.0,190.13671875,-167.041015625,156.8359375,kitchen idle,run_5,0,2258,0,False,False,False,0,0,0,0,0,0,451.3993780541981,72.0,77.0,40.0,-0.1281027547357389,0.0223535008263705,0.0971517535915341,-0.208775,0.0896,0.09695,10.2802734375,3.7060546875,-16.7470703125,413.28698356286094,24.60111796382995,73.14,2.0300758738755587,76.24,2.203353149331987,0.0,10.0,18.579780040202166,15.383574212348734,Good,18,6,2025-11-16 18:00:00+00:00,Abnormal
2025-11-16 18:17:47+00:00,451.3993780541981,40,72,78,28.9,55,1013.25,0.0,-0.588399,0.196133,9.1005712,0.14,0.07,-0.06125,190.13671875,-167.041015625,145.556640625,kitchen idle,run_5,0,2258,0,False,False,False,0,0,0,0,0,0,451.3993780541981,72.0,78.0,40.0,-0.1281027547357389,-0.0206340007628035,0.1831267567698807,0.263725,0.0896,0.0357,10.2802734375,3.7060546875,-28.0263671875,413.76810306530433,24.636292564851196,73.11333333333333,2.0184939121479717,76.22666666666667,2.186433664674604,0.0,0.0,18.95107568840639,15.724241714317625,Good,18,6,2025-11-16 18:00:00+00:00,Abnormal
2025-11-16 18:17:52+00:00,451.3993780541981,39,71,76,28.3,55,1013.25,0.0,-0.5491724,0.2353596,8.9044382,-0.0525,0.0525,0.00875,189.0625,-166.50390625,148.779296875,kitchen idle,run_5,0,2258,0,False,False,False,0,0,0,0,0,0,451.3993780541981,71.0,76.0,39.0,-0.0851152531465647,0.0223535008263705,-0.0318107511759897,0.071225,0.0721,0.1057,9.2060546875,4.2431640625,-24.8037109375,414.24922256774767,24.661969884830164,73.06666666666666,1.9854053621117105,76.18666666666667,2.1343677581591693,0.0,-5.0,18.394117238211145,15.215638181453956,Good,18,6,2025-11-16 18:00:00+00:00,Abnormal
2025-11-16 18:17:57+00:00,451.3993780541981,39,72,76,28.2,55,1013.25,0.0,-0.588399,0.2353596,9.022118,-0.35875,-0.42875,-0.1925,187.451171875,-167.041015625,141.796875,kitchen idle,run_5,0,2258,0,False,False,False,0,0,0,0,0,0,451.3993780541981,72.0,76.0,39.0,-0.1281027547357389,0.0223535008263705,0.0971517535915341,-0.2350249999999999,-0.40915,-0.09555,7.5947265625,3.7060546875,-31.7861328125,414.722345624167,24.68955987466874,73.04,1.972563487295091,76.16,2.11126731240494,0.0,5.0,18.301282092390952,15.132264159959526,Good,18,6,2025-11-16 18:00:00+00:00,Abnormal
2025-11-16 18:18:03+00:00,451.3993780541981,40,73,77,28.9,55,1013.25,0.0,-0.588399,0.2353596,8.9828914,-0.105,-0.21,-0.385,190.13671875,-167.041015625,140.185546875,kitchen idle,run_5,0,2258,0,False,False,False,0,0,0,0,0,0,451.3993780541981,73.0,77.0,40.0,-0.1281027547357389,0.0223535008263705,0.0541642520023588,0.018725,-0.1903999999999999,-0.28805,10.2802734375,3.7060546875,-33.3974609375,415.1954686805864,24.708000314064403,73.02666666666667,1.965974549278808,76.15333333333334,2.106992725312326,0.0,5.0,18.95107568840639,15.724241714317625,Good,18,6,2025-11-16 18:00:00+00:00,Abnormal
2025-11-16 18:18:08+00:00,452.7987561083962,39,71,74,28.7,55,1013.25,0.0,-0.588399,0.2745862,8.9436648,0.04375,-0.14,-0.245,189.0625,-167.041015625,133.203125,kitchen idle,run_5,0,2265,0,False,False,False,0,0,0,0,0,0,452.7987561083962,71.0,74.0,39.0,-0.1281027547357389,0.0653410024155447,0.0111767504131855,0.167475,-0.1204,-0.14805,9.2060546875,3.7060546875,-40.3798828125,415.6779209240338,24.731148467725113,73.0,1.9661566092457965,76.13333333333334,2.113131416828476,6.996890270990548,-10.0,18.765432856665395,15.55310456615748,Good,18,6,2025-11-16 18:00:00+00:00,Abnormal
2025-11-16 18:18:13+00:00,452.7987561083962,40,70,75,28.8,55,1013.25,0.0,-0.392266,0.2353596,8.8652116,0.09625,-0.28875,-0.46375,188.525390625,-164.892578125,126.220703125,kitchen idle,run_5,0,2265,0,False,False,False,0,0,0,0,0,0,452.7987561083962,70.0,75.0,40.0,0.0868347532101318,0.0223535008263705,-0.074798252765163,0.219975,-0.26915,-0.3668,8.6689453125,5.8544921875,-47.3623046875,416.1603731674811,24.744807231287066,72.95333333333333,1.9536119247622117,76.09333333333333,2.076867370840682,0.0,-5.0,18.858255520575828,15.63847150858902,Good,18,6,2025-11-16 18:00:00+00:00,Abnormal
2025-11-16 18:18:19+00:00,452.7987561083962,40,70,75,28.1,55,1013.25,0.0,-0.588399,0.2353596,9.022118,0.00875,0.11375,-0.07,190.13671875,-165.966796875,149.31640625,kitchen idle,run_5,0,2265,0,False,False,False,0,0,0,0,0,0,452.7987561083962,70.0,75.0,40.0,-0.1281027547357389,0.0223535008263705,0.0971517535915341,0.132475,0.13335,0.02695,10.2802734375,4.7802734375,-24.2666015625,416.6348289649045,24.76057189051781,72.91333333333333,1.952237287077662,76.06,2.0537410618170293,0.0,0.0,18.208444449886684,15.049284075826218,Good,18,6,2025-11-16 18:00:00+00:00,Abnormal
2025-11-16 18:18:24+00:00,452.7987561083962,40,72,75,28.0,55,1013.25,0.0,-0.5491724,0.2745862,9.0613446,0.07,-0.2975,-0.2275,189.0625,-167.041015625,145.01953125,kitchen idle,run_5,0,2265,0,False,False,False,0,0,0,0,0,0,452.7987561083962,72.0,75.0,40.0,-0.0851152531465647,0.0653410024155447,0.1401392551807074,0.193725,-0.2779,-0.13055,9.2060546875,3.7060546875,-28.5634765625,417.10928476232783,24.767178232129268,72.89333333333333,1.9460738884787423,76.04666666666667,2.0540896076683577,0.0,10.0,18.115604310597625,14.966696390833976,Good,18,6,2025-11-16 18:00:00+00:00,Abnormal
2025-11-16 18:18:29+00:00,452.7987561083962,39,71,74,28.2,55,1013.25,0.0,-0.5099458,0.2745862,8.9436648,-0.25375,-0.42,-0.32375,186.9140625,-171.337890625,140.72265625,kitchen idle,run_5,0,2265,0,False,False,False,0,0,0,0,0,0,452.7987561083962,71.0,74.0,39.0,-0.0421277515573906,0.0653410024155447,0.0111767504131855,-0.1300249999999999,-0.4004,-0.2267999999999999,7.0576171875,-0.5908203125,-32.8603515625,417.5837405597512,24.76463358548292,72.86,1.935295617603992,76.02,2.054525206830865,0.0,-5.0,18.301282092390952,15.132264159959526,Good,18,6,2025-11-16 18:00:00+00:00,Abnormal
2025-11-16 18:18:35+00:00,452.7987561083962,39,71,73,28.9,55,1013.25,0.0,-0.784532,0.196133,8.9828914,-0.2625,0.525,-0.07875,185.302734375,-169.189453125,148.2421875,kitchen idle,run_5,0,2265,0,False,False,False,0,0,0,0,0,0,452.7987561083962,71.0,73.0,39.0,-0.3430402626816098,-0.0206340007628035,0.0541642520023588,-0.1387749999999999,0.5446,0.0182,5.4462890625,1.5576171875,-25.3408203125,418.0581963571746,24.752935128364328,72.82,1.9110066218423432,75.97333333333333,2.04298329915505,0.0,0.0,18.95107568840639,15.724241714317625,Good,18,6,2025-11-16 18:00:00+00:00,Abnormal
2025-11-16 18:18:40+00:00,452.7987561083962,39,69,72,28.4,55,1013.25,0.0,-0.5491724,0.2745862,8.9828914,-0.455,-0.14875,-0.07875,186.9140625,-170.263671875,153.076171875,kitchen idle,run_5,0,2265,0,False,False,False,0,0,0,0,0,0,452.7987561083962,69.0,72.0,39.0,-0.0851152531465647,0.0653410024155447,0.0541642520023588,-0.331275,-0.12915,0.0182,7.0576171875,0.4833984375,-20.5068359375,418.52598844957794,24.741940957486953,72.75333333333333,1.8679086631978807,75.90666666666667,2.0078592782941302,0.0,-10.0,18.486949887447985,15.29940768311636,Good,18,6,2025-11-16 18:00:00+00:00,Abnormal
2025-11-16 18:18:46+00:00,451.3993780541981,39,69,72,28.0,55,1013.25,0.0,-0.588399,0.3138128,8.7867584,-0.035,-0.16625,-0.13125,187.451171875,-168.65234375,142.87109375,kitchen idle,run_5,0,2258,0,False,False,False,0,0,0,0,0,0,451.3993780541981,69.0,72.0,39.0,-0.1281027547357389,0.1083285040047189,-0.1607732559435116,0.088725,-0.14665,-0.0343,7.5947265625,2.0947265625,-30.7119140625,418.9764549089293,24.721095498422983,72.70666666666666,1.8736844751197423,75.86666666666666,2.025563693741814,-6.996890270990548,0.0,18.115604310597625,14.966696390833976,Good,18,6,2025-11-16 18:00:00+00:00,Abnormal
2025-11-16 18:18:51+00:00,452.7987561083962,40,72,73,0.0,0,1013.25,0.0,-0.5099458,0.3138128,8.8652116,0.00875,-0.30625,-0.2625,186.9140625,-169.7265625,154.6875,kitchen idle,run_5,0,2265,0,False,False,False,0,0,0,0,0,0,452.7987561083962,72.0,73.0,40.0,-0.0421277515573906,0.1083285040047189,-0.074798252765163,0.132475,-0.28665,-0.16555,7.0576171875,1.0205078125,-18.8955078125,419.4282541092847,24.71578625014336,72.68,1.8548684354293652,75.83333333333333,2.031353787573915,6.996890270990548,15.0,-96.07763018544566,0.0,Good,18,6,2025-11-16 18:00:00+00:00,Abnormal
2025-11-16 18:18:56+00:00,452.7987561083962,41,72,73,28.3,55,1013.25,0.0,-0.7060788,0.3138128,8.7475318,0.06125,-0.245,0.09625,187.451171875,-168.65234375,154.6875,kitchen idle,run_5,0,2265,0,False,False,False,0,0,0,0,0,0,452.7987561083962,72.0,73.0,41.0,-0.2570652595032615,0.1083285040047189,-0.2037607575326849,0.184975,-0.2254,0.1932,7.5947265625,2.0947265625,-18.8955078125,419.8800533096402,24.702158455263692,72.65333333333334,1.835469570944125,75.80666666666667,2.042161858406056,0.0,0.0,18.394117238211145,15.215638181453956,Good,18,6,2025-11-16 18:00:00+00:00,Abnormal
2025-11-16 18:19:02+00:00,452.7987561083962,40,73,74,28.2,55,1013.25,0.0,-0.588399,0.2745862,8.9828914,-0.18375,-0.28,-0.175,186.9140625,-170.80078125,138.57421875,kitchen idle,run_5,0,2265,0,False,False,False,0,0,0,0,0,0,452.7987561083962,73.0,74.0,40.0,-0.1281027547357389,0.0653410024155447,0.0541642520023588,-0.0600249999999999,-0.2604,-0.0780499999999999,7.0576171875,-0.0537109375,-35.0087890625,420.3238560639715,24.691513836026672,72.65333333333334,1.835469570944125,75.79333333333334,2.0474133842474487,0.0,5.0,18.301282092390952,15.132264159959526,Good,18,6,2025-11-16 18:00:00+00:00,Abnormal
2025-11-16 18:19:07+00:00,454.1981341625944,40,73,74,28.7,55,1013.25,0.0,-0.588399,0.2353596,8.825985,-0.20125,-0.1225,-0.105,187.98828125,-169.189453125,170.263671875,kitchen idle,run_5,0,2272,0,False,False,False,0,0,0,0,0,0,454.1981341625944,73.0,74.0,40.0,-0.1281027547357389,0.0223535008263705,-0.1177857543543383,-0.0775249999999999,-0.1028999999999999,-0.0080499999999999,8.1318359375,1.5576171875,-3.3193359375,420.77698800533096,24.685283621150273,72.66,1.8348966285827664,75.78,2.052564282605603,6.996890270990832,0.0,18.765432856665395,15.55310456615748,Good,18,6,2025-11-16 18:00:00+00:00,Abnormal
2025-11-16 18:19:12+00:00,454.1981341625944,39,71,73,28.3,55,1013.25,0.0,-0.6276256,0.2353596,8.8652116,0.175,0.0,-0.16625,188.525390625,-169.7265625,148.779296875,kitchen idle,run_5,0,2272,0,False,False,False,0,0,0,0,0,0,454.1981341625944,71.0,73.0,39.0,-0.1710902563249131,0.0223535008263705,-0.074798252765163,0.298725,0.0196,-0.0693,8.6689453125,1.0205078125,-24.8037109375,421.2221235006663,24.681896250739115,72.65333333333334,1.8391224441710663,75.76666666666667,2.064128483939495,0.0,-10.0,18.394117238211145,15.215638181453956,Good,18,6,2025-11-16 18:00:00+00:00,Abnormal
2025-11-16 18:19:18+00:00,454.1981341625944,40,72,74,28.8,55,1013.25,0.0,-0.588399,0.2353596,8.9044382,-0.00875,-0.49875,0.035,186.376953125,-170.263671875,149.853515625,kitchen idle,run_5,0,2272,0,False,False,False,0,0,0,0,0,0,454.1981341625944,72.0,74.0,40.0,-0.1281027547357389,0.0223535008263705,-0.0318107511759897,0.114975,-0.47915,0.13195,6.5205078125,0.4833984375,-23.7294921875,421.66725899600175,24.670424129245273,72.66,1.8348966285827664,75.76666666666667,2.064128483939495,0.0,5.0,18.858255520575828,15.63847150858902,Good,18,6,2025-11-16 18:00:00+00:00,Abnormal
2025-11-16 18:19:23+00:00,454.1981341625944,40,74,76,28.6,55,1013.25,0.0,-0.6276256,0.2745862,8.9436648,-0.2625,-0.16625,-0.06125,188.525390625,-168.65234375,143.9453125,kitchen idle,run_5,0,2272,0,False,False,False,0,0,0,0,0,0,454.1981341625944,74.0,76.0,40.0,-0.1710902563249131,0.0653410024155447,0.0111767504131855,-0.1387749999999999,-0.14665,0.0357,8.6689453125,2.0947265625,-29.6376953125,422.1123944913372,24.650855969122524,72.67333333333333,1.8373334437291713,75.77333333333333,2.06325040582488,0.0,10.0,18.672607696574406,15.468139321156626,Good,18,6,2025-11-16 18:00:00+00:00,Abnormal
2025-11-16 18:19:28+00:00,454.1981341625944,39,73,76,28.0,55,1013.25,0.0,-0.588399,0.2353596,8.9828914,-0.49875,-0.23625,0.245,187.451171875,-169.189453125,145.556640625,kitchen idle,run_5,0,2272,0,False,False,False,0,0,0,0,0,0,454.1981341625944,73.0,76.0,39.0,-0.1281027547357389,0.0223535008263705,0.0541642520023588,-0.375025,-0.2166499999999999,0.34195,7.5947265625,1.5576171875,-28.0263671875,422.5508662816526,24.632604463385295,72.68,1.8366880025721437,75.77333333333333,2.06325040582488,0.0,-5.0,18.115604310597625,14.966696390833976,Good,18,6,2025-11-16 18:00:00+00:00,Abnormal
2025-11-16 18:19:34+00:00,454.1981341625944,40,76,78,28.4,55,1013.25,0.0,-0.5491724,0.2745862,8.9044382,-0.2275,-0.1225,-0.14,186.9140625,-168.65234375,160.05859375,kitchen idle,run_5,0,2272,0,False,False,False,0,0,0,0,0,0,454.1981341625944,76.0,78.0,40.0,-0.0851152531465647,0.0653410024155447,-0.0318107511759897,-0.1037749999999999,-0.1028999999999999,-0.04305,7.0576171875,2.0947265625,-13.5244140625,422.989338071968,24.60647495333738,72.7,1.8564236382983037,75.78666666666666,2.0711721113873853,0.0,15.0,18.486949887447985,15.29940768311636,Good,18,6,2025-11-16 18:00:00+00:00,Abnormal
2025-11-16 18:19:39+00:00,454.1981341625944,40,74,76,28.4,55,1013.25,0.0,-0.5491724,0.2353596,8.8652116,0.0875,-0.4025,-0.46375,186.9140625,-169.189453125,140.185546875,kitchen idle,run_5,0,2272,0,False,False,False,0,0,0,0,0,0,454.1981341625944,74.0,76.0,40.0,-0.0851152531465647,0.0223535008263705,-0.074798252765163,0.211225,-0.3829,-0.3668,7.0576171875,1.5576171875,-33.3974609375,423.4278098622834,24.572442307375866,72.70666666666666,1.859301545510292,75.79333333333334,2.070232184451593,0.0,-10.0,18.486949887447985,15.29940768311636,Good,18,6,2025-11-16 18:00:00+00:00,Abnormal
2025-11-16 18:19:44+00:00,455.3976010661928,40,71,74,28.7,55,1013.25,0.0,-0.5491724,0.2745862,8.825985,-0.18375,-0.07875,-0.18375,186.9140625,-171.337890625,154.150390625,kitchen idle,run_5,0,2278,0,False,False,False,0,0,0,0,0,0,455.3976010661928,71.0,74.0,40.0,-0.0851152531465647,0.0653410024155447,-0.1177857543543383,-0.0600249999999999,-0.05915,-0.0867999999999999,7.0576171875,-0.5908203125,-19.4326171875,423.8662816525989,24.55204799821139,72.69333333333333,1.864348192652244,75.78,2.075326448000863,5.997334517992101,-15.0,18.765432856665395,15.55310456615748,Good,18,6,2025-11-16 18:00:00+00:00,Abnormal
2025-11-16 18:19:50+00:00,455.3976010661928,40,70,73,28.6,55,1013.25,0.0,-0.6276256,0.1569064,8.9044382,-0.16625,0.02625,-0.00875,186.376953125,-170.263671875,145.556640625,kitchen idle,run_5,0,2278,0,False,False,False,0,0,0,0,0,0,455.3976010661928,70.0,73.0,40.0,-0.1710902563249131,-0.0636215023519777,-0.0318107511759897,-0.0425249999999999,0.04585,0.0882,6.5205078125,0.4833984375,-28.0263671875,424.30475344291426,24.523745741711277,72.67333333333333,1.87708422564282,75.76,2.0876112677817193,0.0,-5.0,18.672607696574406,15.468139321156626,Good,18,6,2025-11-16 18:00:00+00:00,Abnormal
2025-11-16 18:19:55+00:00,455.3976010661928,39,73,75,28.4,55,1013.25,0.0,-0.588399,0.2745862,9.022118,0.23625,-0.0525,-0.00875,185.302734375,-169.7265625,145.556640625,kitchen idle,run_5,0,2278,0,False,False,False,0,0,0,0,0,0,455.3976010661928,73.0,75.0,39.0,-0.1281027547357389,0.0653410024155447,0.0971517535915341,0.359975,-0.0329,0.0882,5.4462890625,1.0205078125,-28.0263671875,424.7352287872057,24.4988513101256,72.68,1.8764524575655677,75.76666666666667,2.0835458504583086,0.0,15.0,18.486949887447985,15.29940768311636,Good,18,6,2025-11-16 18:00:00+00:00,Abnormal
2025-11-16 18:20:00+00:00,455.3976010661928,41,76,78,28.2,55,1013.25,0.0,-0.6276256,0.196133,8.9436648,-0.16625,-0.21875,-0.0175,186.9140625,-169.7265625,155.224609375,kitchen idle,run_5,0,2278,0,False,False,False,0,0,0,0,0,0,455.3976010661928,76.0,78.0,41.0,-0.1710902563249131,-0.0206340007628035,0.0111767504131855,-0.0425249999999999,-0.19915,0.07945,7.0576171875,1.0205078125,-18.3583984375,425.16570413149714,24.466307862317,72.70666666666666,1.895054201086719,75.78666666666666,2.090524055767012,0.0,15.0,18.301282092390952,15.132264159959526,Good,18,6,2025-11-16 18:00:00+00:00,Abnormal
2025-11-16 18:20:06+00:00,454.1981341625944,40,74,77,28.0,55,1013.25,0.0,-0.6276256,0.1569064,8.7867584,-0.245,2.0562500000000004,-0.105,187.98828125,-170.80078125,153.076171875,kitchen idle,run_5,0,2272,0,False,False,False,0,0,0,0,0,0,454.1981341625944,74.0,77.0,40.0,-0.1710902563249131,-0.0636215023519777,-0.1607732559435116,-0.1212749999999999,2.0758500000000004,-0.0080499999999999,8.1318359375,-0.0537109375,-20.5068359375,425.5881830297646,24.416457599766236,72.72,1.897083597129324,75.8,2.0918505984354048,-5.997334517992101,-10.0,18.115604310597625,14.966696390833976,Good,18,6,2025-11-16 18:00:00+00:00,Abnormal
2025-11-16 18:20:11+00:00,452.7987561083962,40,73,77,28.5,55,1013.25,0.0,-0.588399,0.3138128,9.022118,0.09625,0.18375,0.02625,189.0625,-168.115234375,176.708984375,kitchen idle,run_5,0,2265,0,False,False,False,0,0,0,0,0,0,452.7987561083962,73.0,77.0,40.0,-0.1281027547357389,0.1083285040047189,0.0971517535915341,0.219975,0.20335,0.1232,9.2060546875,2.6318359375,3.1259765625,426.001332741004,24.348527743650266,72.72,1.897083597129324,75.80666666666667,2.0940845629056186,-6.996890270990832,-5.0,18.579780040202166,15.383574212348734,Good,18,6,2025-11-16 18:00:00+00:00,Abnormal
2025-11-16 18:20:16+00:00,452.7987561083962,40,73,77,28.4,55,1013.25,0.0,-0.6668522,0.196133,8.9828914,-0.175,-0.11375,0.0175,188.525390625,-167.041015625,110.64453125,kitchen idle,run_5,0,2265,0,False,False,False,0,0,0,0,0,0,452.7987561083962,73.0,77.0,40.0,-0.2140777579140873,-0.0206340007628035,0.0541642520023588,-0.0512749999999999,-0.09415,0.11445,8.6689453125,3.7060546875,-62.9384765625,426.40648600621944,24.284929192922217,72.72666666666667,1.8962933348070383,75.82,2.095280731138895,0.0,0.0,18.486949887447985,15.29940768311636,Good,18,6,2025-11-16 18:00:00+00:00,Abnormal
2025-11-16 18:20:22+00:00,452.7987561083962,39,71,74,28.2,55,1013.25,0.0,-0.588399,0.2353596,8.9044382,-0.20125,0.27125,-0.13125,186.376953125,-169.7265625,136.42578125,kitchen idle,run_5,0,2265,0,False,False,False,0,0,0,0,0,0,452.7987561083962,71.0,74.0,39.0,-0.1281027547357389,0.0223535008263705,-0.0318107511759897,-0.0775249999999999,0.29085,-0.0343,6.5205078125,1.0205078125,-37.1572265625,426.81163927143496,24.21434010758944,72.72666666666667,1.8962933348070383,75.82,2.095280731138895,0.0,-10.0,18.301282092390952,15.132264159959526,Good,18,6,2025-11-16 18:00:00+00:00,Abnormal
2025-11-16 18:20:27+00:00,454.1981341625944,39,71,73,28.4,55,1013.25,0.0,-0.588399,0.2353596,8.9828914,0.04375,-0.1225,-0.3675,187.98828125,-170.263671875,142.87109375,kitchen idle,run_5,0,2272,0,False,False,False,0,0,0,0,0,0,454.1981341625944,71.0,73.0,39.0,-0.1281027547357389,0.0223535008263705,0.0541642520023588,0.167475,-0.1028999999999999,-0.2705499999999999,8.1318359375,0.4833984375,-30.7119140625,427.2261217236784,24.146921594399636,72.72,1.9006180556043029,75.8,2.1078313547659104,6.996890270990832,0.0,18.486949887447985,15.29940768311636,Good,18,6,2025-11-16 18:00:00+00:00,Abnormal
2025-11-16 18:20:32+00:00,454.1981341625944,39,70,70,28.1,55,1013.25,0.0,-0.5099458,0.196133,8.9044382,-0.14875,-0.28,-0.20125,186.9140625,-168.115234375,152.001953125,kitchen idle,run_5,0,2272,0,False,False,False,0,0,0,0,0,0,454.1981341625944,70.0,70.0,39.0,-0.0421277515573906,-0.0206340007628035,-0.0318107511759897,-0.0250249999999999,-0.2604,-0.1043,7.0576171875,2.6318359375,-21.5810546875,427.6406041759218,24.072130789299138,72.69333333333333,1.9105734290366831,75.75333333333333,2.1579777591413256,0.0,-5.0,18.208444449886684,15.049284075826218,Good,18,6,2025-11-16 18:00:00+00:00,Abnormal
2025-11-16 18:20:38+00:00,454.1981341625944,39,70,70,28.5,55,1013.25,0.0,-0.6276256,0.196133,8.9436648,-0.14875,-0.455,-0.35,186.376953125,-169.189453125,141.259765625,kitchen idle,run_5,0,2272,0,False,False,False,0,0,0,0,0,0,454.1981341625944,70.0,70.0,39.0,-0.1710902563249131,-0.0206340007628035,0.0111767504131855,-0.0250249999999999,-0.4354,-0.25305,6.5205078125,1.5576171875,-32.3232421875,428.0470901821412,24.001783300702577,72.66,1.9136738622365144,75.69333333333333,2.1919519255330298,0.0,0.0,18.579780040202166,15.383574212348734,Good,18,6,2025-11-16 18:00:00+00:00,Abnormal
2025-11-16 18:20:43+00:00,454.1981341625944,39,69,72,28.8,55,1013.25,0.0,-0.6276256,0.2745862,8.9044382,-0.04375,-0.23625,-0.30625,187.451171875,-169.189453125,141.259765625,kitchen idle,run_5,0,2272,0,False,False,False,0,0,0,0,0,0,454.1981341625944,69.0,72.0,39.0,-0.1710902563249131,0.0653410024155447,-0.0318107511759897,0.079975,-0.2166499999999999,-0.2093,7.5947265625,1.5576171875,-32.3232421875,428.4535761883607,23.92427726975407,72.61333333333333,1.9170260338133631,75.64,2.183771750985614,0.0,-5.0,18.858255520575828,15.63847150858902,Good,18,6,2025-11-16 18:00:00+00:00,Abnormal
2025-11-16 18:20:49+00:00,455.3976010661928,40,73,74,28.0,55,1013.25,0.0,-0.588399,0.196133,8.8652116,0.02625,-0.06125,-0.42,187.98828125,-170.263671875,143.9453125,kitchen idle,run_5,0,2278,0,False,False,False,0,0,0,0,0,0,455.3976010661928,73.0,74.0,40.0,-0.1281027547357389,-0.0206340007628035,-0.074798252765163,0.149975,-0.04165,-0.3230499999999999,8.1318359375,0.4833984375,-29.6376953125,428.8680586406042,23.84829857066904,72.6,1.907245105543064,75.61333333333333,2.1791774406122766,5.997334517992101,20.0,18.115604310597625,14.966696390833976,Good,18,6,2025-11-16 18:00:00+00:00,Abnormal
2025-11-16 18:20:54+00:00,455.3976010661928,42,73,75,28.6,54,1013.25,0.0,-0.5491724,0.196133,8.9044382,-0.21875,-0.175,0.04375,187.98828125,-167.578125,148.2421875,kitchen idle,run_5,0,2278,0,False,False,False,0,0,0,0,0,0,455.3976010661928,73.0,75.0,42.0,-0.0851152531465647,-0.0206340007628035,-0.0318107511759897,-0.0950249999999999,-0.1553999999999999,0.1407,8.1318359375,3.1689453125,-25.3408203125,429.2825410928476,23.764800633761897,72.60666666666667,1.9068814509584675,75.62,2.1757356234974408,0.0,0.0,18.37937180872952,15.18690042440832,Good,18,6,2025-11-16 18:00:00+00:00,Abnormal
2025-11-16 18:20:59+00:00,455.3976010661928,41,72,74,28.9,54,1013.25,0.0,-0.5099458,0.2353596,8.9436648,-0.00875,-0.4375,0.07,186.9140625,-169.7265625,138.037109375,kitchen idle,run_5,0,2278,0,False,False,False,0,0,0,0,0,0,455.3976010661928,72.0,74.0,41.0,-0.0421277515573906,0.0223535008263705,0.0111767504131855,0.114975,-0.4179,0.16695,7.0576171875,1.0205078125,-35.5458984375,429.69702354509104,23.67370389736459,72.62666666666667,1.88439963083222,75.62666666666667,2.16917596906926,0.0,-5.0,18.657215990675542,15.43834641042094,Good,18,6,2025-11-16 18:00:00+00:00,Abnormal
2025-11-16 18:21:05+00:00,455.3976010661928,40,73,76,28.7,54,1013.25,0.0,-0.588399,0.2353596,8.8652116,-0.02625,-0.09625,-0.105,190.13671875,-167.578125,142.333984375,kitchen idle,run_5,0,2278,0,False,False,False,0,0,0,0,0,0,455.3976010661928,73.0,76.0,40.0,-0.1281027547357389,0.0223535008263705,-0.074798252765163,0.097475,-0.07665,-0.0080499999999999,10.2802734375,3.1689453125,-31.2490234375,430.1115059973345,23.57492027322069,72.64,1.87988290367888,75.64666666666666,2.158599678659066,0.0,5.0,18.471989100165267,15.2703208467728,Good,18,6,2025-11-16 18:00:00+00:00,Abnormal
2025-11-16 18:21:10+00:00,455.3976010661928,39,73,75,28.5,54,1013.25,0.0,-0.6276256,0.196133,8.9044382,-0.16625,-0.315,-0.3675,187.451171875,-170.263671875,141.259765625,kitchen idle,run_5,0,2278,0,False,False,False,0,0,0,0,0,0,455.3976010661928,73.0,75.0,39.0,-0.1710902563249131,-0.0206340007628035,-0.0318107511759897,-0.0425249999999999,-0.2954,-0.2705499999999999,7.5947265625,0.4833984375,-32.3232421875,430.52598844957794,23.468352693964256,72.64666666666666,1.879371116672797,75.65333333333334,2.155021190405394,0.0,0.0,18.28675195303139,15.103872863033304,Good,18,6,2025-11-16 18:00:00+00:00,Abnormal
2025-11-16 18:21:15+00:00,455.3976010661928,40,74,75,28.3,54,1013.25,0.0,-0.588399,0.2353596,8.9828914,-0.07875,-0.04375,-0.28875,186.9140625,-169.7265625,129.98046875,kitchen idle,run_5,0,2278,0,False,False,False,0,0,0,0,0,0,455.3976010661928,74.0,75.0,40.0,-0.1281027547357389,0.0223535008263705,0.0541642520023588,0.044975,-0.0241499999999999,-0.1918,7.0576171875,1.0205078125,-43.6025390625,430.9404709018214,23.353894601518995,72.66,1.881845445800399,75.66,2.1514159532798236,0.0,5.0,18.101504548422,14.938990214518428,Good,18,6,2025-11-16 18:00:00+00:00,Abnormal
2025-11-16 18:21:21+00:00,456.7969791203909,39,72,74,28.9,54,1013.25,0.0,-0.6276256,0.3138128,9.022118,-0.1925,0.035,0.06125,189.0625,-167.578125,149.31640625,kitchen idle,run_5,0,2285,0,False,False,False,0,0,0,0,0,0,456.7969791203909,72.0,74.0,39.0,-0.1710902563249131,0.1083285040047189,0.0971517535915341,-0.0687749999999999,0.0546,0.1582,9.2060546875,3.1689453125,-24.2666015625,431.35628609506887,23.254425389180785,72.65333333333334,1.882404098528557,75.65333333333334,2.155021190405394,6.996890270990548,-10.0,18.657215990675542,15.43834641042094,Good,18,6,2025-11-16 18:00:00+00:00,Abnormal
2025-11-16 18:21:26+00:00,456.7969791203909,39,72,74,28.7,54,1013.25,0.0,-0.5491724,0.196133,9.022118,0.245,-0.49875,-0.18375,187.98828125,-169.7265625,144.482421875,kitchen idle,run_5,0,2285,0,False,False,False,0,0,0,0,0,0,456.7969791203909,72.0,74.0,39.0,-0.0851152531465647,-0.0206340007628035,0.0971517535915341,0.368725,-0.47915,-0.0867999999999999,8.1318359375,1.0205078125,-29.1005859375,431.7641048422923,23.159785476831715,72.64666666666666,1.8829388234820332,75.64,2.1590452774472344,0.0,0.0,18.471989100165267,15.2703208467728,Good,18,6,2025-11-16 18:00:00+00:00,Abnormal
2025-11-16 18:21:31+00:00,456.7969791203909,40,73,75,28.6,54,1013.25,0.0,-0.6276256,0.2745862,8.9828914,-0.27125,-0.16625,-0.60375,186.376953125,-170.80078125,145.01953125,kitchen idle,run_5,0,2285,0,False,False,False,0,0,0,0,0,0,456.7969791203909,73.0,75.0,40.0,-0.1710902563249131,0.0653410024155447,0.0541642520023588,-0.1475249999999999,-0.14665,-0.5068,6.5205078125,-0.0537109375,-28.5634765625,432.1639271434918,23.070042668974672,72.62666666666667,1.8629076885151683,75.62,2.1509167703610075,0.0,5.0,18.37937180872952,15.18690042440832,Good,18,6,2025-11-16 18:00:00+00:00,Abnormal
2025-11-16 18:21:37+00:00,456.7969791203909,40,70,74,28.5,54,1013.25,0.0,-0.5491724,0.2353596,8.9828914,-0.16625,-0.1925,-0.2275,185.83984375,-170.263671875,138.57421875,kitchen idle,run_5,0,2285,0,False,False,False,0,0,0,0,0,0,456.7969791203909,70.0,74.0,40.0,-0.0851152531465647,0.0223535008263705,0.0541642520023588,-0.0425249999999999,-0.1729,-0.13055,5.9833984375,0.4833984375,-35.0087890625,432.5637494446912,22.972945232934997,72.59333333333333,1.8648880948369275,75.6,2.151946208254652,0.0,-15.0,18.28675195303139,15.103872863033304,Good,18,6,2025-11-16 18:00:00+00:00,Abnormal
2025-11-16 18:21:42+00:00,456.7969791203909,39,69,73,28.1,54,1013.25,0.0,-0.6668522,0.2353596,8.9044382,-0.13125,-0.11375,-0.42,187.451171875,-169.189453125,141.259765625,kitchen idle,run_5,0,2285,0,False,False,False,0,0,0,0,0,0,456.7969791203909,69.0,73.0,39.0,-0.2140777579140873,0.0223535008263705,-0.0318107511759897,-0.0075249999999999,-0.09415,-0.3230499999999999,7.5947265625,1.5576171875,-32.3232421875,432.9635717458907,22.868399487376045,72.56666666666666,1.887495647949847,75.58666666666667,2.161861820847618,0.0,-5.0,17.916246885485066,14.775660728993016,Good,18,6,2025-11-16 18:00:00+00:00,Abnormal
2025-11-16 18:21:47+00:00,456.7969791203909,40,70,74,28.2,54,1013.25,0.0,-0.5491724,0.196133,8.9044382,0.035,-0.60375,0.0875,189.0625,-167.578125,145.556640625,kitchen idle,run_5,0,2285,0,False,False,False,0,0,0,0,0,0,456.7969791203909,70.0,74.0,40.0,-0.0851152531465647,-0.0206340007628035,-0.0318107511759897,0.158725,-0.5841500000000001,0.18445,9.2060546875,3.1689453125,-28.0263671875,433.36339404709014,22.756302776696455,72.55333333333333,1.89855708780655,75.58666666666667,2.161861820847618,0.0,5.0,18.008876999297737,14.8571320843239,Good,18,6,2025-11-16 18:00:00+00:00,Abnormal
2025-11-16 18:21:53+00:00,456.7969791203909,39,70,74,28.6,54,1013.25,0.0,-0.6668522,0.3138128,8.8652116,-0.32375,-0.07,-0.245,188.525390625,-169.189453125,162.744140625,kitchen idle,run_5,0,2285,0,False,False,False,0,0,0,0,0,0,456.7969791203909,70.0,74.0,39.0,-0.2140777579140873,0.1083285040047189,-0.074798252765163,-0.2000249999999999,-0.0504,-0.14805,8.6689453125,1.5576171875,-10.8388671875,433.7632163482896,22.636542923485827,72.54,1.909460727131331,75.58666666666667,2.161861820847618,0.0,0.0,18.37937180872952,15.18690042440832,Good,18,6,2025-11-16 18:00:00+00:00,Abnormal
2025-11-16 18:21:58+00:00,456.7969791203909,39,70,74,0.0,0,1013.25,0.0,-0.5491724,0.2353596,8.9436648,-0.07875,-0.35,-0.3675,187.451171875,-169.7265625,136.962890625,kitchen idle,run_5,0,2285,0,False,False,False,0,0,0,0,0,0,456.7969791203909,70.0,74.0,39.0,-0.0851152531465647,0.0223535008263705,0.0111767504131855,0.044975,-0.3303999999999999,-0.2705499999999999,7.5947265625,1.0205078125,-36.6201171875,434.1630386494891,22.508997612079956,72.52666666666667,1.9202092540707336,75.58666666666667,2.161861820847618,0.0,0.0,-96.07763018544566,0.0,Good,18,6,2025-11-16 18:00:00+00:00,Abnormal
2025-11-16 18:22:03+00:00,458.196357174589,39,69,74,28.5,54,1013.25,0.0,-0.588399,0.2745862,8.9828914,-0.25375,-0.32375,0.0,187.98828125,-166.50390625,135.3515625,kitchen idle,run_5,0,2292,0,False,False,False,0,0,0,0,0,0,458.196357174589,69.0,74.0,39.0,-0.1281027547357389,0.0653410024155447,0.0541642520023588,-0.1300249999999999,-0.30415,0.09695,8.1318359375,4.2431640625,-38.2314453125,434.5721901377166,22.3831566537034,72.5,1.941251239752204,75.58666666666667,2.161861820847618,6.996890270990548,-5.0,18.28675195303139,15.103872863033304,Good,18,6,2025-11-16 18:00:00+00:00,Abnormal
2025-11-16 18:22:09+00:00,458.196357174589,39,69,74,28.2,54,1013.25,0.0,-0.5099458,0.196133,8.825985,2.2225,-0.18375,0.06125,187.98828125,-168.65234375,139.111328125,kitchen idle,run_5,0,2292,0,False,False,False,0,0,0,0,0,0,458.196357174589,69.0,74.0,39.0,-0.0421277515573906,-0.0206340007628035,-0.1177857543543383,2.346225,-0.16415,0.1582,8.1318359375,2.0947265625,-34.4716796875,434.981341625944,22.249030835994105,72.47333333333333,1.961702680051758,75.59333333333333,2.1553637375541532,0.0,0.0,18.008876999297737,14.8571320843239,Good,18,6,2025-11-16 18:00:00+00:00,Abnormal
2025-11-16 18:22:14+00:00,458.196357174589,39,69,73,28.7,54,1013.25,0.0,-0.6276256,0.1569064,9.022118,-0.105,-0.28,-0.455,185.302734375,-170.263671875,135.3515625,kitchen idle,run_5,0,2292,0,False,False,False,0,0,0,0,0,0,458.196357174589,69.0,73.0,39.0,-0.1710902563249131,-0.0636215023519777,0.0971517535915341,0.018725,-0.2604,-0.35805,5.4462890625,0.4833984375,-38.2314453125,435.38249666814744,22.120289386382932,72.44666666666667,1.98158185969372,75.58666666666667,2.161861820847618,0.0,0.0,18.471989100165267,15.2703208467728,Good,18,6,2025-11-16 18:00:00+00:00,Abnormal
2025-11-16 18:22:19+00:00,458.196357174589,39,69,72,28.9,54,1013.25,0.0,-0.6276256,0.2353596,9.0613446,-0.105,-0.315,-0.3675,187.451171875,-168.65234375,139.6484375,kitchen idle,run_5,0,2292,0,False,False,False,0,0,0,0,0,0,458.196357174589,69.0,72.0,39.0,-0.1710902563249131,0.0223535008263705,0.1401392551807074,0.018725,-0.2954,-0.2705499999999999,7.5947265625,2.0947265625,-33.9345703125,435.86228342958685,21.82551079253551,72.42666666666666,2.001162972835654,75.57333333333334,2.1778219113152995,0.0,0.0,18.657215990675542,15.43834641042094,Good,18,6,2025-11-16 18:00:00+00:00,Abnormal
2025-11-16 18:22:25+00:00,458.196357174589,40,72,75,28.0,54,1013.25,0.0,-0.6276256,0.2745862,8.9436648,-0.44625,-0.00875,-0.105,187.451171875,-168.115234375,145.556640625,kitchen idle,run_5,0,2292,0,False,False,False,0,0,0,0,0,0,458.196357174589,72.0,75.0,40.0,-0.1710902563249131,0.0653410024155447,0.0111767504131855,-0.3225249999999999,0.0108499999999999,-0.0080499999999999,7.5947265625,2.6318359375,-28.0263671875,436.55664149266994,20.83953125480059,72.42,2.000905835134274,75.58,2.1745014085622083,0.0,15.0,17.82361420687747,14.69457463827336,Good,18,6,2025-11-16 18:00:00+00:00,Abnormal
2025-11-16 18:22:30+00:00,458.196357174589,38,73,75,28.8,54,1013.25,0.0,-0.5491724,0.2353596,8.9828914,-0.4725,-0.245,-0.4025,186.376953125,-169.7265625,146.09375,kitchen idle,run_5,0,2292,0,False,False,False,0,0,0,0,0,0,458.196357174589,73.0,75.0,38.0,-0.0851152531465647,0.0223535008263705,0.0541642520023588,-0.3487749999999999,-0.2254,-0.30555,6.5205078125,1.0205078125,-27.4892578125,437.1643713904931,20.11518876603671,72.42,2.000905835134274,75.56666666666666,2.171866072559855,0.0,5.0,18.564603827445108,15.35413566297831,Good,18,6,2025-11-16 18:00:00+00:00,Abnormal
2025-11-16 18:22:35+00:00,458.196357174589,38,73,76,28.1,54,1013.25,0.0,-0.5491724,0.2353596,8.8652116,0.245,-0.2975,-0.21875,188.525390625,-168.65234375,138.57421875,kitchen idle,run_5,0,2292,0,False,False,False,0,0,0,0,0,0,458.196357174589,73.0,76.0,38.0,-0.0851152531465647,0.0223535008263705,-0.074798252765163,0.368725,-0.2779,-0.1217999999999999,8.6689453125,2.0947265625,-35.0087890625,437.71346068414033,19.545864145428535,72.42666666666666,2.001162972835654,75.56666666666666,2.171866072559855,0.0,0.0,17.916246885485066,14.775660728993016,Good,18,6,2025-11-16 18:00:00+00:00,Abnormal
2025-11-16 18:22:41+00:00,458.196357174589,40,73,77,28.4,54,1013.25,0.0,-0.588399,0.2353596,8.8652116,-0.245,-0.07,-0.48125,187.451171875,-167.041015625,135.3515625,kitchen idle,run_5,0,2292,0,False,False,False,0,0,0,0,0,0,458.196357174589,73.0,77.0,40.0,-0.1281027547357389,0.0223535008263705,-0.074798252765163,-0.1212749999999999,-0.0504,-0.3843,7.5947265625,3.7060546875,-38.2314453125,438.2092403376277,19.108181668166395,72.45333333333333,1.9817511972008033,75.58666666666667,2.1711552198805175,0.0,0.0,18.194129532964396,15.021236634332428,Good,18,6,2025-11-16 18:00:00+00:00,Abnormal
2025-11-16 18:22:46+00:00,458.196357174589,39,72,76,28.6,54,1013.25,0.0,-0.588399,0.3138128,8.9436648,-0.21875,-0.13125,-0.11375,185.83984375,-169.7265625,136.42578125,kitchen idle,run_5,0,2292,0,False,False,False,0,0,0,0,0,0,458.196357174589,72.0,76.0,39.0,-0.1281027547357389,0.1083285040047189,0.0111767504131855,-0.0950249999999999,-0.11165,-0.0167999999999999,5.9833984375,1.0205078125,-37.1572265625,438.6583740559751,18.77585054294251,72.47333333333333,1.961702680051758,75.6,2.1674839277792364,0.0,-5.0,18.37937180872952,15.18690042440832,Good,18,6,2025-11-16 18:00:00+00:00,Abnormal
2025-11-16 18:22:51+00:00,458.196357174589,39,72,76,28.9,54,1013.25,0.0,-0.5491724,0.2745862,8.9436648,-0.11375,-0.0875,-0.41125,187.98828125,-169.189453125,138.57421875,kitchen idle,run_5,0,2292,0,False,False,False,0,0,0,0,0,0,458.196357174589,72.0,76.0,39.0,-0.0851152531465647,0.0653410024155447,0.0111767504131855,0.009975,-0.0678999999999999,-0.3143,8.1318359375,1.5576171875,-35.0087890625,439.0755219902265,18.50649077659207,72.47333333333333,1.961702680051758,75.6,2.1674839277792364,0.0,0.0,18.657215990675542,15.43834641042094,Good,18,6,2025-11-16 18:00:00+00:00,Abnormal
2025-11-16 18:22:57+00:00,458.196357174589,40,74,76,28.8,54,1013.25,0.0,-0.588399,0.1176798,8.9044382,0.07875,0.14875,0.035,187.98828125,-169.189453125,121.38671875,kitchen idle,run_5,0,2292,0,False,False,False,0,0,0,0,0,0,458.196357174589,74.0,76.0,40.0,-0.1281027547357389,-0.1066090039411519,-0.0318107511759897,0.202475,0.16835,0.13195,8.1318359375,1.5576171875,-52.1962890625,439.47667703243,18.261193345848053,72.48666666666666,1.9652575242104713,75.59333333333333,2.1646850342576975,0.0,10.0,18.564603827445108,15.35413566297831,Good,18,6,2025-11-16 18:00:00+00:00,Abnormal
2025-11-16 18:23:02+00:00,458.196357174589,40,74,76,28.3,54,1013.25,0.0,-0.6276256,0.196133,8.9044382,-0.20125,-0.2275,0.16625,187.451171875,-170.80078125,156.8359375,kitchen idle,run_5,0,2292,0,False,False,False,0,0,0,0,0,0,458.196357174589,74.0,76.0,40.0,-0.1710902563249131,-0.0206340007628035,-0.0318107511759897,-0.0775249999999999,-0.2079,0.2632,7.5947265625,-0.0537109375,-16.7470703125,439.8618391825855,18.03987288281112,72.50666666666666,1.965291674193372,75.59333333333333,2.1646850342576975,0.0,0.0,18.101504548422,14.938990214518428,Good,18,6,2025-11-16 18:00:00+00:00,Abnormal
2025-11-16 18:23:08+00:00,458.196357174589,39,72,74,28.3,54,1013.25,0.0,-0.6668522,0.1569064,9.022118,-0.2625,-0.035,-0.30625,187.98828125,-170.263671875,134.814453125,kitchen idle,run_5,0,2292,0,False,False,False,0,0,0,0,0,0,458.196357174589,72.0,74.0,39.0,-0.2140777579140873,-0.0636215023519777,0.0971517535915341,-0.1387749999999999,-0.0154,-0.2093,8.1318359375,0.4833984375,-38.7685546875,440.239004886717,17.825140240311804,72.5,1.9653030573891384,75.57333333333334,2.165459997838159,0.0,-10.0,18.101504548422,14.938990214518428,Good,18,6,2025-11-16 18:00:00+00:00,Abnormal
2025-11-16 18:23:13+00:00,458.196357174589,39,72,74,28.5,54,1013.25,0.0,-0.6276256,0.2745862,9.1005712,-0.1575,-0.315,-0.25375,189.599609375,-171.337890625,141.796875,kitchen idle,run_5,0,2292,0,False,False,False,0,0,0,0,0,0,458.196357174589,72.0,74.0,39.0,-0.1710902563249131,0.0653410024155447,0.1831267567698807,-0.0337749999999999,-0.2954,-0.1567999999999999,9.7431640625,-0.5908203125,-31.7861328125,440.60817414482455,17.61720525400616,72.49333333333334,1.9652916741933728,75.56,2.168969693241805,0.0,0.0,18.28675195303139,15.103872863033304,Good,18,6,2025-11-16 18:00:00+00:00,Abnormal
2025-11-16 18:23:18+00:00,458.196357174589,40,75,76,28.5,54,1013.25,0.0,-0.6276256,0.2353596,8.9828914,0.00875,-0.11375,-0.41125,187.98828125,-171.875,143.408203125,kitchen idle,run_5,0,2292,0,False,False,False,0,0,0,0,0,0,458.196357174589,75.0,76.0,40.0,-0.1710902563249131,0.0223535008263705,0.0541642520023588,0.132475,-0.09415,-0.3143,8.1318359375,-1.1279296875,-30.1748046875,440.977343402932,17.398902727270656,72.51333333333334,1.9754760420824409,75.56666666666666,2.168773713033387,0.0,15.0,18.28675195303139,15.103872863033304,Good,18,6,2025-11-16 18:00:00+00:00,Abnormal
2025-11-16 18:23:24+00:00,458.196357174589,40,75,77,28.4,54,1013.25,0.0,-0.5491724,0.3138128,9.022118,-0.21875,0.0,-0.2975,187.98828125,-168.65234375,138.57421875,kitchen idle,run_5,0,2292,0,False,False,False,0,0,0,0,0,0,458.196357174589,75.0,77.0,40.0,-0.0851152531465647,0.1083285040047189,0.0971517535915341,-0.0950249999999999,0.0196,-0.2005499999999999,8.1318359375,2.0947265625,-35.0087890625,441.33851621501555,17.187607740067897,72.53333333333333,1.9854053621117536,75.58666666666667,2.168061846447761,0.0,0.0,18.194129532964396,15.021236634332428,Good,18,6,2025-11-16 18:00:00+00:00,Abnormal
2025-11-16 18:23:29+00:00,458.196357174589,39,74,75,28.8,54,1013.25,0.0,-0.588399,0.2745862,8.9436648,-0.11375,-0.44625,-0.2625,186.9140625,-169.189453125,138.57421875,kitchen idle,run_5,0,2292,0,False,False,False,0,0,0,0,0,0,458.196357174589,74.0,75.0,39.0,-0.1281027547357389,0.0653410024155447,0.0111767504131855,0.009975,-0.42665,-0.16555,7.0576171875,1.5576171875,-35.0087890625,441.691692581075,16.983526880639264,72.55333333333333,1.9849658650614492,75.60666666666667,2.1485024179230345,0.0,-5.0,18.564603827445108,15.35413566297831,Good,18,6,2025-11-16 18:00:00+00:00,Abnormal
2025-11-16 18:23:34+00:00,456.7969791203909,39,74,75,28.8,54,1013.25,0.0,-0.6668522,0.2745862,8.9044382,-0.28,-0.2975,-0.41125,187.451171875,-168.65234375,134.814453125,kitchen idle,run_5,0,2285,0,False,False,False,0,0,0,0,0,0,456.7969791203909,74.0,75.0,39.0,-0.2140777579140873,0.0653410024155447,-0.0318107511759897,-0.156275,-0.2779,-0.3143,7.5947265625,2.0947265625,-38.7685546875,442.0355397601066,16.760818637954912,72.56,1.988152830607567,75.60666666666667,2.1485024179230345,-6.996890270990548,0.0,18.564603827445108,15.35413566297831,Good,18,6,2025-11-16 18:00:00+00:00,Abnormal
2025-11-16 18:23:40+00:00,458.196357174589,39,73,74,28.8,54,1013.25,0.0,-0.6668522,0.2353596,8.8652116,-0.175,0.06125,-0.14875,188.525390625,-168.65234375,133.740234375,kitchen idle,run_5,0,2292,0,False,False,False,0,0,0,0,0,0,458.196357174589,73.0,74.0,39.0,-0.2140777579140873,0.0223535008263705,-0.074798252765163,-0.0512749999999999,0.08085,-0.0517999999999999,8.6689453125,2.0947265625,-39.8427734375,442.3887161261661,16.536496548015833,72.55333333333333,1.9849658650614492,75.59333333333333,2.152247667526083,6.996890270990548,-5.0,18.564603827445108,15.35413566297831,Good,18,6,2025-11-16 18:00:00+00:00,Abnormal
2025-11-16 18:23:45+00:00,458.196357174589,38,71,73,28.3,54,1013.25,0.0,-0.6276256,0.3138128,8.9828914,-0.455,-0.25375,-0.4025,186.9140625,-169.189453125,143.408203125,kitchen idle,run_5,0,2292,0,False,False,False,0,0,0,0,0,0,458.196357174589,71.0,73.0,38.0,-0.1710902563249131,0.1083285040047189,0.0541642520023588,-0.331275,-0.2341499999999999,-0.30555,7.0576171875,1.5576171875,-30.1748046875,442.7418924922257,16.301388081503887,72.52666666666667,1.9787348227799424,75.56,2.15344269397672,0.0,-10.0,18.101504548422,14.938990214518428,Good,18,6,2025-11-16 18:00:00+00:00,Abnormal
2025-11-16 18:23:50+00:00,459.59573522878713,39,72,72,28.4,54,1013.25,0.0,-0.6276256,0.2353596,8.9044382,-0.23625,0.06125,0.00875,187.98828125,-169.7265625,144.482421875,kitchen idle,run_5,0,2299,0,False,False,False,0,0,0,0,0,0,459.59573522878713,72.0,72.0,39.0,-0.1710902563249131,0.0223535008263705,-0.0318107511759897,-0.1125249999999999,0.08085,0.1057,8.1318359375,1.0205078125,-29.1005859375,443.0964015992892,16.082928454367728,72.51333333333334,1.9754760420824404,75.52,2.1635168982764217,6.996890270990548,5.0,18.194129532964396,15.021236634332428,Good,18,6,2025-11-16 18:00:00+00:00,Abnormal
2025-11-16 18:23:56+00:00,458.196357174589,39,72,72,28.7,54,1013.25,0.0,-0.7060788,0.2353596,9.1005712,0.00875,-0.315,-0.35875,187.98828125,-170.263671875,137.5,kitchen idle,run_5,0,2292,0,False,False,False,0,0,0,0,0,0,458.196357174589,72.0,72.0,39.0,-0.2570652595032615,0.0223535008263705,0.1831267567698807,0.132475,-0.2954,-0.2618,8.1318359375,0.4833984375,-36.0830078125,443.4415815193248,15.844326390492792,72.49333333333334,1.9652916741933724,75.47333333333333,2.1634445151245476,-6.996890270990548,0.0,18.471989100165267,15.2703208467728,Good,18,6,2025-11-16 18:00:00+00:00,Abnormal
2025-11-16 18:24:01+00:00,459.59573522878713,39,69,71,28.9,54,1013.25,0.0,-0.5491724,0.3138128,8.825985,0.00875,0.07,-0.37625,187.98828125,-169.189453125,145.01953125,kitchen idle,run_5,0,2299,0,False,False,False,0,0,0,0,0,0,459.59573522878713,69.0,71.0,39.0,-0.0851152531465647,0.1083285040047189,-0.1177857543543383,0.132475,0.0896,-0.2793,8.1318359375,1.5576171875,-28.5634765625,443.7880941803643,15.622440423612485,72.44,1.9506667247742489,75.40666666666667,2.1460019535842925,6.996890270990548,-15.0,18.657215990675542,15.43834641042094,Good,18,6,2025-11-16 18:00:00+00:00,Abnormal
2025-11-16 18:24:06+00:00,459.59573522878713,39,69,69,28.8,54,1013.25,0.0,-0.6276256,0.2745862,8.9828914,-0.1575,0.035,0.035,190.13671875,-168.65234375,125.68359375,kitchen idle,run_5,0,2299,0,False,False,False,0,0,0,0,0,0,459.59573522878713,69.0,69.0,39.0,-0.1710902563249131,0.0653410024155447,0.0541642520023588,-0.0337749999999999,0.0546,0.13195,10.2802734375,2.0947265625,-47.8994140625,444.13460684140375,15.389504770136504,72.38666666666667,1.9344515781683371,75.32666666666667,2.1597186824844057,0.0,0.0,18.564603827445108,15.35413566297831,Good,18,6,2025-11-16 18:00:00+00:00,Abnormal
2025-11-16 18:24:12+00:00,459.59573522878713,39,70,70,28.5,54,1013.25,0.0,-0.6276256,0.2745862,8.9436648,-0.02625,0.1225,-0.0525,187.98828125,-168.65234375,145.01953125,kitchen idle,run_5,0,2299,0,False,False,False,0,0,0,0,0,0,459.59573522878713,70.0,70.0,39.0,-0.1710902563249131,0.0653410024155447,0.0111767504131855,0.097475,0.1421,0.04445,8.1318359375,2.0947265625,-28.5634765625,444.47312305641935,15.164270062247054,72.34666666666666,1.921222578690086,75.25333333333333,2.152528298550984,0.0,5.0,18.28675195303139,15.103872863033304,Good,18,6,2025-11-16 18:00:00+00:00,Abnormal
2025-11-16 18:24:17+00:00,459.59573522878713,39,70,70,28.1,54,1013.25,0.0,-0.6668522,0.3138128,8.9044382,-0.46375,-0.385,-0.35,189.599609375,-165.966796875,136.42578125,kitchen idle,run_5,0,2299,0,False,False,False,0,0,0,0,0,0,459.59573522878713,70.0,70.0,39.0,-0.2140777579140873,0.1083285040047189,-0.0318107511759897,-0.3400249999999999,-0.3654,-0.25305,9.7431640625,4.7802734375,-37.1572265625,444.8116392714349,14.927913161312317,72.32666666666667,1.9299708474576431,75.21333333333334,2.1939106289625574,0.0,0.0,17.916246885485066,14.775660728993016,Good,18,6,2025-11-16 18:00:00+00:00,Abnormal
2025-11-16 18:24:22+00:00,459.59573522878713,40,69,70,28.4,54,1013.25,0.0,-0.6668522,0.196133,8.9044382,-0.04375,-0.0525,-0.105,188.525390625,-168.115234375,161.669921875,kitchen idle,run_5,0,2299,0,False,False,False,0,0,0,0,0,0,459.59573522878713,69.0,70.0,40.0,-0.2140777579140873,-0.0206340007628035,-0.0318107511759897,0.079975,-0.0329,-0.0080499999999999,8.6689453125,2.6318359375,-11.9130859375,445.1341625944024,14.718369231433144,72.29333333333334,1.9440035720501552,75.17333333333333,2.233805753233012,0.0,-5.0,18.194129532964396,15.021236634332428,Good,18,6,2025-11-16 18:00:00+00:00,Abnormal
2025-11-16 18:24:28+00:00,459.59573522878713,39,68,68,28.2,54,1013.25,0.0,-0.5491724,0.2353596,8.9436648,-0.1575,0.105,-0.21875,190.13671875,-169.7265625,141.259765625,kitchen idle,run_5,0,2299,0,False,False,False,0,0,0,0,0,0,459.59573522878713,68.0,68.0,39.0,-0.0851152531465647,0.0223535008263705,0.0111767504131855,-0.0337749999999999,0.1245999999999999,-0.1217999999999999,10.2802734375,1.0205078125,-32.3232421875,445.4393602843181,14.538140438112691,72.26666666666667,1.9752382123496703,75.12666666666667,2.3092945163644982,0.0,-5.0,18.008876999297737,14.8571320843239,Good,18,6,2025-11-16 18:00:00+00:00,Abnormal
2025-11-16 18:24:33+00:00,459.59573522878713,39,69,69,28.7,54,1013.25,0.0,-0.5491724,0.2745862,8.9044382,0.0,-0.34125,-0.14875,187.451171875,-168.65234375,132.666015625,kitchen idle,run_5,0,2299,0,False,False,False,0,0,0,0,0,0,459.59573522878713,69.0,69.0,39.0,-0.0851152531465647,0.0653410024155447,-0.0318107511759897,0.123725,-0.32165,-0.0517999999999999,7.5947265625,2.0947265625,-40.9169921875,445.74455797423366,14.34911566707181,72.24,1.992199553358871,75.06666666666666,2.350686510224497,0.0,5.0,18.471989100165267,15.2703208467728,Good,18,6,2025-11-16 18:00:00+00:00,Abnormal
2025-11-16 18:24:38+00:00,459.59573522878713,40,70,73,28.5,54,1013.25,0.0,-0.5491724,0.3138128,8.825985,0.11375,-0.09625,-0.1575,189.0625,-167.578125,138.57421875,kitchen idle,run_5,0,2299,0,False,False,False,0,0,0,0,0,0,459.59573522878713,70.0,73.0,40.0,-0.0851152531465647,0.1083285040047189,-0.1177857543543383,0.237475,-0.07665,-0.0605499999999999,9.2060546875,3.1689453125,-35.0087890625,446.0497556641493,14.150942439249496,72.21333333333334,1.9952516339486248,75.02,2.3213916215069976,0.0,5.0,18.28675195303139,15.103872863033304,Good,18,6,2025-11-16 18:00:00+00:00,Abnormal
2025-11-16 18:24:44+00:00,459.59573522878713,39,71,73,28.2,54,1013.25,0.0,-0.6276256,0.2745862,9.0613446,-0.14,-0.1925,-0.56,187.98828125,-170.80078125,143.408203125,kitchen idle,run_5,0,2299,0,False,False,False,0,0,0,0,0,0,459.59573522878713,71.0,73.0,39.0,-0.1710902563249131,0.0653410024155447,0.1401392551807074,-0.0162749999999999,-0.1729,-0.4630500000000001,8.1318359375,-0.0537109375,-30.1748046875,446.3549533540649,13.94323068281264,72.18,1.973209833489708,74.96666666666667,2.274506116954371,0.0,5.0,18.008876999297737,14.8571320843239,Good,18,6,2025-11-16 18:00:00+00:00,Abnormal
2025-11-16 18:24:49+00:00,459.59573522878713,40,70,74,29.5,53,1013.25,0.0,-0.5491724,0.196133,8.9436648,0.245,-0.09625,-0.34125,187.451171875,-168.65234375,136.42578125,kitchen idle,run_5,0,2299,0,False,False,False,0,0,0,0,0,0,459.59573522878713,70.0,74.0,40.0,-0.0851152531465647,-0.0206340007628035,0.0111767504131855,0.368725,-0.07665,-0.2443,7.5947265625,2.0947265625,-37.1572265625,446.6601510439804,13.725547358576696,72.14666666666666,1.967476040179578,74.93333333333334,2.251521980888766,0.0,-5.0,18.912890748601072,15.656604488064046,Good,18,6,2025-11-16 18:00:00+00:00,Abnormal
2025-11-16 18:24:54+00:00,459.59573522878713,39,69,72,29.6,53,1013.25,0.0,-0.5491724,0.196133,8.7867584,-0.09625,-0.07875,-0.20125,187.98828125,-168.65234375,138.037109375,kitchen idle,run_5,0,2299,0,False,False,False,0,0,0,0,0,0,459.59573522878713,69.0,72.0,39.0,-0.0851152531465647,-0.0206340007628035,-0.1607732559435116,0.027475,-0.05915,-0.1043,8.1318359375,2.0947265625,-35.5458984375,446.965348733896,13.497410017264947,72.11333333333333,1.978192065466686,74.9,2.2577235074831097,0.0,-5.0,19.00527331070336,15.742018597745153,Good,18,6,2025-11-16 18:00:00+00:00,Abnormal
2025-11-16 18:25:00+00:00,459.59573522878713,39,72,74,29.6,53,1013.25,0.0,-0.7060788,0.3530394,9.022118,-0.2275,0.035,-0.09625,188.525390625,-167.578125,149.853515625,kitchen idle,run_5,0,2299,0,False,False,False,0,0,0,0,0,0,459.59573522878713,72.0,74.0,39.0,-0.2570652595032615,0.151316005593893,0.0971517535915341,-0.1037749999999999,0.0546,0.0007,8.6689453125,3.1689453125,-23.7294921875,447.27054642381154,13.258279017995706,72.08666666666667,1.9522372870777176,74.86666666666666,2.2335653824487895,0.0,15.0,19.00527331070336,15.742018597745153,Good,18,6,2025-11-16 18:00:00+00:00,Abnormal
2025-11-16 18:25:05+00:00,459.59573522878713,40,74,76,29.6,53,1013.25,0.0,-0.588399,0.2353596,8.9436648,-0.28,0.00875,-0.1225,188.525390625,-169.189453125,132.666015625,kitchen idle,run_5,0,2299,0,False,False,False,0,0,0,0,0,0,459.59573522878713,74.0,76.0,40.0,-0.1281027547357389,0.0223535008263705,0.0111767504131855,-0.156275,0.02835,-0.0255499999999999,8.6689453125,1.5576171875,-40.9169921875,447.56774766770326,13.028051440419771,72.07333333333334,1.932056200867771,74.85333333333334,2.2206676143097326,0.0,10.0,19.00527331070336,15.742018597745153,Good,18,6,2025-11-16 18:00:00+00:00,Abnormal
2025-11-16 18:25:11+00:00,460.99511328298536,39,72,74,29.9,53,1013.25,0.0,-0.588399,0.3138128,8.9044382,0.1225,-0.09625,-0.0875,187.98828125,-169.189453125,132.12890625,kitchen idle,run_5,0,2306,0,False,False,False,0,0,0,0,0,0,460.99511328298536,72.0,74.0,39.0,-0.1281027547357389,0.1083285040047189,-0.0318107511759897,0.246225,-0.07665,0.00945,8.1318359375,1.5576171875,-41.4541015625,447.8742780986228,12.795852640862426,72.05333333333333,1.917026033813396,74.83333333333333,2.214705781864478,6.996890270991116,-10.0,19.282405206052516,16.00067212179771,Good,18,6,2025-11-16 18:00:00+00:00,Abnormal
2025-11-16 18:25:16+00:00,460.99511328298536,39,72,74,29.6,53,1013.25,0.0,-0.6668522,0.2353596,8.9828914,-0.2625,-0.28,-0.1575,189.599609375,-167.578125,134.27734375,kitchen idle,run_5,0,2306,0,False,False,False,0,0,0,0,0,0,460.99511328298536,72.0,74.0,39.0,-0.2140777579140873,0.0223535008263705,0.0541642520023588,-0.1387749999999999,-0.2604,-0.0605499999999999,9.7431640625,3.1689453125,-39.3056640625,448.1728120835183,12.572693833897944,72.04,1.9103392298633803,74.82,2.213654999401686,0.0,0.0,19.00527331070336,15.742018597745153,Good,18,6,2025-11-16 18:00:00+00:00,Abnormal
2025-11-16 18:25:21+00:00,460.99511328298536,39,71,73,29.9,53,1013.25,0.0,-0.6668522,0.2353596,8.9044382,-0.14875,0.04375,-0.5162500000000001,187.98828125,-170.80078125,136.42578125,kitchen idle,run_5,0,2306,0,False,False,False,0,0,0,0,0,0,460.99511328298536,71.0,73.0,39.0,-0.2140777579140873,0.0223535008263705,-0.0318107511759897,-0.0250249999999999,0.0633499999999999,-0.4193000000000001,8.1318359375,-0.0537109375,-37.1572265625,448.471346068414,12.338232220185482,72.02,1.9053791745105155,74.80666666666667,2.2185812827745677,0.0,-5.0,19.282405206052516,16.00067212179771,Good,18,6,2025-11-16 18:00:00+00:00,Abnormal
2025-11-16 18:25:27+00:00,460.99511328298536,39,72,73,28.6,54,1013.25,0.0,-0.588399,0.2353596,8.8652116,0.13125,-0.0875,-0.175,187.451171875,-168.65234375,135.3515625,kitchen idle,run_5,0,2306,0,False,False,False,0,0,0,0,0,0,460.99511328298536,72.0,73.0,39.0,-0.1281027547357389,0.0223535008263705,-0.074798252765163,0.254975,-0.0678999999999999,-0.0780499999999999,7.5947265625,2.0947265625,-38.2314453125,448.7698800533096,12.091810329372894,72.00666666666666,1.8984156823280136,74.79333333333334,2.22341615950428,0.0,5.0,18.37937180872952,15.18690042440832,Good,18,6,2025-11-16 18:00:00+00:00,Abnormal
2025-11-16 18:25:32+00:00,460.99511328298536,40,72,74,28.4,54,1013.25,0.0,-0.5099458,0.196133,8.8652116,-0.23625,-0.14,-0.25375,187.451171875,-170.263671875,145.01953125,kitchen idle,run_5,0,2306,0,False,False,False,0,0,0,0,0,0,460.99511328298536,72.0,74.0,40.0,-0.0421277515573906,-0.0206340007628035,-0.074798252765163,-0.1125249999999999,-0.1204,-0.1567999999999999,7.5947265625,0.4833984375,-28.5634765625,449.05908485117726,11.858170733470462,72.0,1.8966590194977777,74.78666666666666,2.2242913558691964,0.0,0.0,18.194129532964396,15.021236634332428,Good,18,6,2025-11-16 18:00:00+00:00,Abnormal
2025-11-16 18:25:37+00:00,460.99511328298536,40,74,75,0.0,0,1013.25,0.0,-0.588399,0.2745862,8.9828914,-0.42,-0.385,0.0875,187.98828125,-169.189453125,122.4609375,kitchen idle,run_5,0,2306,0,False,False,False,0,0,0,0,0,0,460.99511328298536,74.0,75.0,40.0,-0.1281027547357389,0.0653410024155447,0.0541642520023588,-0.2962749999999999,-0.3654,0.18445,8.1318359375,1.5576171875,-51.1220703125,449.34828964904494,11.612585747360905,72.03333333333333,1.8874956479498792,74.79333333333334,2.22341615950428,0.0,10.0,-96.07763018544566,0.0,Good,18,6,2025-11-16 18:00:00+00:00,Abnormal
2025-11-16 18:25:43+00:00,462.3944913371835,39,71,72,28.6,54,1013.25,0.0,-0.5099458,0.1569064,8.9436648,-0.105,-0.07875,-0.175,189.599609375,-167.578125,133.740234375,kitchen idle,run_5,0,2313,0,False,False,False,0,0,0,0,0,0,462.3944913371835,71.0,72.0,39.0,-0.0421277515573906,-0.0636215023519777,0.0111767504131855,0.018725,-0.05915,-0.0780499999999999,9.7431640625,3.1689453125,-39.8427734375,449.65615282096854,11.33715829693454,72.02,1.887685276919498,74.76,2.2275878548346775,6.996890270990832,-15.0,18.37937180872952,15.18690042440832,Good,18,6,2025-11-16 18:00:00+00:00,Abnormal
2025-11-16 18:25:48+00:00,462.3944913371835,39,71,72,28.4,54,1013.25,0.0,-0.6276256,0.2745862,8.9436648,-0.035,-0.14,-0.32375,188.525390625,-169.189453125,134.814453125,kitchen idle,run_5,0,2313,0,False,False,False,0,0,0,0,0,0,462.3944913371835,71.0,72.0,39.0,-0.1710902563249131,0.0653410024155447,0.0111767504131855,0.088725,-0.1204,-0.2267999999999999,8.6689453125,1.5576171875,-38.7685546875,449.954686805864,11.07429611517904,71.99333333333334,1.8735053699857165,74.7,2.179064512044393,0.0,0.0,18.194129532964396,15.021236634332428,Good,18,6,2025-11-16 18:00:00+00:00,Abnormal
2025-11-16 18:25:53+00:00,462.3944913371835,40,72,74,29.1,53,1013.25,0.0,-0.6276256,0.2353596,9.1005712,0.28875,-0.28,-0.1575,187.451171875,-170.263671875,131.0546875,kitchen idle,run_5,0,2313,0,False,False,False,0,0,0,0,0,0,462.3944913371835,72.0,74.0,40.0,-0.1710902563249131,0.0223535008263705,0.1831267567698807,0.412475,-0.2604,-0.0605499999999999,7.5947265625,0.4833984375,-42.5283203125,450.25322079075966,10.79673419546881,71.97333333333333,1.8571344985923788,74.65333333333334,2.117319651255594,0.0,5.0,18.543334178929587,15.318925540422311,Good,18,6,2025-11-16 18:00:00+00:00,Abnormal
2025-11-16 18:25:59+00:00,462.3944913371835,40,72,74,29.4,53,1013.25,0.0,-0.588399,0.2745862,8.9828914,-0.175,-0.11375,-0.385,189.599609375,-169.7265625,128.369140625,kitchen idle,run_5,0,2313,0,False,False,False,0,0,0,0,0,0,462.3944913371835,72.0,74.0,40.0,-0.1281027547357389,0.0653410024155447,0.0541642520023588,-0.0512749999999999,-0.09415,-0.28805,9.7431640625,1.0205078125,-45.2138671875,450.54375832963126,10.52805972360444,71.96,1.8496507923637768,74.62,2.0875791187836414,0.0,0.0,18.820505554485027,15.571589665607608,Good,18,6,2025-11-16 18:00:00+00:00,Abnormal
2025-11-16 18:26:04+00:00,462.3944913371835,39,71,74,29.5,53,1013.25,0.0,-0.6276256,0.2353596,9.1005712,-0.245,-0.2275,-0.20125,187.98828125,-169.189453125,132.12890625,kitchen idle,run_5,0,2313,0,False,False,False,0,0,0,0,0,0,462.3944913371835,71.0,74.0,39.0,-0.1710902563249131,0.0223535008263705,0.1831267567698807,-0.1212749999999999,-0.2079,-0.1043,8.1318359375,1.5576171875,-41.4541015625,450.8342958685028,10.244054696709018,71.93333333333334,1.834299115152312,74.58666666666667,2.0568649718210805,0.0,-5.0,18.912890748601072,15.656604488064046,Good,18,6,2025-11-16 18:00:00+00:00,Abnormal
2025-11-16 18:26:09+00:00,462.3944913371835,40,72,75,29.3,53,1013.25,0.0,-0.588399,0.2745862,8.9044382,-0.18375,-0.09625,-0.28,188.525390625,-170.263671875,132.666015625,kitchen idle,run_5,0,2313,0,False,False,False,0,0,0,0,0,0,462.3944913371835,72.0,75.0,40.0,-0.1281027547357389,0.0653410024155447,-0.0318107511759897,-0.0600249999999999,-0.07665,-0.18305,8.6689453125,0.4833984375,-40.9169921875,451.1168369613504,9.969042497736636,71.93333333333334,1.834299115152312,74.58,2.0538717734428436,0.0,5.0,18.72811772824277,15.486972590001844,Good,18,6,2025-11-16 18:00:00+00:00,Abnormal
2025-11-16 18:26:15+00:00,462.3944913371835,39,71,73,29.8,53,1013.25,0.0,-0.5491724,0.3138128,8.7083052,-0.1225,-0.14,-0.3325,190.13671875,-165.966796875,136.962890625,kitchen idle,run_5,0,2313,0,False,False,False,0,0,0,0,0,0,462.3944913371835,71.0,73.0,39.0,-0.0851152531465647,0.1083285040047189,-0.2467482591218602,0.001225,-0.1204,-0.23555,10.2802734375,4.7802734375,-36.6201171875,451.39937805419805,9.67792485708576,71.92666666666666,1.835871742777554,74.56666666666666,2.0576153091933116,0.0,-5.0,19.19003053931662,15.91405086290973,Good,18,6,2025-11-16 18:00:00+00:00,Abnormal
2025-11-16 18:26:20+00:00,462.3944913371835,40,72,74,29.8,53,1013.25,0.0,-0.588399,0.2353596,8.9044382,0.23625,2.1525000000000003,-0.41125,186.9140625,-169.189453125,133.740234375,kitchen idle,run_5,0,2313,0,False,False,False,0,0,0,0,0,0,462.3944913371835,72.0,74.0,40.0,-0.1281027547357389,0.0223535008263705,-0.0318107511759897,0.359975,2.1721000000000004,-0.3143,7.0576171875,1.5576171875,-39.8427734375,451.67392270102175,9.395853956812752,71.92666666666666,1.835871742777554,74.56,2.057821875790884,0.0,5.0,19.19003053931662,15.91405086290973,Good,18,6,2025-11-16 18:00:00+00:00,Abnormal
2025-11-16 18:26:25+00:00,462.3944913371835,39,69,69,29.0,53,1013.25,0.0,-0.588399,0.2353596,8.9436648,-0.28,-0.27125,-0.28,189.599609375,-170.263671875,136.962890625,kitchen idle,run_5,0,2313,0,False,False,False,0,0,0,0,0,0,462.3944913371835,69.0,69.0,39.0,-0.1281027547357389,0.0223535008263705,0.0111767504131855,-0.156275,-0.25165,-0.18305,9.7431640625,0.4833984375,-36.6201171875,451.9391381608174,9.127663916944323,71.91333333333333,1.8498563944507072,74.52666666666667,2.1068653093559715,0.0,-15.0,18.450938455633697,15.235492508252277,Good,18,6,2025-11-16 18:00:00+00:00,Abnormal
2025-11-16 18:26:31+00:00,460.99511328298536,41,70,70,29.0,53,1013.25,0.0,-0.588399,0.2745862,8.9436648,-0.07875,-0.1925,0.02625,187.98828125,-171.337890625,135.888671875,kitchen idle,run_5,0,2306,0,False,False,False,0,0,0,0,0,0,460.99511328298536,70.0,70.0,41.0,-0.1281027547357389,0.0653410024155447,0.0111767504131855,0.044975,-0.1729,0.1232,8.1318359375,-0.5908203125,-37.6943359375,452.1870279875611,8.859628715398793,71.89333333333333,1.854241163071414,74.48,2.129120560798851,-6.996890270990832,5.0,18.450938455633697,15.235492508252277,Good,18,6,2025-11-16 18:00:00+00:00,Abnormal
2025-11-16 18:26:36+00:00,460.99511328298536,41,72,73,29.0,53,1013.25,0.0,-0.6276256,0.2353596,9.022118,-0.0525,-0.00875,-0.07875,188.525390625,-169.7265625,129.443359375,kitchen idle,run_5,0,2306,0,False,False,False,0,0,0,0,0,0,460.99511328298536,72.0,73.0,41.0,-0.1710902563249131,0.0223535008263705,0.0971517535915341,0.071225,0.0108499999999999,0.0182,8.6689453125,1.0205078125,-44.1396484375,452.4349178143047,8.576017129917412,71.88666666666667,1.852031957436303,74.46,2.128836844082971,0.0,10.0,18.450938455633697,15.235492508252277,Good,18,6,2025-11-16 18:00:00+00:00,Abnormal
2025-11-16 18:26:41+00:00,460.99511328298536,40,73,74,29.3,53,1013.25,0.0,-0.588399,0.2745862,8.8652116,-0.1575,-0.4025,0.00875,189.0625,-168.65234375,131.591796875,kitchen idle,run_5,0,2306,0,False,False,False,0,0,0,0,0,0,460.99511328298536,73.0,74.0,40.0,-0.1281027547357389,0.0653410024155447,-0.074798252765163,-0.0337749999999999,-0.3829,0.1057,9.2060546875,2.0947265625,-41.9912109375,452.6748111950244,8.302680726062988,71.88,1.846164171370385,74.44,2.1188828258142345,0.0,5.0,18.72811772824277,15.486972590001844,Good,18,6,2025-11-16 18:00:00+00:00,Abnormal
2025-11-16 18:26:47+00:00,460.99511328298536,41,74,75,29.9,53,1013.25,0.0,-0.588399,0.2745862,8.9828914,-0.21,-0.2975,-0.4725,189.599609375,-169.7265625,137.5,kitchen idle,run_5,0,2306,0,False,False,False,0,0,0,0,0,0,460.99511328298536,74.0,75.0,41.0,-0.1281027547357389,0.0653410024155447,0.0541642520023588,-0.0862749999999999,-0.2779,-0.3755499999999999,9.7431640625,1.0205078125,-36.0830078125,452.90537538871615,8.044623932196028,71.89333333333333,1.854241163071414,74.44,2.1188828258142345,0.0,5.0,19.282405206052516,16.00067212179771,Good,18,6,2025-11-16 18:00:00+00:00,Abnormal
2025-11-16 18:26:52+00:00,462.3944913371835,40,73,74,0.0,0,1013.25,0.0,-0.6276256,0.2745862,8.8652116,-0.13125,0.02625,0.11375,186.9140625,-170.263671875,139.6484375,kitchen idle,run_5,0,2313,0,False,False,False,0,0,0,0,0,0,462.3944913371835,73.0,74.0,40.0,-0.1710902563249131,0.0653410024155447,-0.074798252765163,-0.0075249999999999,0.04585,0.2107,7.0576171875,0.4833984375,-33.9345703125,453.14526876943575,7.781457868002103,71.89333333333333,1.854241163071414,74.42666666666666,2.1152900277660067,6.996890270990832,-5.0,-96.07763018544566,0.0,Good,18,6,2025-11-16 18:00:00+00:00,Abnormal
2025-11-16 18:26:58+00:00,462.3944913371835,41,75,77,29.3,53,1013.25,0.0,-0.6276256,0.2353596,8.9436648,-0.21875,-0.16625,-0.14,186.9140625,-168.115234375,135.888671875,kitchen idle,run_5,0,2313,0,False,False,False,0,0,0,0,0,0,462.3944913371835,75.0,77.0,41.0,-0.1710902563249131,0.0223535008263705,0.0111767504131855,-0.0950249999999999,-0.14665,-0.04305,7.0576171875,2.6318359375,-37.6943359375,453.3771657041314,7.52960204623688,71.90666666666667,1.8693812157381384,74.43333333333334,2.121847576162256,0.0,10.0,18.72811772824277,15.486972590001844,Good,18,6,2025-11-16 18:00:00+00:00,Abnormal
2025-11-16 18:27:03+00:00,462.3944913371835,41,76,77,29.9,53,1013.25,0.0,-0.588399,0.196133,9.022118,-0.34125,0.1225,-0.0525,187.98828125,-170.80078125,133.203125,kitchen idle,run_5,0,2313,0,False,False,False,0,0,0,0,0,0,462.3944913371835,76.0,77.0,41.0,-0.1281027547357389,-0.0206340007628035,0.0971517535915341,-0.2175249999999999,0.1421,0.04445,8.1318359375,-0.0537109375,-40.3798828125,453.5997334517992,7.294215499828336,71.94666666666667,1.8923607168758092,74.45333333333333,2.1318507152322144,0.0,5.0,19.282405206052516,16.00067212179771,Good,18,6,2025-11-16 18:00:00+00:00,Abnormal
2025-11-16 18:27:08+00:00,462.3944913371835,40,73,75,29.8,53,1013.25,0.0,-0.588399,0.196133,8.8652116,-0.21875,-0.07875,0.3325,188.525390625,-170.80078125,126.7578125,kitchen idle,run_5,0,2313,0,False,False,False,0,0,0,0,0,0,462.3944913371835,73.0,75.0,40.0,-0.1281027547357389,-0.0206340007628035,-0.074798252765163,-0.0950249999999999,-0.05915,0.42945,8.6689453125,-0.0537109375,-46.8251953125,453.8223011994669,7.0438991204035455,71.96666666666667,1.8874956479498848,74.46666666666667,2.128952436938766,0.0,-15.0,19.19003053931662,15.91405086290973,Good,18,6,2025-11-16 18:00:00+00:00,Abnormal
2025-11-16 18:27:14+00:00,462.3944913371835,41,74,76,29.2,53,1013.25,0.0,-0.6276256,0.2353596,8.9436648,0.02625,-0.0875,-0.0175,187.98828125,-171.337890625,138.57421875,kitchen idle,run_5,0,2313,0,False,False,False,0,0,0,0,0,0,462.3944913371835,74.0,76.0,41.0,-0.1710902563249131,0.0223535008263705,0.0111767504131855,0.149975,-0.0678999999999999,0.07945,8.1318359375,-0.5908203125,-35.0087890625,454.0368725011107,6.8059584049386235,71.98,1.894782663600907,74.48,2.13227042872342,0.0,5.0,18.635727269761787,15.402751725389573,Good,18,6,2025-11-16 18:00:00+00:00,Abnormal
2025-11-16 18:27:19+00:00,462.3944913371835,41,74,75,29.4,53,1013.25,0.0,-0.7060788,0.2745862,8.9828914,0.00875,-0.2275,-0.0175,189.0625,-170.263671875,140.72265625,kitchen idle,run_5,0,2313,0,False,False,False,0,0,0,0,0,0,462.3944913371835,74.0,75.0,41.0,-0.2570652595032615,0.0653410024155447,0.0541642520023588,0.132475,-0.2079,0.07945,9.2060546875,0.4833984375,-32.8603515625,454.2514438027543,6.552322116334802,71.99333333333334,1.901947665342265,74.48,2.13227042872342,0.0,0.0,18.820505554485027,15.571589665607608,Good,18,6,2025-11-16 18:00:00+00:00,Abnormal
2025-11-16 18:27:24+00:00,462.3944913371835,41,74,76,0.0,0,1013.25,0.0,-0.588399,0.2745862,8.9828914,-0.00875,0.28875,0.105,188.525390625,-168.115234375,128.90625,kitchen idle,run_5,0,2313,0,False,False,False,0,0,0,0,0,0,462.3944913371835,74.0,76.0,41.0,-0.1281027547357389,0.0653410024155447,0.0541642520023588,0.114975,0.30835,0.20195,8.6689453125,2.6318359375,-44.6767578125,454.45668591737,6.316208379565436,72.02,1.9018535642542076,74.48666666666666,2.1354680315206864,0.0,0.0,-96.07763018544566,0.0,Good,18,6,2025-11-16 18:00:00+00:00,Abnormal
2025-11-16 18:27:30+00:00,462.3944913371835,40,76,78,29.8,53,1013.25,0.0,-0.6668522,0.2353596,9.022118,-0.32375,-0.14,-0.525,187.98828125,-168.65234375,131.0546875,kitchen idle,run_5,0,2313,0,False,False,False,0,0,0,0,0,0,462.3944913371835,76.0,78.0,40.0,-0.2140777579140873,0.0223535008263705,0.0971517535915341,-0.2000249999999999,-0.1204,-0.42805,8.1318359375,2.0947265625,-42.5283203125,454.6619280319858,6.063929204200999,72.06666666666666,1.9131009532357,74.52,2.1510727774671,0.0,10.0,19.19003053931662,15.91405086290973,Good,18,6,2025-11-16 18:00:00+00:00,Abnormal
2025-11-16 18:27:35+00:00,462.3944913371835,41,78,81,29.7,53,1013.25,0.0,-0.588399,0.2353596,8.9044382,-0.09625,-0.3325,-0.07,188.525390625,-168.115234375,119.23828125,kitchen idle,run_5,0,2313,0,False,False,False,0,0,0,0,0,0,462.3944913371835,78.0,81.0,41.0,-0.1281027547357389,0.0223535008263705,-0.0318107511759897,0.027475,-0.3129,0.02695,8.6689453125,2.6318359375,-54.3447265625,454.8671701466015,5.7933731465026135,72.12666666666667,1.956907115479325,74.57333333333334,2.2114608936439746,0.0,10.0,19.097653240904393,15.8278335395498,Good,18,6,2025-11-16 18:00:00+00:00,Abnormal
2025-11-16 18:27:40+00:00,462.3944913371835,41,77,79,29.7,53,1013.25,0.0,-0.6668522,0.2745862,8.8652116,-0.34125,-0.11375,-0.4375,190.13671875,-169.189453125,110.107421875,kitchen idle,run_5,0,2313,0,False,False,False,0,0,0,0,0,0,462.3944913371835,77.0,79.0,41.0,-0.2140777579140873,0.0653410024155447,-0.074798252765163,-0.2175249999999999,-0.09415,-0.34055,10.2802734375,1.5576171875,-63.4755859375,455.0644158151932,5.535192200626816,72.16666666666667,1.994679724562328,74.60666666666667,2.240256057592454,0.0,-5.0,19.097653240904393,15.8278335395498,Good,18,6,2025-11-16 18:00:00+00:00,Abnormal
2025-11-16 18:27:46+00:00,462.3944913371835,40,75,77,29.6,53,1013.25,0.0,-0.6276256,0.3530394,9.0613446,-0.42875,-0.385,0.09625,188.525390625,-169.7265625,135.3515625,kitchen idle,run_5,0,2313,0,False,False,False,0,0,0,0,0,0,462.3944913371835,75.0,77.0,40.0,-0.1710902563249131,0.151316005593893,0.1401392551807074,-0.305025,-0.3654,0.1932,8.6689453125,1.0205078125,-38.2314453125,455.200355397601,5.462186370306411,72.18666666666667,2.007992976627176,74.61333333333333,2.245911024750638,0.0,-10.0,19.00527331070336,15.742018597745153,Good,18,6,2025-11-16 18:00:00+00:00,Abnormal
2025-11-16 18:27:51+00:00,462.3944913371835,40,76,77,29.0,53,1013.25,0.0,-0.6276256,0.2353596,8.9044382,-0.21,-0.34125,-0.91875,190.13671875,-170.263671875,146.630859375,kitchen idle,run_5,0,2313,0,False,False,False,0,0,0,0,0,0,462.3944913371835,76.0,77.0,40.0,-0.1710902563249131,0.0223535008263705,-0.0318107511759897,-0.0862749999999999,-0.32165,-0.8218,10.2802734375,0.4833984375,-26.9521484375,455.33629498000886,5.384737691103584,72.20666666666666,2.03095727971723,74.62,2.2515319169744465,0.0,5.0,18.450938455633697,15.235492508252277,Good,18,6,2025-11-16 18:00:00+00:00,Abnormal
2025-11-16 18:27:56+00:00,462.3944913371835,40,76,77,29.4,53,1013.25,0.0,-0.6276256,0.3138128,8.9436648,-0.0875,-0.14875,0.04375,189.0625,-168.115234375,134.814453125,kitchen idle,run_5,0,2313,0,False,False,False,0,0,0,0,0,0,462.3944913371835,76.0,77.0,40.0,-0.1710902563249131,0.1083285040047189,0.0111767504131855,0.036225,-0.12915,0.1407,9.2060546875,2.6318359375,-38.7685546875,455.4629053753887,5.325211062388528,72.21333333333334,2.0418003197820087,74.61333333333333,2.2429207547981975,0.0,0.0,18.820505554485027,15.571589665607608,Good,18,6,2025-11-16 18:00:00+00:00,Abnormal
2025-11-16 18:28:02+00:00,460.99511328298536,40,76,77,29.8,53,1013.25,0.0,-0.5491724,0.196133,8.9828914,-0.0525,-0.1575,-0.6737500000000001,191.2109375,-169.7265625,127.83203125,kitchen idle,run_5,0,2306,0,False,False,False,0,0,0,0,0,0,460.99511328298536,76.0,77.0,40.0,-0.0851152531465647,-0.0206340007628035,0.0541642520023588,0.071225,-0.1379,-0.5768000000000001,11.3544921875,1.0205078125,-45.7509765625,455.58018658374056,5.251028784441762,72.23333333333333,2.064128483939627,74.61333333333333,2.2429207547981975,-6.996890270990832,0.0,19.19003053931662,15.91405086290973,Good,18,6,2025-11-16 18:00:00+00:00,Abnormal
2025-11-16 18:28:07+00:00,460.99511328298536,40,76,77,29.2,53,1013.25,0.0,-0.6276256,0.196133,8.9436648,-0.27125,-0.02625,-0.0875,189.599609375,-169.7265625,137.5,kitchen idle,run_5,0,2306,0,False,False,False,0,0,0,0,0,0,460.99511328298536,76.0,77.0,40.0,-0.1710902563249131,-0.0206340007628035,0.0111767504131855,-0.1475249999999999,-0.00665,0.00945,9.7431640625,1.0205078125,-36.0830078125,455.6974677920924,5.173107319410203,72.26,2.086807394244075,74.62,2.248549122070203,0.0,0.0,18.635727269761787,15.402751725389573,Good,18,6,2025-11-16 18:00:00+00:00,Abnormal
2025-11-16 18:28:12+00:00,460.99511328298536,40,76,77,29.8,53,1013.25,0.0,-0.588399,0.2745862,9.022118,-0.0175,-0.14875,-0.385,189.0625,-168.65234375,134.27734375,kitchen idle,run_5,0,2306,0,False,False,False,0,0,0,0,0,0,460.99511328298536,76.0,77.0,40.0,-0.1281027547357389,0.0653410024155447,0.0971517535915341,0.106225,-0.12915,-0.28805,9.2060546875,2.0947265625,-39.3056640625,455.81474900044424,5.091274986512085,72.28666666666666,2.10890304087096,74.63333333333334,2.2567324084417324,0.0,0.0,19.19003053931662,15.91405086290973,Good,18,6,2025-11-16 18:00:00+00:00,Abnormal
2025-11-16 18:28:18+00:00,460.99511328298536,40,77,79,29.3,53,1013.25,0.0,-0.6668522,0.2745862,9.022118,-0.21,-0.21,0.035,188.525390625,-168.65234375,142.333984375,kitchen idle,run_5,0,2306,0,False,False,False,0,0,0,0,0,0,460.99511328298536,77.0,79.0,40.0,-0.2140777579140873,0.0653410024155447,0.0971517535915341,-0.0862749999999999,-0.1903999999999999,0.13195,8.6689453125,2.0947265625,-31.2490234375,455.9320302087961,5.005339973016874,72.32,2.1435716290480364,74.66666666666667,2.2840757949631874,0.0,5.0,18.72811772824277,15.486972590001844,Good,18,6,2025-11-16 18:00:00+00:00,Abnormal
2025-11-16 18:28:23+00:00,460.99511328298536,39,76,80,29.0,53,1013.25,0.0,-0.588399,0.2353596,9.022118,-0.41125,-0.27125,-0.09625,189.0625,-170.80078125,133.203125,kitchen idle,run_5,0,2306,0,False,False,False,0,0,0,0,0,0,460.99511328298536,76.0,80.0,39.0,-0.1281027547357389,0.0223535008263705,0.0971517535915341,-0.287525,-0.25165,0.0007,9.2060546875,-0.0537109375,-40.3798828125,456.049311417148,4.91508709075701,72.34666666666666,2.1643439623758103,74.71333333333334,2.321006107538423,0.0,-5.0,18.450938455633697,15.235492508252277,Good,18,6,2025-11-16 18:00:00+00:00,Abnormal
2025-11-16 18:28:28+00:00,462.3944913371835,40,77,82,29.5,53,1013.25,0.0,-0.588399,0.3138128,8.9828914,-0.16625,-0.28,-0.1925,187.451171875,-169.189453125,134.27734375,kitchen idle,run_5,0,2313,0,False,False,False,0,0,0,0,0,0,462.3944913371835,77.0,82.0,40.0,-0.1281027547357389,0.1083285040047189,0.0541642520023588,-0.0425249999999999,-0.2604,-0.09555,7.5947265625,1.5576171875,-39.3056640625,456.1759218125278,4.831023869924806,72.37333333333333,2.1968454096534806,74.76666666666667,2.395232027450495,6.996890270990832,5.0,18.912890748601072,15.656604488064046,Good,18,6,2025-11-16 18:00:00+00:00,Abnormal
2025-11-16 18:28:34+00:00,462.3944913371835,40,75,79,29.4,53,1013.25,0.0,-0.588399,0.2745862,8.825985,-0.11375,-0.13125,-0.30625,189.599609375,-169.189453125,134.814453125,kitchen idle,run_5,0,2313,0,False,False,False,0,0,0,0,0,0,462.3944913371835,75.0,79.0,40.0,-0.1281027547357389,0.0653410024155447,-0.1177857543543383,0.009975,-0.11165,-0.2093,9.7431640625,1.5576171875,-38.7685546875,456.2945357618836,4.762897529004061,72.38666666666667,2.2067214792087997,74.79333333333334,2.4199857636352085,0.0,-10.0,18.820505554485027,15.571589665607608,Good,18,6,2025-11-16 18:00:00+00:00,Abnormal
2025-11-16 18:28:39+00:00,460.99511328298536,39,73,76,29.7,53,1013.25,0.0,-0.6276256,0.3138128,9.0613446,-0.37625,-0.1225,-0.0875,188.525390625,-167.578125,152.001953125,kitchen idle,run_5,0,2306,0,False,False,False,0,0,0,0,0,0,460.99511328298536,73.0,76.0,39.0,-0.1710902563249131,0.1083285040047189,0.1401392551807074,-0.2525249999999999,-0.1028999999999999,0.00945,8.6689453125,3.1689453125,-21.5810546875,456.4038205242114,4.680167803329532,72.38666666666667,2.2067214792087997,74.79333333333334,2.4199857636352085,-6.996890270990832,-10.0,19.097653240904393,15.8278335395498,Good,18,6,2025-11-16 18:00:00+00:00,Abnormal
2025-11-16 18:28:44+00:00,460.99511328298536,39,73,76,29.3,53,1013.25,0.0,-0.588399,0.2353596,8.9044382,0.04375,-0.175,0.0,190.673828125,-170.263671875,149.853515625,kitchen idle,run_5,0,2306,0,False,False,False,0,0,0,0,0,0,460.99511328298536,73.0,76.0,39.0,-0.1281027547357389,0.0223535008263705,-0.0318107511759897,0.167475,-0.1553999999999999,0.09695,10.8173828125,0.4833984375,-23.7294921875,456.51310528653937,4.5933323234265195,72.38666666666667,2.2067214792087997,74.78666666666666,2.4152387203054806,0.0,0.0,18.72811772824277,15.486972590001844,Good,18,6,2025-11-16 18:00:00+00:00,Abnormal
2025-11-16 18:28:50+00:00,460.99511328298536,40,74,78,29.7,53,1013.25,0.0,-0.7060788,0.2353596,8.9828914,0.27125,-0.0175,0.00875,189.0625,-169.7265625,135.888671875,kitchen idle,run_5,0,2306,0,False,False,False,0,0,0,0,0,0,460.99511328298536,74.0,78.0,40.0,-0.2570652595032615,0.0223535008263705,0.0541642520023588,0.394975,0.0020999999999999,0.1057,9.2060546875,1.0205078125,-37.6943359375,456.61306086183913,4.525697156950037,72.4,2.2104085686291195,74.8,2.427471410679154,0.0,5.0,19.097653240904393,15.8278335395498,Good,18,6,2025-11-16 18:00:00+00:00,Abnormal
2025-11-16 18:28:55+00:00,460.99511328298536,40,75,79,29.3,53,1013.25,0.0,-0.6276256,0.196133,8.9436648,-0.06125,0.0525,-0.23625,189.0625,-170.263671875,135.3515625,kitchen idle,run_5,0,2306,0,False,False,False,0,0,0,0,0,0,460.99511328298536,75.0,79.0,40.0,-0.1710902563249131,-0.0206340007628035,0.0111767504131855,0.062475,0.0721,-0.1392999999999999,9.2060546875,0.4833984375,-38.2314453125,456.713016437139,4.454778483426072,72.44666666666667,2.190696210829732,74.84,2.4469677167285244,0.0,5.0,18.72811772824277,15.486972590001844,Good,18,6,2025-11-16 18:00:00+00:00,Abnormal
2025-11-16 18:29:00+00:00,460.99511328298536,40,76,79,29.0,53,1013.25,0.0,-0.588399,0.2745862,8.9436648,0.28,-0.06125,-0.07,189.0625,-168.115234375,142.333984375,kitchen idle,run_5,0,2306,0,False,False,False,0,0,0,0,0,0,460.99511328298536,76.0,79.0,40.0,-0.1281027547357389,0.0653410024155447,0.0111767504131855,0.403725,-0.04165,0.02695,9.2060546875,2.6318359375,-31.2490234375,456.8036428254109,4.402032987127493,72.49333333333334,2.191339471667967,74.88,2.4656567253469226,0.0,5.0,18.450938455633697,15.235492508252277,Good,18,6,2025-11-16 18:00:00+00:00,Abnormal
2025-11-16 18:29:06+00:00,460.99511328298536,41,77,81,29.4,53,1013.25,0.0,-0.6276256,0.3138128,8.9828914,0.21,-0.035,-0.18375,190.13671875,-167.041015625,138.037109375,kitchen idle,run_5,0,2306,0,False,False,False,0,0,0,0,0,0,460.99511328298536,77.0,81.0,41.0,-0.1710902563249131,0.1083285040047189,0.0541642520023588,0.333725,-0.0154,-0.0867999999999999,10.2802734375,3.7060546875,-35.5458984375,456.8942692136828,4.346746021462346,72.53333333333333,2.218490528200244,74.92666666666666,2.51464613617041,0.0,5.0,18.820505554485027,15.571589665607608,Good,18,6,2025-11-16 18:00:00+00:00,Abnormal
2025-11-16 18:29:11+00:00,460.99511328298536,40,76,80,29.7,53,1013.25,0.0,-0.6276256,0.2745862,8.9828914,0.20125,-0.07875,-0.175,189.0625,-168.65234375,127.83203125,kitchen idle,run_5,0,2306,0,False,False,False,0,0,0,0,0,0,460.99511328298536,76.0,80.0,40.0,-0.1710902563249131,0.0653410024155447,0.0541642520023588,0.324975,-0.05915,-0.0780499999999999,9.2060546875,2.0947265625,-45.7509765625,456.9848956019547,4.2888193016745655,72.54666666666667,2.233324985793731,74.95333333333333,2.547104334763338,0.0,-5.0,19.097653240904393,15.8278335395498,Good,18,6,2025-11-16 18:00:00+00:00,Abnormal
2025-11-16 18:29:16+00:00,460.99511328298536,41,77,81,29.7,53,1013.25,0.0,-0.6276256,0.3530394,8.9828914,0.09625,-0.27125,-0.30625,189.599609375,-169.7265625,145.556640625,kitchen idle,run_5,0,2306,0,False,False,False,0,0,0,0,0,0,460.99511328298536,77.0,81.0,41.0,-0.1710902563249131,0.151316005593893,0.0541642520023588,0.219975,-0.25165,-0.2093,9.7431640625,1.0205078125,-28.0263671875,457.0755219902265,4.228144333121956,72.56,2.253945087258424,74.98,2.5892653981416385,0.0,5.0,19.097653240904393,15.8278335395498,Good,18,6,2025-11-16 18:00:00+00:00,Abnormal
2025-11-16 18:29:22+00:00,460.99511328298536,41,78,82,29.7,53,1013.25,0.0,-0.588399,0.3138128,9.022118,-0.21,-0.23625,-0.4375,189.0625,-168.65234375,136.962890625,kitchen idle,run_5,0,2306,0,False,False,False,0,0,0,0,0,0,460.99511328298536,78.0,82.0,41.0,-0.1281027547357389,0.1083285040047189,0.0971517535915341,-0.0862749999999999,-0.2166499999999999,-0.34055,9.2060546875,2.0947265625,-36.6201171875,457.1661483784984,4.164600998052966,72.59333333333333,2.2970557947915253,75.02666666666667,2.651950445108487,0.0,5.0,19.097653240904393,15.8278335395498,Good,18,6,2025-11-16 18:00:00+00:00,Abnormal
2025-11-16 18:29:27+00:00,460.99511328298536,40,76,78,29.7,53,1013.25,0.0,-0.5491724,0.2745862,8.9436648,-0.245,-0.105,-0.2275,189.599609375,-169.189453125,127.83203125,kitchen idle,run_5,0,2306,0,False,False,False,0,0,0,0,0,0,460.99511328298536,76.0,78.0,40.0,-0.0851152531465647,0.0653410024155447,0.0111767504131855,-0.1212749999999999,-0.0854,-0.13055,9.7431640625,1.5576171875,-45.7509765625,457.2567747667703,4.098055870316271,72.61333333333333,2.3136207907328927,75.04666666666667,2.6630372392829473,0.0,-10.0,19.097653240904393,15.8278335395498,Good,18,6,2025-11-16 18:00:00+00:00,Abnormal
2025-11-16 18:29:33+00:00,460.99511328298536,39,74,75,29.6,53,1013.25,0.0,-0.5491724,0.2353596,8.9828914,-0.04375,0.0,0.06125,191.748046875,-170.263671875,133.740234375,kitchen idle,run_5,0,2306,0,False,False,False,0,0,0,0,0,0,460.99511328298536,74.0,75.0,39.0,-0.0851152531465647,0.0223535008263705,0.0541642520023588,0.079975,0.0196,0.1582,11.8916015625,0.4833984375,-39.8427734375,457.3474011550422,4.028360191375765,72.60666666666667,2.308131719767033,75.03333333333333,2.65819403462712,0.0,-10.0,19.00527331070336,15.742018597745153,Good,18,6,2025-11-16 18:00:00+00:00,Abnormal
2025-11-16 18:29:38+00:00,460.99511328298536,39,74,75,29.2,53,1013.25,0.0,-0.6276256,0.2353596,8.9436648,-0.20125,-0.1225,-0.2975,189.599609375,-169.189453125,131.591796875,kitchen idle,run_5,0,2306,0,False,False,False,0,0,0,0,0,0,460.99511328298536,74.0,75.0,39.0,-0.1710902563249131,0.0223535008263705,0.0111767504131855,-0.0775249999999999,-0.1028999999999999,-0.2005499999999999,9.7431640625,1.5576171875,-41.9912109375,457.42869835628613,3.97744534871883,72.6,2.3026101326145794,75.02666666666667,2.65700711344456,0.0,0.0,18.635727269761787,15.402751725389573,Good,18,6,2025-11-16 18:00:00+00:00,Abnormal
2025-11-16 18:29:43+00:00,460.99511328298536,41,75,77,29.8,53,1013.25,0.0,-0.588399,0.196133,9.1005712,0.07875,0.0175,-0.37625,189.0625,-170.80078125,132.12890625,kitchen idle,run_5,0,2306,0,False,False,False,0,0,0,0,0,0,460.99511328298536,75.0,77.0,41.0,-0.1281027547357389,-0.0206340007628035,0.1831267567698807,0.202475,0.0371,-0.2793,9.2060546875,-0.0537109375,-41.4541015625,457.5099955575299,3.9241750710443752,72.59333333333333,2.294132190087001,75.02666666666667,2.65700711344456,0.0,5.0,19.19003053931662,15.91405086290973,Good,18,6,2025-11-16 18:00:00+00:00,Abnormal
2025-11-16 18:29:49+00:00,460.99511328298536,40,73,75,29.3,53,1013.25,0.0,-0.588399,0.3530394,8.9436648,-0.035,-0.315,-0.30625,189.599609375,-169.7265625,131.591796875,kitchen idle,run_5,0,2306,0,False,False,False,0,0,0,0,0,0,460.99511328298536,73.0,75.0,40.0,-0.1281027547357389,0.151316005593893,0.0111767504131855,0.088725,-0.2954,-0.2093,9.7431640625,1.0205078125,-41.9912109375,457.58329631274984,3.885451620871241,72.57333333333334,2.277248624445669,75.00666666666666,2.645742855470055,0.0,-10.0,18.72811772824277,15.486972590001844,Good,18,6,2025-11-16 18:00:00+00:00,Abnormal
2025-11-16 18:29:54+00:00,462.3944913371835,40,74,75,29.6,53,1013.25,0.0,-0.5099458,0.2745862,8.9044382,-0.30625,-0.175,-0.04375,190.673828125,-168.65234375,119.23828125,kitchen idle,run_5,0,2313,0,False,False,False,0,0,0,0,0,0,462.3944913371835,74.0,75.0,40.0,-0.0421277515573906,0.0653410024155447,-0.0318107511759897,-0.182525,-0.1553999999999999,0.0532,10.8173828125,2.0947265625,-54.3447265625,457.6659262549977,3.854771704270218,72.56666666666666,2.2715534898547376,74.98666666666666,2.634277575450083,6.996890270990832,5.0,19.00527331070336,15.742018597745153,Good,18,6,2025-11-16 18:00:00+00:00,Abnormal
2025-11-16 18:29:59+00:00,462.3944913371835,40,74,76,29.1,53,1013.25,0.0,-0.6276256,0.3138128,8.9436648,0.06125,-0.035,-0.35875,189.0625,-169.7265625,129.443359375,kitchen idle,run_5,0,2313,0,False,False,False,0,0,0,0,0,0,462.3944913371835,74.0,76.0,40.0,-0.1710902563249131,0.1083285040047189,0.0111767504131855,0.184975,-0.0154,-0.2618,9.2060546875,1.0205078125,-44.1396484375,457.7485561972456,3.8220476742399896,72.56,2.265824294058162,74.96666666666667,2.614920191184454,0.0,0.0,18.543334178929587,15.318925540422311,Good,18,6,2025-11-16 18:00:00+00:00,Abnormal
2025-11-16 18:30:05+00:00,462.3944913371835,41,76,78,29.2,53,1013.25,0.0,-0.6668522,0.1569064,9.022118,-0.245,-0.525,-0.28,188.525390625,-167.041015625,122.998046875,kitchen idle,run_5,0,2313,0,False,False,False,0,0,0,0,0,0,462.3944913371835,76.0,78.0,41.0,-0.2140777579140873,-0.0636215023519777,0.0971517535915341,-0.1212749999999999,-0.5054000000000001,-0.18305,8.6689453125,3.7060546875,-50.5849609375,457.8311861394936,3.787226543856853,72.56666666666666,2.274506116954444,74.97333333333333,2.6214056034516604,0.0,10.0,18.635727269761787,15.402751725389573,Good,18,6,2025-11-16 18:00:00+00:00,Abnormal
2025-11-16 18:30:10+00:00,462.3944913371835,41,77,79,29.0,53,1013.25,0.0,-0.5491724,0.196133,9.022118,-0.105,0.27125,-0.5425000000000001,189.0625,-168.65234375,134.814453125,kitchen idle,run_5,0,2313,0,False,False,False,0,0,0,0,0,0,462.3944913371835,77.0,79.0,41.0,-0.0851152531465647,-0.0206340007628035,0.0971517535915341,0.018725,0.29085,-0.4455500000000001,9.2060546875,2.0947265625,-38.7685546875,457.91381608174146,3.750249898744636,72.59333333333333,2.3028918693610474,75.0,2.641943559543282,0.0,5.0,18.450938455633697,15.235492508252277,Good,18,6,2025-11-16 18:00:00+00:00,Abnormal
2025-11-16 18:30:15+00:00,462.3944913371835,40,75,76,29.3,53,1013.25,0.0,-0.588399,0.2353596,8.8652116,-0.18375,-0.13125,-0.37625,190.673828125,-168.115234375,169.189453125,kitchen idle,run_5,0,2313,0,False,False,False,0,0,0,0,0,0,462.3944913371835,75.0,76.0,40.0,-0.1281027547357389,0.0223535008263705,-0.074798252765163,-0.0600249999999999,-0.11165,-0.2793,10.8173828125,2.6318359375,-4.3935546875,457.9871168369614,3.7294622108798614,72.62666666666667,2.301288424260124,75.01333333333334,2.64190968825488,0.0,-10.0,18.72811772824277,15.486972590001844,Good,18,6,2025-11-16 18:00:00+00:00,Abnormal
2025-11-16 18:30:21+00:00,462.3944913371835,39,72,73,29.0,53,1013.25,0.0,-0.588399,0.196133,8.9828914,-0.1575,0.00875,-0.035,187.98828125,-168.115234375,127.294921875,kitchen idle,run_5,0,2313,0,False,False,False,0,0,0,0,0,0,462.3944913371835,72.0,73.0,39.0,-0.1281027547357389,-0.0206340007628035,0.0541642520023588,-0.0337749999999999,0.02835,0.06195,8.1318359375,2.6318359375,-46.2880859375,458.0604175921813,3.7070991812306633,72.64,2.2917418128823512,75.00666666666666,2.645742855470054,0.0,-15.0,18.450938455633697,15.235492508252277,Good,18,6,2025-11-16 18:00:00+00:00,Abnormal
2025-11-16 18:30:26+00:00,462.3944913371835,39,69,72,29.3,53,1013.25,0.0,-0.6668522,0.2745862,8.9436648,-0.20125,-0.2275,-0.06125,189.0625,-169.189453125,135.888671875,kitchen idle,run_5,0,2313,0,False,False,False,0,0,0,0,0,0,462.3944913371835,69.0,72.0,39.0,-0.2140777579140873,0.0653410024155447,0.0111767504131855,-0.0775249999999999,-0.2079,0.0357,9.2060546875,1.5576171875,-37.6943359375,458.1337183474011,3.683132114700016,72.62,2.3103792651843604,74.99333333333334,2.655870202483289,0.0,-15.0,18.72811772824277,15.486972590001844,Good,18,6,2025-11-16 18:00:00+00:00,Abnormal
2025-11-16 18:30:31+00:00,462.3944913371835,41,70,74,29.8,53,1013.25,0.0,-0.6276256,0.2353596,8.9044382,-0.09625,-0.27125,-0.5950000000000001,188.525390625,-170.80078125,119.23828125,kitchen idle,run_5,0,2313,0,False,False,False,0,0,0,0,0,0,462.3944913371835,70.0,74.0,41.0,-0.1710902563249131,0.0223535008263705,-0.0318107511759897,0.027475,-0.25165,-0.4980500000000001,8.6689453125,-0.0537109375,-54.3447265625,458.207019102621,3.657529478615527,72.6,2.320032399681308,74.98666666666666,2.657108148654601,0.0,5.0,19.19003053931662,15.91405086290973,Good,18,6,2025-11-16 18:00:00+00:00,Abnormal
2025-11-16 18:30:37+00:00,462.3944913371835,41,73,79,29.3,53,1013.25,0.0,-0.588399,0.2353596,8.9828914,-0.1575,-0.25375,-0.30625,190.673828125,-166.50390625,129.98046875,kitchen idle,run_5,0,2313,0,False,False,False,0,0,0,0,0,0,462.3944913371835,73.0,79.0,41.0,-0.1281027547357389,0.0223535008263705,0.0541642520023588,-0.0337749999999999,-0.2341499999999999,-0.2093,10.8173828125,4.2431640625,-43.6025390625,458.28031985784094,3.6302566682401314,72.59333333333333,2.317417756022628,74.99333333333334,2.6659590783818143,0.0,15.0,18.72811772824277,15.486972590001844,Good,18,6,2025-11-16 18:00:00+00:00,Abnormal
2025-11-16 18:30:42+00:00,462.3944913371835,39,72,77,29.0,53,1013.25,0.0,-0.6668522,0.2745862,8.8652116,-0.4025,-0.46375,-0.5775,190.673828125,-170.80078125,131.591796875,kitchen idle,run_5,0,2313,0,False,False,False,0,0,0,0,0,0,462.3944913371835,72.0,77.0,39.0,-0.2140777579140873,0.0653410024155447,-0.074798252765163,-0.278775,-0.44415,-0.48055,10.8173828125,-0.0537109375,-41.9912109375,458.35362061306085,3.601275738598159,72.58,2.315022431653945,74.97333333333333,2.6392663884783185,0.0,-5.0,18.450938455633697,15.235492508252277,Good,18,6,2025-11-16 18:00:00+00:00,Abnormal
2025-11-16 18:30:47+00:00,462.3944913371835,40,73,77,29.3,53,1013.25,0.0,-0.588399,0.2353596,8.9436648,-0.18375,-0.39375,-0.175,190.13671875,-170.263671875,125.146484375,kitchen idle,run_5,0,2313,0,False,False,False,0,0,0,0,0,0,462.3944913371835,73.0,77.0,40.0,-0.1281027547357389,0.0223535008263705,0.0111767504131855,-0.0600249999999999,-0.37415,-0.0780499999999999,10.2802734375,0.4833984375,-48.4365234375,458.4269213682808,3.570545097220157,72.58,2.315022431653945,74.96666666666667,2.6328249728775677,0.0,5.0,18.72811772824277,15.486972590001844,Good,18,6,2025-11-16 18:00:00+00:00,Abnormal
2025-11-16 18:30:53+00:00,462.3944913371835,39,71,75,29.0,53,1013.25,0.0,-0.588399,0.2745862,8.9828914,-0.2275,0.14,0.00875,191.2109375,-168.65234375,119.23828125,kitchen idle,run_5,0,2313,0,False,False,False,0,0,0,0,0,0,462.3944913371835,71.0,75.0,39.0,-0.1281027547357389,0.0653410024155447,0.0541642520023588,-0.1037749999999999,0.1596,0.1057,11.3544921875,2.0947265625,-54.3447265625,458.5002221235007,3.538019151291227,72.58,2.315022431653945,74.96,2.6314565849334137,0.0,-10.0,18.450938455633697,15.235492508252277,Good,18,6,2025-11-16 18:00:00+00:00,Abnormal
2025-11-16 18:30:58+00:00,462.3944913371835,40,72,76,29.5,53,1013.25,0.0,-0.588399,0.196133,8.9828914,0.07875,-0.20125,-0.25375,189.599609375,-168.65234375,129.98046875,kitchen idle,run_5,0,2313,0,False,False,False,0,0,0,0,0,0,462.3944913371835,72.0,76.0,40.0,-0.1281027547357389,-0.0206340007628035,0.0541642520023588,0.202475,-0.18165,-0.1567999999999999,9.7431640625,2.0947265625,-43.6025390625,458.57352287872055,3.5036479012990864,72.59333333333333,2.3058043674087285,74.96,2.6314565849334137,0.0,5.0,18.912890748601072,15.656604488064046,Good,18,6,2025-11-16 18:00:00+00:00,Abnormal
2025-11-16 18:31:03+00:00,462.3944913371835,39,71,75,29.2,53,1013.25,0.0,-0.6668522,0.2353596,9.022118,-0.28,-0.07,-0.27125,190.673828125,-170.263671875,121.923828125,kitchen idle,run_5,0,2313,0,False,False,False,0,0,0,0,0,0,462.3944913371835,71.0,75.0,39.0,-0.2140777579140873,0.0223535008263705,0.0971517535915341,-0.156275,-0.0504,-0.1742999999999999,10.8173828125,0.4833984375,-51.6591796875,458.64682363394047,3.4673764715422672,72.58666666666667,2.308974805675538,74.94666666666667,2.6261122071200527,0.0,-5.0,18.635727269761787,15.402751725389573,Good,18,6,2025-11-16 18:00:00+00:00,Abnormal
2025-11-16 18:31:09+00:00,462.3944913371835,40,73,77,29.6,53,1013.25,0.0,-0.588399,0.2745862,8.8652116,0.0175,-0.09625,-0.14875,190.13671875,-169.7265625,129.98046875,kitchen idle,run_5,0,2313,0,False,False,False,0,0,0,0,0,0,462.3944913371835,73.0,77.0,40.0,-0.1281027547357389,0.0653410024155447,-0.074798252765163,0.141225,-0.07665,-0.0517999999999999,10.2802734375,1.0205078125,-43.6025390625,458.7201243891604,3.4291445656731536,72.59333333333333,2.3087131912719503,74.94,2.619570127140497,0.0,10.0,19.00527331070336,15.742018597745153,Good,18,6,2025-11-16 18:00:00+00:00,Abnormal
2025-11-16 18:31:14+00:00,462.3944913371835,39,73,77,29.0,53,1013.25,0.0,-0.5491724,0.2745862,8.9436648,-0.4375,0.04375,-0.14,189.599609375,-168.65234375,121.923828125,kitchen idle,run_5,0,2313,0,False,False,False,0,0,0,0,0,0,462.3944913371835,73.0,77.0,39.0,-0.0851152531465647,0.0653410024155447,0.0111767504131855,-0.3137749999999999,0.0633499999999999,-0.04305,9.7431640625,2.0947265625,-51.6591796875,458.7934251443802,3.3888858326771576,72.60666666666667,2.3052221621793367,74.94666666666667,2.6235553178069275,0.0,0.0,18.450938455633697,15.235492508252277,Good,18,6,2025-11-16 18:00:00+00:00,Abnormal
2025-11-16 18:31:20+00:00,462.3944913371835,40,74,78,29.0,53,1013.25,0.0,-0.5491724,0.2353596,8.9044382,-0.3325,-0.49,-0.14875,192.28515625,-169.7265625,118.701171875,kitchen idle,run_5,0,2313,0,False,False,False,0,0,0,0,0,0,462.3944913371835,74.0,78.0,40.0,-0.0851152531465647,0.0223535008263705,-0.0318107511759897,-0.208775,-0.4704,-0.0517999999999999,12.4287109375,1.0205078125,-54.8818359375,458.8667258996001,3.346527125141463,72.62,2.3074725415921815,74.96,2.6340058043180865,0.0,5.0,18.450938455633697,15.235492508252277,Good,18,6,2025-11-16 18:00:00+00:00,Abnormal
2025-11-16 18:31:25+00:00,462.3944913371835,39,72,77,29.4,53,1013.25,0.0,-0.588399,0.2353596,8.8652116,-0.0525,-0.3325,-0.60375,189.0625,-168.65234375,130.517578125,kitchen idle,run_5,0,2313,0,False,False,False,0,0,0,0,0,0,462.3944913371835,72.0,77.0,39.0,-0.1281027547357389,0.0223535008263705,-0.074798252765163,0.071225,-0.3129,-0.5068,9.2060546875,2.0947265625,-43.0654296875,458.94002665482014,3.301987627088967,72.61333333333333,2.3078118479909944,74.96,2.6340058043180865,0.0,-10.0,18.820505554485027,15.571589665607608,Good,18,6,2025-11-16 18:00:00+00:00,Abnormal
2025-11-16 18:31:30+00:00,462.3944913371835,40,72,78,29.3,53,1013.25,0.0,-0.6276256,0.2745862,9.0613446,-0.1225,-0.28,-0.00875,190.673828125,-170.80078125,133.740234375,kitchen idle,run_5,0,2313,0,False,False,False,0,0,0,0,0,0,462.3944913371835,72.0,78.0,40.0,-0.1710902563249131,0.0653410024155447,0.1401392551807074,0.001225,-0.2604,0.0882,10.8173828125,-0.0537109375,-39.8427734375,459.0039982230121,3.2750526295424223,72.62,2.3045621517784967,74.98666666666666,2.6444488309829235,0.0,0.0,18.72811772824277,15.486972590001844,Good,18,6,2025-11-16 18:00:00+00:00,Abnormal
2025-11-16 18:31:36+00:00,463.7938693913816,40,73,77,29.2,53,1013.25,0.0,-0.5491724,0.2353596,9.022118,-0.30625,0.0525,-0.16625,190.673828125,-168.65234375,118.701171875,kitchen idle,run_5,0,2320,0,False,False,False,0,0,0,0,0,0,463.7938693913816,73.0,77.0,40.0,-0.0851152531465647,0.0223535008263705,0.0971517535915341,-0.182525,0.0721,-0.0693,10.8173828125,2.0947265625,-54.8818359375,459.07729897823185,3.258238268172992,72.64,2.2946684631347587,75.0,2.6495535903597163,6.996890270990548,5.0,18.635727269761787,15.402751725389573,Good,18,6,2025-11-16 18:00:00+00:00,Abnormal
2025-11-16 18:31:41+00:00,463.7938693913816,39,72,74,29.3,53,1013.25,0.0,-0.6276256,0.2745862,9.0613446,0.02625,-0.35,-0.035,191.2109375,-169.189453125,131.0546875,kitchen idle,run_5,0,2320,0,False,False,False,0,0,0,0,0,0,463.7938693913816,72.0,74.0,39.0,-0.1710902563249131,0.0653410024155447,0.1401392551807074,0.149975,-0.3303999999999999,0.06195,11.3544921875,1.5576171875,-42.5283203125,459.1505997334519,3.239667479210566,72.65333333333334,2.2850158728443057,74.99333333333334,2.650811365385084,0.0,-5.0,18.72811772824277,15.486972590001844,Good,18,6,2025-11-16 18:00:00+00:00,Abnormal
2025-11-16 18:31:46+00:00,463.7938693913816,40,70,74,29.9,53,1013.25,0.0,-0.5491724,0.2745862,8.9044382,-0.13125,-0.42875,-0.32375,189.0625,-169.189453125,128.90625,kitchen idle,run_5,0,2320,0,False,False,False,0,0,0,0,0,0,463.7938693913816,70.0,74.0,40.0,-0.0851152531465647,0.0653410024155447,-0.0318107511759897,-0.0075249999999999,-0.40915,-0.2267999999999999,9.2060546875,1.5576171875,-44.6767578125,459.2239004886717,3.219309866613583,72.64,2.2946684631347587,74.98666666666666,2.6520516729624233,0.0,-10.0,19.282405206052516,16.00067212179771,Good,18,6,2025-11-16 18:00:00+00:00,Abnormal
2025-11-16 18:31:52+00:00,463.7938693913816,39,71,73,29.8,53,1013.25,0.0,-0.588399,0.196133,8.9436648,-0.0525,0.175,-0.37625,190.13671875,-168.65234375,131.591796875,kitchen idle,run_5,0,2320,0,False,False,False,0,0,0,0,0,0,463.7938693913816,71.0,73.0,39.0,-0.1281027547357389,-0.0206340007628035,0.0111767504131855,0.071225,0.1946,-0.2793,10.2802734375,2.0947265625,-41.9912109375,459.2972012438916,3.197131297968539,72.64,2.2946684631347587,74.98,2.655802814706728,0.0,5.0,19.19003053931662,15.91405086290973,Good,18,6,2025-11-16 18:00:00+00:00,Abnormal
2025-11-16 18:31:57+00:00,463.7938693913816,40,74,77,29.9,53,1013.25,0.0,-0.588399,0.2353596,8.9436648,-0.35875,-0.14875,0.14875,191.2109375,-168.115234375,124.609375,kitchen idle,run_5,0,2320,0,False,False,False,0,0,0,0,0,0,463.7938693913816,74.0,77.0,40.0,-0.1281027547357389,0.0223535008263705,0.0111767504131855,-0.2350249999999999,-0.12915,0.2457,11.3544921875,2.6318359375,-48.9736328125,459.3705019991115,3.1730935903905877,72.66,2.293351932706548,75.00666666666666,2.6558702024832876,0.0,15.0,19.282405206052516,16.00067212179771,Good,18,6,2025-11-16 18:00:00+00:00,Abnormal
2025-11-16 18:32:02+00:00,463.7938693913816,40,75,77,29.6,53,1013.25,0.0,-0.588399,0.2745862,8.9828914,-0.07875,-0.42875,-0.4725,190.673828125,-168.65234375,126.7578125,kitchen idle,run_5,0,2320,0,False,False,False,0,0,0,0,0,0,463.7938693913816,75.0,77.0,40.0,-0.1281027547357389,0.0653410024155447,0.0541642520023588,0.044975,-0.40915,-0.3755499999999999,10.8173828125,2.0947265625,-46.8251953125,459.44380275433144,3.147154144311822,72.7,2.281380719340311,75.04,2.64924960883889,0.0,5.0,19.00527331070336,15.742018597745153,Good,18,6,2025-11-16 18:00:00+00:00,Abnormal
2025-11-16 18:32:08+00:00,462.3944913371835,39,74,76,29.9,53,1013.25,0.0,-0.5099458,0.2745862,8.9828914,0.02625,0.02625,-0.315,189.599609375,-169.7265625,120.3125,kitchen idle,run_5,0,2313,0,False,False,False,0,0,0,0,0,0,462.3944913371835,74.0,76.0,39.0,-0.0421277515573906,0.0653410024155447,0.0541642520023588,0.149975,0.04585,-0.21805,9.7431640625,1.0205078125,-53.2705078125,459.51710350955136,3.0859827562949342,72.73333333333333,2.2634139050543483,75.06666666666666,2.6385542784050515,-6.996890270990548,-5.0,19.282405206052516,16.00067212179771,Good,18,6,2025-11-16 18:00:00+00:00,Abnormal
2025-11-16 18:32:13+00:00,462.3944913371835,39,73,75,29.6,53,1013.25,0.0,-0.588399,0.2353596,9.022118,-0.00875,0.02625,0.14,190.13671875,-167.041015625,119.23828125,kitchen idle,run_5,0,2313,0,False,False,False,0,0,0,0,0,0,462.3944913371835,73.0,75.0,39.0,-0.1281027547357389,0.0223535008263705,0.0971517535915341,0.114975,0.04585,0.23695,10.2802734375,3.7060546875,-54.3447265625,459.58107507774326,3.044964443569497,72.74,2.2627120390833237,75.08,2.63308836965572,0.0,-5.0,19.00527331070336,15.742018597745153,Good,18,6,2025-11-16 18:00:00+00:00,Abnormal
2025-11-16 18:32:18+00:00,462.3944913371835,40,72,73,29.8,53,1013.25,0.0,-0.588399,0.2353596,8.9436648,-0.23625,-0.39375,0.0,191.2109375,-168.115234375,131.0546875,kitchen idle,run_5,0,2313,0,False,False,False,0,0,0,0,0,0,462.3944913371835,72.0,73.0,40.0,-0.1281027547357389,0.0223535008263705,0.0111767504131855,-0.1125249999999999,-0.37415,0.09695,11.3544921875,2.6318359375,-42.5283203125,459.6450466459351,3.0020139404996273,72.74,2.2627120390833237,75.08,2.63308836965572,0.0,-5.0,19.19003053931662,15.91405086290973,Good,18,6,2025-11-16 18:00:00+00:00,Abnormal
2025-11-16 18:32:24+00:00,462.3944913371835,40,71,73,29.1,53,1013.25,0.0,-0.5491724,0.2353596,8.9044382,-0.1925,-2.24,-0.6562500000000001,189.599609375,-167.041015625,124.609375,kitchen idle,run_5,0,2313,0,False,False,False,0,0,0,0,0,0,462.3944913371835,71.0,73.0,40.0,-0.0851152531465647,0.0223535008263705,-0.0318107511759897,-0.0687749999999999,-2.2204,-0.5593000000000001,9.7431640625,3.7060546875,-48.9736328125,459.709018214127,2.9570470542763596,72.72666666666667,2.2670581317441925,75.07333333333334,2.637104031580512,0.0,-5.0,18.543334178929587,15.318925540422311,Good,18,6,2025-11-16 18:00:00+00:00,Abnormal
2025-11-16 18:32:29+00:00,462.3944913371835,39,69,71,29.2,53,1013.25,0.0,-0.4707192,0.2353596,9.218251,-0.35,-0.4025,-0.3675,191.2109375,-168.115234375,137.5,kitchen idle,run_5,0,2313,0,False,False,False,0,0,0,0,0,0,462.3944913371835,69.0,71.0,39.0,0.0008597500317835,0.0223535008263705,0.3120892615374045,-0.2262749999999999,-0.3829,-0.2705499999999999,11.3544921875,2.6318359375,-36.0830078125,459.763660595291,2.93013619411324,72.7,2.287256790166248,75.05333333333333,2.6566029341789608,0.0,-10.0,18.635727269761787,15.402751725389573,Good,18,6,2025-11-16 18:00:00+00:00,Abnormal
2025-11-16 18:32:34+00:00,462.3944913371835,40,70,73,29.5,53,1013.25,0.0,-0.6276256,0.2353596,8.9828914,-0.07,-0.2625,-0.3675,190.13671875,-168.115234375,127.83203125,kitchen idle,run_5,0,2313,0,False,False,False,0,0,0,0,0,0,462.3944913371835,70.0,73.0,40.0,-0.1710902563249131,0.0223535008263705,0.0541642520023588,0.053725,-0.2429,-0.2705499999999999,10.2802734375,2.6318359375,-45.7509765625,459.8183029764549,2.9019402636074583,72.69333333333333,2.2936933279701073,75.05333333333333,2.6566029341789608,0.0,5.0,18.912890748601072,15.656604488064046,Good,18,6,2025-11-16 18:00:00+00:00,Abnormal
2025-11-16 18:32:40+00:00,462.3944913371835,40,70,74,29.5,53,1013.25,0.0,-0.6276256,0.1569064,8.8652116,-0.035,-0.25375,-0.5775,191.2109375,-167.041015625,122.998046875,kitchen idle,run_5,0,2313,0,False,False,False,0,0,0,0,0,0,462.3944913371835,70.0,74.0,40.0,-0.1710902563249131,-0.0636215023519777,-0.074798252765163,0.088725,-0.2341499999999999,-0.48055,11.3544921875,3.7060546875,-50.5849609375,459.8729453576189,2.87242141993225,72.68,2.303542646627744,75.05333333333333,2.6566029341789608,0.0,0.0,18.912890748601072,15.656604488064046,Good,18,6,2025-11-16 18:00:00+00:00,Abnormal
2025-11-16 18:32:45+00:00,462.3944913371835,40,70,74,29.4,53,1013.25,0.0,-0.6276256,0.2745862,9.022118,-0.0875,-0.2975,-0.385,190.13671875,-170.263671875,121.923828125,kitchen idle,run_5,0,2313,0,False,False,False,0,0,0,0,0,0,462.3944913371835,70.0,74.0,40.0,-0.1710902563249131,0.0653410024155447,0.0971517535915341,0.036225,-0.2779,-0.28805,10.2802734375,0.4833984375,-51.6591796875,459.9275877387829,2.8415384348044377,72.65333333333334,2.311298965577137,75.04,2.656838712889597,0.0,0.0,18.820505554485027,15.571589665607608,Good,18,6,2025-11-16 18:00:00+00:00,Abnormal
2025-11-16 18:32:50+00:00,462.3944913371835,40,70,74,0.0,0,1013.25,0.0,-0.6276256,0.2745862,9.022118,-0.02625,-0.09625,-0.4025,190.13671875,-168.65234375,126.7578125,kitchen idle,run_5,0,2313,0,False,False,False,0,0,0,0,0,0,462.3944913371835,70.0,74.0,40.0,-0.1710902563249131,0.0653410024155447,0.0971517535915341,0.097475,-0.07665,-0.30555,10.2802734375,2.0947265625,-46.8251953125,459.98223011994673,2.8092463191934383,72.63333333333334,2.3212374236028337,75.02666666666667,2.6570071134445583,0.0,0.0,-96.07763018544566,0.0,Good,18,6,2025-11-16 18:00:00+00:00,Abnormal
2025-11-16 18:32:56+00:00,462.3944913371835,39,69,74,29.9,53,1013.25,0.0,-0.5491724,0.1569064,8.9044382,-0.0175,-0.315,-0.23625,190.13671875,-169.189453125,120.3125,kitchen idle,run_5,0,2313,0,False,False,False,0,0,0,0,0,0,462.3944913371835,69.0,74.0,39.0,-0.0851152531465647,-0.0636215023519777,-0.0318107511759897,0.106225,-0.2954,-0.1392999999999999,10.2802734375,1.5576171875,-53.2705078125,460.0368725011107,2.7754958890221197,72.58666666666667,2.3234626631827164,75.0,2.6470193443562353,0.0,-5.0,19.282405206052516,16.00067212179771,Good,18,6,2025-11-16 18:00:00+00:00,Abnormal
2025-11-16 18:33:01+00:00,463.7938693913816,39,71,75,29.4,53,1013.25,0.0,-0.588399,0.196133,8.8652116,-0.30625,-0.09625,0.1225,190.673828125,-166.50390625,119.23828125,kitchen idle,run_5,0,2320,0,False,False,False,0,0,0,0,0,0,463.7938693913816,71.0,75.0,39.0,-0.1281027547357389,-0.0206340007628035,-0.074798252765163,-0.182525,-0.07665,0.21945,10.8173828125,4.2431640625,-54.3447265625,460.10084406930247,2.7504893317959067,72.56666666666666,2.3241269318878155,74.99333333333334,2.645742855470054,6.996890270990548,10.0,18.820505554485027,15.571589665607608,Good,18,6,2025-11-16 18:00:00+00:00,Abnormal
2025-11-16 18:33:06+00:00,463.7938693913816,40,72,76,29.2,53,1013.25,0.0,-0.588399,0.196133,8.9436648,-0.2625,-0.14,-0.09625,190.13671875,-169.7265625,138.57421875,kitchen idle,run_5,0,2320,0,False,False,False,0,0,0,0,0,0,463.7938693913816,72.0,76.0,40.0,-0.1281027547357389,-0.0206340007628035,0.0111767504131855,-0.1387749999999999,-0.1204,0.0007,10.2802734375,1.0205078125,-35.0087890625,460.1568191914705,2.739545720218686,72.57333333333334,2.32103502330725,75.00666666666666,2.6457428554700533,0.0,5.0,18.635727269761787,15.402751725389573,Good,18,6,2025-11-16 18:00:00+00:00,Abnormal
2025-11-16 18:33:12+00:00,463.7938693913816,41,72,75,29.3,53,1013.25,0.0,-0.6276256,0.2745862,9.0613446,0.0,-0.00875,-0.13125,190.13671875,-167.578125,123.53515625,kitchen idle,run_5,0,2320,0,False,False,False,0,0,0,0,0,0,463.7938693913816,72.0,75.0,41.0,-0.1710902563249131,0.0653410024155447,0.1401392551807074,0.123725,0.0108499999999999,-0.0343,10.2802734375,3.1689453125,-50.0478515625,460.2127943136384,2.7274019609956124,72.58666666666667,2.3118796404735984,75.02,2.6405968412183793,0.0,0.0,18.72811772824277,15.486972590001844,Good,18,6,2025-11-16 18:00:00+00:00,Abnormal
2025-11-16 18:33:17+00:00,463.7938693913816,41,71,73,29.8,53,1013.25,0.0,-0.5491724,0.2353596,9.0613446,-0.11375,0.00875,-0.25375,191.748046875,-167.041015625,120.849609375,kitchen idle,run_5,0,2320,0,False,False,False,0,0,0,0,0,0,463.7938693913816,71.0,73.0,41.0,-0.0851152531465647,0.0223535008263705,0.1401392551807074,0.009975,0.02835,-0.1567999999999999,11.8916015625,3.7060546875,-52.7333984375,460.2687694358063,2.714041944286356,72.57333333333334,2.3152446829298614,75.00666666666666,2.6457428554700533,0.0,-5.0,19.19003053931662,15.91405086290973,Good,18,6,2025-11-16 18:00:00+00:00,Abnormal
2025-11-16 18:33:23+00:00,463.7938693913816,42,72,75,29.2,53,1013.25,0.0,-0.6276256,0.2353596,8.7475318,-0.14,-0.04375,0.02625,191.748046875,-168.115234375,133.203125,kitchen idle,run_5,0,2320,0,False,False,False,0,0,0,0,0,0,463.7938693913816,72.0,75.0,42.0,-0.1710902563249131,0.0223535008263705,-0.2037607575326849,-0.0162749999999999,-0.0241499999999999,0.1232,11.8916015625,2.6318359375,-40.3798828125,460.3247445579742,2.6994476117675226,72.54666666666667,2.298487003572869,74.98666666666666,2.634277575450082,0.0,5.0,18.635727269761787,15.402751725389573,Good,18,6,2025-11-16 18:00:00+00:00,Abnormal
2025-11-16 18:33:28+00:00,463.7938693913816,40,71,74,29.8,53,1013.25,0.0,-0.5099458,0.2745862,8.9828914,-0.02625,0.0175,-0.18375,190.673828125,-167.578125,124.609375,kitchen idle,run_5,0,2320,0,False,False,False,0,0,0,0,0,0,463.7938693913816,71.0,74.0,40.0,-0.0421277515573906,0.0653410024155447,0.0541642520023588,0.097475,0.0371,-0.0867999999999999,10.8173828125,3.1689453125,-48.9736328125,460.38871612616623,2.6667870367853452,72.52666666666667,2.298808172871434,74.96666666666667,2.63027460905051,0.0,-5.0,19.19003053931662,15.91405086290973,Good,18,6,2025-11-16 18:00:00+00:00,Abnormal
2025-11-16 18:33:33+00:00,463.7938693913816,41,75,77,29.1,53,1013.25,0.0,-0.6276256,0.2353596,9.0613446,-0.1225,-0.4025,-0.42,191.2109375,-167.578125,125.146484375,kitchen idle,run_5,0,2320,0,False,False,False,0,0,0,0,0,0,463.7938693913816,75.0,77.0,41.0,-0.1710902563249131,0.0223535008263705,0.1401392551807074,0.001225,-0.3829,-0.3230499999999999,11.3544921875,3.1689453125,-48.4365234375,460.462016881386,2.6072084346261697,72.54,2.3073561964833713,74.96666666666667,2.63027460905051,0.0,20.0,18.543334178929587,15.318925540422311,Good,18,6,2025-11-16 18:00:00+00:00,Abnormal
2025-11-16 18:33:39+00:00,463.7938693913816,40,74,77,29.6,53,1013.25,0.0,-0.588399,0.2745862,8.9828914,-0.1575,-0.07,-0.44625,191.2109375,-167.578125,126.220703125,kitchen idle,run_5,0,2320,0,False,False,False,0,0,0,0,0,0,463.7938693913816,74.0,77.0,40.0,-0.1281027547357389,0.0653410024155447,0.0541642520023588,-0.0337749999999999,-0.0504,-0.3492999999999999,11.3544921875,3.1689453125,-47.3623046875,460.5353176366059,2.5441109294523168,72.54666666666667,2.310137177909825,74.96666666666667,2.63027460905051,0.0,-5.0,19.00527331070336,15.742018597745153,Good,18,6,2025-11-16 18:00:00+00:00,Abnormal
2025-11-16 18:33:44+00:00,463.7938693913816,39,73,75,29.2,53,1013.25,0.0,-0.5099458,0.2353596,8.9828914,-0.07,0.0175,-0.5337500000000001,192.28515625,-168.65234375,133.740234375,kitchen idle,run_5,0,2320,0,False,False,False,0,0,0,0,0,0,463.7938693913816,73.0,75.0,39.0,-0.0421277515573906,0.0223535008263705,0.0541642520023588,0.053725,0.0371,-0.4368000000000001,12.4287109375,2.0947265625,-39.8427734375,460.6086183918258,2.4772256455327257,72.56,2.3069198500666244,74.97333333333333,2.629075083405492,0.0,-5.0,18.635727269761787,15.402751725389573,Good,18,6,2025-11-16 18:00:00+00:00,Abnormal
2025-11-16 18:33:49+00:00,463.7938693913816,40,74,77,29.2,53,1013.25,0.0,-0.5491724,0.2353596,8.8652116,-0.105,0.09625,-0.14875,190.673828125,-166.50390625,132.12890625,kitchen idle,run_5,0,2320,0,False,False,False,0,0,0,0,0,0,463.7938693913816,74.0,77.0,40.0,-0.0851152531465647,0.0223535008263705,-0.074798252765163,0.018725,0.11585,-0.0517999999999999,10.8173828125,4.2431640625,-41.4541015625,460.67258996001783,2.4340951346855597,72.58,2.306308826390149,75.0,2.629211227317518,0.0,5.0,18.635727269761787,15.402751725389573,Good,18,6,2025-11-16 18:00:00+00:00,Abnormal
2025-11-16 18:33:55+00:00,463.7938693913816,39,74,77,29.4,53,1013.25,0.0,-0.6276256,0.2745862,8.9436648,-0.06125,-0.06125,-0.41125,192.28515625,-169.7265625,141.259765625,kitchen idle,run_5,0,2320,0,False,False,False,0,0,0,0,0,0,463.7938693913816,74.0,77.0,39.0,-0.1710902563249131,0.0653410024155447,0.0111767504131855,0.062475,-0.04165,-0.3143,12.4287109375,1.0205078125,-32.3232421875,460.73656152820973,2.3884622032625074,72.60666666666667,2.299392002121188,75.04666666666667,2.6018492821070587,0.0,0.0,18.820505554485027,15.571589665607608,Good,18,6,2025-11-16 18:00:00+00:00,Abnormal
2025-11-16 18:34:00+00:00,463.7938693913816,40,75,79,29.8,53,1013.25,0.0,-0.588399,0.3138128,8.9828914,-0.16625,-0.11375,-0.5075000000000001,192.822265625,-167.578125,126.220703125,kitchen idle,run_5,0,2320,0,False,False,False,0,0,0,0,0,0,463.7938693913816,75.0,79.0,40.0,-0.1281027547357389,0.1083285040047189,0.0541642520023588,-0.0425249999999999,-0.09415,-0.4105500000000001,12.9658203125,3.1689453125,-47.3623046875,460.8005330964017,2.340180466123513,72.64,2.2975913854506813,75.10666666666667,2.588427178282362,0.0,5.0,19.19003053931662,15.91405086290973,Good,18,6,2025-11-16 18:00:00+00:00,Abnormal
2025-11-16 18:34:05+00:00,463.7938693913816,39,75,80,29.0,53,1013.25,0.0,-0.6276256,0.196133,9.0613446,-0.20125,-0.32375,-0.175,191.2109375,-167.578125,118.701171875,kitchen idle,run_5,0,2320,0,False,False,False,0,0,0,0,0,0,463.7938693913816,75.0,80.0,39.0,-0.1710902563249131,-0.0206340007628035,0.1401392551807074,-0.0775249999999999,-0.30415,-0.0780499999999999,11.3544921875,3.1689453125,-54.8818359375,460.86450466459354,2.289082322140758,72.68,2.285994709547918,75.16,2.606342290304223,0.0,0.0,18.450938455633697,15.235492508252277,Good,18,6,2025-11-16 18:00:00+00:00,Abnormal
2025-11-16 18:34:11+00:00,463.7938693913816,39,74,78,29.1,53,1013.25,0.0,-0.5099458,0.3138128,8.8652116,-0.20125,-0.2275,-0.48125,192.28515625,-165.4296875,149.853515625,kitchen idle,run_5,0,2320,0,False,False,False,0,0,0,0,0,0,463.7938693913816,74.0,78.0,39.0,-0.0421277515573906,0.1083285040047189,-0.074798252765163,-0.0775249999999999,-0.2079,-0.3843,12.4287109375,5.3173828125,-23.7294921875,460.92047978676146,2.2569340496354227,72.68666666666667,2.2883910899933952,75.18666666666667,2.614843192564382,0.0,-5.0,18.543334178929587,15.318925540422311,Good,18,6,2025-11-16 18:00:00+00:00,Abnormal
2025-11-16 18:34:16+00:00,463.7938693913816,40,74,78,29.6,53,1013.25,0.0,-0.588399,0.2353596,8.9828914,-0.0175,0.02625,-0.04375,191.2109375,-169.7265625,138.57421875,kitchen idle,run_5,0,2320,0,False,False,False,0,0,0,0,0,0,463.7938693913816,74.0,78.0,40.0,-0.1281027547357389,0.0223535008263705,0.0541642520023588,0.106225,0.04585,0.0532,11.3544921875,1.0205078125,-35.0087890625,460.9764549089294,2.2229026623086607,72.69333333333333,2.2907654318988304,75.20666666666666,2.6248596425669675,0.0,0.0,19.00527331070336,15.742018597745153,Good,18,6,2025-11-16 18:00:00+00:00,Abnormal
2025-11-16 18:34:21+00:00,463.7938693913816,39,72,76,29.1,53,1013.25,0.0,-0.5491724,0.196133,8.9828914,-0.58625,-0.30625,-0.20125,191.748046875,-166.50390625,131.0546875,kitchen idle,run_5,0,2320,0,False,False,False,0,0,0,0,0,0,463.7938693913816,72.0,76.0,39.0,-0.0851152531465647,-0.0206340007628035,0.0541642520023588,-0.462525,-0.28665,-0.1043,11.8916015625,4.2431640625,-42.5283203125,461.0324300310973,2.186900249810878,72.69333333333333,2.2907654318988304,75.22,2.623768487085999,0.0,-10.0,18.543334178929587,15.318925540422311,Good,18,6,2025-11-16 18:00:00+00:00,Abnormal
2025-11-16 18:34:27+00:00,463.7938693913816,40,73,75,29.4,53,1013.25,0.0,-0.588399,0.2353596,8.9436648,0.14875,-0.30625,-0.5075000000000001,190.673828125,-168.65234375,133.203125,kitchen idle,run_5,0,2320,0,False,False,False,0,0,0,0,0,0,463.7938693913816,73.0,75.0,40.0,-0.1281027547357389,0.0223535008263705,0.0111767504131855,0.272475,-0.28665,-0.4105500000000001,10.8173828125,2.0947265625,-40.3798828125,461.0884051532652,2.1488277441376247,72.69333333333333,2.2907654318988304,75.21333333333334,2.6230436408558866,0.0,5.0,18.820505554485027,15.571589665607608,Good,18,6,2025-11-16 18:00:00+00:00,Abnormal
2025-11-16 18:34:32+00:00,463.7938693913816,40,72,74,29.6,53,1013.25,0.0,-0.5099458,0.196133,8.9044382,-0.175,-0.35,-0.41125,190.673828125,-168.115234375,124.072265625,kitchen idle,run_5,0,2320,0,False,False,False,0,0,0,0,0,0,463.7938693913816,72.0,74.0,40.0,-0.0421277515573906,-0.0206340007628035,-0.0318107511759897,-0.0512749999999999,-0.3303999999999999,-0.3143,10.8173828125,2.6318359375,-49.5107421875,461.1443802754331,2.1085730151353705,72.68666666666667,2.2913220200471835,75.20666666666666,2.6248596425669675,0.0,-5.0,19.00527331070336,15.742018597745153,Good,18,6,2025-11-16 18:00:00+00:00,Abnormal
2025-11-16 18:34:37+00:00,463.7938693913816,40,70,74,29.7,53,1013.25,0.0,-0.588399,0.2745862,9.022118,0.20125,-0.2275,-0.3325,189.599609375,-169.189453125,126.220703125,kitchen idle,run_5,0,2320,0,False,False,False,0,0,0,0,0,0,463.7938693913816,70.0,74.0,40.0,-0.1281027547357389,0.0653410024155447,0.0971517535915341,0.324975,-0.2079,-0.23555,9.7431640625,1.5576171875,-47.3623046875,461.2003553976011,2.066008509461495,72.66,2.2991974088435185,75.2,2.6266573547115843,0.0,-10.0,19.097653240904393,15.8278335395498,Good,18,6,2025-11-16 18:00:00+00:00,Abnormal
2025-11-16 18:34:43+00:00,463.7938693913816,41,72,75,29.6,53,1013.25,0.0,-0.5491724,0.2745862,8.9436648,0.04375,0.06125,-0.3675,192.822265625,-167.041015625,133.203125,kitchen idle,run_5,0,2320,0,False,False,False,0,0,0,0,0,0,463.7938693913816,72.0,75.0,41.0,-0.0851152531465647,0.0653410024155447,0.0111767504131855,0.167475,0.08085,-0.2705499999999999,12.9658203125,3.7060546875,-40.3798828125,461.247001332741,2.0448010663179095,72.66,2.2991974088435185,75.20666666666666,2.6248596425669675,0.0,10.0,19.00527331070336,15.742018597745153,Good,18,6,2025-11-16 18:00:00+00:00,Abnormal
2025-11-16 18:34:48+00:00,463.7938693913816,40,72,75,29.0,53,1013.25,0.0,-0.5099458,0.2745862,8.825985,-0.11375,-0.28,-0.5162500000000001,190.13671875,-166.50390625,139.6484375,kitchen idle,run_5,0,2320,0,False,False,False,0,0,0,0,0,0,463.7938693913816,72.0,75.0,40.0,-0.0421277515573906,0.0653410024155447,-0.1177857543543383,0.009975,-0.2604,-0.4193000000000001,10.2802734375,4.2431640625,-33.9345703125,461.29364726788094,2.0222884927681273,72.66,2.2991974088435185,75.21333333333334,2.6230436408558866,0.0,0.0,18.450938455633697,15.235492508252277,Good,18,6,2025-11-16 18:00:00+00:00,Abnormal
2025-11-16 18:34:53+00:00,463.7938693913816,40,70,75,29.4,53,1013.25,0.0,-0.6668522,0.3138128,8.9828914,-0.39375,-0.2275,-0.23625,191.2109375,-169.189453125,132.12890625,kitchen idle,run_5,0,2320,0,False,False,False,0,0,0,0,0,0,463.7938693913816,70.0,75.0,40.0,-0.2140777579140873,0.1083285040047189,0.0541642520023588,-0.2700249999999999,-0.2079,-0.1392999999999999,11.3544921875,1.5576171875,-41.4541015625,461.3402932030209,1.9984266818349583,72.64,2.3092460781962947,75.21333333333334,2.6230436408558866,0.0,-10.0,18.820505554485027,15.571589665607608,Good,18,6,2025-11-16 18:00:00+00:00,Abnormal
2025-11-16 18:34:59+00:00,463.7938693913816,39,69,74,29.4,53,1013.25,0.0,-0.5099458,0.2745862,8.825985,0.3325,-0.0875,-0.39375,192.822265625,-166.50390625,118.1640625,kitchen idle,run_5,0,2320,0,False,False,False,0,0,0,0,0,0,463.7938693913816,69.0,74.0,39.0,-0.0421277515573906,0.0653410024155447,-0.1177857543543383,0.456225,-0.0678999999999999,-0.2967999999999999,12.9658203125,4.2431640625,-55.4189453125,461.38693913816087,1.9731666845143512,72.63333333333334,2.318344313932331,75.21333333333334,2.6230436408558866,0.0,-5.0,18.820505554485027,15.571589665607608,Good,18,6,2025-11-16 18:00:00+00:00,Abnormal
2025-11-16 18:35:04+00:00,463.7938693913816,40,70,74,29.4,53,1013.25,0.0,-0.5491724,0.2745862,8.9044382,0.14,-0.25375,0.0,193.359375,-168.65234375,150.390625,kitchen idle,run_5,0,2320,0,False,False,False,0,0,0,0,0,0,463.7938693913816,70.0,74.0,40.0,-0.0851152531465647,0.0653410024155447,-0.0318107511759897,0.263725,-0.2341499999999999,0.09695,13.5029296875,2.0947265625,-23.1923828125,461.4335850733007,1.9464540669136807,72.64,2.3092460781962947,75.22,2.618647634990561,0.0,5.0,18.820505554485027,15.571589665607608,Good,18,6,2025-11-16 18:00:00+00:00,Abnormal
2025-11-16 18:35:09+00:00,465.19324744557974,39,71,74,29.7,53,1013.25,0.0,-0.6668522,0.2353596,9.022118,0.02625,-0.14875,-0.16625,192.28515625,-166.50390625,141.259765625,kitchen idle,run_5,0,2327,0,False,False,False,0,0,0,0,0,0,465.19324744557974,71.0,74.0,39.0,-0.2140777579140873,0.0223535008263705,0.0971517535915341,0.149975,-0.12915,-0.0693,12.4287109375,4.2431640625,-32.3232421875,461.48956019546864,1.9329026682284256,72.64666666666666,2.3030084400020976,75.22,2.618647634990561,6.996890270990548,5.0,19.097653240904393,15.8278335395498,Good,18,6,2025-11-16 18:00:00+00:00,Abnormal
2025-11-16 18:35:15+00:00,463.7938693913816,39,73,76,29.7,53,1013.25,0.0,-0.6276256,0.2353596,8.9436648,-0.245,0.00875,0.07875,191.748046875,-168.65234375,125.146484375,kitchen idle,run_5,0,2320,0,False,False,False,0,0,0,0,0,0,463.7938693913816,73.0,76.0,39.0,-0.1710902563249131,0.0223535008263705,0.0111767504131855,-0.1212749999999999,0.02835,0.1757,11.8916015625,2.0947265625,-48.4365234375,461.5362061306086,1.9030952238697785,72.66666666666667,2.292873893940275,75.23333333333333,2.617485515729929,-6.996890270990548,10.0,19.097653240904393,15.8278335395498,Good,18,6,2025-11-16 18:00:00+00:00,Abnormal
2025-11-16 18:35:20+00:00,463.7938693913816,41,76,78,29.7,53,1013.25,0.0,-0.5491724,0.1569064,8.9044382,0.04375,-0.00875,-0.09625,192.822265625,-169.189453125,122.4609375,kitchen idle,run_5,0,2320,0,False,False,False,0,0,0,0,0,0,463.7938693913816,76.0,78.0,41.0,-0.0851152531465647,-0.0636215023519777,-0.0318107511759897,0.167475,0.0108499999999999,0.0007,12.9658203125,1.5576171875,-51.1220703125,461.58285206574857,1.8716434609474444,72.70666666666666,2.298370203609874,75.26,2.625200535644663,0.0,15.0,19.097653240904393,15.8278335395498,Good,18,6,2025-11-16 18:00:00+00:00,Abnormal
2025-11-16 18:35:25+00:00,463.7938693913816,42,77,79,29.2,53,1013.25,0.0,-0.588399,0.2745862,8.7083052,-0.04375,-0.245,0.315,190.13671875,-168.65234375,137.5,kitchen idle,run_5,0,2320,0,False,False,False,0,0,0,0,0,0,463.7938693913816,77.0,79.0,42.0,-0.1281027547357389,0.0653410024155447,-0.2467482591218602,0.079975,-0.2254,0.41195,10.2802734375,2.0947265625,-36.0830078125,461.62016881386063,1.8594321614716436,72.76,2.3045912738700194,75.29333333333334,2.640791692017076,0.0,5.0,18.635727269761787,15.402751725389573,Good,18,6,2025-11-16 18:00:00+00:00,Abnormal
2025-11-16 18:35:31+00:00,463.7938693913816,41,74,76,29.3,53,1013.25,0.0,-0.588399,0.196133,9.022118,0.09625,-0.42,0.1575,191.2109375,-167.041015625,107.421875,kitchen idle,run_5,0,2320,0,False,False,False,0,0,0,0,0,0,463.7938693913816,74.0,76.0,41.0,-0.1281027547357389,-0.0206340007628035,0.0971517535915341,0.219975,-0.4004,0.25445,11.3544921875,3.7060546875,-66.1611328125,461.6574855619724,1.8463810305935424,72.79333333333334,2.2859262046216435,75.30666666666667,2.639266388478291,0.0,-15.0,18.72811772824277,15.486972590001844,Good,18,6,2025-11-16 18:00:00+00:00,Abnormal
2025-11-16 18:35:36+00:00,463.7938693913816,41,75,77,29.1,53,1013.25,0.0,-0.6276256,0.2353596,8.9828914,-0.0525,-0.42,-0.3325,192.822265625,-169.7265625,128.90625,kitchen idle,run_5,0,2320,0,False,False,False,0,0,0,0,0,0,463.7938693913816,75.0,77.0,41.0,-0.1710902563249131,0.0223535008263705,0.0541642520023588,0.071225,-0.4004,-0.23555,12.9658203125,1.0205078125,-44.6767578125,461.6948023100843,1.8324721241997148,72.83333333333333,2.271553489854731,75.33333333333333,2.6360094577405326,0.0,5.0,18.543334178929587,15.318925540422311,Good,18,6,2025-11-16 18:00:00+00:00,Abnormal
2025-11-16 18:35:42+00:00,463.7938693913816,40,74,76,29.6,53,1013.25,0.0,-0.6276256,0.2353596,8.9044382,-0.35,-0.245,-0.14,191.748046875,-168.115234375,136.42578125,kitchen idle,run_5,0,2320,0,False,False,False,0,0,0,0,0,0,463.7938693913816,74.0,76.0,40.0,-0.1710902563249131,0.0223535008263705,-0.0318107511759897,-0.2262749999999999,-0.2254,-0.04305,11.8916015625,2.6318359375,-37.1572265625,461.7321190581963,1.8176857513374371,72.86666666666666,2.2515219808888305,75.36,2.6222588756143512,0.0,-5.0,19.00527331070336,15.742018597745153,Good,18,6,2025-11-16 18:00:00+00:00,Abnormal
2025-11-16 18:35:47+00:00,463.7938693913816,40,73,75,29.2,53,1013.25,0.0,-0.5491724,0.2353596,8.9044382,-0.00875,-0.34125,-0.28,192.822265625,-169.189453125,129.443359375,kitchen idle,run_5,0,2320,0,False,False,False,0,0,0,0,0,0,463.7938693913816,73.0,75.0,40.0,-0.0851152531465647,0.0223535008263705,-0.0318107511759897,0.114975,-0.32165,-0.18305,12.9658203125,1.5576171875,-44.1396484375,461.76943580630825,1.8020003118962145,72.87333333333333,2.2504188026837455,75.36,2.6222588756143512,0.0,-5.0,18.635727269761787,15.402751725389573,Good,18,6,2025-11-16 18:00:00+00:00,Abnormal
2025-11-16 18:35:52+00:00,463.7938693913816,40,70,75,29.9,53,1013.25,0.0,-0.588399,0.196133,9.022118,-0.25375,-0.34125,-0.20125,190.673828125,-168.65234375,128.90625,kitchen idle,run_5,0,2320,0,False,False,False,0,0,0,0,0,0,463.7938693913816,70.0,75.0,40.0,-0.1281027547357389,-0.0206340007628035,0.0971517535915341,-0.1300249999999999,-0.32165,-0.1043,10.8173828125,2.0947265625,-44.6767578125,461.80675255442026,1.7853921099707342,72.85333333333334,2.2625835048306184,75.36,2.6222588756143512,0.0,-15.0,19.282405206052516,16.00067212179771,Good,18,6,2025-11-16 18:00:00+00:00,Abnormal
2025-11-16 18:35:58+00:00,465.19324744557974,39,69,74,29.0,53,1013.25,0.0,-0.588399,0.2353596,9.0613446,-0.175,-0.27125,1.89,190.673828125,-168.65234375,128.90625,kitchen idle,run_5,0,2327,0,False,False,False,0,0,0,0,0,0,465.19324744557974,69.0,74.0,39.0,-0.1281027547357389,0.0223535008263705,0.1401392551807074,-0.0512749999999999,-0.25165,1.98695,10.8173828125,2.0947265625,-44.6767578125,461.8533984895603,1.7818306311638392,72.82666666666667,2.2843108507031906,75.34666666666666,2.624066894984048,6.996890270990548,-5.0,18.450938455633697,15.235492508252277,Good,18,6,2025-11-16 18:00:00+00:00,Abnormal
2025-11-16 18:36:03+00:00,463.7938693913816,39,69,75,29.5,53,1013.25,0.0,-0.6668522,0.2353596,9.0613446,-0.06125,-0.32375,-0.18375,190.13671875,-167.578125,127.294921875,kitchen idle,run_5,0,2320,0,False,False,False,0,0,0,0,0,0,463.7938693913816,69.0,75.0,39.0,-0.2140777579140873,0.0223535008263705,0.1401392551807074,0.062475,-0.30415,-0.0867999999999999,10.2802734375,3.1689453125,-46.2880859375,461.89071523767217,1.7632446725438256,72.8,2.305522986571866,75.33333333333333,2.620688640137523,-6.996890270990548,0.0,18.912890748601072,15.656604488064046,Good,18,6,2025-11-16 18:00:00+00:00,Abnormal
2025-11-16 18:36:08+00:00,465.19324744557974,42,74,77,29.4,53,1013.25,0.0,-0.588399,0.2353596,9.022118,-0.16625,-0.385,-0.1575,193.359375,-167.578125,132.12890625,kitchen idle,run_5,0,2327,0,False,False,False,0,0,0,0,0,0,465.19324744557974,74.0,77.0,42.0,-0.1281027547357389,0.0223535008263705,0.0971517535915341,-0.0425249999999999,-0.3654,-0.0605499999999999,13.5029296875,3.1689453125,-41.4541015625,461.93736117281213,1.7573962503084253,72.81333333333333,2.3066483039706784,75.34,2.6236661679935236,6.996890270990548,25.0,18.820505554485027,15.571589665607608,Good,18,6,2025-11-16 18:00:00+00:00,Abnormal
2025-11-16 18:36:14+00:00,465.19324744557974,41,74,78,29.4,53,1013.25,0.0,-0.588399,0.196133,8.8652116,-0.0175,-0.18375,-0.385,191.748046875,-168.115234375,132.666015625,kitchen idle,run_5,0,2327,0,False,False,False,0,0,0,0,0,0,465.19324744557974,74.0,78.0,41.0,-0.1281027547357389,-0.0206340007628035,-0.074798252765163,0.106225,-0.16415,-0.28805,11.8916015625,2.6318359375,-40.9169921875,461.9840071079521,1.7502772618822489,72.82666666666667,2.3076955199886977,75.35333333333334,2.632111120098437,0.0,0.0,18.820505554485027,15.571589665607608,Good,18,6,2025-11-16 18:00:00+00:00,Abnormal
2025-11-16 18:36:19+00:00,463.7938693913816,40,72,76,29.6,53,1013.25,0.0,-0.7060788,0.2745862,8.9044382,-0.11375,-0.13125,-0.4025,192.822265625,-169.7265625,129.443359375,kitchen idle,run_5,0,2320,0,False,False,False,0,0,0,0,0,0,463.7938693913816,72.0,76.0,40.0,-0.2570652595032615,0.0653410024155447,-0.0318107511759897,0.009975,-0.11165,-0.30555,12.9658203125,1.0205078125,-44.1396484375,462.02132385606393,1.7285163208391254,72.81333333333333,2.3066483039706784,75.35333333333334,2.632111120098437,-6.996890270990548,-10.0,19.00527331070336,15.742018597745153,Good,18,6,2025-11-16 18:00:00+00:00,Abnormal
2025-11-16 18:36:24+00:00,465.19324744557974,40,70,75,29.7,53,1013.25,0.0,-0.6276256,0.2745862,9.0613446,0.09625,0.0875,-0.245,193.359375,-168.65234375,128.369140625,kitchen idle,run_5,0,2327,0,False,False,False,0,0,0,0,0,0,465.19324744557974,70.0,75.0,40.0,-0.1710902563249131,0.0653410024155447,0.1401392551807074,0.219975,0.1071,-0.14805,13.5029296875,2.0947265625,-45.2138671875,462.0679697912039,1.7189857410133136,72.78666666666666,2.315940288164839,75.34666666666666,2.6317286193160307,6.996890270990548,-10.0,19.097653240904393,15.8278335395498,Good,18,6,2025-11-16 18:00:00+00:00,Abnormal
2025-11-16 18:36:30+00:00,463.7938693913816,39,69,73,29.2,53,1013.25,0.0,-0.5491724,0.2353596,8.9044382,-0.2275,0.02625,-0.5337500000000001,193.359375,-167.578125,129.98046875,kitchen idle,run_5,0,2320,0,False,False,False,0,0,0,0,0,0,463.7938693913816,69.0,73.0,39.0,-0.0851152531465647,0.0223535008263705,-0.0318107511759897,-0.1037749999999999,0.04585,-0.4368000000000001,13.5029296875,3.1689453125,-43.6025390625,462.1052865393159,1.6949636192499995,72.76666666666667,2.335649218246189,75.34,2.636425279622685,-6.996890270990548,-5.0,18.635727269761787,15.402751725389573,Good,18,6,2025-11-16 18:00:00+00:00,Abnormal
2025-11-16 18:36:35+00:00,463.7938693913816,39,69,73,29.4,53,1013.25,0.0,-0.5099458,0.196133,8.9044382,-0.21875,-0.30625,-0.37625,192.822265625,-167.041015625,122.998046875,kitchen idle,run_5,0,2320,0,False,False,False,0,0,0,0,0,0,463.7938693913816,69.0,73.0,39.0,-0.0421277515573906,-0.0206340007628035,-0.0318107511759897,-0.0950249999999999,-0.28665,-0.2793,12.9658203125,3.7060546875,-50.5849609375,462.14260328742785,1.6697567464058372,72.74666666666667,2.355022240641374,75.33333333333333,2.6410966470164303,0.0,0.0,18.820505554485027,15.571589665607608,Good,18,6,2025-11-16 18:00:00+00:00,Abnormal
2025-11-16 18:36:40+00:00,463.7938693913816,40,70,73,29.0,53,1013.25,0.0,-0.6276256,0.2353596,8.9044382,-0.02625,-0.18375,-0.2975,191.2109375,-168.115234375,118.1640625,kitchen idle,run_5,0,2320,0,False,False,False,0,0,0,0,0,0,463.7938693913816,70.0,73.0,40.0,-0.1710902563249131,0.0223535008263705,-0.0318107511759897,0.097475,-0.16415,-0.2005499999999999,11.3544921875,2.6318359375,-55.4189453125,462.17992003553974,1.6433106044102987,72.71333333333334,2.3582972661490875,75.31333333333333,2.6473658344281676,0.0,5.0,18.450938455633697,15.235492508252277,Good,18,6,2025-11-16 18:00:00+00:00,Abnormal
2025-11-16 18:36:46+00:00,463.7938693913816,40,68,70,29.4,53,1013.25,0.0,-0.588399,0.2353596,8.9828914,-0.0525,-0.28,0.16625,191.748046875,-168.65234375,120.3125,kitchen idle,run_5,0,2320,0,False,False,False,0,0,0,0,0,0,463.7938693913816,68.0,70.0,40.0,-0.1281027547357389,0.0223535008263705,0.0541642520023588,0.071225,-0.2604,0.2632,11.8916015625,2.0947265625,-53.2705078125,462.21723678365174,1.6155643353886162,72.66666666666667,2.3818854036378787,75.26666666666667,2.678942660969184,0.0,-10.0,18.820505554485027,15.571589665607608,Good,18,6,2025-11-16 18:00:00+00:00,Abnormal
2025-11-16 18:36:51+00:00,463.7938693913816,38,66,68,29.5,53,1013.25,0.0,-0.588399,0.3530394,8.7867584,-0.5162500000000001,-0.4725,0.0,192.28515625,-164.892578125,135.3515625,kitchen idle,run_5,0,2320,0,False,False,False,0,0,0,0,0,0,463.7938693913816,66.0,68.0,38.0,-0.1281027547357389,0.151316005593893,-0.1607732559435116,-0.392525,-0.4528999999999999,0.09695,12.4287109375,5.8544921875,-38.2314453125,462.2545535317637,1.586449724953414,72.61333333333333,2.4406695820919917,75.22,2.7438032684285094,0.0,-10.0,18.912890748601072,15.656604488064046,Good,18,6,2025-11-16 18:00:00+00:00,Abnormal
2025-11-16 18:36:56+00:00,463.7938693913816,37,66,68,29.6,53,1013.25,0.0,-0.588399,0.1569064,8.7867584,-0.0525,-0.20125,-0.18375,192.28515625,-167.578125,141.259765625,kitchen idle,run_5,0,2320,0,False,False,False,0,0,0,0,0,0,463.7938693913816,66.0,68.0,37.0,-0.1281027547357389,-0.0636215023519777,-0.1607732559435116,0.071225,-0.18165,-0.0867999999999999,12.4287109375,3.1689453125,-32.3232421875,462.30119946690365,1.5266416735448225,72.56,2.4969242824891147,75.17333333333333,2.8063845394822953,0.0,0.0,19.00527331070336,15.742018597745153,Good,18,6,2025-11-16 18:00:00+00:00,Abnormal
2025-11-16 18:37:02+00:00,463.7938693913816,38,67,69,29.4,53,1013.25,0.0,-0.588399,0.2353596,9.022118,-0.46375,-0.5425000000000001,-0.315,193.359375,-169.189453125,124.609375,kitchen idle,run_5,0,2320,0,False,False,False,0,0,0,0,0,0,463.7938693913816,67.0,69.0,38.0,-0.1281027547357389,0.0223535008263705,0.0971517535915341,-0.3400249999999999,-0.5229000000000001,-0.21805,13.5029296875,1.5576171875,-48.9736328125,462.33851621501555,1.4936870228590722,72.52,2.537556823181118,75.14,2.849773333739256,0.0,5.0,18.820505554485027,15.571589665607608,Good,18,6,2025-11-16 18:00:00+00:00,Abnormal
2025-11-16 18:37:07+00:00,463.7938693913816,40,69,72,0.0,0,1013.25,0.0,-0.6276256,0.2353596,9.0613446,-0.105,-0.20125,-0.49875,191.748046875,-168.115234375,129.443359375,kitchen idle,run_5,0,2320,0,False,False,False,0,0,0,0,0,0,463.7938693913816,69.0,72.0,40.0,-0.1710902563249131,0.0223535008263705,0.1401392551807074,0.018725,-0.18165,-0.4018,11.8916015625,2.6318359375,-44.1396484375,462.3758329631275,1.459028195040878,72.50666666666666,2.5508168626279764,75.13333333333334,2.855976112045195,0.0,10.0,-96.07763018544566,0.0,Good,18,6,2025-11-16 18:00:00+00:00,Abnormal
2025-11-16 18:37:12+00:00,465.19324744557974,40,70,73,29.6,53,1013.25,0.0,-0.588399,0.196133,9.1790244,-0.3675,-0.245,-0.7525000000000001,195.5078125,-168.115234375,127.83203125,kitchen idle,run_5,0,2327,0,False,False,False,0,0,0,0,0,0,465.19324744557974,70.0,73.0,40.0,-0.1281027547357389,-0.0206340007628035,0.2691017599482293,-0.2437749999999999,-0.2254,-0.6555500000000001,15.6513671875,2.6318359375,-45.7509765625,462.4131497112395,1.45902819504089,72.49333333333334,2.558697935091806,75.14,2.849773333739256,6.996890270990548,5.0,19.00527331070336,15.742018597745153,Good,18,6,2025-11-16 18:00:00+00:00,Abnormal
2025-11-16 18:37:18+00:00,465.19324744557974,40,72,74,29.6,53,1013.25,0.0,-0.5099458,0.196133,8.9828914,0.105,0.13125,-0.16625,192.28515625,-167.578125,122.998046875,kitchen idle,run_5,0,2327,0,False,False,False,0,0,0,0,0,0,465.19324744557974,72.0,74.0,40.0,-0.0421277515573906,-0.0206340007628035,0.0541642520023588,0.228725,0.15085,-0.0693,12.4287109375,3.1689453125,-50.5849609375,462.45979564637935,1.4349589135204943,72.49333333333334,2.558697935091806,75.15333333333334,2.8396442415106495,0.0,10.0,19.00527331070336,15.742018597745153,Good,18,6,2025-11-16 18:00:00+00:00,Abnormal
2025-11-16 18:37:23+00:00,465.19324744557974,39,72,73,29.1,53,1013.25,0.0,-0.588399,0.2745862,8.9828914,-0.3325,-0.385,-0.455,191.748046875,-168.115234375,133.740234375,kitchen idle,run_5,0,2327,0,False,False,False,0,0,0,0,0,0,465.19324744557974,72.0,73.0,39.0,-0.1281027547357389,0.0653410024155447,0.0541642520023588,-0.208775,-0.3654,-0.35805,11.8916015625,2.6318359375,-39.8427734375,462.49711239449135,1.4327590859320052,72.51333333333334,2.542884972251689,75.16666666666667,2.824667627098715,0.0,0.0,18.543334178929587,15.318925540422311,Good,18,6,2025-11-16 18:00:00+00:00,Abnormal
2025-11-16 18:37:29+00:00,465.19324744557974,39,72,73,29.7,53,1013.25,0.0,-0.6276256,0.2745862,9.022118,-0.1575,-0.2625,-0.00875,193.359375,-169.189453125,135.888671875,kitchen idle,run_5,0,2327,0,False,False,False,0,0,0,0,0,0,465.19324744557974,72.0,73.0,39.0,-0.1710902563249131,0.0653410024155447,0.0971517535915341,-0.0337749999999999,-0.2429,0.0882,13.5029296875,1.5576171875,-37.6943359375,462.5344291426033,1.4295755810597417,72.53333333333333,2.5268136995109782,75.19333333333333,2.7846575504679447,0.0,0.0,19.097653240904393,15.8278335395498,Good,18,6,2025-11-16 18:00:00+00:00,Abnormal
2025-11-16 18:37:34+00:00,465.19324744557974,39,71,72,29.3,53,1013.25,0.0,-0.5491724,0.2745862,9.022118,-0.14875,-0.1225,0.14875,190.673828125,-168.65234375,136.42578125,kitchen idle,run_5,0,2327,0,False,False,False,0,0,0,0,0,0,465.19324744557974,71.0,72.0,39.0,-0.0851152531465647,0.0653410024155447,0.0971517535915341,-0.0250249999999999,-0.1028999999999999,0.2457,10.8173828125,2.0947265625,-37.1572265625,462.5717458907153,1.4254018080585782,72.54,2.52139835496696,75.20666666666666,2.764338256351017,0.0,-5.0,18.72811772824277,15.486972590001844,Good,18,6,2025-11-16 18:00:00+00:00,Abnormal
2025-11-16 18:37:39+00:00,465.19324744557974,39,70,70,29.4,53,1013.25,0.0,-0.5099458,0.2353596,8.5906254,-0.0525,-0.11375,-0.30625,191.748046875,-168.65234375,127.83203125,kitchen idle,run_5,0,2327,0,False,False,False,0,0,0,0,0,0,465.19324744557974,70.0,70.0,39.0,-0.0421277515573906,0.0223535008263705,-0.3757107638893821,0.071225,-0.09415,-0.2093,11.8916015625,2.0947265625,-45.7509765625,462.6090626388272,1.4202290363472407,72.54,2.52139835496696,75.20666666666666,2.764338256351017,0.0,-5.0,18.820505554485027,15.571589665607608,Good,18,6,2025-11-16 18:00:00+00:00,Abnormal
2025-11-16 18:37:45+00:00,465.19324744557974,38,69,69,29.9,53,1013.25,0.0,-0.588399,0.2353596,8.9436648,-0.32375,-0.105,-0.35875,192.28515625,-167.578125,125.146484375,kitchen idle,run_5,0,2327,0,False,False,False,0,0,0,0,0,0,465.19324744557974,69.0,69.0,38.0,-0.1281027547357389,0.0223535008263705,0.0111767504131855,-0.2000249999999999,-0.0854,-0.2618,12.4287109375,3.1689453125,-48.4365234375,462.6463793869392,1.4140463025529773,72.54,2.52139835496696,75.2,2.7781506088348022,0.0,-5.0,19.282405206052516,16.00067212179771,Good,18,6,2025-11-16 18:00:00+00:00,Abnormal
2025-11-16 18:37:50+00:00,465.19324744557974,39,70,72,29.0,53,1013.25,0.0,-0.5099458,0.2353596,8.825985,-0.07,-0.315,-0.32375,192.28515625,-167.041015625,125.68359375,kitchen idle,run_5,0,2327,0,False,False,False,0,0,0,0,0,0,465.19324744557974,70.0,72.0,39.0,-0.0421277515573906,0.0223535008263705,-0.1177857543543383,0.053725,-0.2954,-0.2267999999999999,12.4287109375,3.7060546875,-47.8994140625,462.68369613505104,1.4068402910979136,72.55333333333333,2.50244623048446,75.22666666666667,2.727308250056782,0.0,5.0,18.450938455633697,15.235492508252277,Good,18,6,2025-11-16 18:00:00+00:00,Abnormal
2025-11-16 18:37:55+00:00,465.19324744557974,40,70,72,29.7,53,1013.25,0.0,-0.5099458,0.196133,8.9044382,0.06125,-0.37625,-0.11375,191.2109375,-168.65234375,123.53515625,kitchen idle,run_5,0,2327,0,False,False,False,0,0,0,0,0,0,465.19324744557974,70.0,72.0,40.0,-0.0421277515573906,-0.0206340007628035,-0.0318107511759897,0.184975,-0.3566499999999999,-0.0167999999999999,11.3544921875,2.0947265625,-50.0478515625,462.72101288316304,1.3985951853063,72.56,2.4942349636094496,75.24666666666667,2.692112931471156,0.0,0.0,19.097653240904393,15.8278335395498,Good,18,6,2025-11-16 18:00:00+00:00,Abnormal
2025-11-16 18:38:01+00:00,465.19324744557974,40,73,75,29.3,53,1013.25,0.0,-0.588399,0.196133,8.9828914,-0.04375,-0.2625,-0.245,191.748046875,-168.65234375,124.609375,kitchen idle,run_5,0,2327,0,False,False,False,0,0,0,0,0,0,465.19324744557974,73.0,75.0,40.0,-0.1281027547357389,-0.0206340007628035,0.0541642520023588,0.079975,-0.2429,-0.14805,11.8916015625,2.0947265625,-48.9736328125,462.75832963127505,1.3892924850009984,72.58,2.4855825887243586,75.26,2.6858565679044997,0.0,15.0,18.72811772824277,15.486972590001844,Good,18,6,2025-11-16 18:00:00+00:00,Abnormal
2025-11-16 18:38:06+00:00,465.19324744557974,40,71,73,29.2,53,1013.25,0.0,-0.5491724,0.2353596,8.9828914,-0.00875,-0.42,-0.0875,192.28515625,-167.578125,118.701171875,kitchen idle,run_5,0,2327,0,False,False,False,0,0,0,0,0,0,465.19324744557974,71.0,73.0,40.0,-0.0851152531465647,0.0223535008263705,0.0541642520023588,0.114975,-0.4004,0.00945,12.4287109375,3.1689453125,-54.8818359375,462.795646379387,1.378910785443104,72.58,2.4855825887243586,75.26,2.6858565679044997,0.0,-10.0,18.635727269761787,15.402751725389573,Good,18,6,2025-11-16 18:00:00+00:00,Abnormal
2025-11-16 18:38:11+00:00,465.19324744557974,39,73,75,29.1,53,1013.25,0.0,-0.588399,0.196133,8.9828914,-0.11375,-0.1575,0.32375,193.896484375,-167.578125,119.775390625,kitchen idle,run_5,0,2327,0,False,False,False,0,0,0,0,0,0,465.19324744557974,73.0,75.0,39.0,-0.1281027547357389,-0.0206340007628035,0.0541642520023588,0.009975,-0.1379,0.4206999999999999,14.0400390625,3.1689453125,-53.8076171875,462.832963127499,1.3674255110810134,72.6,2.4767374079461906,75.26666666666667,2.6839484753520417,0.0,10.0,18.543334178929587,15.318925540422311,Good,18,6,2025-11-16 18:00:00+00:00,Abnormal
2025-11-16 18:38:17+00:00,465.19324744557974,39,72,75,29.1,53,1013.25,0.0,-0.5099458,0.2745862,8.9436648,-0.14,-0.37625,-0.56,192.822265625,-168.115234375,128.369140625,kitchen idle,run_5,0,2327,0,False,False,False,0,0,0,0,0,0,465.19324744557974,72.0,75.0,39.0,-0.0421277515573906,0.0653410024155447,0.0111767504131855,-0.0162749999999999,-0.3566499999999999,-0.4630500000000001,12.9658203125,2.6318359375,-45.2138671875,462.8702798756108,1.3548085958214933,72.62,2.459524698995111,75.28666666666666,2.670587162813352,0.0,-5.0,18.543334178929587,15.318925540422311,Good,18,6,2025-11-16 18:00:00+00:00,Abnormal
2025-11-16 18:38:22+00:00,465.19324744557974,40,70,75,29.6,53,1013.25,0.0,-0.588399,0.2353596,8.9828914,-0.27125,0.00875,-0.56,194.43359375,-168.115234375,132.12890625,kitchen idle,run_5,0,2327,0,False,False,False,0,0,0,0,0,0,465.19324744557974,70.0,75.0,40.0,-0.1281027547357389,0.0223535008263705,0.0541642520023588,-0.1475249999999999,0.02835,-0.4630500000000001,14.5771484375,2.6318359375,-41.4541015625,462.9075966237229,1.3410280992884624,72.60666666666667,2.468313737541416,75.29333333333334,2.6686010880867577,0.0,-10.0,19.00527331070336,15.742018597745153,Good,18,6,2025-11-16 18:00:00+00:00,Abnormal
2025-11-16 18:38:27+00:00,465.19324744557974,39,69,74,29.4,53,1013.25,0.0,-0.5491724,0.3138128,8.9436648,-0.02625,-0.07,-0.39375,191.748046875,-168.65234375,118.1640625,kitchen idle,run_5,0,2327,0,False,False,False,0,0,0,0,0,0,465.19324744557974,69.0,74.0,39.0,-0.0851152531465647,0.1083285040047189,0.0111767504131855,0.097475,-0.0504,-0.2967999999999999,11.8916015625,2.0947265625,-55.4189453125,462.94491337183473,1.3260477456198292,72.57333333333334,2.4830882121567464,75.28,2.6700426057983697,0.0,-5.0,18.820505554485027,15.571589665607608,Good,18,6,2025-11-16 18:00:00+00:00,Abnormal
2025-11-16 18:38:33+00:00,465.19324744557974,39,68,71,29.8,53,1013.25,0.0,-0.6276256,0.196133,8.9044382,-0.16625,-0.1225,-0.00875,191.2109375,-169.189453125,122.4609375,kitchen idle,run_5,0,2327,0,False,False,False,0,0,0,0,0,0,465.19324744557974,68.0,71.0,39.0,-0.1710902563249131,-0.0206340007628035,-0.0318107511759897,-0.0425249999999999,-0.1028999999999999,0.0882,11.3544921875,1.5576171875,-51.1220703125,462.9729009329187,1.3289188750930985,72.54666666666667,2.5106128203650444,75.26,2.690849520307598,0.0,-5.0,19.19003053931662,15.91405086290973,Good,18,6,2025-11-16 18:00:00+00:00,Abnormal
2025-11-16 18:38:38+00:00,465.19324744557974,40,70,72,29.2,53,1013.25,0.0,-0.588399,0.196133,8.9044382,-0.34125,-0.42,-0.35875,192.28515625,-170.263671875,120.849609375,kitchen idle,run_5,0,2327,0,False,False,False,0,0,0,0,0,0,465.19324744557974,70.0,72.0,40.0,-0.1281027547357389,-0.0206340007628035,-0.0318107511759897,-0.2175249999999999,-0.4004,-0.2618,12.4287109375,0.4833984375,-52.7333984375,463.0008884940028,1.3311915745681282,72.53333333333333,2.5188328677505623,75.24666666666667,2.702066488997265,0.0,10.0,18.635727269761787,15.402751725389573,Good,18,6,2025-11-16 18:00:00+00:00,Abnormal
2025-11-16 18:38:43+00:00,462.3944913371835,39,71,73,29.3,53,1013.25,0.0,-0.588399,0.2353596,9.0613446,-0.16625,-0.21,0.35,192.822265625,-167.041015625,127.294921875,kitchen idle,run_5,0,2313,0,False,False,False,0,0,0,0,0,0,462.3944913371835,71.0,73.0,39.0,-0.1281027547357389,0.0223535008263705,0.1401392551807074,-0.0425249999999999,-0.1903999999999999,0.4469499999999999,12.9658203125,3.7060546875,-46.2880859375,463.0102176810307,1.321911643213509,72.53333333333333,2.5188328677505623,75.24666666666667,2.702066488997265,-13.993780541981096,5.0,18.72811772824277,15.486972590001844,Good,18,6,2025-11-16 18:00:00+00:00,Abnormal
2025-11-16 18:38:49+00:00,462.3944913371835,38,69,69,29.5,53,1013.25,0.0,-0.588399,0.3530394,8.8652116,-0.06125,-0.20125,-0.245,192.822265625,-167.578125,147.705078125,kitchen idle,run_5,0,2313,0,False,False,False,0,0,0,0,0,0,462.3944913371835,69.0,69.0,38.0,-0.1281027547357389,0.151316005593893,-0.074798252765163,0.062475,-0.18165,-0.14805,12.9658203125,3.1689453125,-25.8779296875,463.0195468680587,1.312499348962317,72.51333333333334,2.53495473839823,75.22,2.7438032684285103,0.0,-10.0,18.912890748601072,15.656604488064046,Good,18,6,2025-11-16 18:00:00+00:00,Abnormal
2025-11-16 18:38:54+00:00,463.7938693913816,40,69,70,29.4,53,1013.25,0.0,-0.5491724,0.2353596,8.9828914,-0.0875,-0.14875,-0.42,194.970703125,-169.7265625,138.57421875,kitchen idle,run_5,0,2320,0,False,False,False,0,0,0,0,0,0,463.7938693913816,69.0,70.0,40.0,-0.0851152531465647,0.0223535008263705,0.0541642520023588,0.036225,-0.12915,-0.3230499999999999,15.1142578125,1.0205078125,-35.0087890625,463.0382052421146,1.3033888467894723,72.49333333333334,2.5508168626279777,75.19333333333333,2.775000251929782,6.996890270990548,0.0,18.820505554485027,15.571589665607608,Good,18,6,2025-11-16 18:00:00+00:00,Abnormal
2025-11-16 18:38:59+00:00,465.19324744557974,39,67,69,29.1,53,1013.25,0.0,-0.6276256,0.2353596,8.9044382,0.0525,-0.11375,-0.3325,193.896484375,-170.263671875,124.609375,kitchen idle,run_5,0,2327,0,False,False,False,0,0,0,0,0,0,465.19324744557974,67.0,69.0,39.0,-0.1710902563249131,0.0223535008263705,-0.0318107511759897,0.176225,-0.09415,-0.23555,14.0400390625,0.4833984375,-48.9736328125,463.06619280319853,1.3042960430341102,72.44666666666667,2.5868450548512154,75.15333333333334,2.820673123211732,6.996890270990548,-10.0,18.543334178929587,15.318925540422311,Good,18,6,2025-11-16 18:00:00+00:00,Abnormal
2025-11-16 18:39:05+00:00,465.19324744557974,39,67,69,29.8,53,1013.25,0.0,-0.588399,0.2353596,9.022118,-0.04375,0.1225,0.1925,194.43359375,-168.115234375,126.220703125,kitchen idle,run_5,0,2327,0,False,False,False,0,0,0,0,0,0,465.19324744557974,67.0,69.0,39.0,-0.1281027547357389,0.0223535008263705,0.0971517535915341,0.079975,0.1421,0.28945,14.5771484375,2.6318359375,-47.3623046875,463.08485117725456,1.3146004965583329,72.42,2.6222332814894487,75.13333333333334,2.853625191538098,0.0,0.0,19.19003053931662,15.91405086290973,Good,18,6,2025-11-16 18:00:00+00:00,Abnormal
2025-11-16 18:39:10+00:00,465.19324744557974,39,68,71,29.9,53,1013.25,0.0,-0.588399,0.2353596,9.022118,-0.105,-0.035,-0.13125,194.43359375,-169.189453125,127.294921875,kitchen idle,run_5,0,2327,0,False,False,False,0,0,0,0,0,0,465.19324744557974,68.0,71.0,39.0,-0.1281027547357389,0.0223535008263705,0.0971517535915341,0.018725,-0.0154,-0.0343,14.5771484375,1.5576171875,-46.2880859375,463.10350955131054,1.3245602366187763,72.4,2.644482669749344,75.12666666666667,2.8621498154351763,0.0,5.0,19.282405206052516,16.00067212179771,Good,18,6,2025-11-16 18:00:00+00:00,Abnormal
2025-11-16 18:39:15+00:00,465.19324744557974,40,70,73,29.8,53,1013.25,0.0,-0.5491724,0.196133,8.9436648,-0.21,-0.1575,0.04375,192.822265625,-167.578125,124.072265625,kitchen idle,run_5,0,2327,0,False,False,False,0,0,0,0,0,0,465.19324744557974,70.0,73.0,40.0,-0.0851152531465647,-0.0206340007628035,0.0111767504131855,-0.0862749999999999,-0.1379,0.1407,12.9658203125,3.1689453125,-49.5107421875,463.12216792536657,1.334182983145475,72.38666666666667,2.6515454950471513,75.12,2.865953815951659,0.0,10.0,19.19003053931662,15.91405086290973,Good,18,6,2025-11-16 18:00:00+00:00,Abnormal
2025-11-16 18:39:21+00:00,466.59262549977785,39,73,74,29.5,53,1013.25,0.0,-0.5099458,0.196133,9.022118,-0.0175,-0.3325,-0.35,192.822265625,-167.578125,130.517578125,kitchen idle,run_5,0,2334,0,False,False,False,0,0,0,0,0,0,466.59262549977785,73.0,74.0,39.0,-0.0421277515573906,-0.0206340007628035,0.0971517535915341,0.106225,-0.3129,-0.25305,12.9658203125,3.1689453125,-43.0654296875,463.15015548645056,1.3625471056870784,72.39333333333333,2.651823904857175,75.12,2.865953815951659,6.996890270990548,15.0,18.912890748601072,15.656604488064046,Good,18,6,2025-11-16 18:00:00+00:00,Abnormal
2025-11-16 18:39:26+00:00,467.992003553976,40,74,75,29.4,53,1013.25,0.0,-0.5491724,0.196133,9.022118,-0.20125,-0.1225,0.0,191.748046875,-169.189453125,129.98046875,kitchen idle,run_5,0,2341,0,False,False,False,0,0,0,0,0,0,467.992003553976,74.0,75.0,40.0,-0.0851152531465647,-0.0206340007628035,0.0971517535915341,-0.0775249999999999,-0.1028999999999999,0.09695,11.8916015625,1.5576171875,-43.6025390625,463.1874722345625,1.4172646902123671,72.41333333333333,2.652557754285779,75.12666666666667,2.8644937397012336,6.996890270990548,5.0,18.820505554485027,15.571589665607608,Good,18,6,2025-11-16 18:00:00+00:00,Abnormal
2025-11-16 18:39:32+00:00,467.992003553976,40,72,73,29.5,53,1013.25,0.0,-0.588399,0.2353596,8.9828914,-0.3325,-0.11375,-0.5162500000000001,194.43359375,-169.189453125,124.072265625,kitchen idle,run_5,0,2341,0,False,False,False,0,0,0,0,0,0,467.992003553976,72.0,73.0,40.0,-0.1281027547357389,0.0223535008263705,0.0541642520023588,-0.208775,-0.09415,-0.4193000000000001,14.5771484375,1.5576171875,-49.5107421875,463.22478898267445,1.468992858335964,72.41333333333333,2.652557754285779,75.11333333333333,2.8697371828935,0.0,-10.0,18.912890748601072,15.656604488064046,Good,18,6,2025-11-16 18:00:00+00:00,Abnormal
2025-11-16 18:39:37+00:00,466.59262549977785,39,71,71,29.6,53,1013.25,0.0,-0.6276256,0.2745862,8.825985,-0.18375,-0.21875,-0.35,194.970703125,-171.337890625,129.98046875,kitchen idle,run_5,0,2334,0,False,False,False,0,0,0,0,0,0,466.59262549977785,71.0,71.0,39.0,-0.1710902563249131,0.0653410024155447,-0.1177857543543383,-0.0600249999999999,-0.19915,-0.25305,15.1142578125,-0.5908203125,-43.6025390625,463.2527765437584,1.492865574145814,72.41333333333333,2.652557754285779,75.1,2.8842316041380625,-6.996890270990548,-5.0,19.00527331070336,15.742018597745153,Good,18,6,2025-11-16 18:00:00+00:00,Abnormal
2025-11-16 18:39:42+00:00,466.59262549977785,40,70,70,29.7,53,1013.25,0.0,-0.5491724,0.2353596,9.1005712,-0.07,-0.1575,-0.2625,193.896484375,-168.115234375,131.0546875,kitchen idle,run_5,0,2334,0,False,False,False,0,0,0,0,0,0,466.59262549977785,70.0,70.0,40.0,-0.0851152531465647,0.0223535008263705,0.1831267567698807,0.053725,-0.1379,-0.16555,14.0400390625,2.6318359375,-42.5283203125,463.28076410484226,1.5158423749864454,72.4,2.6596664270837227,75.07333333333334,2.9128197705419505,0.0,-5.0,19.097653240904393,15.8278335395498,Good,18,6,2025-11-16 18:00:00+00:00,Abnormal
2025-11-16 18:39:48+00:00,466.59262549977785,39,69,71,29.9,53,1013.25,0.0,-0.5491724,0.2353596,8.825985,-0.00875,-0.455,-0.07875,194.43359375,-168.65234375,125.68359375,kitchen idle,run_5,0,2334,0,False,False,False,0,0,0,0,0,0,466.59262549977785,69.0,71.0,39.0,-0.0851152531465647,0.0223535008263705,-0.1177857543543383,0.114975,-0.4354,0.0182,14.5771484375,2.0947265625,-47.8994140625,463.30875166592625,1.5379634156398434,72.4,2.6596664270837227,75.08666666666667,2.8893153474021975,0.0,-5.0,19.282405206052516,16.00067212179771,Good,18,6,2025-11-16 18:00:00+00:00,Abnormal
2025-11-16 18:39:53+00:00,466.59262549977785,39,69,71,29.2,53,1013.25,0.0,-0.588399,0.2353596,8.9436648,-0.175,-0.04375,-0.32375,194.43359375,-169.7265625,134.814453125,kitchen idle,run_5,0,2334,0,False,False,False,0,0,0,0,0,0,466.59262549977785,69.0,71.0,39.0,-0.1281027547357389,0.0223535008263705,0.0111767504131855,-0.0512749999999999,-0.0241499999999999,-0.2267999999999999,14.5771484375,1.0205078125,-38.7685546875,463.34606841403814,1.5493155287696645,72.39333333333333,2.6669658668838703,75.09333333333333,2.878633779847455,0.0,0.0,18.635727269761787,15.402751725389573,Good,18,6,2025-11-16 18:00:00+00:00,Abnormal
2025-11-16 18:39:58+00:00,465.19324744557974,39,69,71,29.8,53,1013.25,0.0,-0.6276256,0.2745862,8.9828914,-0.02625,-0.11375,-0.0875,192.822265625,-169.189453125,133.740234375,kitchen idle,run_5,0,2327,0,False,False,False,0,0,0,0,0,0,465.19324744557974,69.0,71.0,39.0,-0.1710902563249131,0.0653410024155447,0.0541642520023588,0.097475,-0.09415,0.00945,12.9658203125,1.5576171875,-39.8427734375,463.37405597512225,1.5444727111235,72.37333333333333,2.681146370733633,75.08,2.8929908353042646,-6.996890270990548,0.0,19.19003053931662,15.91405086290973,Good,18,6,2025-11-16 18:00:00+00:00,Abnormal
2025-11-16 18:40:04+00:00,465.19324744557974,39,69,72,29.5,53,1013.25,0.0,-0.588399,0.2745862,8.8652116,-0.02625,0.21,-0.11375,193.896484375,-168.115234375,123.53515625,kitchen idle,run_5,0,2327,0,False,False,False,0,0,0,0,0,0,465.19324744557974,69.0,72.0,39.0,-0.1281027547357389,0.0653410024155447,-0.074798252765163,0.097475,0.2296,-0.0167999999999999,14.0400390625,2.6318359375,-50.0478515625,463.4020435362062,1.5391023948492557,72.34666666666666,2.694729299118248,75.06666666666666,2.9025946889656744,0.0,0.0,18.912890748601072,15.656604488064046,Good,18,6,2025-11-16 18:00:00+00:00,Abnormal
2025-11-16 18:40:09+00:00,463.7938693913816,40,74,75,29.3,53,1013.25,0.0,-0.5491724,0.2353596,9.022118,0.2975,-0.105,-0.1575,192.822265625,-169.7265625,136.962890625,kitchen idle,run_5,0,2320,0,False,False,False,0,0,0,0,0,0,463.7938693913816,74.0,75.0,40.0,-0.0851152531465647,0.0223535008263705,0.0971517535915341,0.421225,-0.0854,-0.0605499999999999,12.9658203125,1.0205078125,-36.6201171875,463.4207019102621,1.526641673545209,72.34666666666666,2.694729299118248,75.06666666666666,2.9025946889656744,-6.996890270990548,25.0,18.72811772824277,15.486972590001844,Good,18,6,2025-11-16 18:00:00+00:00,Abnormal
2025-11-16 18:40:14+00:00,463.7938693913816,40,73,74,29.4,53,1013.25,0.0,-0.5491724,0.2745862,8.9044382,0.0,-0.04375,-0.20125,192.28515625,-169.189453125,129.443359375,kitchen idle,run_5,0,2320,0,False,False,False,0,0,0,0,0,0,463.7938693913816,73.0,74.0,40.0,-0.0851152531465647,0.0653410024155447,-0.0318107511759897,0.123725,-0.0241499999999999,-0.1043,12.4287109375,1.5576171875,-44.1396484375,463.43003109729017,1.524602876844752,72.34666666666666,2.694729299118248,75.06666666666666,2.9025946889656744,0.0,-5.0,18.820505554485027,15.571589665607608,Good,18,6,2025-11-16 18:00:00+00:00,Abnormal
2025-11-16 18:40:20+00:00,463.7938693913816,38,69,72,29.8,53,1013.25,0.0,-0.5491724,0.2353596,8.7867584,-0.0175,-0.34125,-0.455,192.28515625,-165.966796875,133.203125,kitchen idle,run_5,0,2320,0,False,False,False,0,0,0,0,0,0,463.7938693913816,69.0,72.0,38.0,-0.0851152531465647,0.0223535008263705,-0.1607732559435116,0.106225,-0.32165,-0.35805,12.4287109375,4.7802734375,-40.3798828125,463.4393602843181,1.5225038026430249,72.30666666666667,2.6996064010071072,75.03333333333333,2.908946317842529,0.0,-20.0,19.19003053931662,15.91405086290973,Good,18,6,2025-11-16 18:00:00+00:00,Abnormal
2025-11-16 18:40:25+00:00,463.7938693913816,38,68,72,29.5,53,1013.25,0.0,-0.588399,0.196133,8.7867584,0.0875,-0.20125,-0.02625,193.896484375,-170.263671875,136.42578125,kitchen idle,run_5,0,2320,0,False,False,False,0,0,0,0,0,0,463.7938693913816,68.0,72.0,38.0,-0.1281027547357389,-0.0206340007628035,-0.1607732559435116,0.211225,-0.18165,0.0707,14.0400390625,0.4833984375,-37.1572265625,463.44868947134614,1.5203442012723456,72.25333333333333,2.705169465015549,75.0,2.914900392003498,0.0,-5.0,18.912890748601072,15.656604488064046,Good,18,6,2025-11-16 18:00:00+00:00,Abnormal
2025-11-16 18:40:30+00:00,463.7938693913816,38,68,73,29.0,53,1013.25,0.0,-0.588399,0.2745862,8.8652116,0.1225,-0.37625,-0.06125,194.43359375,-169.189453125,119.775390625,kitchen idle,run_5,0,2320,0,False,False,False,0,0,0,0,0,0,463.7938693913816,68.0,73.0,38.0,-0.1281027547357389,0.0653410024155447,-0.074798252765163,0.246225,-0.3566499999999999,0.0357,14.5771484375,1.5576171875,-53.8076171875,463.458018658374,1.518123814424641,72.22,2.7266273387274462,74.98666666666666,2.9194710072149745,0.0,0.0,18.450938455633697,15.235492508252277,Good,18,6,2025-11-16 18:00:00+00:00,Abnormal
2025-11-16 18:40:36+00:00,463.7938693913816,39,69,74,29.2,53,1013.25,0.0,-0.588399,0.2353596,8.9044382,-0.23625,-0.18375,-0.35875,193.896484375,-170.80078125,125.68359375,kitchen idle,run_5,0,2320,0,False,False,False,0,0,0,0,0,0,463.7938693913816,69.0,74.0,39.0,-0.1281027547357389,0.0223535008263705,-0.0318107511759897,-0.1125249999999999,-0.16415,-0.2618,14.0400390625,-0.0537109375,-47.8994140625,463.46734784540206,1.515842374986527,72.18666666666667,2.735269680253533,74.97333333333333,2.9193790519932734,0.0,5.0,18.635727269761787,15.402751725389573,Good,18,6,2025-11-16 18:00:00+00:00,Abnormal
2025-11-16 18:40:41+00:00,463.7938693913816,39,70,74,29.0,53,1013.25,0.0,-0.5491724,0.2353596,9.022118,-0.35,-0.1575,-0.27125,192.28515625,-169.189453125,120.3125,kitchen idle,run_5,0,2320,0,False,False,False,0,0,0,0,0,0,463.7938693913816,70.0,74.0,39.0,-0.0851152531465647,0.0223535008263705,0.0971517535915341,-0.2262749999999999,-0.1379,-0.1742999999999999,12.4287109375,1.5576171875,-53.2705078125,463.47667703243,1.5134996068671993,72.16,2.736970352672827,74.96666666666667,2.9204593429885928,0.0,5.0,18.450938455633697,15.235492508252277,Good,18,6,2025-11-16 18:00:00+00:00,Abnormal
2025-11-16 18:40:46+00:00,463.7938693913816,38,69,73,29.4,53,1013.25,0.0,-0.5491724,0.2745862,8.8652116,-0.2625,-0.13125,-0.1225,190.673828125,-169.189453125,128.369140625,kitchen idle,run_5,0,2320,0,False,False,False,0,0,0,0,0,0,463.7938693913816,69.0,73.0,38.0,-0.0851152531465647,0.0653410024155447,-0.074798252765163,-0.1387749999999999,-0.11165,-0.0255499999999999,10.8173828125,1.5576171875,-45.2138671875,463.4860062194581,1.5110952248188525,72.12666666666667,2.7448467070477327,74.94666666666667,2.9236059987273144,0.0,-5.0,18.820505554485027,15.571589665607608,Good,18,6,2025-11-16 18:00:00+00:00,Abnormal
2025-11-16 18:40:52+00:00,463.7938693913816,38,69,73,29.5,53,1013.25,0.0,-0.5491724,0.2745862,8.9044382,-0.1575,-0.3325,-0.27125,193.896484375,-167.041015625,116.552734375,kitchen idle,run_5,0,2320,0,False,False,False,0,0,0,0,0,0,463.7938693913816,69.0,73.0,38.0,-0.0851152531465647,0.0653410024155447,-0.0318107511759897,-0.0337749999999999,-0.3129,-0.1742999999999999,14.0400390625,3.7060546875,-57.0302734375,463.4953354064861,1.508628934249343,72.08,2.7380490776606767,74.91333333333333,2.917056221987725,0.0,0.0,18.912890748601072,15.656604488064046,Good,18,6,2025-11-16 18:00:00+00:00,Abnormal
2025-11-16 18:40:57+00:00,465.19324744557974,39,70,72,29.1,53,1013.25,0.0,-0.588399,0.196133,8.9828914,-0.4025,-0.28,-0.55125,192.28515625,-169.189453125,112.79296875,kitchen idle,run_5,0,2327,0,False,False,False,0,0,0,0,0,0,465.19324744557974,70.0,72.0,39.0,-0.1281027547357389,-0.0206340007628035,0.0541642520023588,-0.278775,-0.2604,-0.4543,12.4287109375,1.5576171875,-60.7900390625,463.513993780542,1.5122254708226543,72.02666666666667,2.699606401007113,74.85333333333334,2.883386028407314,6.996890270990548,5.0,18.543334178929587,15.318925540422311,Good,18,6,2025-11-16 18:00:00+00:00,Abnormal
2025-11-16 18:41:02+00:00,465.19324744557974,37,68,69,29.1,53,1013.25,0.0,-0.5491724,0.2745862,8.9436648,-0.07,0.00875,-0.02625,192.28515625,-169.189453125,125.68359375,kitchen idle,run_5,0,2327,0,False,False,False,0,0,0,0,0,0,465.19324744557974,68.0,69.0,37.0,-0.0851152531465647,0.0653410024155447,0.0111767504131855,0.053725,0.02835,0.0707,12.4287109375,1.5576171875,-47.8994140625,463.53265215459805,1.5155822462533943,71.96666666666667,2.6883209167119664,74.78666666666666,2.9024097062455687,0.0,-10.0,18.543334178929587,15.318925540422311,Good,18,6,2025-11-16 18:00:00+00:00,Abnormal
2025-11-16 18:41:08+00:00,465.19324744557974,36,66,67,29.5,53,1013.25,0.0,-0.588399,0.2745862,8.8652116,-0.0525,-0.6475000000000001,-0.42,192.822265625,-171.337890625,118.701171875,kitchen idle,run_5,0,2327,0,False,False,False,0,0,0,0,0,0,465.19324744557974,66.0,67.0,36.0,-0.1281027547357389,0.0653410024155447,-0.074798252765163,0.071225,-0.6279000000000001,-0.3230499999999999,12.9658203125,-0.5908203125,-54.8818359375,463.551310528654,1.5187008503702653,71.90666666666667,2.720409233591693,74.72,2.9653932364831648,0.0,-10.0,18.912890748601072,15.656604488064046,Good,18,6,2025-11-16 18:00:00+00:00,Abnormal
2025-11-16 18:41:13+00:00,465.19324744557974,37,68,68,29.5,53,1013.25,0.0,-0.4707192,0.2353596,8.8652116,0.18375,-0.00875,-0.28,192.822265625,-168.65234375,138.037109375,kitchen idle,run_5,0,2327,0,False,False,False,0,0,0,0,0,0,465.19324744557974,68.0,68.0,37.0,0.0008597500317835,0.0223535008263705,-0.074798252765163,0.307475,0.0108499999999999,-0.18305,12.9658203125,2.0947265625,-35.5458984375,463.56996890270983,1.5215827476267747,71.85333333333334,2.7180398253466933,74.66,3.009671212170755,0.0,10.0,18.912890748601072,15.656604488064046,Good,18,6,2025-11-16 18:00:00+00:00,Abnormal
2025-11-16 18:41:19+00:00,465.19324744557974,37,69,69,29.3,53,1013.25,0.0,-0.588399,0.196133,8.9436648,-0.32375,-0.3325,-0.2975,196.58203125,-170.263671875,111.71875,kitchen idle,run_5,0,2327,0,False,False,False,0,0,0,0,0,0,465.19324744557974,69.0,69.0,37.0,-0.1281027547357389,-0.0206340007628035,0.0111767504131855,-0.2000249999999999,-0.3129,-0.2005499999999999,16.7255859375,0.4833984375,-61.8642578125,463.58862727676586,1.5242292806657134,71.80666666666667,2.706434457369412,74.60666666666667,3.0386694957251987,0.0,5.0,18.72811772824277,15.486972590001844,Good,18,6,2025-11-16 18:00:00+00:00,Abnormal
2025-11-16 18:41:24+00:00,465.19324744557974,37,69,70,29.9,53,1013.25,0.0,-0.588399,0.196133,8.9436648,-0.34125,-0.30625,0.06125,192.28515625,-169.189453125,122.998046875,kitchen idle,run_5,0,2327,0,False,False,False,0,0,0,0,0,0,465.19324744557974,69.0,70.0,37.0,-0.1281027547357389,-0.0206340007628035,0.0111767504131855,-0.2175249999999999,-0.28665,0.1582,12.4287109375,1.5576171875,-50.5849609375,463.6166148378498,1.514801592030914,71.76,2.693965416338934,74.56,3.0553726472270304,0.0,0.0,19.282405206052516,16.00067212179771,Good,18,6,2025-11-16 18:00:00+00:00,Abnormal
2025-11-16 18:41:29+00:00,465.19324744557974,37,69,69,0.0,0,1013.25,0.0,-0.5491724,0.3138128,8.9436648,-0.16625,-0.09625,0.06125,192.28515625,-167.041015625,123.53515625,kitchen idle,run_5,0,2327,0,False,False,False,0,0,0,0,0,0,465.19324744557974,69.0,69.0,37.0,-0.0851152531465647,0.1083285040047189,0.0111767504131855,-0.0425249999999999,-0.07665,0.1582,12.4287109375,3.7060546875,-50.0478515625,463.6446023989339,1.504790917405888,71.71333333333334,2.6806206500271372,74.50666666666666,3.082199743246859,0.0,0.0,-96.07763018544566,0.0,Good,18,6,2025-11-16 18:00:00+00:00,Abnormal
2025-11-16 18:41:35+00:00,465.19324744557974,39,70,73,29.8,53,1013.25,0.0,-0.5099458,0.2353596,8.7867584,-0.2975,-0.18375,-0.23625,192.822265625,-169.189453125,129.98046875,kitchen idle,run_5,0,2327,0,False,False,False,0,0,0,0,0,0,465.19324744557974,70.0,73.0,39.0,-0.0421277515573906,0.0223535008263705,-0.1607732559435116,-0.1737749999999999,-0.16415,-0.1392999999999999,12.9658203125,1.5576171875,-43.6025390625,463.67258996001783,1.494185539249496,71.67333333333333,2.660919421933528,74.48,3.0777835657909196,0.0,5.0,19.19003053931662,15.91405086290973,Good,18,6,2025-11-16 18:00:00+00:00,Abnormal
2025-11-16 18:41:40+00:00,465.19324744557974,39,69,74,29.0,53,1013.25,0.0,-0.588399,0.2353596,9.022118,-0.32375,-0.0175,-0.23625,192.28515625,-168.115234375,122.998046875,kitchen idle,run_5,0,2327,0,False,False,False,0,0,0,0,0,0,465.19324744557974,69.0,74.0,39.0,-0.1281027547357389,0.0223535008263705,0.0971517535915341,-0.2000249999999999,0.0020999999999999,-0.1392999999999999,12.4287109375,2.6318359375,-50.5849609375,463.7005775211017,1.482972698671338,71.62,2.6334706729401027,74.44666666666667,3.0554971182806505,0.0,-5.0,18.450938455633697,15.235492508252277,Good,18,6,2025-11-16 18:00:00+00:00,Abnormal
2025-11-16 18:41:45+00:00,465.19324744557974,40,70,76,29.3,53,1013.25,0.0,-0.5099458,0.196133,8.8652116,0.20125,-0.07875,-0.23625,193.896484375,-168.65234375,128.90625,kitchen idle,run_5,0,2327,0,False,False,False,0,0,0,0,0,0,465.19324744557974,70.0,76.0,40.0,-0.0421277515573906,-0.0206340007628035,-0.074798252765163,0.324975,-0.05915,-0.1392999999999999,14.0400390625,2.0947265625,-44.6767578125,463.7285650821857,1.47113850572065,71.58,2.6119755181439306,74.42,3.0239979759235287,0.0,5.0,18.72811772824277,15.486972590001844,Good,18,6,2025-11-16 18:00:00+00:00,Abnormal
2025-11-16 18:41:51+00:00,463.7938693913816,40,70,75,29.9,53,1013.25,0.0,-0.588399,0.1569064,8.9828914,-0.28875,-0.13125,-0.18375,192.28515625,-167.578125,124.072265625,kitchen idle,run_5,0,2320,0,False,False,False,0,0,0,0,0,0,463.7938693913816,70.0,75.0,40.0,-0.1281027547357389,-0.0636215023519777,0.0541642520023588,-0.1650249999999999,-0.11165,-0.0867999999999999,12.4287109375,3.1689453125,-49.5107421875,463.7378942692137,1.4670531202443662,71.53333333333333,2.5767850180182834,74.37333333333333,2.9595634238778548,-6.996890270990548,0.0,19.282405206052516,16.00067212179771,Good,18,6,2025-11-16 18:00:00+00:00,Abnormal
2025-11-16 18:41:56+00:00,463.7938693913816,39,68,72,29.8,53,1013.25,0.0,-0.5491724,0.2745862,9.022118,-0.11375,-0.13125,-0.06125,192.822265625,-168.115234375,114.94140625,kitchen idle,run_5,0,2320,0,False,False,False,0,0,0,0,0,0,463.7938693913816,68.0,72.0,39.0,-0.0851152531465647,0.0653410024155447,0.0971517535915341,0.009975,-0.11165,0.0357,12.9658203125,2.6318359375,-58.6416015625,463.74722345624167,1.4628964339707289,71.48666666666666,2.5769673312634227,74.32666666666667,2.941251769005921,0.0,-10.0,19.19003053931662,15.91405086290973,Good,18,6,2025-11-16 18:00:00+00:00,Abnormal
2025-11-16 18:42:01+00:00,463.7938693913816,40,68,72,29.2,53,1013.25,0.0,-0.588399,0.2745862,8.9828914,-0.21875,0.09625,-0.48125,192.28515625,-169.189453125,122.998046875,kitchen idle,run_5,0,2320,0,False,False,False,0,0,0,0,0,0,463.7938693913816,68.0,72.0,40.0,-0.1281027547357389,0.0653410024155447,0.0541642520023588,-0.0950249999999999,0.11585,-0.3843,12.4287109375,1.5576171875,-50.5849609375,463.7658818302977,1.4453017513161766,71.45333333333333,2.5895677819937193,74.3,2.944110262014606,0.0,0.0,18.635727269761787,15.402751725389573,Good,18,6,2025-11-16 18:00:00+00:00,Abnormal
2025-11-16 18:42:07+00:00,463.7938693913816,39,67,72,29.4,53,1013.25,0.0,-0.5491724,0.2353596,9.022118,-0.06125,-0.32375,-0.00875,192.28515625,-165.966796875,128.90625,kitchen idle,run_5,0,2320,0,False,False,False,0,0,0,0,0,0,463.7938693913816,67.0,72.0,39.0,-0.0851152531465647,0.0223535008263705,0.0971517535915341,0.062475,-0.30415,0.0882,12.4287109375,4.7802734375,-44.6767578125,463.7845402043536,1.4272446830849064,71.41333333333333,2.611761386335018,74.27333333333333,2.946723050064452,0.0,-5.0,18.820505554485027,15.571589665607608,Good,18,6,2025-11-16 18:00:00+00:00,Abnormal
2025-11-16 18:42:12+00:00,463.7938693913816,40,67,73,29.8,53,1013.25,0.0,-0.5491724,0.2353596,9.0613446,-0.3325,-0.23625,-0.0525,194.970703125,-167.041015625,102.587890625,kitchen idle,run_5,0,2320,0,False,False,False,0,0,0,0,0,0,463.7938693913816,67.0,73.0,40.0,-0.0851152531465647,0.0223535008263705,0.1401392551807074,-0.208775,-0.2166499999999999,0.04445,15.1142578125,3.7060546875,-70.9951171875,463.8031985784097,1.4087074485619284,71.36666666666666,2.627721769941492,74.24,2.932529887933721,0.0,0.0,19.19003053931662,15.91405086290973,Good,18,6,2025-11-16 18:00:00+00:00,Abnormal
2025-11-16 18:42:17+00:00,463.7938693913816,40,66,72,29.1,53,1013.25,0.0,-0.588399,0.196133,8.8652116,-0.13125,-0.07,-0.035,192.28515625,-168.65234375,122.4609375,kitchen idle,run_5,0,2320,0,False,False,False,0,0,0,0,0,0,463.7938693913816,66.0,72.0,40.0,-0.1281027547357389,-0.0206340007628035,-0.074798252765163,-0.0075249999999999,-0.0504,0.06195,12.4287109375,2.0947265625,-51.1220703125,463.8218569524656,1.3896708326351166,71.30666666666667,2.646884116414584,74.19333333333333,2.9118979872487967,0.0,-5.0,18.543334178929587,15.318925540422311,Good,18,6,2025-11-16 18:00:00+00:00,Abnormal
2025-11-16 18:42:23+00:00,463.7938693913816,40,67,73,29.3,53,1013.25,0.0,-0.6668522,0.196133,9.022118,-0.20125,-0.18375,-0.25375,194.43359375,-168.115234375,126.7578125,kitchen idle,run_5,0,2320,0,False,False,False,0,0,0,0,0,0,463.7938693913816,67.0,73.0,40.0,-0.2140777579140873,-0.0206340007628035,0.0971517535915341,-0.0775249999999999,-0.16415,-0.1567999999999999,14.5771484375,2.6318359375,-46.8251953125,463.8405153265216,1.3701140199716568,71.24666666666667,2.641782667055715,74.15333333333334,2.8865265968259974,0.0,5.0,18.72811772824277,15.486972590001844,Good,18,6,2025-11-16 18:00:00+00:00,Abnormal
2025-11-16 18:42:28+00:00,465.19324744557974,40,68,71,29.8,53,1013.25,0.0,-0.6276256,0.2353596,8.825985,-0.09625,-0.16625,-0.28875,192.28515625,-168.65234375,119.23828125,kitchen idle,run_5,0,2327,0,False,False,False,0,0,0,0,0,0,465.19324744557974,68.0,71.0,40.0,-0.1710902563249131,0.0223535008263705,-0.1177857543543383,0.027475,-0.14665,-0.1918,12.4287109375,2.0947265625,-54.3447265625,463.8685028876055,1.3543881641790465,71.18666666666667,2.612275273187923,74.08666666666667,2.8424789886462323,6.996890270990548,5.0,19.19003053931662,15.91405086290973,Good,18,6,2025-11-16 18:00:00+00:00,Abnormal
2025-11-16 18:42:33+00:00,465.19324744557974,41,70,72,29.9,53,1013.25,0.0,-0.5491724,0.2353596,9.022118,0.00875,-0.23625,-0.32375,193.359375,-168.115234375,131.591796875,kitchen idle,run_5,0,2327,0,False,False,False,0,0,0,0,0,0,465.19324744557974,70.0,72.0,41.0,-0.0851152531465647,0.0223535008263705,0.0971517535915341,0.132475,-0.2166499999999999,-0.2267999999999999,13.5029296875,2.6318359375,-41.9912109375,463.89649044868946,1.3378882799101248,71.14666666666666,2.5838597284290867,74.03333333333333,2.8055952404515367,0.0,10.0,19.282405206052516,16.00067212179771,Good,18,6,2025-11-16 18:00:00+00:00,Abnormal
2025-11-16 18:42:39+00:00,465.19324744557974,40,72,73,29.7,53,1013.25,0.0,-0.5491724,0.2353596,8.8652116,0.07,-0.105,-0.455,193.359375,-168.115234375,113.330078125,kitchen idle,run_5,0,2327,0,False,False,False,0,0,0,0,0,0,465.19324744557974,72.0,73.0,40.0,-0.0851152531465647,0.0223535008263705,-0.074798252765163,0.193725,-0.0854,-0.35805,13.5029296875,2.6318359375,-60.2529296875,463.9244780097735,1.320585354485142,71.11333333333333,2.5397158501598844,73.98,2.7477141201199453,0.0,10.0,19.097653240904393,15.8278335395498,Good,18,6,2025-11-16 18:00:00+00:00,Abnormal
2025-11-16 18:42:44+00:00,465.19324744557974,39,73,74,29.6,53,1013.25,0.0,-0.7060788,0.2353596,8.9436648,0.00875,-0.14875,-0.6125,193.896484375,-168.115234375,113.8671875,kitchen idle,run_5,0,2327,0,False,False,False,0,0,0,0,0,0,465.19324744557974,73.0,74.0,39.0,-0.2570652595032615,0.0223535008263705,0.0111767504131855,0.132475,-0.12915,-0.5155500000000001,14.0400390625,2.6318359375,-59.7158203125,463.95246557085744,1.3024473832549293,71.08,2.48085285184027,73.92666666666666,2.667469118636977,0.0,5.0,19.00527331070336,15.742018597745153,Good,18,6,2025-11-16 18:00:00+00:00,Abnormal
2025-11-16 18:42:49+00:00,465.19324744557974,40,76,77,29.9,53,1013.25,0.0,-0.5491724,0.2745862,8.825985,-0.20125,-0.175,-0.4375,192.28515625,-169.189453125,113.8671875,kitchen idle,run_5,0,2327,0,False,False,False,0,0,0,0,0,0,465.19324744557974,76.0,77.0,40.0,-0.0851152531465647,0.0653410024155447,-0.1177857543543383,-0.0775249999999999,-0.1553999999999999,-0.34055,12.4287109375,1.5576171875,-59.7158203125,463.98045313194143,1.2834389633020216,71.08,2.48085285184027,73.92,2.658454917867909,0.0,15.0,19.282405206052516,16.00067212179771,Good,18,6,2025-11-16 18:00:00+00:00,Abnormal
2025-11-16 18:42:55+00:00,465.19324744557974,39,74,75,29.8,53,1013.25,0.0,-0.5491724,0.2353596,8.9828914,-0.1225,0.0175,-0.175,191.748046875,-168.115234375,147.705078125,kitchen idle,run_5,0,2327,0,False,False,False,0,0,0,0,0,0,465.19324744557974,74.0,75.0,39.0,-0.0851152531465647,0.0223535008263705,0.0541642520023588,0.001225,0.0371,-0.0780499999999999,11.8916015625,2.6318359375,-25.8779296875,464.0084406930253,1.263520810118739,71.08,2.48085285184027,73.92,2.658454917867909,0.0,-10.0,19.19003053931662,15.91405086290973,Good,18,6,2025-11-16 18:00:00+00:00,Abnormal
2025-11-16 18:43:00+00:00,465.19324744557974,40,73,75,29.9,53,1013.25,0.0,-0.5491724,0.2745862,8.9828914,-0.14,-0.1575,-0.13125,192.822265625,-167.578125,116.015625,kitchen idle,run_5,0,2327,0,False,False,False,0,0,0,0,0,0,465.19324744557974,73.0,75.0,40.0,-0.0851152531465647,0.0653410024155447,0.0541642520023588,-0.0162749999999999,-0.1379,-0.0343,12.9658203125,3.1689453125,-57.5673828125,464.0364282541093,1.2426491787273075,71.07333333333334,2.4742883640105866,73.92,2.658454917867909,0.0,-5.0,19.282405206052516,16.00067212179771,Good,18,6,2025-11-16 18:00:00+00:00,Abnormal
2025-11-16 18:43:05+00:00,463.7938693913816,39,70,73,29.5,53,1013.25,0.0,-0.6276256,0.196133,8.8652116,-0.23625,-0.0875,-0.21875,193.896484375,-169.189453125,121.923828125,kitchen idle,run_5,0,2320,0,False,False,False,0,0,0,0,0,0,463.7938693913816,70.0,73.0,39.0,-0.1710902563249131,-0.0206340007628035,-0.074798252765163,-0.1125249999999999,-0.0678999999999999,-0.1217999999999999,14.0400390625,1.5576171875,-51.6591796875,464.0550866281653,1.217433178402215,71.04,2.4546353903033427,73.89333333333333,2.6473911855798655,-6.996890270990548,-15.0,18.912890748601072,15.656604488064046,Good,18,6,2025-11-16 18:00:00+00:00,Abnormal
2025-11-16 18:43:11+00:00,462.3944913371835,37,67,69,29.7,53,1013.25,0.0,-0.6276256,0.3138128,8.9436648,0.1225,-0.0875,-0.2275,193.359375,-167.578125,118.701171875,kitchen idle,run_5,0,2313,0,False,False,False,0,0,0,0,0,0,462.3944913371835,67.0,69.0,37.0,-0.1710902563249131,0.1083285040047189,0.0111767504131855,0.246225,-0.0678999999999999,-0.13055,13.5029296875,3.1689453125,-54.8818359375,464.0644158151933,1.1990501633072217,71.0,2.471311908751374,73.85333333333334,2.6757340250307866,-6.996890270990548,-15.0,19.097653240904393,15.8278335395498,Good,18,6,2025-11-16 18:00:00+00:00,Abnormal
2025-11-16 18:43:16+00:00,462.3944913371835,38,69,71,29.5,53,1013.25,0.0,-0.588399,0.2353596,9.022118,-0.5775,-0.34125,-0.20125,193.896484375,-169.7265625,122.4609375,kitchen idle,run_5,0,2313,0,False,False,False,0,0,0,0,0,0,462.3944913371835,69.0,71.0,38.0,-0.1281027547357389,0.0223535008263705,0.0971517535915341,-0.453775,-0.32165,-0.1043,14.0400390625,1.0205078125,-51.1220703125,464.0644158151933,1.1990501633072217,70.96666666666667,2.4642862932548724,73.82666666666667,2.6841485137466594,0.0,10.0,18.912890748601072,15.656604488064046,Good,18,6,2025-11-16 18:00:00+00:00,Abnormal
2025-11-16 18:43:22+00:00,462.3944913371835,38,69,72,29.5,53,1013.25,0.0,-0.588399,0.2353596,8.9436648,-0.175,-0.23625,-0.11375,194.970703125,-169.189453125,122.998046875,kitchen idle,run_5,0,2313,0,False,False,False,0,0,0,0,0,0,462.3944913371835,69.0,72.0,38.0,-0.1281027547357389,0.0223535008263705,0.0111767504131855,-0.0512749999999999,-0.2166499999999999,-0.0167999999999999,15.1142578125,1.5576171875,-50.5849609375,464.0644158151933,1.1990501633072217,70.93333333333334,2.4567853352391196,73.8,2.6822809085708665,0.0,0.0,18.912890748601072,15.656604488064046,Good,18,6,2025-11-16 18:00:00+00:00,Abnormal
2025-11-16 18:43:27+00:00,462.3944913371835,38,69,71,29.7,53,1013.25,0.0,-0.6276256,0.196133,8.9436648,-0.105,0.06125,-0.23625,193.896484375,-170.80078125,124.609375,kitchen idle,run_5,0,2313,0,False,False,False,0,0,0,0,0,0,462.3944913371835,69.0,71.0,38.0,-0.1710902563249131,-0.0206340007628035,0.0111767504131855,0.018725,0.08085,-0.1392999999999999,14.0400390625,-0.0537109375,-48.9736328125,464.0644158151932,1.1990501633072217,70.88666666666667,2.4261900606283175,73.75333333333333,2.669581740023559,0.0,0.0,19.097653240904393,15.8278335395498,Good,18,6,2025-11-16 18:00:00+00:00,Abnormal
2025-11-16 18:43:32+00:00,462.3944913371835,38,68,69,29.9,53,1013.25,0.0,-0.6276256,0.3138128,9.1005712,0.105,0.07875,-0.18375,192.28515625,-170.263671875,113.330078125,kitchen idle,run_5,0,2313,0,False,False,False,0,0,0,0,0,0,462.3944913371835,68.0,69.0,38.0,-0.1710902563249131,0.1083285040047189,0.1831267567698807,0.228725,0.0983499999999999,-0.0867999999999999,12.4287109375,0.4833984375,-60.2529296875,464.0644158151932,1.1990501633072217,70.82666666666667,2.384926564982403,73.68666666666667,2.6625331498499283,0.0,-5.0,19.282405206052516,16.00067212179771,Good,18,6,2025-11-16 18:00:00+00:00,Abnormal
2025-11-16 18:43:38+00:00,462.3944913371835,40,70,72,29.9,53,1013.25,0.0,-0.5099458,0.2353596,9.022118,-0.14,-0.07875,-0.16625,193.359375,-169.189453125,123.53515625,kitchen idle,run_5,0,2313,0,False,False,False,0,0,0,0,0,0,462.3944913371835,70.0,72.0,40.0,-0.0421277515573906,0.0223535008263705,0.0971517535915341,-0.0162749999999999,-0.05915,-0.0693,13.5029296875,1.5576171875,-50.0478515625,464.0644158151932,1.1990501633072217,70.79333333333334,2.3610277214736013,73.66,2.6592374140271207,0.0,10.0,19.282405206052516,16.00067212179771,Good,18,6,2025-11-16 18:00:00+00:00,Abnormal
2025-11-16 18:43:43+00:00,463.7938693913816,39,70,72,29.2,53,1013.25,0.0,-0.5491724,0.2353596,8.9044382,-0.0175,-0.20125,-0.175,193.359375,-170.263671875,124.072265625,kitchen idle,run_5,0,2320,0,False,False,False,0,0,0,0,0,0,463.7938693913816,70.0,72.0,39.0,-0.0851152531465647,0.0223535008263705,-0.0318107511759897,0.106225,-0.18165,-0.0780499999999999,13.5029296875,0.4833984375,-49.5107421875,464.0737450022213,1.191389593525386,70.78,2.3598145758121754,73.65333333333334,2.662155020135191,6.996890270990548,0.0,18.635727269761787,15.402751725389573,Good,18,6,2025-11-16 18:00:00+00:00,Abnormal
2025-11-16 18:43:48+00:00,463.7938693913816,39,68,70,0.0,0,1013.25,0.0,-0.5491724,0.196133,8.825985,-0.23625,-0.1925,-0.2625,194.970703125,-170.263671875,124.072265625,kitchen idle,run_5,0,2320,0,False,False,False,0,0,0,0,0,0,463.7938693913816,68.0,70.0,39.0,-0.0851152531465647,-0.0206340007628035,-0.1177857543543383,-0.1125249999999999,-0.1729,-0.16555,15.1142578125,0.4833984375,-49.5107421875,464.0830741892492,1.1836054229746042,70.77333333333333,2.366280650373478,73.64,2.675466465005627,0.0,-10.0,-96.07763018544566,0.0,Good,18,6,2025-11-16 18:00:00+00:00,Abnormal
2025-11-16 18:43:54+00:00,465.19324744557974,39,68,70,29.6,53,1013.25,0.0,-0.588399,0.2745862,8.9828914,-0.34125,-0.41125,-0.16625,193.896484375,-171.875,113.8671875,kitchen idle,run_5,0,2327,0,False,False,False,0,0,0,0,0,0,465.19324744557974,68.0,70.0,39.0,-0.1281027547357389,0.0653410024155447,0.0541642520023588,-0.2175249999999999,-0.39165,-0.0693,14.0400390625,-1.1279296875,-59.7158203125,464.1017325633052,1.17885822410757,70.76,2.3762810038791304,73.61333333333333,2.691738957063998,6.996890270990548,0.0,19.00527331070336,15.742018597745153,Good,18,6,2025-11-16 18:00:00+00:00,Abnormal
2025-11-16 18:43:59+00:00,465.19324744557974,40,70,72,29.3,53,1013.25,0.0,-0.7453054,0.1569064,8.5513988,0.02625,-0.385,-0.21,192.822265625,-169.7265625,117.626953125,kitchen idle,run_5,0,2327,0,False,False,False,0,0,0,0,0,0,465.19324744557974,70.0,72.0,40.0,-0.3000527610924356,-0.0636215023519777,-0.4186982654785574,0.149975,-0.3654,-0.1130499999999999,12.9658203125,1.0205078125,-55.9560546875,464.1203909373612,1.1737932888717726,70.74,2.369917734250481,73.56666666666666,2.6581940346272073,0.0,10.0,18.72811772824277,15.486972590001844,Good,18,6,2025-11-16 18:00:00+00:00,Abnormal
2025-11-16 18:44:04+00:00,465.19324744557974,39,69,72,29.2,53,1013.25,0.0,-0.4707192,0.2745862,8.9828914,-0.20125,-0.25375,-0.49875,193.896484375,-170.263671875,136.962890625,kitchen idle,run_5,0,2327,0,False,False,False,0,0,0,0,0,0,465.19324744557974,69.0,72.0,39.0,0.0008597500317835,0.0653410024155447,0.0541642520023588,-0.0775249999999999,-0.2341499999999999,-0.4018,14.0400390625,0.4833984375,-36.6201171875,464.1390493114171,1.1684064852002352,70.72,2.371870951818707,73.53333333333333,2.646174056343599,0.0,-5.0,18.635727269761787,15.402751725389573,Good,18,6,2025-11-16 18:00:00+00:00,Abnormal
2025-11-16 18:44:10+00:00,466.59262549977785,39,69,73,29.9,53,1013.25,0.0,-0.6276256,0.2745862,8.9436648,-0.39375,0.02625,-0.21875,195.5078125,-170.263671875,119.23828125,kitchen idle,run_5,0,2334,0,False,False,False,0,0,0,0,0,0,466.59262549977785,69.0,73.0,39.0,-0.1710902563249131,0.0653410024155447,0.0111767504131855,-0.2700249999999999,0.04585,-0.1217999999999999,15.6513671875,0.4833984375,-54.3447265625,464.1670368725011,1.176589148224867,70.69333333333333,2.3685485790596523,73.50666666666666,2.631116502403043,6.996890270990548,0.0,19.282405206052516,16.00067212179771,Good,18,6,2025-11-16 18:00:00+00:00,Abnormal
2025-11-16 18:44:15+00:00,466.59262549977785,39,68,73,29.7,53,1013.25,0.0,-0.588399,0.2353596,8.6690786,-0.0875,-0.04375,-0.13125,194.970703125,-170.80078125,114.94140625,kitchen idle,run_5,0,2334,0,False,False,False,0,0,0,0,0,0,466.59262549977785,68.0,73.0,39.0,-0.1281027547357389,0.0223535008263705,-0.2897357607110335,0.036225,-0.0241499999999999,-0.0343,15.1142578125,-0.0537109375,-58.6416015625,464.19502443358505,1.1840494970609377,70.67333333333333,2.378586424344701,73.49333333333334,2.6285644809335915,0.0,-5.0,19.097653240904393,15.8278335395498,Good,18,6,2025-11-16 18:00:00+00:00,Abnormal
2025-11-16 18:44:20+00:00,466.59262549977785,40,70,74,29.5,53,1013.25,0.0,-0.6668522,0.196133,8.8652116,0.035,-0.035,-0.18375,195.5078125,-167.578125,116.552734375,kitchen idle,run_5,0,2334,0,False,False,False,0,0,0,0,0,0,466.59262549977785,70.0,74.0,40.0,-0.2140777579140873,-0.0206340007628035,-0.074798252765163,0.158725,-0.0154,-0.0867999999999999,15.6513671875,3.1689453125,-57.0302734375,464.22301199466904,1.190801107644426,70.66,2.3767046161051684,73.48,2.6208252196999697,0.0,10.0,18.912890748601072,15.656604488064046,Good,18,6,2025-11-16 18:00:00+00:00,Abnormal
2025-11-16 18:44:26+00:00,466.59262549977785,38,67,71,29.6,53,1013.25,0.0,-0.588399,0.2353596,8.9828914,-2.03,-0.11375,-0.07,193.359375,-169.7265625,125.146484375,kitchen idle,run_5,0,2334,0,False,False,False,0,0,0,0,0,0,466.59262549977785,67.0,71.0,38.0,-0.1281027547357389,0.0223535008263705,0.0541642520023588,-1.9062749999999995,-0.09415,0.02695,13.5029296875,1.0205078125,-48.4365234375,464.25099955575297,1.196855974272308,70.63333333333334,2.3952320274506267,73.45333333333333,2.625601028455587,0.0,-15.0,19.00527331070336,15.742018597745153,Good,18,6,2025-11-16 18:00:00+00:00,Abnormal
2025-11-16 18:44:31+00:00,466.59262549977785,38,67,69,29.7,53,1013.25,0.0,-0.588399,0.2353596,9.022118,-0.02625,-0.35,-0.42875,192.822265625,-170.263671875,129.443359375,kitchen idle,run_5,0,2334,0,False,False,False,0,0,0,0,0,0,466.59262549977785,67.0,69.0,38.0,-0.1281027547357389,0.0223535008263705,0.0971517535915341,0.097475,-0.3303999999999999,-0.3318,12.9658203125,0.4833984375,-44.1396484375,464.278987116837,1.2022246242040755,70.59333333333333,2.4055212404964563,73.4,2.634311544870291,0.0,0.0,19.097653240904393,15.8278335395498,Good,18,6,2025-11-16 18:00:00+00:00,Abnormal
2025-11-16 18:44:36+00:00,466.59262549977785,39,68,70,29.2,53,1013.25,0.0,-0.588399,0.2353596,8.8652116,0.02625,-0.1575,-0.14875,193.896484375,-172.412109375,121.38671875,kitchen idle,run_5,0,2334,0,False,False,False,0,0,0,0,0,0,466.59262549977785,68.0,70.0,39.0,-0.1281027547357389,0.0223535008263705,-0.074798252765163,0.149975,-0.1379,-0.0517999999999999,14.0400390625,-1.6650390625,-52.1962890625,464.306974677921,1.2069162148389323,70.56,2.4065905036690105,73.35333333333334,2.6321111200985676,0.0,5.0,18.635727269761787,15.402751725389573,Good,18,6,2025-11-16 18:00:00+00:00,Abnormal
2025-11-16 18:44:42+00:00,466.59262549977785,39,68,69,29.6,53,1013.25,0.0,-0.4707192,0.3530394,8.825985,0.0,0.11375,0.1925,193.359375,-169.7265625,122.998046875,kitchen idle,run_5,0,2334,0,False,False,False,0,0,0,0,0,0,466.59262549977785,68.0,69.0,39.0,0.0008597500317835,0.151316005593893,-0.1177857543543383,0.123725,0.13335,0.28945,13.5029296875,1.0205078125,-50.5849609375,464.33496223900494,1.210938615680759,70.52,2.398881170980359,73.29333333333334,2.6280537792570686,0.0,0.0,19.00527331070336,15.742018597745153,Good,18,6,2025-11-16 18:00:00+00:00,Abnormal
2025-11-16 18:44:47+00:00,466.59262549977785,40,69,70,29.5,53,1013.25,0.0,-0.588399,0.2745862,9.0613446,-0.07875,-0.28875,0.13125,194.43359375,-169.189453125,123.53515625,kitchen idle,run_5,0,2334,0,False,False,False,0,0,0,0,0,0,466.59262549977785,69.0,70.0,40.0,-0.1281027547357389,0.0653410024155447,0.1401392551807074,0.044975,-0.26915,0.2282,14.5771484375,1.5576171875,-50.0478515625,464.3629498000888,1.21429847688273,70.5,2.3989651012567608,73.24666666666667,2.623939010040505,0.0,5.0,18.912890748601072,15.656604488064046,Good,18,6,2025-11-16 18:00:00+00:00,Abnormal
2025-11-16 18:44:52+00:00,466.59262549977785,41,70,72,29.5,53,1013.25,0.0,-0.5099458,0.2353596,8.825985,0.0175,-0.385,-0.3325,192.822265625,-170.263671875,110.64453125,kitchen idle,run_5,0,2334,0,False,False,False,0,0,0,0,0,0,466.59262549977785,70.0,72.0,41.0,-0.0421277515573906,0.0223535008263705,-0.1177857543543383,0.141225,-0.3654,-0.23555,12.9658203125,0.4833984375,-62.9384765625,464.3909373611728,1.2170012858168209,70.48666666666666,2.396128495581715,73.20666666666666,2.596581817787772,0.0,5.0,18.912890748601072,15.656604488064046,Good,18,6,2025-11-16 18:00:00+00:00,Abnormal
2025-11-16 18:44:58+00:00,466.59262549977785,39,69,71,29.6,53,1013.25,0.0,-0.5491724,0.2353596,9.2967042,0.035,-2.21375,-0.105,194.970703125,-171.337890625,122.4609375,kitchen idle,run_5,0,2334,0,False,False,False,0,0,0,0,0,0,466.59262549977785,69.0,71.0,39.0,-0.0851152531465647,0.0223535008263705,0.3980642647157532,0.158725,-2.19415,-0.0080499999999999,15.1142578125,-0.5908203125,-51.1220703125,464.4095957352288,1.2291794818267971,70.46,2.390220567733655,73.16666666666667,2.583937650323894,0.0,-5.0,19.00527331070336,15.742018597745153,Good,18,6,2025-11-16 18:00:00+00:00,Abnormal
2025-11-16 18:45:03+00:00,465.19324744557974,39,68,69,29.8,52,1013.25,0.0,-0.588399,0.3138128,8.9044382,-0.23625,-0.13125,-0.2625,192.822265625,-171.337890625,125.68359375,kitchen idle,run_5,0,2327,0,False,False,False,0,0,0,0,0,0,465.19324744557974,68.0,69.0,39.0,-0.1281027547357389,0.1083285040047189,-0.0318107511759897,-0.1125249999999999,-0.11165,-0.16555,12.9658203125,-0.5908203125,-47.8994140625,464.41892492225674,1.2297852259590758,70.43333333333334,2.3952320274506356,73.13333333333334,2.605277727190507,-6.996890270990548,-5.0,18.884432352640708,15.61378575228879,Good,18,6,2025-11-16 18:00:00+00:00,Abnormal
2025-11-16 18:45:08+00:00,463.7938693913816,39,67,69,29.1,52,1013.25,0.0,-0.588399,0.2745862,8.9436648,-0.175,-0.46375,-0.2625,193.359375,-170.80078125,137.5,kitchen idle,run_5,0,2320,0,False,False,False,0,0,0,0,0,0,463.7938693913816,67.0,69.0,39.0,-0.1281027547357389,0.0653410024155447,0.0111767504131855,-0.0512749999999999,-0.44415,-0.16555,13.5029296875,-0.0537109375,-36.0830078125,464.4189249222569,1.2297852259590758,70.41333333333333,2.411345294592796,73.1,2.626018498480766,-6.996890270990548,-5.0,18.23924009839171,15.029889209470948,Good,18,6,2025-11-16 18:00:00+00:00,Abnormal
2025-11-16 18:45:14+00:00,462.3944913371835,40,68,70,29.5,52,1013.25,0.0,-0.588399,0.3138128,9.1790244,0.14875,-0.2275,-0.1925,192.822265625,-169.7265625,115.478515625,kitchen idle,run_5,0,2313,0,False,False,False,0,0,0,0,0,0,462.3944913371835,68.0,70.0,40.0,-0.1281027547357389,0.1083285040047189,0.2691017599482293,0.272475,-0.2079,-0.09555,12.9658203125,1.0205078125,-58.1044921875,464.4095957352288,1.2398256141184314,70.39333333333333,2.418876178865094,73.08,2.6381811916547298,-6.996890270990548,5.0,18.607937595937937,15.361196856213782,Good,18,6,2025-11-16 18:00:00+00:00,Abnormal
2025-11-16 18:45:19+00:00,462.3944913371835,39,67,69,29.9,52,1013.25,0.0,-0.6668522,0.196133,9.022118,-0.07875,-0.14875,-0.2975,194.970703125,-170.80078125,116.552734375,kitchen idle,run_5,0,2313,0,False,False,False,0,0,0,0,0,0,462.3944913371835,67.0,69.0,39.0,-0.2140777579140873,-0.0206340007628035,0.0971517535915341,0.044975,-0.12915,-0.2005499999999999,15.1142578125,-0.0537109375,-57.0302734375,464.4002665482008,1.2497152352283605,70.34666666666666,2.4163499753927073,73.02666666666667,2.6392663884784384,0.0,-5.0,18.976591869040433,15.698772647801526,Good,18,6,2025-11-16 18:00:00+00:00,Abnormal
2025-11-16 18:45:25+00:00,462.3944913371835,39,67,69,29.3,52,1013.25,0.0,-0.6276256,0.2353596,8.7867584,-0.1225,-0.27125,-0.2625,194.43359375,-169.189453125,121.38671875,kitchen idle,run_5,0,2313,0,False,False,False,0,0,0,0,0,0,462.3944913371835,67.0,69.0,39.0,-0.1710902563249131,0.0223535008263705,-0.1607732559435116,0.001225,-0.25165,-0.16555,14.5771484375,1.5576171875,-52.1962890625,464.3909373611728,1.2594576408916676,70.29333333333334,2.401192843016188,72.97333333333333,2.639266388478442,0.0,0.0,18.4235942506954,15.194765560001812,Good,18,6,2025-11-16 18:00:00+00:00,Abnormal
2025-11-16 18:45:30+00:00,462.3944913371835,39,67,71,29.5,52,1013.25,0.0,-0.6276256,0.2353596,9.1790244,-0.2275,-0.245,-0.0875,194.43359375,-168.65234375,119.775390625,kitchen idle,run_5,0,2313,0,False,False,False,0,0,0,0,0,0,462.3944913371835,67.0,71.0,39.0,-0.1710902563249131,0.0223535008263705,0.2691017599482293,-0.1037749999999999,-0.2254,0.00945,14.5771484375,2.0947265625,-53.8076171875,464.3909373611728,1.2594576408916676,70.24666666666667,2.396688617884506,72.94,2.6323490925345108,0.0,0.0,18.607937595937937,15.361196856213782,Good,18,6,2025-11-16 18:00:00+00:00,Abnormal
2025-11-16 18:45:35+00:00,462.3944913371835,40,68,72,29.6,52,1013.25,0.0,-0.5491724,0.2353596,8.9828914,-0.06125,-0.42875,-0.42875,194.43359375,-170.80078125,116.552734375,kitchen idle,run_5,0,2313,0,False,False,False,0,0,0,0,0,0,462.3944913371835,68.0,72.0,40.0,-0.0851152531465647,0.0223535008263705,0.0541642520023588,0.062475,-0.40915,-0.3318,14.5771484375,-0.0537109375,-57.0302734375,464.3909373611728,1.2594576408916676,70.21333333333334,2.3929052479628243,72.92,2.6279856782016604,0.0,5.0,18.70010521620822,15.44499937891977,Good,18,6,2025-11-16 18:00:00+00:00,Abnormal
2025-11-16 18:45:41+00:00,462.3944913371835,40,68,73,29.0,52,1013.25,0.0,-0.6668522,0.2353596,8.9044382,-0.09625,-0.30625,-0.20125,195.5078125,-170.263671875,122.998046875,kitchen idle,run_5,0,2313,0,False,False,False,0,0,0,0,0,0,462.3944913371835,68.0,73.0,40.0,-0.2140777579140873,0.0223535008263705,-0.0318107511759897,0.027475,-0.28665,-0.1043,15.6513671875,0.4833984375,-50.5849609375,464.3909373611728,1.2594576408916676,70.18666666666667,2.395147966360657,72.92,2.6279856782016604,0.0,0.0,18.14705896929495,14.948030385455064,Good,18,6,2025-11-16 18:00:00+00:00,Abnormal
2025-11-16 18:45:46+00:00,460.99511328298536,40,69,73,29.9,52,1013.25,0.0,-0.5491724,0.3138128,8.9436648,-0.06125,-0.28875,0.1575,193.896484375,-168.65234375,124.072265625,kitchen idle,run_5,0,2306,0,False,False,False,0,0,0,0,0,0,460.99511328298536,69.0,73.0,40.0,-0.0851152531465647,0.1083285040047189,0.0111767504131855,0.062475,-0.26915,0.25445,14.0400390625,2.0947265625,-49.5107421875,464.3816081741448,1.279370567279038,70.17333333333333,2.3961565048065405,72.92,2.6279856782016604,-6.996890270990832,5.0,18.976591869040433,15.698772647801526,Good,18,6,2025-11-16 18:00:00+00:00,Abnormal
2025-11-16 18:45:51+00:00,460.99511328298536,39,68,71,29.2,52,1013.25,0.0,-0.5491724,0.2353596,8.9828914,-0.1575,-0.105,-0.13125,194.970703125,-170.80078125,95.068359375,kitchen idle,run_5,0,2306,0,False,False,False,0,0,0,0,0,0,460.99511328298536,68.0,71.0,39.0,-0.0851152531465647,0.0223535008263705,0.0541642520023588,-0.0337749999999999,-0.0854,-0.0343,15.1142578125,-0.0537109375,-78.5146484375,464.3722789871169,1.298910817546828,70.16666666666667,2.400829461438119,72.92,2.6279856782016604,0.0,-5.0,18.3314185254856,15.112133768306752,Good,18,6,2025-11-16 18:00:00+00:00,Abnormal
2025-11-16 18:45:57+00:00,463.7938693913816,40,69,70,29.8,52,1013.25,0.0,-0.6276256,0.6668522,8.5906254,2.5987500000000003,2.8087500000000003,-0.56,190.673828125,-168.65234375,126.7578125,kitchen idle,run_5,0,2320,0,False,False,False,0,0,0,0,0,0,463.7938693913816,69.0,70.0,40.0,-0.1710902563249131,0.4952160183072864,-0.3757107638893821,2.722475,2.8283500000000004,-0.4630500000000001,10.8173828125,2.0947265625,-46.8251953125,464.3816081741448,1.2896024206320496,70.16,2.402683064001834,72.9,2.6387662360131454,13.99378054198138,5.0,18.884432352640708,15.61378575228879,Good,18,6,2025-11-16 18:00:00+00:00,Abnormal
2025-11-16 18:46:02+00:00,456.7969791203909,39,67,68,29.5,52,1013.25,0.0,-0.6668522,0.196133,9.0613446,-0.02625,-0.93625,-1.05,183.154296875,-176.171875,118.701171875,kitchen idle,run_5,0,2285,0,False,False,False,0,0,0,0,0,0,456.7969791203909,67.0,68.0,39.0,-0.2140777579140873,-0.0206340007628035,0.1401392551807074,0.097475,-0.91665,-0.95305,3.2978515625,-5.4248046875,-54.8818359375,464.3442914260328,1.4217088916043543,70.14,2.4164703306809674,72.86,2.6673013786027537,-34.98445135495359,-10.0,18.607937595937937,15.361196856213782,Good,18,6,2025-11-16 18:00:00+00:00,Abnormal
2025-11-16 18:46:07+00:00,454.1981341625944,39,67,69,29.1,52,1013.25,0.0,-0.5099458,0.5491724,9.022118,-0.4025,0.5687500000000001,0.5687500000000001,182.080078125,-169.189453125,119.775390625,kitchen idle,run_5,0,2272,0,False,False,False,0,0,0,0,0,0,454.1981341625944,67.0,69.0,39.0,-0.0421277515573906,0.3662535135397639,0.0971517535915341,-0.278775,0.58835,0.6657000000000001,2.2236328125,1.5576171875,-53.8076171875,464.2896490448689,1.638181362013915,70.12,2.4300136713512557,72.82666666666667,2.684148513746722,-12.994224788982647,0.0,18.23924009839171,15.029889209470948,Good,18,6,2025-11-16 18:00:00+00:00,Abnormal
2025-11-16 18:46:13+00:00,451.3993780541981,39,67,70,0.0,0,1013.25,0.0,-0.5491724,0.2353596,9.1005712,-0.04375,-0.00875,-0.175,182.6171875,-172.412109375,124.609375,kitchen idle,run_5,0,2258,0,False,False,False,0,0,0,0,0,0,451.3993780541981,67.0,70.0,39.0,-0.0851152531465647,0.0223535008263705,0.1831267567698807,0.079975,0.0108499999999999,-0.0780499999999999,2.7607421875,-1.6650390625,-48.9736328125,464.2163482896491,1.9414648890923252,70.1,2.443317142271775,72.8,2.692270816179509,-13.99378054198138,0.0,-96.07763018544566,0.0,Good,18,6,2025-11-16 18:00:00+00:00,Abnormal
2025-11-16 18:46:18+00:00,452.7987561083962,38,66,69,29.5,52,1013.25,0.0,-0.588399,0.1176798,8.9436648,-0.18375,-0.2975,-0.35875,184.765625,-170.263671875,128.369140625,kitchen idle,run_5,0,2265,0,False,False,False,0,0,0,0,0,0,452.7987561083962,66.0,69.0,38.0,-0.1281027547357389,-0.1066090039411519,0.0111767504131855,-0.0600249999999999,-0.2779,-0.2618,4.9091796875,0.4833984375,-45.2138671875,464.15237672145713,2.1489063796596843,70.08,2.464567702403922,72.76666666666667,2.70821932301778,6.996890270990548,-5.0,18.607937595937937,15.361196856213782,Good,18,6,2025-11-16 18:00:00+00:00,Abnormal
2025-11-16 18:46:23+00:00,452.7987561083962,37,65,68,29.6,52,1013.25,0.0,-0.6276256,0.196133,9.0613446,-0.21875,-0.28875,-0.32375,184.765625,-170.80078125,117.626953125,kitchen idle,run_5,0,2265,0,False,False,False,0,0,0,0,0,0,452.7987561083962,65.0,68.0,37.0,-0.1710902563249131,-0.0206340007628035,0.1401392551807074,-0.0950249999999999,-0.26915,-0.2267999999999999,4.9091796875,-0.0537109375,-55.9560546875,464.07907596623727,2.34022631135445,70.04,2.4979991993595627,72.72,2.729702395461113,0.0,-5.0,18.70010521620822,15.44499937891977,Good,18,6,2025-11-16 18:00:00+00:00,Abnormal
2025-11-16 18:46:29+00:00,451.3993780541981,37,65,69,29.4,52,1013.25,0.0,-1.569064,-0.9414384,8.7475318,-2.98375,8.102500000000001,-2.24,184.228515625,-172.94921875,104.19921875,kitchen idle,run_5,0,2258,0,False,False,False,0,0,0,0,0,0,451.3993780541981,65.0,69.0,37.0,-1.2027902944650932,-1.2672715468488545,-0.2037607575326849,-2.8600250000000003,8.122100000000001,-2.14305,4.3720703125,-2.2021484375,-69.3837890625,463.99644602398934,2.5589577619796953,69.99333333333334,2.5263621262285816,72.67333333333333,2.733085054474107,-6.996890270990548,0.0,18.515767274139915,15.277786087011238,Good,18,6,2025-11-16 18:00:00+00:00,Abnormal
2025-11-16 18:46:34+00:00,452.7987561083962,37,65,69,29.7,52,1013.25,0.0,-0.588399,0.2353596,8.8652116,-0.34125,-0.7262500000000001,-1.33,185.83984375,-170.263671875,118.1640625,kitchen idle,run_5,0,2265,0,False,False,False,0,0,0,0,0,0,452.7987561083962,65.0,69.0,37.0,-0.1281027547357389,0.0223535008263705,-0.074798252765163,-0.2175249999999999,-0.7066500000000001,-1.23305,5.9833984375,0.4833984375,-55.4189453125,463.9231452687695,2.717372313650488,69.94666666666667,2.5535517222510578,72.63333333333334,2.742694179935885,6.996890270990548,0.0,18.79227013506956,15.529195170879053,Good,18,6,2025-11-16 18:00:00+00:00,Abnormal
2025-11-16 18:46:39+00:00,470.7907596623723,37,66,69,29.7,52,1013.25,0.0,-0.4707192,0.1569064,8.9828914,-0.69125,-2.1787500000000004,-5.71375,143.408203125,-145.556640625,120.3125,kitchen idle,run_5,0,2355,0,False,False,False,0,0,0,0,0,0,470.7907596623723,66.0,69.0,37.0,0.0008597500317835,-0.0636215023519777,0.0541642520023588,-0.5675250000000001,-2.1591500000000003,-5.6168000000000005,-36.4482421875,25.1904296875,-53.2705078125,463.9697912039094,2.7745896003136488,69.91333333333333,2.572275170461701,72.60666666666667,2.758505252927027,89.96001776988038,5.0,18.79227013506956,15.529195170879053,Good,18,6,2025-11-16 18:00:00+00:00,Abnormal
2025-11-16 18:46:45+00:00,458.196357174589,39,68,70,0.0,0,1013.25,0.0,-0.588399,0.0784532,8.9436648,-0.07,-0.30625,-0.3325,165.966796875,-153.076171875,117.626953125,kitchen idle,run_5,0,2292,0,False,False,False,0,0,0,0,0,0,458.196357174589,68.0,70.0,39.0,-0.1281027547357389,-0.1495965055303261,0.0111767504131855,0.053725,-0.28665,-0.23555,-13.8896484375,17.6708984375,-55.9560546875,463.93247445579743,2.814328726725122,69.88666666666667,2.5712313052421023,72.57333333333334,2.759599880214954,-62.97201243891635,10.0,-96.07763018544566,0.0,Good,18,6,2025-11-16 18:00:00+00:00,Abnormal
2025-11-16 18:46:50+00:00,456.7969791203909,40,68,72,29.5,52,1013.25,0.0,-0.588399,0.0784532,8.9436648,0.035,-0.0875,0.0525,163.818359375,-155.224609375,110.64453125,kitchen idle,run_5,0,2285,0,False,False,False,0,0,0,0,0,0,456.7969791203909,68.0,72.0,40.0,-0.1281027547357389,-0.1495965055303261,0.0111767504131855,0.158725,-0.0678999999999999,0.14945,-16.0380859375,15.5224609375,-62.9384765625,463.8858285206574,2.8739937684197563,69.86666666666666,2.5741791332951003,72.56,2.7574913217021564,-6.996890270990548,0.0,18.607937595937937,15.361196856213782,Good,18,6,2025-11-16 18:00:00+00:00,Abnormal
2025-11-16 18:46:55+00:00,455.3976010661928,40,69,72,29.1,52,1013.25,0.0,-0.6276256,0.0784532,8.8652116,-0.2275,-0.20125,-0.0875,163.28125,-156.298828125,124.072265625,kitchen idle,run_5,0,2278,0,False,False,False,0,0,0,0,0,0,455.3976010661928,69.0,72.0,40.0,-0.1710902563249131,-0.1495965055303261,-0.074798252765163,-0.1037749999999999,-0.18165,0.00945,-16.5751953125,14.4482421875,-49.5107421875,463.82985339848955,2.956380602374604,69.82666666666667,2.5402707319299616,72.52666666666667,2.7335761337025493,-6.996890270990548,5.0,18.23924009839171,15.029889209470948,Good,18,6,2025-11-16 18:00:00+00:00,Abnormal
2025-11-16 18:47:01+00:00,455.3976010661928,38,68,71,29.7,52,1013.25,0.0,-0.588399,0.1569064,8.9828914,0.04375,-0.42875,-0.5950000000000001,164.35546875,-157.91015625,118.1640625,kitchen idle,run_5,0,2278,0,False,False,False,0,0,0,0,0,0,455.3976010661928,68.0,71.0,38.0,-0.1281027547357389,-0.0636215023519777,0.0541642520023588,0.167475,-0.40915,-0.4980500000000001,-15.5009765625,12.8369140625,-55.4189453125,463.7738782763216,3.0354940069298144,69.78666666666666,2.5212830084997724,72.48666666666666,2.7114885252149517,0.0,-5.0,18.79227013506956,15.529195170879053,Good,18,6,2025-11-16 18:00:00+00:00,Abnormal
2025-11-16 18:47:06+00:00,455.3976010661928,37,68,69,29.1,52,1013.25,0.0,-0.6276256,0.1176798,9.022118,-0.6212500000000001,-0.06125,-0.07,164.35546875,-156.8359375,123.53515625,kitchen idle,run_5,0,2278,0,False,False,False,0,0,0,0,0,0,455.3976010661928,68.0,69.0,37.0,-0.1710902563249131,-0.1066090039411519,0.0971517535915341,-0.497525,-0.04165,0.02695,-15.5009765625,13.9111328125,-50.0478515625,463.7179031541537,3.1115836773169994,69.75333333333333,2.5115482715566255,72.44666666666667,2.718410181519672,0.0,0.0,18.23924009839171,15.029889209470948,Good,18,6,2025-11-16 18:00:00+00:00,Abnormal
2025-11-16 18:47:11+00:00,455.3976010661928,38,70,70,0.0,0,1013.25,0.0,-0.6668522,0.1569064,8.825985,0.07875,-0.28,-0.18375,162.744140625,-158.447265625,128.90625,kitchen idle,run_5,0,2278,0,False,False,False,0,0,0,0,0,0,455.3976010661928,70.0,70.0,38.0,-0.2140777579140873,-0.0636215023519777,-0.1177857543543383,0.202475,-0.2604,-0.0867999999999999,-17.1123046875,12.2998046875,-44.6767578125,463.6619280319858,3.184866341090801,69.72666666666667,2.487274097979531,72.4,2.699738988129753,0.0,10.0,-96.07763018544566,0.0,Good,18,6,2025-11-16 18:00:00+00:00,Abnormal
2025-11-16 18:47:17+00:00,454.1981341625944,37,69,71,29.8,52,1013.25,0.0,-0.6276256,0.1176798,9.022118,-0.175,-0.42,-0.07875,165.4296875,-152.5390625,113.8671875,kitchen idle,run_5,0,2272,0,False,False,False,0,0,0,0,0,0,454.1981341625944,69.0,71.0,37.0,-0.1710902563249131,-0.1066090039411519,0.0971517535915341,-0.0512749999999999,-0.4004,0.0182,-14.4267578125,18.2080078125,-59.7158203125,463.59795646379393,3.277229554756459,69.69333333333333,2.4630059298125904,72.36,2.6754664650057114,-5.997334517992101,-5.0,18.884432352640708,15.61378575228879,Good,18,6,2025-11-16 18:00:00+00:00,Abnormal
2025-11-16 18:47:22+00:00,455.3976010661928,38,70,72,29.9,52,1013.25,0.0,-0.5491724,0.0784532,9.022118,0.04375,0.1575,-0.35875,164.892578125,-155.76171875,135.3515625,kitchen idle,run_5,0,2278,0,False,False,False,0,0,0,0,0,0,455.3976010661928,70.0,72.0,38.0,-0.0851152531465647,-0.1495965055303261,0.0971517535915341,0.167475,0.1771,-0.2618,-14.9638671875,14.9853515625,-38.2314453125,463.5419813416259,3.3448671127156833,69.66,2.424234467141951,72.31333333333333,2.619330993705679,5.997334517992101,5.0,18.976591869040433,15.698772647801526,Good,18,6,2025-11-16 18:00:00+00:00,Abnormal
2025-11-16 18:47:27+00:00,456.7969791203909,37,69,72,29.3,52,1013.25,0.0,-0.6668522,0.1176798,8.7867584,0.105,-0.06125,-0.1575,165.966796875,-155.76171875,118.701171875,kitchen idle,run_5,0,2285,0,False,False,False,0,0,0,0,0,0,456.7969791203909,69.0,72.0,37.0,-0.2140777579140873,-0.1066090039411519,-0.1607732559435116,0.228725,-0.04165,-0.0605499999999999,-13.8896484375,14.9853515625,-54.8818359375,463.4953354064861,3.3898164658424585,69.62,2.384710807956612,72.26,2.542075461312622,6.996890270990548,-5.0,18.4235942506954,15.194765560001812,Good,18,6,2025-11-16 18:00:00+00:00,Abnormal
2025-11-16 18:47:33+00:00,456.7969791203909,36,68,69,29.6,52,1013.25,0.0,-0.6276256,0.0392266,8.9828914,-0.16625,-0.18375,-0.18375,166.50390625,-155.224609375,132.12890625,kitchen idle,run_5,0,2285,0,False,False,False,0,0,0,0,0,0,456.7969791203909,68.0,69.0,36.0,-0.1710902563249131,-0.1925840071195002,0.0541642520023588,-0.0425249999999999,-0.16415,-0.0867999999999999,-13.3525390625,15.5224609375,-41.4541015625,463.448689471346,3.4335396386216854,69.58,2.360951918132333,72.2,2.511717506451682,0.0,-5.0,18.70010521620822,15.44499937891977,Good,18,6,2025-11-16 18:00:00+00:00,Abnormal
2025-11-16 18:47:38+00:00,456.7969791203909,38,69,70,29.4,52,1013.25,0.0,-0.588399,0.1176798,8.825985,-0.02625,-0.315,0.00875,167.578125,-156.8359375,120.849609375,kitchen idle,run_5,0,2285,0,False,False,False,0,0,0,0,0,0,456.7969791203909,69.0,70.0,38.0,-0.1281027547357389,-0.1066090039411519,-0.1177857543543383,0.097475,-0.2954,0.1057,-12.2783203125,13.9111328125,-52.7333984375,463.4020435362062,3.4760829011109604,69.54666666666667,2.3332630222710447,72.14666666666666,2.4723617670026026,0.0,5.0,18.515767274139915,15.277786087011238,Good,18,6,2025-11-16 18:00:00+00:00,Abnormal
2025-11-16 18:47:44+00:00,456.7969791203909,37,67,69,0.0,0,1013.25,0.0,-0.6276256,0.1176798,8.9828914,0.0,-0.035,0.2975,164.892578125,-156.8359375,116.015625,kitchen idle,run_5,0,2285,0,False,False,False,0,0,0,0,0,0,456.7969791203909,67.0,69.0,37.0,-0.1710902563249131,-0.1066090039411519,0.0541642520023588,0.123725,-0.0154,0.3944499999999999,-14.9638671875,13.9111328125,-57.5673828125,463.3553976010661,3.5174890658430797,69.51333333333334,2.333694443134365,72.1,2.465193949378997,0.0,-10.0,-96.07763018544566,0.0,Good,18,6,2025-11-16 18:00:00+00:00,Abnormal
2025-11-16 18:47:49+00:00,456.7969791203909,37,65,69,29.3,52,1013.25,0.0,-0.588399,0.1176798,8.9436648,0.175,-0.2625,-0.13125,164.35546875,-156.8359375,123.53515625,kitchen idle,run_5,0,2285,0,False,False,False,0,0,0,0,0,0,456.7969791203909,65.0,69.0,37.0,-0.1281027547357389,-0.1066090039411519,0.0111767504131855,0.298725,-0.2429,-0.0343,-15.5009765625,13.9111328125,-50.0478515625,463.30875166592625,3.557797834163041,69.46,2.3448644442155313,72.06,2.466500387406206,0.0,-10.0,18.4235942506954,15.194765560001812,Good,18,6,2025-11-16 18:00:00+00:00,Abnormal
2025-11-16 18:47:54+00:00,456.7969791203909,37,65,69,29.2,52,1013.25,0.0,-0.588399,0.0784532,9.1005712,-0.00875,-0.25375,-0.1925,164.35546875,-155.76171875,122.998046875,kitchen idle,run_5,0,2285,0,False,False,False,0,0,0,0,0,0,456.7969791203909,65.0,69.0,37.0,-0.1281027547357389,-0.1495965055303261,0.1831267567698807,0.114975,-0.2341499999999999,-0.09555,-15.5009765625,14.9853515625,-50.5849609375,463.2621057307864,3.597046098779497,69.41333333333333,2.3635562634073457,72.02666666666667,2.4738814614810796,0.0,0.0,18.3314185254856,15.112133768306752,Good,18,6,2025-11-16 18:00:00+00:00,Abnormal
2025-11-16 18:48:00+00:00,455.3976010661928,38,68,72,0.0,0,1013.25,0.0,-0.4707192,0.1176798,8.9828914,-0.07875,0.21,-0.3675,165.4296875,-158.447265625,120.3125,kitchen idle,run_5,0,2278,0,False,False,False,0,0,0,0,0,0,455.3976010661928,68.0,72.0,38.0,0.0008597500317835,-0.1066090039411519,0.0541642520023588,0.044975,0.2296,-0.2705499999999999,-14.4267578125,12.2998046875,-53.2705078125,463.2061306086184,3.653599892280916,69.4,2.365864627624092,72.01333333333334,2.4685584377582708,-6.996890270990548,15.0,-96.07763018544566,0.0,Good,18,6,2025-11-16 18:00:00+00:00,Abnormal
2025-11-16 18:48:05+00:00,455.3976010661928,38,68,72,0.0,0,1013.25,0.0,-0.588399,0.1569064,8.9828914,0.105,-0.13125,-0.41125,165.966796875,-158.447265625,118.701171875,kitchen idle,run_5,0,2278,0,False,False,False,0,0,0,0,0,0,455.3976010661928,68.0,72.0,38.0,-0.1281027547357389,-0.0636215023519777,0.0541642520023588,0.228725,-0.11165,-0.3143,-13.8896484375,12.2998046875,-54.8818359375,463.15015548645056,3.708441077303804,69.37333333333333,2.3588948233173346,71.99333333333334,2.456320887883283,0.0,0.0,-96.07763018544566,0.0,Good,18,6,2025-11-16 18:00:00+00:00,Abnormal
2025-11-16 18:48:10+00:00,455.3976010661928,39,70,74,0.0,0,1013.25,0.0,-0.5099458,0.196133,8.825985,-0.34125,-0.07,-0.245,164.35546875,-157.373046875,128.369140625,kitchen idle,run_5,0,2278,0,False,False,False,0,0,0,0,0,0,455.3976010661928,70.0,74.0,39.0,-0.0421277515573906,-0.0206340007628035,-0.1177857543543383,-0.2175249999999999,-0.0504,-0.14805,-15.5009765625,13.3740234375,-45.2138671875,463.0941803642825,3.761644559181799,69.36,2.349582284737644,71.98666666666666,2.449453210225486,0.0,10.0,-96.07763018544566,0.0,Good,18,6,2025-11-16 18:00:00+00:00,Abnormal
2025-11-16 18:48:16+00:00,454.1981341625944,40,70,74,29.0,52,1013.25,0.0,-0.6668522,0.1569064,9.022118,0.06125,-0.21,0.1575,166.50390625,-155.224609375,134.814453125,kitchen idle,run_5,0,2272,0,False,False,False,0,0,0,0,0,0,454.1981341625944,70.0,74.0,40.0,-0.2140777579140873,-0.0636215023519777,0.0971517535915341,0.184975,-0.1903999999999999,0.25445,-13.3525390625,15.5224609375,-38.7685546875,463.0302087960906,3.830626946523236,69.36,2.349582284737644,71.98,2.4425479050486487,-5.997334517992101,0.0,18.14705896929495,14.948030385455064,Good,18,6,2025-11-16 18:00:00+00:00,Abnormal
2025-11-16 18:48:21+00:00,455.3976010661928,39,68,72,29.8,52,1013.25,0.0,-0.588399,0.1569064,8.9436648,0.105,0.00875,-0.28875,164.35546875,-155.224609375,120.849609375,kitchen idle,run_5,0,2278,0,False,False,False,0,0,0,0,0,0,455.3976010661928,68.0,72.0,39.0,-0.1281027547357389,-0.0636215023519777,0.0111767504131855,0.228725,0.02835,-0.1918,-15.5009765625,15.5224609375,-52.7333984375,462.9742336739227,3.8804148214730825,69.35333333333334,2.3520280173043724,71.96666666666667,2.436899412615291,5.997334517992101,-10.0,18.884432352640708,15.61378575228879,Good,18,6,2025-11-16 18:00:00+00:00,Abnormal
2025-11-16 18:48:26+00:00,455.3976010661928,40,68,72,29.5,52,1013.25,0.0,-0.6276256,0.196133,8.825985,0.2275,-0.385,-0.7350000000000001,163.818359375,-159.521484375,117.626953125,kitchen idle,run_5,0,2278,0,False,False,False,0,0,0,0,0,0,455.3976010661928,68.0,72.0,40.0,-0.1710902563249131,-0.0206340007628035,-0.1177857543543383,0.351225,-0.3654,-0.6380500000000001,-16.0380859375,11.2255859375,-55.9560546875,462.9182585517548,3.928769156468064,69.34,2.3540055823809114,71.95333333333333,2.4311641828797796,0.0,0.0,18.607937595937937,15.361196856213782,Good,18,6,2025-11-16 18:00:00+00:00,Abnormal
2025-11-16 18:48:32+00:00,455.3976010661928,40,68,72,29.2,52,1013.25,0.0,-0.6668522,0.1176798,8.9828914,-0.20125,-0.245,-0.41125,164.892578125,-157.373046875,127.294921875,kitchen idle,run_5,0,2278,0,False,False,False,0,0,0,0,0,0,455.3976010661928,68.0,72.0,40.0,-0.2140777579140873,-0.1066090039411519,0.0541642520023588,-0.0775249999999999,-0.2254,-0.3143,-14.9638671875,13.3740234375,-46.2880859375,462.8529542425589,3.971875837209904,69.32,2.3525510928132056,71.94,2.425341600516474,0.0,0.0,18.3314185254856,15.112133768306752,Good,18,6,2025-11-16 18:00:00+00:00,Abnormal
2025-11-16 18:48:37+00:00,455.3976010661928,39,67,71,29.8,52,1013.25,0.0,-0.4707192,0.1569064,8.9436648,-0.2975,-0.21875,-0.28,163.28125,-156.298828125,118.701171875,kitchen idle,run_5,0,2278,0,False,False,False,0,0,0,0,0,0,455.3976010661928,67.0,71.0,39.0,0.0008597500317835,-0.0636215023519777,0.0111767504131855,-0.1737749999999999,-0.19915,-0.18305,-16.5751953125,14.4482421875,-54.8818359375,462.7969791203909,4.017429175453003,69.28,2.3405385716476563,71.90666666666667,2.403427827996085,0.0,-5.0,18.884432352640708,15.61378575228879,Good,18,6,2025-11-16 18:00:00+00:00,Abnormal
2025-11-16 18:48:42+00:00,455.3976010661928,39,70,73,29.5,52,1013.25,0.0,-0.5491724,0.0784532,8.9436648,-0.2975,-0.315,-0.105,164.892578125,-156.8359375,124.072265625,kitchen idle,run_5,0,2278,0,False,False,False,0,0,0,0,0,0,455.3976010661928,70.0,73.0,39.0,-0.0851152531465647,-0.1495965055303261,0.0111767504131855,-0.1737749999999999,-0.2954,-0.0080499999999999,-14.9638671875,13.9111328125,-49.5107421875,462.741003998223,4.061695238219983,69.24,2.275283004744507,71.87333333333333,2.3524845260259117,0.0,15.0,18.607937595937937,15.361196856213782,Good,18,6,2025-11-16 18:00:00+00:00,Abnormal
2025-11-16 18:48:48+00:00,455.3976010661928,39,70,74,29.2,52,1013.25,0.0,-0.588399,0.1176798,8.8652116,-0.0875,-0.09625,-0.5075000000000001,164.892578125,-157.373046875,121.38671875,kitchen idle,run_5,0,2278,0,False,False,False,0,0,0,0,0,0,455.3976010661928,70.0,74.0,39.0,-0.1281027547357389,-0.1066090039411519,-0.074798252765163,0.036225,-0.07665,-0.4105500000000001,-14.9638671875,13.3740234375,-52.1962890625,462.685028876055,4.10471567241941,69.19333333333333,2.1850519219385505,71.84,2.2852899893824596,0.0,0.0,18.3314185254856,15.112133768306752,Good,18,6,2025-11-16 18:00:00+00:00,Abnormal
2025-11-16 18:48:53+00:00,455.3976010661928,38,70,74,29.6,52,1013.25,0.0,-0.5491724,0.1176798,8.9436648,0.07,0.06125,-0.44625,164.35546875,-155.224609375,117.626953125,kitchen idle,run_5,0,2278,0,False,False,False,0,0,0,0,0,0,455.3976010661928,70.0,74.0,38.0,-0.0851152531465647,-0.1066090039411519,0.0111767504131855,0.193725,0.08085,-0.3492999999999999,-15.5009765625,15.5224609375,-55.9560546875,462.6290537538871,4.14652924859586,69.16666666666667,2.150126160390178,71.82666666666667,2.2666140275506454,0.0,0.0,18.70010521620822,15.44499937891977,Good,18,6,2025-11-16 18:00:00+00:00,Abnormal
2025-11-16 18:48:58+00:00,455.3976010661928,39,69,73,29.2,52,1013.25,0.0,-0.6668522,0.1569064,9.1397978,-0.035,-0.175,-0.20125,163.28125,-153.076171875,125.68359375,kitchen idle,run_5,0,2278,0,False,False,False,0,0,0,0,0,0,455.3976010661928,69.0,73.0,39.0,-0.2140777579140873,-0.0636215023519777,0.226114258359056,0.088725,-0.1553999999999999,-0.1043,-16.5751953125,17.6708984375,-47.8994140625,462.5730786317193,4.18717212236912,69.12666666666667,2.096006643089688,71.8,2.2285517613511603,0.0,-5.0,18.3314185254856,15.112133768306752,Good,18,6,2025-11-16 18:00:00+00:00,Abnormal
2025-11-16 18:49:04+00:00,455.3976010661928,38,68,71,29.2,52,1013.25,0.0,-0.588399,0.1569064,9.0613446,0.13125,-0.39375,-0.23625,163.818359375,-156.8359375,130.517578125,kitchen idle,run_5,0,2278,0,False,False,False,0,0,0,0,0,0,455.3976010661928,68.0,71.0,38.0,-0.1281027547357389,-0.0636215023519777,0.1401392551807074,0.254975,-0.37415,-0.1392999999999999,-16.0380859375,13.9111328125,-43.0654296875,462.5171035095513,4.2266780655803515,69.08666666666667,2.0593107163319497,71.76666666666667,2.2025508904579625,0.0,-5.0,18.3314185254856,15.112133768306752,Good,18,6,2025-11-16 18:00:00+00:00,Abnormal
2025-11-16 18:49:09+00:00,454.1981341625944,39,70,72,29.4,52,1013.25,0.0,-0.6276256,0.1176798,9.1397978,-0.20125,-0.105,-2.23125,165.4296875,-155.76171875,109.5703125,kitchen idle,run_5,0,2272,0,False,False,False,0,0,0,0,0,0,454.1981341625944,70.0,72.0,39.0,-0.1710902563249131,-0.1066090039411519,0.226114258359056,-0.0775249999999999,-0.0854,-2.1343,-14.4267578125,14.9853515625,-64.0126953125,462.4531319413594,4.279510712393959,69.06666666666666,2.0354794849818965,71.74666666666667,2.186556443994824,-5.997334517992101,10.0,18.515767274139915,15.277786087011238,Good,18,6,2025-11-16 18:00:00+00:00,Abnormal
2025-11-16 18:49:14+00:00,454.1981341625944,38,67,69,29.7,52,1013.25,0.0,-0.6276256,0.1176798,8.825985,0.0,-0.1225,0.00875,166.50390625,-154.6875,107.421875,kitchen idle,run_5,0,2272,0,False,False,False,0,0,0,0,0,0,454.1981341625944,67.0,69.0,38.0,-0.1710902563249131,-0.1066090039411519,-0.1177857543543383,0.123725,-0.1028999999999999,0.1057,-13.3525390625,16.0595703125,-66.1611328125,462.38916037316744,4.330747828127381,69.04666666666667,2.0409784029148192,71.70666666666666,2.1815168255038757,0.0,-15.0,18.79227013506956,15.529195170879053,Good,18,6,2025-11-16 18:00:00+00:00,Abnormal
2025-11-16 18:49:20+00:00,454.1981341625944,40,67,68,29.9,52,1013.25,0.0,-0.588399,0.1569064,8.9436648,0.1575,-0.1225,-0.5687500000000001,165.966796875,-157.373046875,125.68359375,kitchen idle,run_5,0,2272,0,False,False,False,0,0,0,0,0,0,454.1981341625944,67.0,68.0,40.0,-0.1281027547357389,-0.0636215023519777,0.0111767504131855,0.281225,-0.1028999999999999,-0.4718000000000001,-13.8896484375,13.3740234375,-47.8994140625,462.3158596179475,4.375783873660353,69.03333333333333,2.0478067057835267,71.66666666666667,2.1941553439488595,0.0,0.0,18.976591869040433,15.698772647801526,Good,18,6,2025-11-16 18:00:00+00:00,Abnormal
2025-11-16 18:49:25+00:00,454.1981341625944,39,66,66,29.5,52,1013.25,0.0,-0.5491724,0.1176798,8.9436648,-0.0525,2.0387500000000003,0.11375,164.35546875,-157.373046875,122.998046875,kitchen idle,run_5,0,2272,0,False,False,False,0,0,0,0,0,0,454.1981341625944,66.0,66.0,39.0,-0.0851152531465647,-0.1066090039411519,0.0111767504131855,0.071225,2.0583500000000003,0.2107,-15.5009765625,13.3740234375,-50.5849609375,462.2518880497557,4.423908723956212,69.01333333333334,2.062729886856537,71.60666666666667,2.2252265299562115,0.0,-5.0,18.607937595937937,15.361196856213782,Good,18,6,2025-11-16 18:00:00+00:00,Abnormal
2025-11-16 18:49:30+00:00,454.1981341625944,38,66,67,29.7,52,1013.25,0.0,-0.6276256,0.1569064,8.9436648,-0.175,-0.0525,0.07,164.35546875,-159.521484375,113.8671875,kitchen idle,run_5,0,2272,0,False,False,False,0,0,0,0,0,0,454.1981341625944,66.0,67.0,38.0,-0.1710902563249131,-0.0636215023519777,0.0111767504131855,-0.0512749999999999,-0.0329,0.16695,-15.5009765625,11.2255859375,-59.7158203125,462.1785872945357,4.465738098397729,68.96,2.036182768922727,71.54,2.2123205952367475,0.0,0.0,18.79227013506956,15.529195170879053,Good,18,6,2025-11-16 18:00:00+00:00,Abnormal
2025-11-16 18:49:36+00:00,454.1981341625944,36,66,67,29.8,52,1013.25,0.0,-0.6276256,0.0784532,8.9044382,-0.1575,-0.105,-0.39375,165.966796875,-156.298828125,107.421875,kitchen idle,run_5,0,2272,0,False,False,False,0,0,0,0,0,0,454.1981341625944,66.0,67.0,36.0,-0.1710902563249131,-0.1495965055303261,-0.0318107511759897,-0.0337749999999999,-0.0854,-0.2967999999999999,-13.8896484375,14.4482421875,-66.1611328125,462.1052865393158,4.505979028670623,68.90666666666667,2.0078592782944824,71.46666666666667,2.178807834440582,0.0,0.0,18.884432352640708,15.61378575228879,Good,18,6,2025-11-16 18:00:00+00:00,Abnormal
2025-11-16 18:49:41+00:00,454.1981341625944,36,67,68,29.8,52,1013.25,0.0,-0.5491724,0.196133,9.1397978,0.14875,-0.14875,-0.21875,166.50390625,-154.150390625,107.958984375,kitchen idle,run_5,0,2272,0,False,False,False,0,0,0,0,0,0,454.1981341625944,67.0,68.0,36.0,-0.0851152531465647,-0.0206340007628035,0.226114258359056,0.272475,-0.12915,-0.1217999999999999,-13.3525390625,16.5966796875,-65.6240234375,462.04131497112394,4.549748201931566,68.87333333333333,1.9976384267724272,71.41333333333333,2.164964053103828,0.0,5.0,18.884432352640708,15.61378575228879,Good,18,6,2025-11-16 18:00:00+00:00,Abnormal
2025-11-16 18:49:46+00:00,452.7987561083962,37,67,69,29.5,52,1013.25,0.0,-0.6276256,0.1569064,9.0613446,-0.06125,-0.4025,-0.0875,162.744140625,-155.224609375,118.1640625,kitchen idle,run_5,0,2265,0,False,False,False,0,0,0,0,0,0,452.7987561083962,67.0,69.0,37.0,-0.1710902563249131,-0.0636215023519777,0.1401392551807074,0.062475,-0.3829,0.00945,-17.1123046875,15.5224609375,-55.4189453125,461.95868502887606,4.604343700800443,68.85333333333334,2.0012971185211472,71.37333333333333,2.153650456975105,-6.996890270990832,0.0,18.607937595937937,15.361196856213782,Good,18,6,2025-11-16 18:00:00+00:00,Abnormal
2025-11-16 18:49:52+00:00,451.3993780541981,39,67,70,29.0,52,1013.25,0.0,-0.6668522,0.1176798,8.9044382,-0.0175,-0.21,-0.385,165.4296875,-157.91015625,116.552734375,kitchen idle,run_5,0,2258,0,False,False,False,0,0,0,0,0,0,451.3993780541981,67.0,70.0,39.0,-0.2140777579140873,-0.1066090039411519,-0.0318107511759897,0.106225,-0.1903999999999999,-0.28805,-14.4267578125,12.8369140625,-57.0302734375,461.87605508662807,4.681753860537281,68.84,2.0069677284622065,71.35333333333334,2.1523723969435182,-6.996890270990548,0.0,18.14705896929495,14.948030385455064,Good,18,6,2025-11-16 18:00:00+00:00,Abnormal
2025-11-16 18:49:57+00:00,451.3993780541981,40,65,67,29.2,52,1013.25,0.0,-0.7060788,0.1176798,9.0613446,-0.07,-0.14,-0.21,162.744140625,-155.224609375,125.146484375,kitchen idle,run_5,0,2258,0,False,False,False,0,0,0,0,0,0,451.3993780541981,65.0,67.0,40.0,-0.2570652595032615,-0.1066090039411519,0.1401392551807074,0.053725,-0.1204,-0.1130499999999999,-17.1123046875,15.5224609375,-48.4365234375,461.7934251443803,4.7564598646914265,68.81333333333333,2.0312546678662873,71.31333333333333,2.1771746566272463,0.0,-10.0,18.3314185254856,15.112133768306752,Good,18,6,2025-11-16 18:00:00+00:00,Abnormal
2025-11-16 18:50:02+00:00,452.7987561083962,39,64,65,29.2,52,1013.25,0.0,-0.5491724,0.0392266,9.022118,0.105,-0.16625,-0.1225,163.28125,-157.373046875,112.255859375,kitchen idle,run_5,0,2265,0,False,False,False,0,0,0,0,0,0,452.7987561083962,64.0,65.0,39.0,-0.0851152531465647,-0.1925840071195002,0.0971517535915341,0.228725,-0.14665,-0.0255499999999999,-16.5751953125,13.3740234375,-61.3271484375,461.7201243891604,4.809846583938555,68.77333333333333,2.066500678908657,71.26,2.2328541340387615,6.996890270990548,-5.0,18.3314185254856,15.112133768306752,Good,18,6,2025-11-16 18:00:00+00:00,Abnormal
2025-11-16 18:50:08+00:00,452.7987561083962,39,66,67,29.2,52,1013.25,0.0,-0.5491724,0.196133,9.1790244,-0.21875,-0.07875,0.0175,165.4296875,-157.373046875,111.71875,kitchen idle,run_5,0,2265,0,False,False,False,0,0,0,0,0,0,452.7987561083962,66.0,67.0,39.0,-0.0851152531465647,-0.0206340007628035,0.2691017599482293,-0.0950249999999999,-0.05915,0.11445,-14.4267578125,13.3740234375,-61.8642578125,461.64682363394047,4.861534711938586,68.76,2.0779442603195166,71.24,2.257515412777408,0.0,10.0,18.3314185254856,15.112133768306752,Good,18,6,2025-11-16 18:00:00+00:00,Abnormal
2025-11-16 18:50:13+00:00,454.1981341625944,39,68,68,29.1,52,1013.25,0.0,-0.5491724,0.0784532,8.9828914,0.09625,-0.3675,-0.4725,167.578125,-156.298828125,113.8671875,kitchen idle,run_5,0,2272,0,False,False,False,0,0,0,0,0,0,454.1981341625944,68.0,68.0,39.0,-0.0851152531465647,-0.1495965055303261,0.0541642520023588,0.219975,-0.3479,-0.3755499999999999,-12.2783203125,14.4482421875,-59.7158203125,461.58285206574857,4.896103613604584,68.77333333333333,2.066500678908657,71.24,2.257515412777408,6.996890270990832,10.0,18.23924009839171,15.029889209470948,Good,18,6,2025-11-16 18:00:00+00:00,Abnormal
2025-11-16 18:50:19+00:00,454.1981341625944,38,66,67,29.2,52,1013.25,0.0,-0.6276256,0.1176798,8.9828914,-0.105,-0.27125,-0.3325,163.818359375,-158.447265625,120.849609375,kitchen idle,run_5,0,2272,0,False,False,False,0,0,0,0,0,0,454.1981341625944,66.0,67.0,38.0,-0.1710902563249131,-0.1066090039411519,0.0541642520023588,0.018725,-0.25165,-0.23555,-16.0380859375,12.2998046875,-52.7333984375,461.5188804975566,4.929594484419457,68.77333333333333,2.066500678908657,71.23333333333333,2.2685970198517245,0.0,-10.0,18.3314185254856,15.112133768306752,Good,18,6,2025-11-16 18:00:00+00:00,Abnormal
2025-11-16 18:50:24+00:00,454.1981341625944,39,67,69,29.5,52,1013.25,0.0,-0.588399,0.2353596,9.0613446,0.11375,-0.39375,-0.28875,167.578125,-157.373046875,112.79296875,kitchen idle,run_5,0,2272,0,False,False,False,0,0,0,0,0,0,454.1981341625944,67.0,69.0,39.0,-0.1281027547357389,0.0223535008263705,0.1401392551807074,0.237475,-0.37415,-0.1918,-12.2783203125,13.3740234375,-60.7900390625,461.4549089293648,4.962029152714079,68.77333333333333,2.066500678908657,71.23333333333333,2.2685970198517245,0.0,5.0,18.607937595937937,15.361196856213782,Good,18,6,2025-11-16 18:00:00+00:00,Abnormal
2025-11-16 18:50:29+00:00,455.3976010661928,39,68,69,29.6,52,1013.25,0.0,-0.6668522,0.1569064,8.9436648,0.14,-0.3325,-0.02625,165.966796875,-152.5390625,140.185546875,kitchen idle,run_5,0,2278,0,False,False,False,0,0,0,0,0,0,455.3976010661928,68.0,69.0,39.0,-0.2140777579140873,-0.0636215023519777,0.0111767504131855,0.263725,-0.3129,0.0707,-13.8896484375,18.2080078125,-33.3974609375,461.3989338071968,4.982781441996075,68.76666666666667,2.0673773765337975,71.21333333333334,2.275007682461458,5.997334517992101,5.0,18.70010521620822,15.44499937891977,Good,18,6,2025-11-16 18:00:00+00:00,Abnormal
2025-11-16 18:50:35+00:00,455.3976010661928,38,68,68,29.5,52,1013.25,0.0,-0.6276256,0.2353596,8.5513988,-0.07875,-0.1925,-0.00875,167.041015625,-155.224609375,108.49609375,kitchen idle,run_5,0,2278,0,False,False,False,0,0,0,0,0,0,455.3976010661928,68.0,68.0,38.0,-0.1710902563249131,0.0223535008263705,-0.4186982654785574,0.044975,-0.1729,0.0882,-12.8154296875,15.5224609375,-65.0869140625,461.3336294980009,4.996890311284452,68.75333333333333,2.0658185457545972,71.18,2.2852606213261413,0.0,0.0,18.607937595937937,15.361196856213782,Good,18,6,2025-11-16 18:00:00+00:00,Abnormal
2025-11-16 18:50:40+00:00,455.3976010661928,38,68,69,29.2,53,1013.25,0.0,-0.588399,0.1176798,9.022118,-0.18375,-0.41125,-0.1925,166.50390625,-158.447265625,112.255859375,kitchen idle,run_5,0,2278,0,False,False,False,0,0,0,0,0,0,455.3976010661928,68.0,69.0,38.0,-0.1281027547357389,-0.1066090039411519,0.0971517535915341,-0.0600249999999999,-0.39165,-0.09555,-13.3525390625,12.2998046875,-61.3271484375,461.26832518880497,5.010102605541678,68.72666666666667,2.049379237055026,71.14666666666666,2.280311607891381,0.0,0.0,18.635727269761787,15.402751725389573,Good,18,6,2025-11-16 18:00:00+00:00,Abnormal
2025-11-16 18:50:45+00:00,456.7969791203909,39,69,70,29.2,53,1013.25,0.0,-0.5099458,0.1569064,8.7867584,-0.1575,-0.41125,-0.4025,165.966796875,-156.298828125,115.478515625,kitchen idle,run_5,0,2285,0,False,False,False,0,0,0,0,0,0,456.7969791203909,69.0,70.0,39.0,-0.0421277515573906,-0.0636215023519777,-0.1607732559435116,-0.0337749999999999,-0.39165,-0.30555,-13.8896484375,14.4482421875,-58.1044921875,461.21235006663704,5.0128599911813385,68.70666666666666,2.0317832504318307,71.12666666666667,2.2771012618241113,6.996890270990548,5.0,18.635727269761787,15.402751725389573,Good,18,6,2025-11-16 18:00:00+00:00,Abnormal
2025-11-16 18:50:51+00:00,456.7969791203909,38,69,69,29.7,53,1013.25,0.0,-0.6276256,0.1176798,9.022118,-0.04375,-0.1225,0.02625,165.4296875,-155.224609375,114.94140625,kitchen idle,run_5,0,2285,0,False,False,False,0,0,0,0,0,0,456.7969791203909,69.0,69.0,38.0,-0.1710902563249131,-0.1066090039411519,0.0971517535915341,0.079975,-0.1028999999999999,0.1232,-14.4267578125,15.5224609375,-58.6416015625,461.1563749444691,5.0149869370863165,68.68666666666667,2.013833589716617,71.1,2.278437001057227,0.0,0.0,19.097653240904393,15.8278335395498,Good,18,6,2025-11-16 18:00:00+00:00,Abnormal
2025-11-16 18:50:56+00:00,456.7969791203909,39,69,70,29.0,53,1013.25,0.0,-0.588399,0.196133,8.8652116,-0.34125,-0.35875,-0.455,167.041015625,-155.224609375,116.552734375,kitchen idle,run_5,0,2285,0,False,False,False,0,0,0,0,0,0,456.7969791203909,69.0,70.0,39.0,-0.1281027547357389,-0.0206340007628035,-0.074798252765163,-0.2175249999999999,-0.33915,-0.35805,-12.8154296875,15.5224609375,-57.0302734375,461.1003998223012,5.01648424515965,68.67333333333333,2.0050160810976507,71.08666666666667,2.2789867837764697,0.0,0.0,18.450938455633697,15.235492508252277,Good,18,6,2025-11-16 18:00:00+00:00,Abnormal
2025-11-16 18:51:01+00:00,455.3976010661928,38,65,67,29.8,53,1013.25,0.0,-0.588399,0.0784532,8.9828914,-2.1612500000000003,-0.32375,-0.02625,165.4296875,-155.224609375,117.626953125,kitchen idle,run_5,0,2278,0,False,False,False,0,0,0,0,0,0,455.3976010661928,65.0,67.0,38.0,-0.1281027547357389,-0.1495965055303261,0.0541642520023588,-2.0375250000000005,-0.30415,0.0707,-14.4267578125,15.5224609375,-55.9560546875,461.03509551310526,5.02659559439805,68.64,2.024282124805471,71.06666666666666,2.3016383620998258,-6.996890270990548,-20.0,19.19003053931662,15.91405086290973,Good,18,6,2025-11-16 18:00:00+00:00,Abnormal
2025-11-16 18:51:07+00:00,454.1981341625944,38,65,67,29.5,53,1013.25,0.0,-0.4707192,0.1176798,8.9436648,-0.105,-0.07,-0.18375,165.4296875,-153.61328125,119.23828125,kitchen idle,run_5,0,2272,0,False,False,False,0,0,0,0,0,0,454.1981341625944,65.0,67.0,38.0,0.0008597500317835,-0.1066090039411519,0.0111767504131855,0.018725,-0.0504,-0.0867999999999999,-14.4267578125,17.1337890625,-54.3447265625,460.9617947578854,5.045684374385059,68.61333333333333,2.045740924069621,71.05333333333333,2.319415185105134,-5.997334517992101,0.0,18.912890748601072,15.656604488064046,Good,18,6,2025-11-16 18:00:00+00:00,Abnormal
2025-11-16 18:51:12+00:00,454.1981341625944,39,67,68,29.2,52,1013.25,0.0,-0.5491724,0.1569064,8.9436648,-0.0175,-0.35,0.02625,163.28125,-157.91015625,122.998046875,kitchen idle,run_5,0,2272,0,False,False,False,0,0,0,0,0,0,454.1981341625944,67.0,68.0,39.0,-0.0851152531465647,-0.0636215023519777,0.0111767504131855,0.106225,-0.3303999999999999,0.1232,-16.5751953125,12.8369140625,-50.5849609375,460.8884940026655,5.063633104793295,68.59333333333333,2.0467576803908027,71.02666666666667,2.331421396288279,0.0,10.0,18.3314185254856,15.112133768306752,Good,18,6,2025-11-16 18:00:00+00:00,Abnormal
2025-11-16 18:51:17+00:00,454.1981341625944,38,66,68,29.2,52,1013.25,0.0,-0.6276256,0.1176798,8.825985,0.13125,-0.14,-0.385,166.50390625,-155.224609375,124.609375,kitchen idle,run_5,0,2272,0,False,False,False,0,0,0,0,0,0,454.1981341625944,66.0,68.0,38.0,-0.1710902563249131,-0.1066090039411519,-0.1177857543543383,0.254975,-0.1204,-0.28805,-13.3525390625,15.5224609375,-48.9736328125,460.8151932474456,5.080453868677192,68.56666666666666,2.054350978249838,71.0,2.3430605809298837,0.0,-5.0,18.3314185254856,15.112133768306752,Good,18,6,2025-11-16 18:00:00+00:00,Abnormal
2025-11-16 18:51:23+00:00,454.1981341625944,38,67,70,29.1,52,1013.25,0.0,-0.6668522,0.1569064,8.8652116,-0.18375,-0.35875,-0.3675,165.966796875,-155.76171875,122.4609375,kitchen idle,run_5,0,2272,0,False,False,False,0,0,0,0,0,0,454.1981341625944,67.0,70.0,38.0,-0.2140777579140873,-0.0636215023519777,-0.074798252765163,-0.0600249999999999,-0.33915,-0.2705499999999999,-13.8896484375,14.9853515625,-51.1220703125,460.7418924922257,5.096157835203784,68.52666666666667,2.025663091920843,70.96666666666667,2.321237423603031,0.0,5.0,18.23924009839171,15.029889209470948,Good,18,6,2025-11-16 18:00:00+00:00,Abnormal
2025-11-16 18:51:28+00:00,454.1981341625944,37,66,70,29.8,52,1013.25,0.0,-0.6276256,0.1569064,8.9044382,-0.06125,0.04375,-0.1575,164.892578125,-157.373046875,115.478515625,kitchen idle,run_5,0,2272,0,False,False,False,0,0,0,0,0,0,454.1981341625944,66.0,70.0,37.0,-0.1710902563249131,-0.0636215023519777,-0.0318107511759897,0.062475,0.0633499999999999,-0.0605499999999999,-14.9638671875,13.3740234375,-58.1044921875,460.6685917370057,5.110755299230653,68.49333333333334,2.025828744714104,70.94666666666667,2.3165197996357314,0.0,-5.0,18.884432352640708,15.61378575228879,Good,18,6,2025-11-16 18:00:00+00:00,Abnormal
2025-11-16 18:51:33+00:00,452.7987561083962,36,65,69,29.0,52,1013.25,0.0,-0.6668522,0.1569064,9.022118,-0.14875,-0.3325,-0.175,163.818359375,-155.224609375,112.79296875,kitchen idle,run_5,0,2265,0,False,False,False,0,0,0,0,0,0,452.7987561083962,65.0,69.0,36.0,-0.2140777579140873,-0.0636215023519777,0.0971517535915341,-0.0250249999999999,-0.3129,-0.0780499999999999,-16.0380859375,15.5224609375,-60.7900390625,460.58596179475785,5.137237909185502,68.44,2.011643956916243,70.90666666666667,2.2977861147383254,-6.996890270990832,-5.0,18.14705896929495,14.948030385455064,Good,18,6,2025-11-16 18:00:00+00:00,Abnormal
2025-11-16 18:51:39+00:00,452.7987561083962,36,64,68,29.4,52,1013.25,0.0,-0.588399,0.0784532,9.1005712,0.00875,-0.16625,-0.07,165.966796875,-158.447265625,117.08984375,kitchen idle,run_5,0,2265,0,False,False,False,0,0,0,0,0,0,452.7987561083962,64.0,68.0,36.0,-0.1281027547357389,-0.1495965055303261,0.1831267567698807,0.132475,-0.14665,0.02695,-13.8896484375,12.2998046875,-56.4931640625,460.5033318525101,5.16225337238891,68.38666666666667,2.022645840692259,70.86,2.285143145326429,0.0,-5.0,18.515767274139915,15.277786087011238,Good,18,6,2025-11-16 18:00:00+00:00,Abnormal
2025-11-16 18:51:44+00:00,452.7987561083962,36,63,68,29.3,52,1013.25,0.0,-0.6668522,0.1176798,8.8652116,-0.00875,-0.105,0.0875,165.4296875,-156.298828125,113.330078125,kitchen idle,run_5,0,2265,0,False,False,False,0,0,0,0,0,0,452.7987561083962,63.0,68.0,36.0,-0.2140777579140873,-0.1066090039411519,-0.074798252765163,0.114975,-0.0854,0.18445,-14.4267578125,14.4482421875,-60.2529296875,460.4207019102621,5.185822920628734,68.34,2.0654719791481075,70.81333333333333,2.2714648517440112,0.0,-5.0,18.4235942506954,15.194765560001812,Good,18,6,2025-11-16 18:00:00+00:00,Abnormal
2025-11-16 18:51:49+00:00,452.7987561083962,37,65,68,29.3,52,1013.25,0.0,-0.588399,0.0784532,8.9044382,-0.0525,-0.3325,-0.11375,164.892578125,-155.76171875,109.033203125,kitchen idle,run_5,0,2265,0,False,False,False,0,0,0,0,0,0,452.7987561083962,65.0,68.0,37.0,-0.1281027547357389,-0.1495965055303261,-0.0318107511759897,0.071225,-0.3129,-0.0167999999999999,-14.9638671875,14.9853515625,-64.5498046875,460.3380719680142,5.2079661851538175,68.31333333333333,2.08264373374371,70.77333333333333,2.267798112135744,0.0,10.0,18.4235942506954,15.194765560001812,Good,18,6,2025-11-16 18:00:00+00:00,Abnormal
2025-11-16 18:51:55+00:00,452.7987561083962,36,65,68,29.8,52,1013.25,0.0,-0.588399,0.1176798,8.9828914,-0.00875,-0.09625,-0.14875,164.35546875,-156.8359375,118.701171875,kitchen idle,run_5,0,2265,0,False,False,False,0,0,0,0,0,0,452.7987561083962,65.0,68.0,36.0,-0.1281027547357389,-0.1066090039411519,0.0541642520023588,0.114975,-0.07665,-0.0517999999999999,-15.5009765625,13.9111328125,-54.8818359375,460.25544202576634,5.228701286696584,68.29333333333334,2.100005326509049,70.75333333333333,2.278986783776493,0.0,0.0,18.884432352640708,15.61378575228879,Good,18,6,2025-11-16 18:00:00+00:00,Abnormal
2025-11-16 18:52:00+00:00,452.7987561083962,37,66,69,29.3,52,1013.25,0.0,-0.6668522,0.1569064,9.022118,0.14,-0.09625,-0.35,164.892578125,-157.91015625,111.71875,kitchen idle,run_5,0,2265,0,False,False,False,0,0,0,0,0,0,452.7987561083962,66.0,69.0,37.0,-0.2140777579140873,-0.0636215023519777,0.0971517535915341,0.263725,-0.07665,-0.25305,-14.9638671875,12.8369140625,-61.8642578125,460.1728120835183,5.2480449163006435,68.26666666666667,2.1035816904540146,70.73333333333333,2.2811355545749694,0.0,5.0,18.4235942506954,15.194765560001812,Good,18,6,2025-11-16 18:00:00+00:00,Abnormal
2025-11-16 18:52:05+00:00,452.7987561083962,37,67,70,29.4,52,1013.25,0.0,-0.5491724,0.1176798,8.9044382,-0.2625,-0.2625,-0.3675,163.818359375,-156.8359375,112.79296875,kitchen idle,run_5,0,2265,0,False,False,False,0,0,0,0,0,0,452.7987561083962,67.0,70.0,37.0,-0.0851152531465647,-0.1066090039411519,-0.0318107511759897,-0.1387749999999999,-0.2429,-0.2705499999999999,-16.0380859375,13.9111328125,-60.7900390625,460.1088405153265,5.2791735483399655,68.24,2.0940311466056967,70.71333333333334,2.274270047852898,0.0,5.0,18.515767274139915,15.277786087011238,Good,18,6,2025-11-16 18:00:00+00:00,Abnormal
2025-11-16 18:52:11+00:00,452.7987561083962,36,67,69,29.7,52,1013.25,0.0,-0.6276256,0.1176798,8.9828914,-0.1225,-0.34125,-0.48125,164.35546875,-155.76171875,121.38671875,kitchen idle,run_5,0,2265,0,False,False,False,0,0,0,0,0,0,452.7987561083962,67.0,69.0,36.0,-0.1710902563249131,-0.1066090039411519,0.0541642520023588,0.001225,-0.32165,-0.3843,-15.5009765625,14.9853515625,-52.1962890625,460.0448689471346,5.309343802144907,68.22666666666667,2.0955262883241725,70.71333333333334,2.274270047852898,0.0,0.0,18.79227013506956,15.529195170879053,Good,18,6,2025-11-16 18:00:00+00:00,Abnormal
2025-11-16 18:52:16+00:00,452.7987561083962,36,67,69,29.5,52,1013.25,0.0,-0.588399,0.1569064,9.0613446,-0.18375,-0.3675,-0.245,164.892578125,-157.373046875,121.38671875,kitchen idle,run_5,0,2265,0,False,False,False,0,0,0,0,0,0,452.7987561083962,67.0,69.0,36.0,-0.1281027547357389,-0.0636215023519777,0.1401392551807074,-0.0600249999999999,-0.3479,-0.14805,-14.9638671875,13.3740234375,-52.1962890625,459.9715681919147,5.333083904938621,68.21333333333334,2.0969350169535876,70.70666666666666,2.2778379795979964,0.0,0.0,18.607937595937937,15.361196856213782,Good,18,6,2025-11-16 18:00:00+00:00,Abnormal
2025-11-16 18:52:22+00:00,454.1981341625944,38,68,70,29.5,52,1013.25,0.0,-0.588399,0.1176798,9.022118,-0.13125,-0.21,-0.4025,164.35546875,-155.76171875,131.0546875,kitchen idle,run_5,0,2272,0,False,False,False,0,0,0,0,0,0,454.1981341625944,68.0,70.0,38.0,-0.1281027547357389,-0.1066090039411519,0.0971517535915341,-0.0075249999999999,-0.1903999999999999,-0.30555,-15.5009765625,14.9853515625,-42.5283203125,459.8982674366948,5.336393009727221,68.22,2.0946400116786767,70.71333333333334,2.274270047852898,6.996890270990832,5.0,18.607937595937937,15.361196856213782,Good,18,6,2025-11-16 18:00:00+00:00,Abnormal
2025-11-16 18:52:27+00:00,455.3976010661928,37,67,69,29.9,52,1013.25,0.0,-0.588399,0.1176798,8.9044382,0.00875,0.04375,-0.13125,165.966796875,-155.76171875,122.4609375,kitchen idle,run_5,0,2278,0,False,False,False,0,0,0,0,0,0,455.3976010661928,67.0,69.0,37.0,-0.1281027547357389,-0.1066090039411519,-0.0318107511759897,0.132475,0.0633499999999999,-0.0343,-13.8896484375,14.9853515625,-51.1220703125,459.8329631274989,5.331095275951571,68.22,2.0946400116786767,70.71333333333334,2.274270047852898,5.997334517992101,-5.0,18.976591869040433,15.698772647801526,Good,18,6,2025-11-16 18:00:00+00:00,Abnormal
2025-11-16 18:52:32+00:00,455.3976010661928,37,66,69,29.2,52,1013.25,0.0,-0.6668522,0.0784532,8.9044382,0.0525,-0.455,-0.13125,164.35546875,-155.76171875,113.330078125,kitchen idle,run_5,0,2278,0,False,False,False,0,0,0,0,0,0,455.3976010661928,66.0,69.0,37.0,-0.2140777579140873,-0.1495965055303261,-0.0318107511759897,0.176225,-0.4354,-0.0343,-15.5009765625,14.9853515625,-60.2529296875,459.76765881830295,5.324986082518894,68.20666666666666,2.102400886001615,70.7,2.278437001057255,0.0,-5.0,18.3314185254856,15.112133768306752,Good,18,6,2025-11-16 18:00:00+00:00,Abnormal
2025-11-16 18:52:38+00:00,456.7969791203909,38,67,70,29.6,52,1013.25,0.0,-0.6276256,0.196133,8.825985,0.06125,0.00875,-0.09625,164.35546875,-156.298828125,112.255859375,kitchen idle,run_5,0,2285,0,False,False,False,0,0,0,0,0,0,456.7969791203909,67.0,70.0,38.0,-0.1710902563249131,-0.0206340007628035,-0.1177857543543383,0.184975,0.02835,0.0007,-15.5009765625,14.4482421875,-61.3271484375,459.711683696135,5.311683957913037,68.18666666666667,2.0994939200578107,70.68,2.271267865779454,6.996890270990548,5.0,18.70010521620822,15.44499937891977,Good,18,6,2025-11-16 18:00:00+00:00,Abnormal
2025-11-16 18:52:43+00:00,456.7969791203909,38,67,70,29.8,52,1013.25,0.0,-0.5491724,0.0784532,9.022118,-0.1225,-0.21,-0.32375,163.28125,-158.447265625,114.404296875,kitchen idle,run_5,0,2285,0,False,False,False,0,0,0,0,0,0,456.7969791203909,67.0,70.0,38.0,-0.0851152531465647,-0.1495965055303261,0.0971517535915341,0.001225,-0.1903999999999999,-0.2267999999999999,-16.5751953125,12.2998046875,-59.1787109375,459.64637938693915,5.28667593802657,68.14666666666666,2.0640309381519257,70.65333333333334,2.2554532474054927,0.0,0.0,18.884432352640708,15.61378575228879,Good,18,6,2025-11-16 18:00:00+00:00,Abnormal
2025-11-16 18:52:48+00:00,456.7969791203909,37,66,68,29.8,53,1013.25,0.0,-0.588399,0.1176798,8.9044382,-0.27125,-0.1925,-0.04375,164.892578125,-155.224609375,121.38671875,kitchen idle,run_5,0,2285,0,False,False,False,0,0,0,0,0,0,456.7969791203909,66.0,68.0,37.0,-0.1281027547357389,-0.1066090039411519,-0.0318107511759897,-0.1475249999999999,-0.1729,0.0532,-14.9638671875,15.5224609375,-52.1962890625,459.5717458907153,5.246940011981437,68.09333333333333,2.0145333253678057,70.60666666666667,2.237258229348825,0.0,-5.0,19.19003053931662,15.91405086290973,Good,18,6,2025-11-16 18:00:00+00:00,Abnormal
2025-11-16 18:52:54+00:00,456.7969791203909,39,68,72,29.9,53,1013.25,0.0,-0.6276256,0.1569064,8.9828914,-0.21,-0.04375,-0.30625,164.892578125,-156.298828125,121.38671875,kitchen idle,run_5,0,2285,0,False,False,False,0,0,0,0,0,0,456.7969791203909,68.0,72.0,39.0,-0.1710902563249131,-0.0636215023519777,0.0541642520023588,-0.0862749999999999,-0.0241499999999999,-0.2093,-14.9638671875,14.4482421875,-52.1962890625,459.4971123944913,5.205823798420913,68.06666666666666,1.9887828616255052,70.6,2.231561285695208,0.0,10.0,19.282405206052516,16.00067212179771,Good,18,6,2025-11-16 18:00:00+00:00,Abnormal
2025-11-16 18:52:59+00:00,456.7969791203909,39,68,71,29.6,53,1013.25,0.0,-0.6276256,0.1569064,8.9044382,-0.04375,-0.20125,-0.58625,164.35546875,-157.91015625,107.958984375,kitchen idle,run_5,0,2285,0,False,False,False,0,0,0,0,0,0,456.7969791203909,68.0,71.0,39.0,-0.1710902563249131,-0.0636215023519777,-0.0318107511759897,0.079975,-0.18165,-0.4893,-15.5009765625,12.8369140625,-65.6240234375,459.4318080852954,5.177580948434566,68.04666666666667,1.974116629109388,70.6,2.231561285695208,0.0,0.0,19.00527331070336,15.742018597745153,Good,18,6,2025-11-16 18:00:00+00:00,Abnormal
2025-11-16 18:53:04+00:00,456.7969791203909,40,69,73,29.1,53,1013.25,0.0,-0.7453054,0.1569064,8.9828914,-0.20125,-0.525,-0.3675,164.892578125,-155.76171875,118.1640625,kitchen idle,run_5,0,2285,0,False,False,False,0,0,0,0,0,0,456.7969791203909,69.0,73.0,40.0,-0.3000527610924356,-0.0636215023519777,0.0541642520023588,-0.0775249999999999,-0.5054000000000001,-0.2705499999999999,-14.9638671875,14.9853515625,-55.4189453125,459.36650377609953,5.14834934573391,68.04,1.9691581685124435,70.62,2.2395769015571094,0.0,5.0,18.543334178929587,15.318925540422311,Good,18,6,2025-11-16 18:00:00+00:00,Abnormal
2025-11-16 18:53:10+00:00,458.196357174589,40,68,72,29.6,53,1013.25,0.0,-0.6276256,0.1176798,8.9044382,-0.37625,-0.035,0.04375,165.4296875,-154.6875,114.94140625,kitchen idle,run_5,0,2292,0,False,False,False,0,0,0,0,0,0,458.196357174589,68.0,72.0,40.0,-0.1710902563249131,-0.1066090039411519,-0.0318107511759897,-0.2525249999999999,-0.0154,0.1407,-14.4267578125,16.0595703125,-58.6416015625,459.3105286539316,5.114791074499015,68.03333333333333,1.9675783728344045,70.62666666666667,2.2422024966081335,6.996890270990548,-5.0,19.00527331070336,15.742018597745153,Good,18,6,2025-11-16 18:00:00+00:00,Abnormal
2025-11-16 18:53:15+00:00,458.196357174589,38,65,69,29.8,53,1013.25,0.0,-0.6276256,0.1569064,9.022118,-0.02625,-0.315,0.07875,164.892578125,-156.298828125,113.330078125,kitchen idle,run_5,0,2292,0,False,False,False,0,0,0,0,0,0,458.196357174589,65.0,69.0,38.0,-0.1710902563249131,-0.0636215023519777,0.0971517535915341,0.097475,-0.2954,0.1757,-14.9638671875,14.4482421875,-60.2529296875,459.2545535317637,5.080390339399087,68.00666666666666,1.9814463792686472,70.61333333333333,2.245911024750928,0.0,-15.0,19.19003053931662,15.91405086290973,Good,18,6,2025-11-16 18:00:00+00:00,Abnormal
2025-11-16 18:53:20+00:00,456.7969791203909,37,65,68,29.7,53,1013.25,0.0,-0.5491724,0.1569064,8.9828914,-0.09625,-0.4725,-0.46375,164.892578125,-155.224609375,113.8671875,kitchen idle,run_5,0,2285,0,False,False,False,0,0,0,0,0,0,456.7969791203909,65.0,68.0,37.0,-0.0851152531465647,-0.0636215023519777,0.0541642520023588,0.027475,-0.4528999999999999,-0.3668,-14.9638671875,15.5224609375,-59.7158203125,459.19857840959577,5.060735905938387,67.98,1.9948591647658176,70.59333333333333,2.255780543691942,-6.996890270990548,0.0,19.097653240904393,15.8278335395498,Good,18,6,2025-11-16 18:00:00+00:00,Abnormal
2025-11-16 18:53:26+00:00,456.7969791203909,37,67,70,29.9,53,1013.25,0.0,-0.5099458,0.0784532,8.8652116,-0.1575,-0.0525,-0.37625,166.50390625,-157.91015625,114.404296875,kitchen idle,run_5,0,2285,0,False,False,False,0,0,0,0,0,0,456.7969791203909,67.0,70.0,37.0,-0.0421277515573906,-0.1495965055303261,-0.074798252765163,-0.0337749999999999,-0.0329,-0.2793,-13.3525390625,12.8369140625,-59.1787109375,459.14260328742785,5.040379086286789,67.96666666666667,1.994679724562637,70.58,2.2533196986737374,0.0,10.0,19.282405206052516,16.00067212179771,Good,18,6,2025-11-16 18:00:00+00:00,Abnormal
2025-11-16 18:53:31+00:00,456.7969791203909,37,69,70,29.6,53,1013.25,0.0,-0.6668522,0.1569064,8.9436648,-0.105,-0.0875,-0.1575,166.50390625,-153.61328125,115.478515625,kitchen idle,run_5,0,2285,0,False,False,False,0,0,0,0,0,0,456.7969791203909,69.0,70.0,37.0,-0.2140777579140873,-0.0636215023519777,0.0111767504131855,0.018725,-0.0678999999999999,-0.0605499999999999,-13.3525390625,17.1337890625,-58.1044921875,459.0959573522878,5.029409533812322,67.93333333333334,1.9340352039257829,70.54666666666667,2.224291355869497,0.0,10.0,19.00527331070336,15.742018597745153,Good,18,6,2025-11-16 18:00:00+00:00,Abnormal
2025-11-16 18:53:36+00:00,456.7969791203909,37,69,69,29.0,53,1013.25,0.0,-0.7060788,0.0784532,9.022118,-0.25375,-0.175,-0.58625,163.28125,-157.373046875,106.884765625,kitchen idle,run_5,0,2285,0,False,False,False,0,0,0,0,0,0,456.7969791203909,69.0,69.0,37.0,-0.2570652595032615,-0.1495965055303261,0.0971517535915341,-0.1300249999999999,-0.1553999999999999,-0.4893,-16.5751953125,13.3740234375,-66.6982421875,459.04931141714786,5.017979502912231,67.90666666666667,1.890799577561693,70.51333333333334,2.2096088714192907,0.0,0.0,18.450938455633697,15.235492508252277,Good,18,6,2025-11-16 18:00:00+00:00,Abnormal
2025-11-16 18:53:42+00:00,455.3976010661928,38,70,70,29.6,53,1013.25,0.0,-0.6668522,0.1176798,8.8652116,-0.21875,-0.32375,0.06125,165.4296875,-157.373046875,108.49609375,kitchen idle,run_5,0,2278,0,False,False,False,0,0,0,0,0,0,455.3976010661928,70.0,70.0,38.0,-0.2140777579140873,-0.1066090039411519,-0.074798252765163,-0.0950249999999999,-0.30415,0.1582,-14.4267578125,13.3740234375,-65.0869140625,458.99333629498005,5.0115248395701,67.91333333333333,1.8964348985363744,70.5,2.20660996027393,-6.996890270990548,5.0,19.00527331070336,15.742018597745153,Good,18,6,2025-11-16 18:00:00+00:00,Abnormal
2025-11-16 18:53:47+00:00,455.3976010661928,37,68,69,29.9,53,1013.25,0.0,-0.588399,0.1176798,8.9436648,-0.0875,-0.30625,-0.4375,165.966796875,-154.150390625,107.421875,kitchen idle,run_5,0,2278,0,False,False,False,0,0,0,0,0,0,455.3976010661928,68.0,69.0,37.0,-0.1281027547357389,-0.1066090039411519,0.0111767504131855,0.036225,-0.28665,-0.34055,-13.8896484375,16.5966796875,-66.1611328125,458.937361172812,5.004431601934201,67.91333333333333,1.8964348985363744,70.48,2.206518713316604,0.0,-10.0,19.282405206052516,16.00067212179771,Good,18,6,2025-11-16 18:00:00+00:00,Abnormal
2025-11-16 18:53:52+00:00,456.7969791203909,38,69,73,29.7,53,1013.25,0.0,-0.5491724,0.0784532,8.9436648,-0.06125,-0.28,0.00875,163.818359375,-156.298828125,109.033203125,kitchen idle,run_5,0,2285,0,False,False,False,0,0,0,0,0,0,456.7969791203909,69.0,73.0,38.0,-0.0851152531465647,-0.1495965055303261,0.0111767504131855,0.062475,-0.2604,0.1057,-16.0380859375,14.4482421875,-64.5498046875,458.89071523767217,4.991452559811686,67.92,1.8984981701374648,70.48,2.206518713316604,6.996890270990548,5.0,19.097653240904393,15.8278335395498,Good,18,6,2025-11-16 18:00:00+00:00,Abnormal
2025-11-16 18:53:58+00:00,455.3976010661928,38,68,73,29.0,53,1013.25,0.0,-0.6276256,0.1569064,8.9828914,-0.11375,-0.07875,-0.49875,164.35546875,-156.8359375,99.90234375,kitchen idle,run_5,0,2278,0,False,False,False,0,0,0,0,0,0,455.3976010661928,68.0,73.0,38.0,-0.1710902563249131,-0.0636215023519777,0.0541642520023588,0.009975,-0.05915,-0.4018,-15.5009765625,13.9111328125,-73.6806640625,458.83474011550413,4.983170430711049,67.91333333333333,1.8964348985363744,70.47333333333333,2.1973036150553655,-6.996890270990548,-5.0,18.450938455633697,15.235492508252277,Good,18,6,2025-11-16 18:00:00+00:00,Abnormal
2025-11-16 18:54:03+00:00,455.3976010661928,39,70,73,29.9,53,1013.25,0.0,-0.6276256,0.1569064,9.022118,-0.14,-0.37625,-0.2275,165.4296875,-157.373046875,105.810546875,kitchen idle,run_5,0,2278,0,False,False,False,0,0,0,0,0,0,455.3976010661928,70.0,73.0,39.0,-0.1710902563249131,-0.0636215023519777,0.0971517535915341,-0.0162749999999999,-0.3566499999999999,-0.13055,-14.4267578125,13.3740234375,-67.7724609375,458.7787649933363,4.974240438600051,67.91333333333333,1.8964348985363744,70.46666666666667,2.1880292584414365,0.0,10.0,19.282405206052516,16.00067212179771,Good,18,6,2025-11-16 18:00:00+00:00,Abnormal
2025-11-16 18:54:08+00:00,455.3976010661928,39,70,72,29.0,53,1013.25,0.0,-0.6276256,0.1569064,9.1397978,-0.0175,-0.32375,0.07875,165.4296875,-155.224609375,114.94140625,kitchen idle,run_5,0,2278,0,False,False,False,0,0,0,0,0,0,455.3976010661928,70.0,72.0,39.0,-0.1710902563249131,-0.0636215023519777,0.226114258359056,0.106225,-0.30415,0.1757,-14.4267578125,15.5224609375,-58.6416015625,458.7227898711683,4.964659087522917,67.92,1.9020299999756176,70.46,2.18177318440518,0.0,0.0,18.450938455633697,15.235492508252277,Good,18,6,2025-11-16 18:00:00+00:00,Abnormal
2025-11-16 18:54:14+00:00,456.7969791203909,39,69,72,29.3,53,1013.25,0.0,-0.6276256,0.1569064,8.9044382,0.0,-0.18375,-0.23625,168.115234375,-158.984375,114.94140625,kitchen idle,run_5,0,2285,0,False,False,False,0,0,0,0,0,0,456.7969791203909,69.0,72.0,39.0,-0.1710902563249131,-0.0636215023519777,-0.0318107511759897,0.123725,-0.16415,-0.1392999999999999,-11.7412109375,11.7626953125,-58.6416015625,458.6761439360285,4.9495404582979905,67.92,1.9020299999756176,70.45333333333333,2.175478553129091,6.996890270990548,-5.0,18.72811772824277,15.486972590001844,Good,18,6,2025-11-16 18:00:00+00:00,Abnormal
2025-11-16 18:54:19+00:00,456.7969791203909,39,71,72,29.1,53,1013.25,0.0,-0.588399,0.1176798,8.9436648,-0.315,-0.18375,-0.3325,164.35546875,-154.150390625,113.330078125,kitchen idle,run_5,0,2285,0,False,False,False,0,0,0,0,0,0,456.7969791203909,71.0,72.0,39.0,-0.1281027547357389,-0.1066090039411519,0.0111767504131855,-0.1912749999999999,-0.16415,-0.23555,-15.5009765625,16.5966796875,-60.2529296875,458.6201688138605,4.922747706029668,67.92666666666666,1.911100272241402,70.45333333333333,2.175478553129091,0.0,10.0,18.543334178929587,15.318925540422311,Good,18,6,2025-11-16 18:00:00+00:00,Abnormal
2025-11-16 18:54:25+00:00,458.196357174589,40,70,72,29.8,53,1013.25,0.0,-0.6276256,0.1569064,8.9828914,-0.28875,-0.30625,-0.56,164.892578125,-156.298828125,116.015625,kitchen idle,run_5,0,2292,0,False,False,False,0,0,0,0,0,0,458.196357174589,70.0,72.0,40.0,-0.1710902563249131,-0.0636215023519777,0.0541642520023588,-0.1650249999999999,-0.28665,-0.4630500000000001,-14.9638671875,14.4482421875,-57.5673828125,458.57352287872055,4.893106491010424,67.94,1.9185774931749064,70.47333333333333,2.1758178796010834,6.996890270990548,-5.0,19.19003053931662,15.91405086290973,Good,18,6,2025-11-16 18:00:00+00:00,Abnormal
2025-11-16 18:54:30+00:00,458.196357174589,40,69,70,29.5,53,1013.25,0.0,-0.6276256,0.1176798,8.9828914,0.07875,-0.23625,-0.42875,164.892578125,-156.8359375,105.2734375,kitchen idle,run_5,0,2292,0,False,False,False,0,0,0,0,0,0,458.196357174589,69.0,70.0,40.0,-0.1710902563249131,-0.1066090039411519,0.0541642520023588,0.202475,-0.2166499999999999,-0.3318,-14.9638671875,13.9111328125,-68.3095703125,458.5268769435806,4.862834193660761,67.96,1.913849208257582,70.49333333333334,2.157386769538477,0.0,-5.0,18.912890748601072,15.656604488064046,Good,18,6,2025-11-16 18:00:00+00:00,Abnormal
2025-11-16 18:54:35+00:00,459.59573522878713,39,69,70,29.7,53,1013.25,0.0,-0.6276256,0.1176798,8.9044382,-0.37625,-0.20125,-0.105,164.892578125,-155.76171875,112.79296875,kitchen idle,run_5,0,2299,0,False,False,False,0,0,0,0,0,0,459.59573522878713,69.0,70.0,39.0,-0.1710902563249131,-0.1066090039411519,-0.0318107511759897,-0.2525249999999999,-0.18165,-0.0080499999999999,-14.9638671875,14.9853515625,-60.7900390625,458.4895601954687,4.832718039863773,67.96666666666667,1.9157302449370357,70.50666666666666,2.14803380257477,6.996890270990548,0.0,19.097653240904393,15.8278335395498,Good,18,6,2025-11-16 18:00:00+00:00,Abnormal
2025-11-16 18:54:41+00:00,459.59573522878713,38,69,70,29.8,53,1013.25,0.0,-0.6276256,0.1176798,9.0613446,-0.06125,0.175,-0.27125,164.892578125,-158.447265625,78.955078125,kitchen idle,run_5,0,2299,0,False,False,False,0,0,0,0,0,0,459.59573522878713,69.0,70.0,38.0,-0.1710902563249131,-0.1066090039411519,0.1401392551807074,0.062475,0.1946,-0.1742999999999999,-14.9638671875,12.2998046875,-94.6279296875,458.4522434473567,4.802121108367214,67.96666666666667,1.9157302449370357,70.51333333333334,2.1448757936122917,0.0,0.0,19.19003053931662,15.91405086290973,Good,18,6,2025-11-16 18:00:00+00:00,Abnormal
2025-11-16 18:54:46+00:00,458.196357174589,38,70,71,29.8,53,1013.25,0.0,-0.6276256,0.196133,8.8652116,-0.04375,0.09625,-0.09625,165.966796875,-154.6875,112.79296875,kitchen idle,run_5,0,2292,0,False,False,False,0,0,0,0,0,0,458.196357174589,70.0,71.0,38.0,-0.1710902563249131,-0.0206340007628035,-0.074798252765163,0.079975,0.11585,0.0007,-13.8896484375,16.0595703125,-60.7900390625,458.4055975122168,4.770077785701808,67.97333333333333,1.9210828415553012,70.52,2.144823642255331,-6.996890270990548,5.0,19.19003053931662,15.91405086290973,Good,18,6,2025-11-16 18:00:00+00:00,Abnormal
2025-11-16 18:54:51+00:00,458.196357174589,37,68,69,29.7,53,1013.25,0.0,-0.6668522,0.1569064,8.9828914,-0.06125,-0.09625,0.0175,167.578125,-156.8359375,109.033203125,kitchen idle,run_5,0,2292,0,False,False,False,0,0,0,0,0,0,458.196357174589,68.0,69.0,37.0,-0.2140777579140873,-0.0636215023519777,0.0541642520023588,0.062475,-0.07665,0.11445,-12.2783203125,13.9111328125,-64.5498046875,458.3589515770768,4.737355394245373,67.96666666666667,1.919230364015342,70.52,2.144823642255331,0.0,-10.0,19.097653240904393,15.8278335395498,Good,18,6,2025-11-16 18:00:00+00:00,Abnormal
2025-11-16 18:54:57+00:00,458.196357174589,37,68,69,29.5,53,1013.25,0.0,-0.588399,0.1176798,8.9828914,-0.2275,-0.37625,-0.5075000000000001,167.578125,-156.298828125,110.64453125,kitchen idle,run_5,0,2292,0,False,False,False,0,0,0,0,0,0,458.196357174589,68.0,69.0,37.0,-0.1281027547357389,-0.1066090039411519,0.0541642520023588,-0.1037749999999999,-0.3566499999999999,-0.4105500000000001,-12.2783203125,14.4482421875,-62.9384765625,458.31230564193686,4.703939762438034,67.95333333333333,1.9119429194071715,70.49333333333334,2.138639932440239,0.0,0.0,18.912890748601072,15.656604488064046,Good,18,6,2025-11-16 18:00:00+00:00,Abnormal
2025-11-16 18:55:02+00:00,458.196357174589,37,68,69,29.3,53,1013.25,0.0,-0.6668522,0.1569064,8.9436648,0.13125,0.00875,-0.4725,166.50390625,-156.298828125,113.8671875,kitchen idle,run_5,0,2292,0,False,False,False,0,0,0,0,0,0,458.196357174589,68.0,69.0,37.0,-0.2140777579140873,-0.0636215023519777,0.0111767504131855,0.254975,0.02835,-0.3755499999999999,-13.3525390625,14.4482421875,-59.7158203125,458.26565970679695,4.669816008519544,67.94666666666667,1.9100113027769363,70.46,2.1225222427910007,0.0,0.0,18.72811772824277,15.486972590001844,Good,18,6,2025-11-16 18:00:00+00:00,Abnormal
2025-11-16 18:55:07+00:00,458.196357174589,37,68,69,29.9,53,1013.25,0.0,-0.6276256,0.1569064,8.9828914,0.0525,-0.63875,-0.02625,167.041015625,-155.76171875,105.810546875,kitchen idle,run_5,0,2292,0,False,False,False,0,0,0,0,0,0,458.196357174589,68.0,69.0,37.0,-0.1710902563249131,-0.0636215023519777,0.0541642520023588,0.176225,-0.6191500000000001,0.0707,-12.8154296875,14.9853515625,-67.7724609375,458.2190137716571,4.6349684924199,67.93333333333334,1.9025474503666735,70.41333333333333,2.076350265503762,0.0,0.0,19.282405206052516,16.00067212179771,Good,18,6,2025-11-16 18:00:00+00:00,Abnormal
2025-11-16 18:55:13+00:00,456.7969791203909,36,69,69,29.5,53,1013.25,0.0,-0.7453054,0.1569064,8.9828914,-0.18375,-0.2275,-0.245,163.28125,-156.298828125,106.884765625,kitchen idle,run_5,0,2285,0,False,False,False,0,0,0,0,0,0,456.7969791203909,69.0,69.0,36.0,-0.3000527610924356,-0.0636215023519777,0.0541642520023588,-0.0600249999999999,-0.2079,-0.14805,-16.5751953125,14.4482421875,-66.6982421875,458.172367836517,4.613646083082852,67.92666666666666,1.8970010478103,70.37333333333333,2.0449534106925737,-6.996890270990548,5.0,18.912890748601072,15.656604488064046,Good,18,6,2025-11-16 18:00:00+00:00,Abnormal
2025-11-16 18:55:18+00:00,456.7969791203909,37,69,69,29.2,53,1013.25,0.0,-0.5099458,0.1569064,8.9044382,-0.11375,-0.09625,-0.27125,165.4296875,-158.984375,115.478515625,kitchen idle,run_5,0,2285,0,False,False,False,0,0,0,0,0,0,456.7969791203909,69.0,69.0,37.0,-0.0421277515573906,-0.0636215023519777,-0.0318107511759897,0.009975,-0.07665,-0.1742999999999999,-14.4267578125,11.7626953125,-58.1044921875,458.1257219013772,4.591747656577639,67.93333333333334,1.8990165828935732,70.35333333333334,2.0436073732981335,0.0,0.0,18.635727269761787,15.402751725389573,Good,18,6,2025-11-16 18:00:00+00:00,Abnormal
2025-11-16 18:55:23+00:00,456.7969791203909,37,69,69,29.2,53,1013.25,0.0,-0.6276256,0.1176798,8.9828914,-0.035,0.07875,-0.30625,165.966796875,-157.91015625,103.125,kitchen idle,run_5,0,2285,0,False,False,False,0,0,0,0,0,0,456.7969791203909,69.0,69.0,37.0,-0.1710902563249131,-0.1066090039411519,0.0541642520023588,0.088725,0.0983499999999999,-0.2093,-13.8896484375,12.8369140625,-70.4580078125,458.0790759662372,4.569264931140098,67.94,1.9010064448490376,70.33333333333333,2.0420632633114697,0.0,0.0,18.635727269761787,15.402751725389573,Good,18,6,2025-11-16 18:00:00+00:00,Abnormal
2025-11-16 18:55:29+00:00,455.3976010661928,38,70,70,29.8,53,1013.25,0.0,-0.6668522,0.1569064,9.0613446,-0.105,-0.30625,0.02625,164.892578125,-157.373046875,105.810546875,kitchen idle,run_5,0,2278,0,False,False,False,0,0,0,0,0,0,455.3976010661928,70.0,70.0,38.0,-0.2140777579140873,-0.0636215023519777,0.1401392551807074,0.018725,-0.28665,0.1232,-14.9638671875,13.3740234375,-67.7724609375,458.0231008440693,4.5501755856918455,67.96,1.9068227904984465,70.32,2.0376325254388905,-6.996890270990548,5.0,19.19003053931662,15.91405086290973,Good,18,6,2025-11-16 18:00:00+00:00,Abnormal
2025-11-16 18:55:34+00:00,455.3976010661928,38,70,70,29.2,53,1013.25,0.0,-0.6276256,0.0392266,8.825985,-0.13125,-0.0175,-0.5775,167.041015625,-156.8359375,104.19921875,kitchen idle,run_5,0,2278,0,False,False,False,0,0,0,0,0,0,455.3976010661928,70.0,70.0,38.0,-0.1710902563249131,-0.1925840071195002,-0.1177857543543383,-0.0075249999999999,0.0020999999999999,-0.48055,-12.8154296875,13.9111328125,-69.3837890625,457.96712572190137,4.5303096169174015,67.98,1.9124108962886264,70.3,2.02583978775204,0.0,0.0,18.635727269761787,15.402751725389573,Good,18,6,2025-11-16 18:00:00+00:00,Abnormal
2025-11-16 18:55:39+00:00,455.3976010661928,39,70,73,29.4,53,1013.25,0.0,-0.6276256,0.1569064,9.1005712,-0.09625,-0.14875,0.35,165.966796875,-155.224609375,105.2734375,kitchen idle,run_5,0,2278,0,False,False,False,0,0,0,0,0,0,455.3976010661928,70.0,73.0,39.0,-0.1710902563249131,-0.0636215023519777,0.1831267567698807,0.027475,-0.12915,0.4469499999999999,-13.8896484375,15.5224609375,-68.3095703125,457.91115059973345,4.509656761270333,68.00666666666666,1.9125044779236229,70.30666666666667,2.0331041056109753,0.0,0.0,18.820505554485027,15.571589665607608,Good,18,6,2025-11-16 18:00:00+00:00,Abnormal
2025-11-16 18:55:45+00:00,456.7969791203909,38,69,73,29.3,53,1013.25,0.0,-0.6276256,0.196133,8.9828914,0.00875,-0.13125,-0.27125,166.50390625,-155.76171875,106.34765625,kitchen idle,run_5,0,2285,0,False,False,False,0,0,0,0,0,0,456.7969791203909,69.0,73.0,38.0,-0.1710902563249131,-0.0206340007628035,0.0541642520023588,0.132475,-0.11165,-0.1742999999999999,-13.3525390625,14.9853515625,-67.2353515625,457.8645046645934,4.484516414099027,68.02,1.9124108962886224,70.30666666666667,2.0331041056109753,6.996890270990548,-5.0,18.72811772824277,15.486972590001844,Good,18,6,2025-11-16 18:00:00+00:00,Abnormal
2025-11-16 18:55:50+00:00,456.7969791203909,38,69,72,29.2,53,1013.25,0.0,-0.6276256,0.1569064,8.9044382,0.0525,-0.245,-0.28875,164.892578125,-156.298828125,111.181640625,kitchen idle,run_5,0,2285,0,False,False,False,0,0,0,0,0,0,456.7969791203909,69.0,72.0,38.0,-0.1710902563249131,-0.0636215023519777,-0.0318107511759897,0.176225,-0.2254,-0.1918,-14.9638671875,14.4482421875,-62.4013671875,457.8085295424256,4.4446494419956615,68.02666666666667,1.9140829779647164,70.31333333333333,2.0370285856154835,0.0,0.0,18.635727269761787,15.402751725389573,Good,18,6,2025-11-16 18:00:00+00:00,Abnormal
2025-11-16 18:55:55+00:00,456.7969791203909,37,66,69,29.5,54,1013.25,0.0,-0.6276256,0.2353596,8.9828914,-0.07875,-0.28,-0.55125,164.892578125,-156.298828125,117.08984375,kitchen idle,run_5,0,2285,0,False,False,False,0,0,0,0,0,0,456.7969791203909,66.0,69.0,37.0,-0.1710902563249131,0.0223535008263705,0.0541642520023588,0.044975,-0.2604,-0.4543,-14.9638671875,14.4482421875,-56.4931640625,457.7525544202577,4.403705413736239,68.0,1.914269973175987,70.29333333333334,2.0350837809602274,0.0,-15.0,19.212835130982853,15.952012119914311,Good,18,6,2025-11-16 18:00:00+00:00,Abnormal
2025-11-16 18:56:01+00:00,456.7969791203909,38,67,70,29.1,53,1013.25,0.0,-0.6668522,0.0784532,8.9044382,-0.1575,-0.14,2.0475000000000003,165.966796875,-153.61328125,111.71875,kitchen idle,run_5,0,2285,0,False,False,False,0,0,0,0,0,0,456.7969791203909,67.0,70.0,38.0,-0.2140777579140873,-0.1495965055303261,-0.0318107511759897,-0.0337749999999999,-0.1204,2.1444500000000004,-13.8896484375,17.1337890625,-61.8642578125,457.69657929808966,4.361653997572038,67.96666666666667,1.8874956479502003,70.27333333333333,2.023010802476541,0.0,5.0,18.543334178929587,15.318925540422311,Good,18,6,2025-11-16 18:00:00+00:00,Abnormal
2025-11-16 18:56:06+00:00,455.3976010661928,37,66,69,29.1,53,1013.25,0.0,-0.588399,0.2353596,8.9436648,-0.20125,-0.35875,-0.32375,165.4296875,-158.984375,104.736328125,kitchen idle,run_5,0,2278,0,False,False,False,0,0,0,0,0,0,455.3976010661928,66.0,69.0,37.0,-0.1281027547357389,0.0223535008263705,0.0111767504131855,-0.0775249999999999,-0.33915,-0.2267999999999999,-14.4267578125,11.7626953125,-68.8466796875,457.63127498889384,4.321807805359198,67.92,1.848344080231832,70.24,2.0022805789349776,-6.996890270990548,-5.0,18.543334178929587,15.318925540422311,Good,18,6,2025-11-16 18:00:00+00:00,Abnormal
2025-11-16 18:56:11+00:00,455.3976010661928,37,66,69,29.0,54,1013.25,0.0,-0.6276256,0.1569064,8.9044382,-0.175,-0.5775,-0.21875,164.892578125,-159.521484375,106.884765625,kitchen idle,run_5,0,2278,0,False,False,False,0,0,0,0,0,0,455.3976010661928,66.0,69.0,37.0,-0.1710902563249131,-0.0636215023519777,-0.0318107511759897,-0.0512749999999999,-0.5579000000000001,-0.1217999999999999,-14.9638671875,11.2255859375,-66.6982421875,457.56597067969784,4.280587958345252,67.85333333333334,1.7316116040283078,70.18666666666667,1.926106991622847,0.0,0.0,18.749825589963045,15.522954631049489,Good,18,6,2025-11-16 18:00:00+00:00,Abnormal
2025-11-16 18:56:17+00:00,455.3976010661928,37,67,70,29.8,54,1013.25,0.0,-0.6276256,0.1569064,8.9436648,0.035,-0.14,0.175,165.4296875,-157.91015625,110.107421875,kitchen idle,run_5,0,2278,0,False,False,False,0,0,0,0,0,0,455.3976010661928,67.0,70.0,37.0,-0.1710902563249131,-0.0636215023519777,0.0111767504131855,0.158725,-0.1204,0.27195,-14.4267578125,12.8369140625,-63.4755859375,457.5006663705021,4.237954374758678,67.80666666666667,1.657590499485332,70.15333333333334,1.8850762064840372,0.0,5.0,19.4906100950928,16.21431597353067,Good,18,6,2025-11-16 18:00:00+00:00,Abnormal
2025-11-16 18:56:22+00:00,455.3976010661928,37,66,70,29.5,54,1013.25,0.0,-0.588399,0.1176798,9.022118,-0.06125,-0.14875,0.105,167.041015625,-154.150390625,105.2734375,kitchen idle,run_5,0,2278,0,False,False,False,0,0,0,0,0,0,455.3976010661928,66.0,70.0,37.0,-0.1281027547357389,-0.1066090039411519,0.0971517535915341,0.062475,-0.12915,0.20195,-12.8154296875,16.5966796875,-68.3095703125,457.4353620613061,4.193863939934293,67.76,1.60820046164468,70.12,1.842525258676461,0.0,-5.0,19.212835130982853,15.952012119914311,Good,18,6,2025-11-16 18:00:00+00:00,Abnormal
2025-11-16 18:56:28+00:00,455.3976010661928,37,64,69,29.6,54,1013.25,0.0,-0.588399,0.1176798,8.9828914,-0.09625,-0.1925,-0.28,163.28125,-157.373046875,110.107421875,kitchen idle,run_5,0,2278,0,False,False,False,0,0,0,0,0,0,455.3976010661928,64.0,69.0,37.0,-0.1281027547357389,-0.1066090039411519,0.0541642520023588,0.027475,-0.1729,-0.18305,-16.5751953125,13.3740234375,-63.4755859375,457.37938693913816,4.164356254799938,67.72,1.6266241238437418,70.09333333333333,1.8294630696038148,0.0,-10.0,19.30542934884844,16.03903781657053,Good,18,6,2025-11-16 18:00:00+00:00,Abnormal
2025-11-16 18:56:33+00:00,455.3976010661928,38,66,72,29.6,53,1013.25,0.0,-0.6276256,0.1176798,8.8652116,-0.13125,-0.39375,0.0,164.892578125,-158.447265625,113.8671875,kitchen idle,run_5,0,2278,0,False,False,False,0,0,0,0,0,0,455.3976010661928,66.0,72.0,38.0,-0.1710902563249131,-0.1066090039411519,-0.074798252765163,-0.0075249999999999,-0.37415,0.09695,-14.9638671875,12.2998046875,-59.7158203125,457.3327410039982,4.146954422328777,67.71333333333334,1.6316363370761549,70.11333333333333,1.8338234040950137,0.0,10.0,19.00527331070336,15.742018597745153,Good,18,6,2025-11-16 18:00:00+00:00,Abnormal
2025-11-16 18:56:38+00:00,455.3976010661928,37,67,71,29.7,53,1013.25,0.0,-0.6276256,0.1176798,8.9828914,-0.07875,-0.245,-0.0875,164.892578125,-156.298828125,119.23828125,kitchen idle,run_5,0,2278,0,False,False,False,0,0,0,0,0,0,455.3976010661928,67.0,71.0,37.0,-0.1710902563249131,-0.1066090039411519,0.0541642520023588,0.044975,-0.2254,0.00945,-14.9638671875,14.4482421875,-54.3447265625,457.28609506885823,4.12894878296801,67.7,1.6292214140838426,70.11333333333333,1.8338234040950137,0.0,5.0,19.097653240904393,15.8278335395498,Good,18,6,2025-11-16 18:00:00+00:00,Abnormal
2025-11-16 18:56:44+00:00,455.3976010661928,38,68,72,29.5,54,1013.25,0.0,-0.5099458,0.2353596,8.9436648,-0.0175,0.0,-0.35,167.578125,-156.298828125,108.49609375,kitchen idle,run_5,0,2278,0,False,False,False,0,0,0,0,0,0,455.3976010661928,68.0,72.0,38.0,-0.0421277515573906,0.0223535008263705,0.0111767504131855,0.106225,0.0196,-0.25305,-12.2783203125,14.4482421875,-65.0869140625,457.2394491337183,4.110331401650455,67.69333333333333,1.6259087976717803,70.11333333333333,1.8338234040950137,0.0,5.0,19.212835130982853,15.952012119914311,Good,18,6,2025-11-16 18:00:00+00:00,Abnormal
2025-11-16 18:56:49+00:00,455.3976010661928,39,67,70,29.7,53,1013.25,0.0,-0.5491724,0.1569064,8.9828914,0.00875,-0.2975,0.16625,164.892578125,-157.373046875,117.08984375,kitchen idle,run_5,0,2278,0,False,False,False,0,0,0,0,0,0,455.3976010661928,67.0,70.0,39.0,-0.0851152531465647,-0.0636215023519777,0.0541642520023588,0.132475,-0.2779,0.2632,-14.9638671875,13.3740234375,-56.4931640625,457.1928031985784,4.091093926804241,67.68,1.62331998855336,70.10666666666667,1.8323955299219012,0.0,-5.0,19.097653240904393,15.8278335395498,Good,18,6,2025-11-16 18:00:00+00:00,Abnormal
2025-11-16 18:56:54+00:00,455.3976010661928,38,65,67,29.3,53,1013.25,0.0,-0.6276256,0.1176798,8.9828914,0.315,-0.09625,-0.23625,162.20703125,-157.373046875,123.53515625,kitchen idle,run_5,0,2278,0,False,False,False,0,0,0,0,0,0,455.3976010661928,65.0,67.0,38.0,-0.1710902563249131,-0.1066090039411519,0.0541642520023588,0.438725,-0.07665,-0.1392999999999999,-17.6494140625,13.3740234375,-50.0478515625,457.1461572634385,4.071227568190616,67.66,1.6377673458695592,70.09333333333333,1.8477145929509633,0.0,-10.0,18.72811772824277,15.486972590001844,Good,18,6,2025-11-16 18:00:00+00:00,Abnormal
2025-11-16 18:57:00+00:00,454.1981341625944,38,66,67,29.9,53,1013.25,0.0,-0.6276256,0.0784532,8.9436648,0.00875,-0.41125,-0.2275,163.818359375,-158.447265625,107.958984375,kitchen idle,run_5,0,2272,0,False,False,False,0,0,0,0,0,0,454.1981341625944,66.0,67.0,38.0,-0.1710902563249131,-0.1495965055303261,0.0111767504131855,0.132475,-0.39165,-0.13055,-16.0380859375,12.2998046875,-65.6240234375,457.09151488227457,4.055286676340057,67.63333333333334,1.6319653678833632,70.06,1.8581581412393473,-5.997334517992101,5.0,19.282405206052516,16.00067212179771,Good,18,6,2025-11-16 18:00:00+00:00,Abnormal
2025-11-16 18:57:05+00:00,454.1981341625944,39,68,70,29.1,53,1013.25,0.0,-0.5491724,0.1569064,8.9044382,-0.34125,-0.105,0.00875,164.35546875,-157.91015625,110.64453125,kitchen idle,run_5,0,2272,0,False,False,False,0,0,0,0,0,0,454.1981341625944,68.0,70.0,39.0,-0.0851152531465647,-0.0636215023519777,-0.0318107511759897,-0.2175249999999999,-0.0854,0.1057,-15.5009765625,12.8369140625,-62.9384765625,457.0275433140826,4.024416582720925,67.62,1.6206304183934537,70.04666666666667,1.8513070538427667,0.0,10.0,18.543334178929587,15.318925540422311,Good,18,6,2025-11-16 18:00:00+00:00,Abnormal
2025-11-16 18:57:10+00:00,454.1981341625944,39,68,72,29.5,53,1013.25,0.0,-0.5099458,0.1569064,8.9828914,0.105,-0.04375,-0.2625,165.4296875,-157.373046875,110.107421875,kitchen idle,run_5,0,2272,0,False,False,False,0,0,0,0,0,0,454.1981341625944,68.0,72.0,39.0,-0.0421277515573906,-0.0636215023519777,0.0541642520023588,0.228725,-0.0241499999999999,-0.16555,-14.4267578125,13.3740234375,-63.4755859375,456.9635717458907,3.992276040200121,67.62,1.6206304183934537,70.06,1.8581581412393473,0.0,0.0,18.912890748601072,15.656604488064046,Good,18,6,2025-11-16 18:00:00+00:00,Abnormal
2025-11-16 18:57:16+00:00,454.1981341625944,40,68,72,29.6,53,1013.25,0.0,-0.6668522,0.1569064,8.9828914,-0.07,-0.18375,-0.35,168.65234375,-156.8359375,111.71875,kitchen idle,run_5,0,2272,0,False,False,False,0,0,0,0,0,0,454.1981341625944,68.0,72.0,40.0,-0.2140777579140873,-0.0636215023519777,0.0541642520023588,0.053725,-0.16415,-0.25305,-11.2041015625,13.9111328125,-61.8642578125,456.8902709906709,3.940766169151921,67.62,1.6206304183934537,70.07333333333334,1.8648880948372464,0.0,0.0,19.00527331070336,15.742018597745153,Good,18,6,2025-11-16 18:00:00+00:00,Abnormal
2025-11-16 18:57:21+00:00,454.1981341625944,39,67,69,29.1,53,1013.25,0.0,-0.5491724,0.0784532,8.9044382,0.105,-0.27125,0.035,165.966796875,-154.150390625,106.34765625,kitchen idle,run_5,0,2272,0,False,False,False,0,0,0,0,0,0,454.1981341625944,67.0,69.0,39.0,-0.0851152531465647,-0.1495965055303261,-0.0318107511759897,0.228725,-0.25165,0.13195,-13.8896484375,16.5966796875,-67.2353515625,456.8169702354509,3.887182771167578,67.6,1.609535345013477,70.05333333333333,1.8601676574030233,0.0,-5.0,18.543334178929587,15.318925540422311,Good,18,6,2025-11-16 18:00:00+00:00,Abnormal
2025-11-16 18:57:26+00:00,454.1981341625944,39,67,69,29.6,53,1013.25,0.0,-0.6276256,0.1569064,9.0613446,-0.11375,-0.0175,-0.49,164.892578125,-155.76171875,125.146484375,kitchen idle,run_5,0,2272,0,False,False,False,0,0,0,0,0,0,454.1981341625944,67.0,69.0,39.0,-0.1710902563249131,-0.0636215023519777,0.1401392551807074,0.009975,0.0020999999999999,-0.39305,-14.9638671875,14.9853515625,-48.4365234375,456.743669480231,3.8314388512339863,67.58666666666667,1.6061403428395895,70.03333333333333,1.855218168276521,0.0,0.0,19.00527331070336,15.742018597745153,Good,18,6,2025-11-16 18:00:00+00:00,Abnormal
2025-11-16 18:57:32+00:00,454.1981341625944,38,67,69,29.4,53,1013.25,0.0,-0.6276256,0.0784532,8.9436648,0.175,-0.14,0.09625,164.892578125,-158.447265625,89.16015625,kitchen idle,run_5,0,2272,0,False,False,False,0,0,0,0,0,0,454.1981341625944,67.0,69.0,38.0,-0.1710902563249131,-0.1495965055303261,0.0111767504131855,0.298725,-0.1204,0.1932,-14.9638671875,12.2998046875,-84.4228515625,456.66103953798313,3.750402471660383,67.57333333333334,1.6026264795989258,70.00666666666666,1.8409826186683205,0.0,0.0,18.820505554485027,15.571589665607608,Good,18,6,2025-11-16 18:00:00+00:00,Abnormal
2025-11-16 18:57:37+00:00,454.1981341625944,38,69,73,29.7,53,1013.25,0.0,-0.6276256,0.1176798,8.9436648,0.1575,-0.34125,-0.00875,165.4296875,-154.6875,113.330078125,kitchen idle,run_5,0,2272,0,False,False,False,0,0,0,0,0,0,454.1981341625944,69.0,73.0,38.0,-0.1710902563249131,-0.1066090039411519,0.0111767504131855,0.281225,-0.32165,0.0882,-14.4267578125,16.0595703125,-60.2529296875,456.57840959573525,3.665701388048,67.58,1.606488521318948,70.00666666666666,1.8409826186683205,0.0,10.0,19.097653240904393,15.8278335395498,Good,18,6,2025-11-16 18:00:00+00:00,Abnormal
2025-11-16 18:57:42+00:00,455.3976010661928,37,67,72,29.2,53,1013.25,0.0,-0.6668522,0.196133,8.9828914,0.00875,-0.14875,-0.2975,164.892578125,-156.298828125,100.9765625,kitchen idle,run_5,0,2278,0,False,False,False,0,0,0,0,0,0,455.3976010661928,67.0,72.0,37.0,-0.2140777579140873,-0.0206340007628035,0.0541642520023588,0.132475,-0.12915,-0.2005499999999999,-14.9638671875,14.4482421875,-72.6064453125,456.5037760995113,3.5732431249600625,67.56,1.5947901757598142,69.99333333333334,1.8189777594811851,5.997334517992101,-10.0,18.635727269761787,15.402751725389573,Good,18,6,2025-11-16 18:00:00+00:00,Abnormal
2025-11-16 18:57:48+00:00,455.3976010661928,37,67,73,29.9,53,1013.25,0.0,-0.6276256,0.1569064,8.9436648,-0.07875,-0.4025,-0.35,164.35546875,-157.91015625,107.421875,kitchen idle,run_5,0,2278,0,False,False,False,0,0,0,0,0,0,455.3976010661928,67.0,73.0,37.0,-0.1710902563249131,-0.0636215023519777,0.0111767504131855,0.044975,-0.3829,-0.25305,-15.5009765625,12.8369140625,-66.1611328125,456.42914260328746,3.4767155634395532,67.56,1.5947901757598142,70.00666666666666,1.8336770066331132,0.0,0.0,19.282405206052516,16.00067212179771,Good,18,6,2025-11-16 18:00:00+00:00,Abnormal
2025-11-16 18:57:53+00:00,455.3976010661928,38,67,73,29.6,53,1013.25,0.0,-0.6276256,0.0784532,8.9044382,-0.09625,0.06125,-0.16625,164.35546875,-155.76171875,113.330078125,kitchen idle,run_5,0,2278,0,False,False,False,0,0,0,0,0,0,455.3976010661928,67.0,73.0,38.0,-0.1710902563249131,-0.1495965055303261,-0.0318107511759897,0.027475,0.08085,-0.0693,-15.5009765625,14.9853515625,-60.2529296875,456.35450910706345,3.3757696460662725,67.56,1.5947901757598142,70.03333333333333,1.8479688347803371,0.0,0.0,19.00527331070336,15.742018597745153,Good,18,6,2025-11-16 18:00:00+00:00,Abnormal
2025-11-16 18:57:58+00:00,455.3976010661928,37,66,71,29.7,53,1013.25,0.0,-0.6276256,0.1569064,8.7867584,0.20125,-0.34125,-0.07,164.892578125,-157.91015625,107.958984375,kitchen idle,run_5,0,2278,0,False,False,False,0,0,0,0,0,0,455.3976010661928,66.0,71.0,37.0,-0.1710902563249131,-0.0636215023519777,-0.1607732559435116,0.324975,-0.32165,0.02695,-14.9638671875,12.8369140625,-65.6240234375,456.2798756108396,3.2699962099050115,67.54666666666667,1.5994406181005218,70.04,1.8496507923640604,0.0,-5.0,19.097653240904393,15.8278335395498,Good,18,6,2025-11-16 18:00:00+00:00,Abnormal
2025-11-16 18:58:04+00:00,455.3976010661928,38,67,70,29.7,53,1013.25,0.0,-0.588399,0.1176798,8.9436648,-0.11375,-0.34125,-0.245,167.041015625,-160.05859375,99.365234375,kitchen idle,run_5,0,2278,0,False,False,False,0,0,0,0,0,0,455.3976010661928,67.0,70.0,38.0,-0.1281027547357389,-0.1066090039411519,0.0111767504131855,0.009975,-0.32165,-0.14805,-12.8154296875,10.6884765625,-74.2177734375,456.20524211461566,3.1589103560460536,67.54,1.599622438674441,70.04666666666667,1.8476782698338037,0.0,5.0,19.097653240904393,15.8278335395498,Good,18,6,2025-11-16 18:00:00+00:00,Abnormal
2025-11-16 18:58:09+00:00,455.3976010661928,39,68,70,29.7,53,1013.25,0.0,-0.6276256,0.1176798,9.022118,-0.0875,-0.35875,-0.175,164.35546875,-158.447265625,104.19921875,kitchen idle,run_5,0,2278,0,False,False,False,0,0,0,0,0,0,455.3976010661928,68.0,70.0,39.0,-0.1710902563249131,-0.1066090039411519,0.0971517535915341,0.036225,-0.33915,-0.0780499999999999,-15.5009765625,12.2998046875,-69.3837890625,456.1306086183919,3.0419301401458916,67.53333333333333,1.5955755380241936,70.04666666666667,1.8476782698338037,0.0,5.0,19.097653240904393,15.8278335395498,Good,18,6,2025-11-16 18:00:00+00:00,Abnormal
2025-11-16 18:58:14+00:00,455.3976010661928,39,68,70,29.7,53,1013.25,0.0,-0.6276256,0.1176798,8.9436648,-0.175,-0.4025,-0.55125,164.892578125,-157.91015625,107.421875,kitchen idle,run_5,0,2278,0,False,False,False,0,0,0,0,0,0,455.3976010661928,68.0,70.0,39.0,-0.1710902563249131,-0.1066090039411519,0.0111767504131855,-0.0512749999999999,-0.3829,-0.4543,-14.9638671875,12.8369140625,-66.1611328125,456.0559751221679,2.9183468321589436,67.52,1.5831325670436651,70.03333333333333,1.8406909509028135,0.0,0.0,19.097653240904393,15.8278335395498,Good,18,6,2025-11-16 18:00:00+00:00,Abnormal
2025-11-16 18:58:20+00:00,454.1981341625944,38,68,69,29.7,53,1013.25,0.0,-0.6276256,0.196133,8.9044382,-0.175,-0.20125,-0.14,165.4296875,-157.91015625,99.365234375,kitchen idle,run_5,0,2272,0,False,False,False,0,0,0,0,0,0,454.1981341625944,68.0,69.0,38.0,-0.1710902563249131,-0.0206340007628035,-0.0318107511759897,-0.0512749999999999,-0.18165,-0.04305,-14.4267578125,12.8369140625,-74.2177734375,455.9733451799201,2.790686695255987,67.51333333333334,1.5789583970734802,70.02,1.8408854012144291,-5.997334517992101,0.0,19.097653240904393,15.8278335395498,Good,18,6,2025-11-16 18:00:00+00:00,Abnormal
2025-11-16 18:58:25+00:00,454.1981341625944,38,68,69,29.7,53,1013.25,0.0,-0.6276256,0.1569064,8.9828914,-0.07875,-0.44625,-0.06125,165.4296875,-156.8359375,89.16015625,kitchen idle,run_5,0,2272,0,False,False,False,0,0,0,0,0,0,454.1981341625944,68.0,69.0,38.0,-0.1710902563249131,-0.0636215023519777,0.0541642520023588,0.044975,-0.42665,0.0357,-14.4267578125,13.9111328125,-84.4228515625,455.9000444247001,2.689453337197033,67.51333333333334,1.5789583970734802,70.02,1.8408854012144291,0.0,0.0,19.097653240904393,15.8278335395498,Good,18,6,2025-11-16 18:00:00+00:00,Abnormal
2025-11-16 18:58:31+00:00,454.1981341625944,39,68,70,29.2,53,1013.25,0.0,-0.6276256,0.1569064,9.022118,-0.06125,-0.32375,0.00875,164.35546875,-158.984375,126.220703125,kitchen idle,run_5,0,2272,0,False,False,False,0,0,0,0,0,0,454.1981341625944,68.0,70.0,39.0,-0.1710902563249131,-0.0636215023519777,0.0971517535915341,0.062475,-0.30415,0.1057,-15.5009765625,11.7626953125,-47.3623046875,455.83607285650817,2.6134793856664116,67.52,1.578887553324276,70.02666666666667,1.8389764685561616,0.0,0.0,18.635727269761787,15.402751725389573,Good,18,6,2025-11-16 18:00:00+00:00,Abnormal
2025-11-16 18:58:36+00:00,454.1981341625944,38,66,70,29.5,53,1013.25,0.0,-0.5099458,0.1569064,9.0613446,0.2275,-0.42875,-0.5337500000000001,167.041015625,-156.8359375,126.7578125,kitchen idle,run_5,0,2272,0,False,False,False,0,0,0,0,0,0,454.1981341625944,66.0,70.0,38.0,-0.0421277515573906,-0.0636215023519777,0.1401392551807074,0.351225,-0.40915,-0.4368000000000001,-12.8154296875,13.9111328125,-46.8251953125,455.7814304753442,2.560585375240784,67.50666666666666,1.583245611605705,70.02666666666667,1.8389764685561616,0.0,-10.0,18.912890748601072,15.656604488064046,Good,18,6,2025-11-16 18:00:00+00:00,Abnormal
2025-11-16 18:58:41+00:00,454.1981341625944,38,64,69,29.1,53,1013.25,0.0,-0.588399,0.0784532,8.9828914,-0.035,-0.245,-0.5075000000000001,163.818359375,-159.521484375,90.771484375,kitchen idle,run_5,0,2272,0,False,False,False,0,0,0,0,0,0,454.1981341625944,64.0,69.0,38.0,-0.1281027547357389,-0.1495965055303261,0.0541642520023588,0.088725,-0.2254,-0.4105500000000001,-16.0380859375,11.2255859375,-82.8115234375,455.72678809418034,2.5053759740079857,67.48666666666666,1.608436927962203,70.02666666666667,1.8389764685561616,0.0,-10.0,18.543334178929587,15.318925540422311,Good,18,6,2025-11-16 18:00:00+00:00,Abnormal
2025-11-16 18:58:47+00:00,454.1981341625944,38,64,69,29.0,53,1013.25,0.0,-0.6668522,0.0784532,8.9828914,-0.035,-0.2275,-0.44625,164.35546875,-158.447265625,116.552734375,kitchen idle,run_5,0,2272,0,False,False,False,0,0,0,0,0,0,454.1981341625944,64.0,69.0,38.0,-0.2140777579140873,-0.1495965055303261,0.0541642520023588,0.088725,-0.2079,-0.3492999999999999,-15.5009765625,12.2998046875,-57.0302734375,455.6721457130164,2.4476945113763104,67.46666666666667,1.632993161856087,70.02666666666667,1.8389764685561616,0.0,0.0,18.450938455633697,15.235492508252277,Good,18,6,2025-11-16 18:00:00+00:00,Abnormal
2025-11-16 18:58:52+00:00,454.1981341625944,38,64,69,29.9,53,1013.25,0.0,-0.6276256,0.0784532,8.7475318,0.14875,-0.4375,-0.6300000000000001,167.578125,-155.224609375,106.884765625,kitchen idle,run_5,0,2272,0,False,False,False,0,0,0,0,0,0,454.1981341625944,64.0,69.0,38.0,-0.1710902563249131,-0.1495965055303261,-0.2037607575326849,0.272475,-0.4179,-0.5330500000000001,-12.2783203125,15.5224609375,-66.6982421875,455.6175033318525,2.387361810357355,67.44666666666667,1.6569425496912902,70.01333333333334,1.8391224441713965,0.0,0.0,19.282405206052516,16.00067212179771,Good,18,6,2025-11-16 18:00:00+00:00,Abnormal
2025-11-16 18:58:57+00:00,452.7987561083962,40,65,70,29.3,53,1013.25,0.0,-0.5099458,0.196133,8.9828914,-0.07875,-0.25375,-0.1225,168.115234375,-155.76171875,126.220703125,kitchen idle,run_5,0,2265,0,False,False,False,0,0,0,0,0,0,452.7987561083962,65.0,70.0,40.0,-0.0421277515573906,-0.0206340007628035,0.0541642520023588,0.044975,-0.2341499999999999,-0.0255499999999999,-11.7412109375,14.9853515625,-47.3623046875,455.5535317636606,2.3324798579507617,67.42666666666666,1.6682855672164916,70.0,1.8318582636187517,-6.996890270990832,5.0,18.72811772824277,15.486972590001844,Good,18,6,2025-11-16 18:00:00+00:00,Abnormal
2025-11-16 18:59:03+00:00,454.1981341625944,40,65,70,29.2,53,1013.25,0.0,-0.5491724,0.2353596,9.022118,-0.04375,0.04375,-0.41125,166.50390625,-160.05859375,124.609375,kitchen idle,run_5,0,2272,0,False,False,False,0,0,0,0,0,0,454.1981341625944,65.0,70.0,40.0,-0.0851152531465647,0.0223535008263705,0.0971517535915341,0.079975,0.0633499999999999,-0.3143,-13.3525390625,10.6884765625,-48.9736328125,455.4988893824967,2.266208416065191,67.40666666666667,1.6793122060714956,69.98,1.8151857560207976,6.996890270990832,0.0,18.635727269761787,15.402751725389573,Good,18,6,2025-11-16 18:00:00+00:00,Abnormal
2025-11-16 18:59:08+00:00,454.1981341625944,40,65,70,29.0,53,1013.25,0.0,-0.588399,0.1569064,8.9828914,-0.11375,-0.0875,-0.35,167.041015625,-158.984375,129.443359375,kitchen idle,run_5,0,2272,0,False,False,False,0,0,0,0,0,0,454.1981341625944,65.0,70.0,40.0,-0.1281027547357389,-0.0636215023519777,0.0541642520023588,0.009975,-0.0678999999999999,-0.25305,-12.8154296875,11.7626953125,-44.1396484375,455.4535761883607,2.2231166243821456,67.38,1.685588340518938,69.96,1.798134753183355,0.0,0.0,18.450938455633697,15.235492508252277,Good,18,6,2025-11-16 18:00:00+00:00,Abnormal
2025-11-16 18:59:13+00:00,454.1981341625944,39,65,70,29.1,53,1013.25,0.0,-0.6276256,0.0784532,8.9436648,0.105,-0.35,-0.2975,168.65234375,-157.91015625,132.666015625,kitchen idle,run_5,0,2272,0,False,False,False,0,0,0,0,0,0,454.1981341625944,65.0,70.0,39.0,-0.1710902563249131,-0.1495965055303261,0.0111767504131855,0.228725,-0.3303999999999999,-0.2005499999999999,-11.2041015625,12.8369140625,-40.9169921875,455.4082629942248,2.1782241239501023,67.36,1.6959485872927802,69.95333333333333,1.7961056555027068,0.0,0.0,18.543334178929587,15.318925540422311,Good,18,6,2025-11-16 18:00:00+00:00,Abnormal
2025-11-16 18:59:19+00:00,454.1981341625944,39,65,70,29.8,53,1013.25,0.0,-0.5491724,0.196133,9.1005712,-0.1575,-0.13125,-0.2625,168.115234375,-158.447265625,128.369140625,kitchen idle,run_5,0,2272,0,False,False,False,0,0,0,0,0,0,454.1981341625944,65.0,70.0,39.0,-0.0851152531465647,-0.0206340007628035,0.1831267567698807,-0.0337749999999999,-0.11165,-0.16555,-11.7412109375,12.2998046875,-45.2138671875,455.3442914260329,2.0684373907851756,67.33333333333333,1.7014272203452867,69.95333333333333,1.7961056555027068,0.0,0.0,19.19003053931662,15.91405086290973,Good,18,6,2025-11-16 18:00:00+00:00,Abnormal
2025-11-16 18:59:24+00:00,454.1981341625944,40,65,70,29.8,53,1013.25,0.0,-0.5491724,0.1569064,8.8652116,-0.14,-0.4375,-0.28,164.35546875,-160.05859375,130.517578125,kitchen idle,run_5,0,2272,0,False,False,False,0,0,0,0,0,0,454.1981341625944,65.0,70.0,40.0,-0.0851152531465647,-0.0636215023519777,-0.074798252765163,-0.0162749999999999,-0.4179,-0.18305,-15.5009765625,10.6884765625,-43.0654296875,455.3269657929809,2.0670714962182637,67.32,1.7118615010157392,69.96666666666667,1.788916910772624,0.0,0.0,19.19003053931662,15.91405086290973,Good,18,6,2025-11-16 18:00:00+00:00,Abnormal
2025-11-16 18:59:29+00:00,454.1981341625944,38,65,68,29.4,53,1013.25,0.0,-0.588399,0.1176798,8.825985,-0.04375,-0.27125,-0.07,165.4296875,-156.8359375,119.775390625,kitchen idle,run_5,0,2272,0,False,False,False,0,0,0,0,0,0,454.1981341625944,65.0,68.0,38.0,-0.1281027547357389,-0.1066090039411519,-0.1177857543543383,0.079975,-0.25165,0.02695,-14.4267578125,13.9111328125,-53.8076171875,455.3269657929809,2.0670714962182637,67.30666666666667,1.722128644832719,69.96,1.794398442881017,0.0,0.0,18.820505554485027,15.571589665607608,Good,18,6,2025-11-16 18:00:00+00:00,Abnormal
2025-11-16 18:59:35+00:00,455.3976010661928,37,66,69,29.8,53,1013.25,0.0,-0.588399,0.1569064,8.9828914,0.00875,-0.07875,-0.5337500000000001,167.041015625,-159.521484375,112.79296875,kitchen idle,run_5,0,2278,0,False,False,False,0,0,0,0,0,0,455.3976010661928,66.0,69.0,37.0,-0.1281027547357389,-0.0636215023519777,0.0541642520023588,0.132475,-0.05915,-0.4368000000000001,-12.8154296875,11.2255859375,-60.7900390625,455.3536206130608,2.041708346712334,67.3,1.7252565221196077,69.95333333333333,1.796105655502707,5.997334517992101,5.0,19.19003053931662,15.91405086290973,Good,18,6,2025-11-16 18:00:00+00:00,Abnormal
2025-11-16 18:59:40+00:00,455.3976010661928,37,67,69,29.9,53,1013.25,0.0,-0.588399,0.196133,8.8652116,-0.245,-0.06125,-0.06125,165.4296875,-158.984375,115.478515625,kitchen idle,run_5,0,2278,0,False,False,False,0,0,0,0,0,0,455.3976010661928,67.0,69.0,37.0,-0.1281027547357389,-0.0206340007628035,-0.074798252765163,-0.1212749999999999,-0.04165,0.0357,-14.4267578125,11.7626953125,-58.1044921875,455.3709462461129,2.0308806368209957,67.30666666666667,1.722128644832719,69.95333333333333,1.796105655502707,0.0,5.0,19.282405206052516,16.00067212179771,Good,18,6,2025-11-16 18:00:00+00:00,Abnormal
2025-11-16 18:59:45+00:00,456.7969791203909,39,68,72,29.5,53,1013.25,0.0,-0.588399,0.1176798,8.9044382,-0.09625,-0.21875,-0.49,169.189453125,-156.8359375,113.330078125,kitchen idle,run_5,0,2285,0,False,False,False,0,0,0,0,0,0,456.7969791203909,68.0,72.0,39.0,-0.1281027547357389,-0.1066090039411519,-0.0318107511759897,0.027475,-0.19915,-0.39305,-10.6669921875,13.9111328125,-60.2529296875,455.3976010661928,2.0231177078789737,67.32666666666667,1.712553988437474,69.98,1.7966038057682785,6.996890270990548,5.0,18.912890748601072,15.656604488064046,Good,18,6,2025-11-16 18:00:00+00:00,Abnormal
2025-11-16 18:59:51+00:00,458.196357174589,38,68,72,29.5,54,1013.25,0.0,-0.6276256,0.0784532,8.8652116,-0.21,0.105,0.04375,165.4296875,-158.984375,116.552734375,kitchen idle,run_5,0,2292,0,False,False,False,0,0,0,0,0,0,458.196357174589,68.0,72.0,38.0,-0.1710902563249131,-0.1495965055303261,-0.074798252765163,-0.0862749999999999,0.1245999999999999,0.1407,-14.4267578125,11.7626953125,-57.0302734375,455.4429142603288,2.0090350272991406,67.34666666666666,1.7026890168628286,70.0,1.8023102251423684,6.996890270990548,0.0,19.212835130982853,15.952012119914311,Good,18,6,2025-11-16 18:00:00+00:00,Abnormal
2025-11-16 18:59:56+00:00,458.196357174589,40,69,73,29.6,54,1013.25,0.0,-0.6276256,0.1176798,9.1790244,-0.27125,0.0175,-0.13125,167.578125,-157.91015625,117.626953125,kitchen idle,run_5,0,2292,0,False,False,False,0,0,0,0,0,0,458.196357174589,69.0,73.0,40.0,-0.1710902563249131,-0.1066090039411519,0.2691017599482293,-0.1475249999999999,0.0371,-0.0343,-12.2783203125,12.8369140625,-55.9560546875,455.4788982674367,2.009695772547077,67.37333333333333,1.6970035442169504,70.02666666666667,1.8169473132569391,0.0,5.0,19.30542934884844,16.03903781657053,Good,18,6,2025-11-16 18:00:00+00:00,Abnormal
2025-11-16 19:00:01+00:00,459.59573522878713,39,68,71,29.3,54,1013.25,0.0,-0.6668522,0.196133,8.825985,-0.23625,-0.1575,0.02625,167.578125,-158.447265625,124.609375,kitchen idle,run_5,0,2299,0,False,False,False,0,0,0,0,0,0,459.59573522878713,68.0,71.0,39.0,-0.2140777579140873,-0.0206340007628035,-0.1177857543543383,-0.1125249999999999,-0.1379,0.1232,-12.2783203125,12.2998046875,-48.9736328125,455.4042647712127,1.6042151084352752,67.38666666666667,1.6939951849999475,70.04,1.8167010443563565,6.996890270990548,-5.0,19.02763900523264,15.77917962000188,Good,19,6,2025-11-16 19:00:00+00:00,Abnormal
2025-11-16 19:00:07+00:00,459.59573522878713,40,70,73,29.6,54,1013.25,0.0,-0.6276256,0.1569064,8.9044382,-0.11375,-0.07,0.175,165.966796875,-158.447265625,111.71875,kitchen idle,run_5,0,2299,0,False,False,False,0,0,0,0,0,0,459.59573522878713,70.0,73.0,40.0,-0.1710902563249131,-0.0636215023519777,-0.0318107511759897,0.009975,-0.0504,0.27195,-13.8896484375,12.2998046875,-61.8642578125,455.4135939582408,1.6245019898806567,67.4,1.7066785514133744,70.06,1.8327007246985083,0.0,10.0,19.30542934884844,16.03903781657053,Good,19,6,2025-11-16 19:00:00+00:00,Abnormal
2025-11-16 19:00:12+00:00,459.59573522878713,39,71,73,29.1,54,1013.25,0.0,-0.6276256,0.0784532,8.825985,-0.0525,-0.4025,-0.105,164.892578125,-157.373046875,117.08984375,kitchen idle,run_5,0,2299,0,False,False,False,0,0,0,0,0,0,459.59573522878713,71.0,73.0,39.0,-0.1710902563249131,-0.1495965055303261,-0.1177857543543383,0.071225,-0.3829,-0.0080499999999999,-14.9638671875,13.3740234375,-56.4931640625,455.43225233229674,1.6562598996343794,67.42,1.7311593663438238,70.06666666666666,1.841602259293108,0.0,5.0,18.84243262541408,15.60796187137368,Good,19,6,2025-11-16 19:00:00+00:00,Abnormal
2025-11-16 19:00:17+00:00,459.59573522878713,39,72,73,29.6,54,1013.25,0.0,-0.588399,0.196133,8.9044382,-0.06125,-0.175,-0.07875,165.4296875,-155.76171875,92.3828125,kitchen idle,run_5,0,2299,0,False,False,False,0,0,0,0,0,0,459.59573522878713,72.0,73.0,39.0,-0.1281027547357389,-0.0206340007628035,-0.0318107511759897,0.062475,-0.1553999999999999,0.0182,-14.4267578125,14.9853515625,-81.2001953125,455.4602398933808,1.6907808152119113,67.44,1.7665041502226273,70.07333333333334,1.8504367946779232,0.0,5.0,19.30542934884844,16.03903781657053,Good,19,6,2025-11-16 19:00:00+00:00,Abnormal
2025-11-16 19:00:23+00:00,458.196357174589,40,72,74,29.0,53,1013.25,0.0,-0.4707192,0.1569064,8.9828914,-0.21875,-0.18375,-0.035,164.892578125,-158.984375,112.255859375,kitchen idle,run_5,0,2292,0,False,False,False,0,0,0,0,0,0,458.196357174589,72.0,74.0,40.0,0.0008597500317835,-0.0636215023519777,0.0541642520023588,-0.0950249999999999,-0.16415,0.06195,-14.9638671875,11.7626953125,-61.3271484375,455.4788982674367,1.705463819125757,67.46666666666667,1.804791038739494,70.09333333333333,1.876547832414488,-6.996890270990548,0.0,18.450938455633697,15.235492508252277,Good,19,6,2025-11-16 19:00:00+00:00,Abnormal
2025-11-16 19:00:28+00:00,459.59573522878713,39,70,73,29.1,53,1013.25,0.0,-0.588399,0.1569064,8.9044382,-0.11375,-0.21,-0.13125,167.578125,-156.298828125,105.2734375,kitchen idle,run_5,0,2299,0,False,False,False,0,0,0,0,0,0,459.59573522878713,70.0,73.0,39.0,-0.1281027547357389,-0.0636215023519777,-0.0318107511759897,0.009975,-0.1903999999999999,-0.0343,-12.2783203125,14.4482421875,-68.3095703125,455.50688582852064,1.7382523443996185,67.48,1.8161098627448504,70.12,1.889284513554288,6.996890270990548,-10.0,18.543334178929587,15.318925540422311,Good,19,6,2025-11-16 19:00:00+00:00,Abnormal
2025-11-16 19:00:34+00:00,459.59573522878713,37,68,71,29.1,53,1013.25,0.0,-0.588399,0.1569064,9.1005712,0.18375,-0.525,-0.4725,169.7265625,-158.984375,113.8671875,kitchen idle,run_5,0,2299,0,False,False,False,0,0,0,0,0,0,459.59573522878713,68.0,71.0,37.0,-0.1281027547357389,-0.0636215023519777,0.1831267567698807,0.307475,-0.5054000000000001,-0.3755499999999999,-10.1298828125,11.7626953125,-59.7158203125,455.5348733896046,1.7699882671875866,67.46666666666667,1.804791038739494,70.12666666666667,1.8906220938007927,0.0,-10.0,18.543334178929587,15.318925540422311,Good,19,6,2025-11-16 19:00:00+00:00,Abnormal
2025-11-16 19:00:39+00:00,459.59573522878713,38,67,70,29.1,53,1013.25,0.0,-0.5491724,0.1176798,8.9044382,0.175,-0.02625,-0.25375,165.966796875,-155.224609375,108.49609375,kitchen idle,run_5,0,2299,0,False,False,False,0,0,0,0,0,0,459.59573522878713,67.0,70.0,38.0,-0.0851152531465647,-0.1066090039411519,-0.0318107511759897,0.298725,-0.00665,-0.1567999999999999,-13.8896484375,15.5224609375,-65.0869140625,455.57085739671254,1.7972861929240682,67.45333333333333,1.8007704043600576,70.12,1.889284513554288,0.0,-5.0,18.543334178929587,15.318925540422311,Good,19,6,2025-11-16 19:00:00+00:00,Abnormal
2025-11-16 19:00:44+00:00,459.59573522878713,37,67,69,29.4,53,1013.25,0.0,-0.5491724,0.1569064,8.9828914,0.20125,-0.1225,-0.3675,165.4296875,-154.6875,113.8671875,kitchen idle,run_5,0,2299,0,False,False,False,0,0,0,0,0,0,459.59573522878713,67.0,69.0,37.0,-0.0851152531465647,-0.0636215023519777,0.0541642520023588,0.324975,-0.1028999999999999,-0.2705499999999999,-14.4267578125,16.0595703125,-59.7158203125,455.5988449577965,1.82701123799969,67.43333333333334,1.7889169107727232,70.1,1.8851236763590575,0.0,0.0,18.820505554485027,15.571589665607608,Good,19,6,2025-11-16 19:00:00+00:00,Abnormal
2025-11-16 19:00:50+00:00,459.59573522878713,39,69,70,29.8,53,1013.25,0.0,-0.6276256,0.1569064,8.9436648,-0.07875,-0.41125,-0.23625,167.041015625,-154.150390625,110.107421875,kitchen idle,run_5,0,2299,0,False,False,False,0,0,0,0,0,0,459.59573522878713,69.0,70.0,39.0,-0.1710902563249131,-0.0636215023519777,0.0111767504131855,0.044975,-0.39165,-0.1392999999999999,-12.8154296875,16.5966796875,-63.4755859375,455.6175033318525,1.8534294815725845,67.43333333333334,1.7889169107727232,70.08666666666667,1.878656762271055,0.0,10.0,19.19003053931662,15.91405086290973,Good,19,6,2025-11-16 19:00:00+00:00,Abnormal
2025-11-16 19:00:55+00:00,537.1612616614838,39,68,70,29.6,53,1013.25,0.0,-0.0392266,0.2353596,9.022118,2.23125,-3.1500000000000004,0.42,153.61328125,-159.521484375,112.255859375,kitchen idle,run_5,0,2687,0,False,False,False,0,0,0,0,0,0,537.1612616614838,68.0,70.0,39.0,0.4737222675126994,0.0223535008263705,0.0971517535915341,2.354975,-3.1304000000000003,0.51695,-26.2431640625,11.2255859375,-61.3271484375,456.1532652154598,6.911124271454605,67.43333333333334,1.7889169107727232,70.09333333333333,1.876547832414488,387.82763216348314,-5.0,19.00527331070336,15.742018597745153,Good,19,6,2025-11-16 19:00:00+00:00,Abnormal
2025-11-16 19:01:00+00:00,459.59573522878713,39,69,70,29.9,54,1013.25,0.0,-0.5099458,0.1569064,8.825985,0.06125,-0.37625,-0.525,164.35546875,-160.595703125,116.552734375,kitchen idle,run_5,0,2299,0,False,False,False,0,0,0,0,0,0,459.59573522878713,69.0,70.0,39.0,-0.0421277515573906,-0.0636215023519777,-0.1177857543543383,0.184975,-0.3566499999999999,-0.42805,-15.5009765625,10.1513671875,-57.0302734375,456.1719235895157,6.91664958345734,67.43333333333334,1.7889169107727232,70.09333333333333,1.876547832414488,-387.82763216348314,5.0,19.583196623684422,16.302571595793896,Good,19,6,2025-11-16 19:00:00+00:00,Abnormal
2025-11-16 19:01:06+00:00,459.59573522878713,38,69,69,29.2,54,1013.25,0.0,-0.4314926,0.1569064,8.9044382,-0.28,-0.1925,-0.385,164.892578125,-157.91015625,140.72265625,kitchen idle,run_5,0,2299,0,False,False,False,0,0,0,0,0,0,459.59573522878713,69.0,69.0,38.0,0.0438472516209577,-0.0636215023519777,-0.0318107511759897,-0.156275,-0.1729,-0.28805,-14.9638671875,12.8369140625,-32.8603515625,456.1905819635718,6.92211985466847,67.44666666666667,1.793113847667124,70.09333333333333,1.876547832414488,0.0,0.0,18.935037097135133,15.693369682472394,Good,19,6,2025-11-16 19:00:00+00:00,Abnormal
2025-11-16 19:01:11+00:00,459.59573522878713,39,70,70,0.0,0,1013.25,0.0,-0.6276256,0.1569064,9.0613446,-0.14,-0.245,-0.07,165.4296875,-163.818359375,105.810546875,kitchen idle,run_5,0,2299,0,False,False,False,0,0,0,0,0,0,459.59573522878713,70.0,70.0,39.0,-0.1710902563249131,-0.0636215023519777,0.1401392551807074,-0.0162749999999999,-0.2254,0.02695,-14.4267578125,6.9287109375,-67.7724609375,456.2092403376277,6.927535215475522,67.48,1.7937999110289429,70.1,1.8744126596866688,0.0,5.0,-96.07763018544566,0.0,Good,19,6,2025-11-16 19:00:00+00:00,Abnormal
2025-11-16 19:01:16+00:00,459.59573522878713,39,69,70,29.4,54,1013.25,0.0,-0.4707192,0.0784532,9.022118,-0.09625,-0.385,-0.16625,165.966796875,-157.91015625,126.220703125,kitchen idle,run_5,0,2299,0,False,False,False,0,0,0,0,0,0,459.59573522878713,69.0,70.0,39.0,0.0008597500317835,-0.1495965055303261,0.0971517535915341,0.027475,-0.3654,-0.0693,-13.8896484375,12.8369140625,-47.3623046875,456.2278987116836,6.9328957945518495,67.50666666666666,1.7864015296282052,70.10666666666667,1.872251154303069,0.0,-5.0,19.120238349813057,15.865393244203975,Good,19,6,2025-11-16 19:00:00+00:00,Abnormal
2025-11-16 19:01:22+00:00,459.59573522878713,38,68,69,29.0,54,1013.25,0.0,-0.4314926,0.1176798,9.022118,-0.07,-0.5337500000000001,-0.6475000000000001,168.115234375,-161.669921875,118.701171875,kitchen idle,run_5,0,2299,0,False,False,False,0,0,0,0,0,0,459.59573522878713,68.0,69.0,38.0,0.0438472516209577,-0.1066090039411519,0.0971517535915341,0.053725,-0.5141500000000001,-0.5505500000000001,-11.7412109375,9.0771484375,-54.8818359375,456.25588627276767,6.937993348421599,67.50666666666666,1.7864015296282052,70.08666666666667,1.8679086631982105,0.0,-5.0,18.749825589963045,15.522954631049489,Good,19,6,2025-11-16 19:00:00+00:00,Abnormal
2025-11-16 19:01:27+00:00,459.59573522878713,38,66,68,29.4,54,1013.25,0.0,-0.5099458,0.0784532,8.9436648,-0.21,-0.245,-0.1925,167.041015625,-162.744140625,124.609375,kitchen idle,run_5,0,2299,0,False,False,False,0,0,0,0,0,0,459.59573522878713,66.0,68.0,38.0,-0.0421277515573906,-0.1495965055303261,0.0111767504131855,-0.0862749999999999,-0.2254,-0.09555,-12.8154296875,8.0029296875,-48.9736328125,456.28387383385154,6.942973583852755,67.49333333333334,1.790154530717933,70.06,1.8689623148233625,0.0,-10.0,19.120238349813057,15.865393244203975,Good,19,6,2025-11-16 19:00:00+00:00,Abnormal
2025-11-16 19:01:32+00:00,458.196357174589,40,68,69,29.1,54,1013.25,0.0,-0.5099458,0.196133,9.022118,0.21,-0.25375,-0.2975,166.50390625,-161.1328125,125.68359375,kitchen idle,run_5,0,2292,0,False,False,False,0,0,0,0,0,0,458.196357174589,68.0,69.0,40.0,-0.0421277515573906,-0.0206340007628035,0.0971517535915341,0.333725,-0.2341499999999999,-0.2005499999999999,-13.3525390625,9.6142578125,-47.8994140625,456.3025322079076,6.944336371575824,67.48,1.7787711616842838,70.02666666666667,1.8426223896108596,-6.996890270990548,10.0,18.84243262541408,15.60796187137368,Good,19,6,2025-11-16 19:00:00+00:00,Abnormal
2025-11-16 19:01:38+00:00,458.196357174589,40,69,70,29.5,54,1013.25,0.0,-0.5491724,0.1176798,8.9436648,-0.20125,-0.3325,0.0875,165.966796875,-164.35546875,128.90625,kitchen idle,run_5,0,2292,0,False,False,False,0,0,0,0,0,0,458.196357174589,69.0,70.0,40.0,-0.0851152531465647,-0.1066090039411519,0.0111767504131855,-0.0775249999999999,-0.3129,0.18445,-13.8896484375,6.3916015625,-44.6767578125,456.3291870279876,6.94387801855703,67.47333333333333,1.7711205517837063,70.0,1.813447160528416,0.0,5.0,19.212835130982853,15.952012119914311,Good,19,6,2025-11-16 19:00:00+00:00,Abnormal
2025-11-16 19:01:43+00:00,458.196357174589,40,70,70,29.4,53,1013.25,0.0,-0.5491724,0.1176798,8.9044382,-0.00875,-0.13125,-0.2975,167.041015625,-162.20703125,127.294921875,kitchen idle,run_5,0,2292,0,False,False,False,0,0,0,0,0,0,458.196357174589,70.0,70.0,40.0,-0.0851152531465647,-0.1066090039411519,-0.0318107511759897,0.114975,-0.11165,-0.2005499999999999,-12.8154296875,8.5400390625,-46.2880859375,456.3478454020435,6.9451180769274075,67.48666666666666,1.7826029782534676,69.98666666666666,1.8059806188127985,0.0,5.0,18.820505554485027,15.571589665607608,Good,19,6,2025-11-16 19:00:00+00:00,Abnormal
2025-11-16 19:01:48+00:00,458.196357174589,39,68,69,29.7,53,1013.25,0.0,-0.5491724,0.1569064,8.9828914,-0.11375,-0.2625,-0.315,167.578125,-162.744140625,131.591796875,kitchen idle,run_5,0,2292,0,False,False,False,0,0,0,0,0,0,458.196357174589,68.0,69.0,39.0,-0.0851152531465647,-0.0636215023519777,0.0541642520023588,0.009975,-0.2429,-0.21805,-12.2783203125,8.0029296875,-41.9912109375,456.36650377609953,6.946307459761005,67.48666666666666,1.7826029782534676,69.96666666666667,1.8001367087041211,0.0,-10.0,19.097653240904393,15.8278335395498,Good,19,6,2025-11-16 19:00:00+00:00,Abnormal
2025-11-16 19:01:54+00:00,458.196357174589,39,67,68,29.8,53,1013.25,0.0,-0.5099458,0.1176798,8.825985,-0.34125,-0.20125,0.16625,167.578125,-163.28125,129.98046875,kitchen idle,run_5,0,2292,0,False,False,False,0,0,0,0,0,0,458.196357174589,67.0,68.0,39.0,-0.0421277515573906,-0.1066090039411519,-0.1177857543543383,-0.2175249999999999,-0.18165,0.2632,-12.2783203125,7.4658203125,-43.6025390625,456.3851621501554,6.9474461930843425,67.48,1.7825402279981235,69.94,1.799440628968611,0.0,-5.0,19.19003053931662,15.91405086290973,Good,19,6,2025-11-16 19:00:00+00:00,Abnormal
2025-11-16 19:01:59+00:00,458.196357174589,39,67,68,29.9,53,1013.25,0.0,-0.5491724,0.1176798,8.9436648,-0.11375,-0.35875,0.0525,167.041015625,-163.28125,129.443359375,kitchen idle,run_5,0,2292,0,False,False,False,0,0,0,0,0,0,458.196357174589,67.0,68.0,39.0,-0.0851152531465647,-0.1066090039411519,0.0111767504131855,0.009975,-0.33915,0.14945,-12.8154296875,7.4658203125,-44.1396484375,456.4038205242114,6.948534301798909,67.48,1.7825402279981235,69.92,1.804245552419228,0.0,0.0,19.282405206052516,16.00067212179771,Good,19,6,2025-11-16 19:00:00+00:00,Abnormal
2025-11-16 19:02:04+00:00,456.7969791203909,41,70,70,29.6,53,1013.25,0.0,-0.5099458,0.1176798,8.7083052,-0.21875,-0.16625,-0.21,167.041015625,-163.28125,123.53515625,kitchen idle,run_5,0,2285,0,False,False,False,0,0,0,0,0,0,456.7969791203909,70.0,70.0,41.0,-0.0421277515573906,-0.1066090039411519,-0.2467482591218602,-0.0950249999999999,-0.14665,-0.1130499999999999,-12.8154296875,7.4658203125,-50.0478515625,456.4131497112395,6.948113670704024,67.48,1.7825402279981235,69.9,1.7864140527288144,-6.996890270990548,15.0,19.00527331070336,15.742018597745153,Good,19,6,2025-11-16 19:00:00+00:00,Abnormal
2025-11-16 19:02:10+00:00,456.7969791203909,41,70,73,28.0,53,1013.25,0.0,-0.5099458,0.1176798,8.825985,-0.11375,0.1575,-0.5075000000000001,166.50390625,-163.28125,114.94140625,kitchen idle,run_5,0,2285,0,False,False,False,0,0,0,0,0,0,456.7969791203909,70.0,73.0,41.0,-0.0421277515573906,-0.1066090039411519,-0.1177857543543383,0.009975,0.1771,-0.4105500000000001,-13.3525390625,7.4658203125,-58.6416015625,456.42247889826746,6.9476804030606525,67.48,1.7825402279981235,69.89333333333333,1.77282494268517,0.0,0.0,17.526836412415737,14.42245288571274,Good,19,6,2025-11-16 19:00:00+00:00,Abnormal
2025-11-16 19:02:15+00:00,456.7969791203909,39,69,71,28.7,54,1013.25,0.0,-0.5099458,0.1569064,9.1005712,-0.0525,-0.1925,-0.07875,165.966796875,-162.744140625,128.369140625,kitchen idle,run_5,0,2285,0,False,False,False,0,0,0,0,0,0,456.7969791203909,69.0,71.0,39.0,-0.0421277515573906,-0.0636215023519777,0.1831267567698807,0.071225,-0.1729,0.0182,-13.8896484375,8.0029296875,-45.2138671875,456.4318080852954,6.947234496504542,67.47333333333333,1.774905864473541,69.87333333333333,1.7428537373772657,0.0,-5.0,18.471989100165267,15.2703208467728,Good,19,6,2025-11-16 19:00:00+00:00,Abnormal
2025-11-16 19:02:20+00:00,456.7969791203909,38,68,69,28.0,53,1013.25,0.0,-0.5099458,0.0784532,8.9828914,-0.16625,-0.14875,-0.315,169.7265625,-162.744140625,124.609375,kitchen idle,run_5,0,2285,0,False,False,False,0,0,0,0,0,0,456.7969791203909,68.0,69.0,38.0,-0.0421277515573906,-0.1495965055303261,0.0541642520023588,-0.0425249999999999,-0.12915,-0.21805,-10.1298828125,8.0029296875,-48.9736328125,456.4411372723234,6.946775948601855,67.46666666666667,1.771006867402514,69.84666666666666,1.7252046534248144,0.0,-5.0,17.526836412415737,14.42245288571274,Good,19,6,2025-11-16 19:00:00+00:00,Abnormal
2025-11-16 19:02:26+00:00,456.7969791203909,37,69,71,28.9,53,1013.25,0.0,-0.4707192,0.196133,8.8652116,-0.21,-0.21875,-0.14875,166.50390625,-163.818359375,125.146484375,kitchen idle,run_5,0,2285,0,False,False,False,0,0,0,0,0,0,456.7969791203909,69.0,71.0,37.0,0.0008597500317835,-0.0206340007628035,-0.074798252765163,-0.0862749999999999,-0.19915,-0.0517999999999999,-13.3525390625,6.9287109375,-48.4365234375,456.4504664593514,6.946304756849104,67.47333333333333,1.774905864473541,69.84666666666666,1.7252046534248144,0.0,5.0,18.35854009976158,15.152451106524252,Good,19,6,2025-11-16 19:00:00+00:00,Abnormal
2025-11-16 19:02:31+00:00,456.7969791203909,38,69,70,28.9,53,1013.25,0.0,-0.588399,0.1176798,8.9044382,-0.00875,-0.1225,-0.175,169.189453125,-163.818359375,131.0546875,kitchen idle,run_5,0,2285,0,False,False,False,0,0,0,0,0,0,456.7969791203909,69.0,70.0,38.0,-0.1281027547357389,-0.1066090039411519,-0.0318107511759897,0.114975,-0.1028999999999999,-0.0780499999999999,-10.6669921875,6.9287109375,-42.5283203125,456.4677920924034,6.943889864015885,67.46666666666667,1.7672132032086338,69.83333333333333,1.7161556329777676,0.0,0.0,18.35854009976158,15.152451106524252,Good,19,6,2025-11-16 19:00:00+00:00,Abnormal
2025-11-16 19:02:37+00:00,456.7969791203909,38,67,69,28.5,53,1013.25,0.0,-0.4707192,0.1176798,8.9436648,-0.1925,-0.0875,0.0875,165.4296875,-163.818359375,135.3515625,kitchen idle,run_5,0,2285,0,False,False,False,0,0,0,0,0,0,456.7969791203909,67.0,69.0,38.0,0.0008597500317835,-0.1066090039411519,0.0111767504131855,-0.0687749999999999,-0.0678999999999999,0.18445,-14.4267578125,6.9287109375,-38.2314453125,456.4851177254554,6.941430596627059,67.46666666666667,1.7672132032086338,69.83333333333333,1.7161556329777676,0.0,-10.0,17.988920348260546,14.824171513717872,Good,19,6,2025-11-16 19:00:00+00:00,Abnormal
2025-11-16 19:02:42+00:00,456.7969791203909,39,68,70,28.4,53,1013.25,0.0,-0.5491724,0.196133,8.9828914,-0.2975,-0.0875,0.04375,167.041015625,-163.818359375,131.591796875,kitchen idle,run_5,0,2285,0,False,False,False,0,0,0,0,0,0,456.7969791203909,68.0,70.0,39.0,-0.0851152531465647,-0.0206340007628035,0.0541642520023588,-0.1737749999999999,-0.0678999999999999,0.1407,-12.8154296875,6.9287109375,-41.9912109375,456.5024433585073,6.9389269075014575,67.47333333333333,1.767327131619575,69.84666666666666,1.709572993770915,0.0,5.0,17.896508827819503,14.743065585548496,Good,19,6,2025-11-16 19:00:00+00:00,Abnormal
2025-11-16 19:02:47+00:00,456.7969791203909,38,67,69,28.3,53,1013.25,0.0,-0.5491724,0.1176798,8.9436648,-0.21875,-0.105,-0.14,166.50390625,-164.35546875,131.591796875,kitchen idle,run_5,0,2285,0,False,False,False,0,0,0,0,0,0,456.7969791203909,67.0,69.0,38.0,-0.0851152531465647,-0.1066090039411519,0.0111767504131855,-0.0950249999999999,-0.0854,-0.04305,-13.3525390625,6.3916015625,-41.9912109375,456.5197689915593,6.93637874853694,67.48,1.7636143485671325,69.86666666666666,1.681588681031061,0.0,-5.0,17.80409467412704,14.662342247582902,Good,19,6,2025-11-16 19:00:00+00:00,Abnormal
2025-11-16 19:02:53+00:00,458.196357174589,39,70,70,28.7,53,1013.25,0.0,-0.5491724,0.196133,8.825985,-0.4025,-0.385,-0.5075000000000001,167.578125,-164.35546875,131.591796875,kitchen idle,run_5,0,2292,0,False,False,False,0,0,0,0,0,0,458.196357174589,70.0,70.0,39.0,-0.0851152531465647,-0.0206340007628035,-0.1177857543543383,-0.278775,-0.3654,-0.4105500000000001,-12.2783203125,6.3916015625,-41.9912109375,456.5464238116393,6.935079372278916,67.50666666666666,1.7713100095381955,69.88666666666667,1.6650237987971943,6.996890270990548,15.0,18.17373548983863,14.987537127388116,Good,19,6,2025-11-16 19:00:00+00:00,Abnormal
2025-11-16 19:02:58+00:00,458.196357174589,39,70,72,28.3,53,1013.25,0.0,-0.4707192,0.1569064,8.9044382,-0.06125,-0.11375,0.06125,165.966796875,-162.744140625,135.3515625,kitchen idle,run_5,0,2292,0,False,False,False,0,0,0,0,0,0,458.196357174589,70.0,72.0,39.0,0.0008597500317835,-0.0636215023519777,-0.0318107511759897,0.062475,-0.09415,0.1582,-13.8896484375,8.0029296875,-38.2314453125,456.5730786317192,6.93367659766148,67.53333333333333,1.7785699204615846,69.92,1.65687504034873,0.0,0.0,17.80409467412704,14.662342247582902,Good,19,6,2025-11-16 19:00:00+00:00,Abnormal
2025-11-16 19:03:03+00:00,458.196357174589,39,69,72,28.5,53,1013.25,0.0,-0.6276256,0.196133,9.022118,-0.2975,-0.0525,-0.2975,167.041015625,-163.818359375,132.666015625,kitchen idle,run_5,0,2292,0,False,False,False,0,0,0,0,0,0,458.196357174589,69.0,72.0,39.0,-0.1710902563249131,-0.0206340007628035,0.0971517535915341,-0.1737749999999999,-0.0329,-0.2005499999999999,-12.8154296875,6.9287109375,-40.9169921875,456.5997334517992,6.932170361914423,67.54666666666667,1.782038146409698,69.94666666666667,1.6579548599630565,0.0,-5.0,17.988920348260546,14.824171513717872,Good,19,6,2025-11-16 19:00:00+00:00,Abnormal
2025-11-16 19:03:09+00:00,458.196357174589,39,69,72,28.5,53,1013.25,0.0,-0.5491724,0.1569064,8.8652116,0.07875,-0.20125,-0.5075000000000001,167.041015625,-165.966796875,125.68359375,kitchen idle,run_5,0,2292,0,False,False,False,0,0,0,0,0,0,458.196357174589,69.0,72.0,39.0,-0.0851152531465647,-0.0636215023519777,-0.074798252765163,0.202475,-0.18165,-0.4105500000000001,-12.8154296875,4.7802734375,-47.8994140625,456.6357174589071,6.9263142112037315,67.56,1.78539939697353,69.96666666666667,1.6645400302503948,0.0,0.0,17.988920348260546,14.824171513717872,Good,19,6,2025-11-16 19:00:00+00:00,Abnormal
2025-11-16 19:03:14+00:00,458.196357174589,38,70,73,28.3,53,1013.25,0.0,-0.5099458,0.1569064,9.1005712,-0.0525,-0.385,-0.5075000000000001,164.892578125,-161.1328125,133.203125,kitchen idle,run_5,0,2292,0,False,False,False,0,0,0,0,0,0,458.196357174589,70.0,73.0,38.0,-0.0421277515573906,-0.0636215023519777,0.1831267567698807,0.071225,-0.3654,-0.4105500000000001,-14.9638671875,9.6142578125,-40.3798828125,456.68103065304314,6.914049895383742,67.58,1.795856528552035,69.98666666666666,1.6828653523633954,0.0,5.0,17.80409467412704,14.662342247582902,Good,19,6,2025-11-16 19:00:00+00:00,Abnormal
2025-11-16 19:03:19+00:00,458.196357174589,38,70,73,28.9,53,1013.25,0.0,-0.5099458,0.1569064,9.022118,0.00875,-0.11375,-0.385,167.041015625,-165.4296875,136.962890625,kitchen idle,run_5,0,2292,0,False,False,False,0,0,0,0,0,0,458.196357174589,70.0,73.0,38.0,-0.0421277515573906,-0.0636215023519777,0.0971517535915341,0.132475,-0.09415,-0.28805,-12.8154296875,5.3173828125,-36.6201171875,456.726343847179,6.901464281395901,67.61333333333333,1.794049323567641,70.02666666666667,1.6827058214178396,0.0,0.0,18.35854009976158,15.152451106524252,Good,19,6,2025-11-16 19:00:00+00:00,Abnormal
2025-11-16 19:03:25+00:00,458.196357174589,38,69,72,28.5,53,1013.25,0.0,-0.5491724,0.1176798,8.8652116,-0.02625,-0.18375,-0.04375,167.578125,-162.744140625,138.037109375,kitchen idle,run_5,0,2292,0,False,False,False,0,0,0,0,0,0,458.196357174589,69.0,72.0,38.0,-0.0851152531465647,-0.1066090039411519,-0.074798252765163,0.097475,-0.16415,0.0532,-12.2783203125,8.0029296875,-35.5458984375,456.762327854287,6.89491688134702,67.64666666666666,1.7727870851343084,70.07333333333334,1.6388597552996584,0.0,-5.0,17.988920348260546,14.824171513717872,Good,19,6,2025-11-16 19:00:00+00:00,Abnormal
2025-11-16 19:03:30+00:00,458.196357174589,38,67,69,28.6,53,1013.25,0.0,-0.5491724,0.1176798,8.8652116,-0.28875,-0.25375,-0.4375,167.041015625,-163.28125,150.927734375,kitchen idle,run_5,0,2292,0,False,False,False,0,0,0,0,0,0,458.196357174589,67.0,69.0,38.0,-0.0851152531465647,-0.1066090039411519,-0.074798252765163,-0.1650249999999999,-0.2341499999999999,-0.34055,-12.8154296875,7.4658203125,-22.6552734375,456.7983118613949,6.888174017541174,67.65333333333334,1.7684280611911407,70.08666666666667,1.6217343713957462,0.0,-10.0,18.08132923556274,14.905661527660024,Good,19,6,2025-11-16 19:00:00+00:00,Abnormal
2025-11-16 19:03:35+00:00,458.196357174589,39,68,71,28.4,52,1013.25,0.0,-0.588399,0.1569064,8.7867584,-0.0525,-0.4025,-0.5075000000000001,165.966796875,-163.818359375,134.814453125,kitchen idle,run_5,0,2292,0,False,False,False,0,0,0,0,0,0,458.196357174589,68.0,71.0,39.0,-0.1281027547357389,-0.0636215023519777,-0.1607732559435116,0.071225,-0.3829,-0.4105500000000001,-13.8896484375,6.9287109375,-38.7685546875,456.8249666814749,6.88578015729296,67.65333333333334,1.7684280611911407,70.10666666666667,1.6143096127226546,0.0,5.0,17.59391544600025,14.464894536764564,Good,19,6,2025-11-16 19:00:00+00:00,Abnormal
2025-11-16 19:03:41+00:00,458.196357174589,40,70,72,28.5,52,1013.25,0.0,-0.5099458,0.1569064,8.9436648,-0.27125,-0.13125,0.07,164.35546875,-165.4296875,139.6484375,kitchen idle,run_5,0,2292,0,False,False,False,0,0,0,0,0,0,458.196357174589,70.0,72.0,40.0,-0.0421277515573906,-0.0636215023519777,0.0111767504131855,-0.1475249999999999,-0.11165,0.16695,-15.5009765625,5.3173828125,-33.9345703125,456.8516215015548,6.883281554440872,67.68,1.773481011832616,70.14,1.6012998076023088,0.0,10.0,17.686112789609464,14.54447016440244,Good,19,6,2025-11-16 19:00:00+00:00,Abnormal
2025-11-16 19:03:46+00:00,458.196357174589,40,70,72,28.2,52,1013.25,0.0,-0.588399,0.196133,8.9828914,-0.13125,-0.34125,-0.3325,164.35546875,-164.892578125,129.443359375,kitchen idle,run_5,0,2292,0,False,False,False,0,0,0,0,0,0,458.196357174589,70.0,72.0,40.0,-0.1281027547357389,-0.0206340007628035,0.0541642520023588,-0.0075249999999999,-0.32165,-0.23555,-15.5009765625,5.8544921875,-44.1396484375,456.8782763216347,6.880678094878349,67.7,1.7826531768673513,70.16,1.6056945642178428,0.0,0.0,17.409512650158934,14.306867933052644,Good,19,6,2025-11-16 19:00:00+00:00,Abnormal
2025-11-16 19:03:51+00:00,458.196357174589,40,70,72,28.9,52,1013.25,0.0,-0.4707192,0.1569064,8.9436648,-0.13125,-0.02625,-0.39375,165.4296875,-164.892578125,128.369140625,kitchen idle,run_5,0,2292,0,False,False,False,0,0,0,0,0,0,458.196357174589,70.0,72.0,40.0,0.0008597500317835,-0.0636215023519777,0.0111767504131855,-0.0075249999999999,-0.00665,-0.2967999999999999,-14.4267578125,5.8544921875,-45.2138671875,456.8969346956908,6.880430688993241,67.71333333333334,1.7923651154095497,70.18,1.6098272032000045,0.0,0.0,18.0548751380765,14.866555802627568,Good,19,6,2025-11-16 19:00:00+00:00,Abnormal
2025-11-16 19:03:57+00:00,458.196357174589,39,68,70,28.9,52,1013.25,0.0,-0.5491724,0.1176798,9.022118,0.09625,-0.09625,-0.1225,165.4296875,-162.744140625,138.57421875,kitchen idle,run_5,0,2292,0,False,False,False,0,0,0,0,0,0,458.196357174589,68.0,70.0,39.0,-0.0851152531465647,-0.1066090039411519,0.0971517535915341,0.219975,-0.07665,-0.0255499999999999,-14.4267578125,8.0029296875,-35.0087890625,456.9155930697467,6.8801323347697645,67.71333333333334,1.7923651154095497,70.19333333333333,1.5999021222863996,0.0,-10.0,18.0548751380765,14.866555802627568,Good,19,6,2025-11-16 19:00:00+00:00,Abnormal
2025-11-16 19:04:02+00:00,458.196357174589,40,69,70,28.9,52,1013.25,0.0,-0.588399,0.196133,8.9828914,-0.245,-0.0525,-0.21,166.50390625,-161.669921875,25.78125,kitchen idle,run_5,0,2292,0,False,False,False,0,0,0,0,0,0,458.196357174589,69.0,70.0,40.0,-0.1281027547357389,-0.0206340007628035,0.0541642520023588,-0.1212749999999999,-0.0329,-0.1130499999999999,-13.3525390625,9.0771484375,-147.8017578125,456.9342514438028,6.8797830255795205,67.72,1.795295866514517,70.2,1.5969770100009164,0.0,5.0,18.0548751380765,14.866555802627568,Good,19,6,2025-11-16 19:00:00+00:00,Abnormal
2025-11-16 19:04:07+00:00,458.196357174589,40,70,70,27.4,53,1013.25,0.0,-0.5099458,0.1176798,9.022118,-0.34125,-0.16625,-0.16625,164.892578125,-162.744140625,140.185546875,kitchen idle,run_5,0,2292,0,False,False,False,0,0,0,0,0,0,458.196357174589,70.0,70.0,40.0,-0.0421277515573906,-0.1066090039411519,0.0971517535915341,-0.2175249999999999,-0.14665,-0.0693,-14.9638671875,8.0029296875,-33.3974609375,456.9435806308307,6.880544387655471,67.72666666666667,1.801925393306966,70.2,1.5969770100009164,0.0,5.0,16.972248776008687,13.952804185677502,Good,19,6,2025-11-16 19:00:00+00:00,Abnormal
2025-11-16 19:04:13+00:00,458.196357174589,40,70,70,27.9,52,1013.25,0.0,-0.5099458,0.1176798,8.9044382,-0.04375,-0.105,-0.1925,167.041015625,-164.892578125,143.9453125,kitchen idle,run_5,0,2292,0,False,False,False,0,0,0,0,0,0,458.196357174589,70.0,70.0,40.0,-0.0421277515573906,-0.1066090039411519,-0.0318107511759897,0.079975,-0.0854,-0.09555,-12.8154296875,5.8544921875,-29.6376953125,456.9529098178587,6.881292932744769,67.73333333333333,1.808505878427329,70.20666666666666,1.5940184611816126,0.0,0.0,17.132888183056867,14.072617776540737,Good,19,6,2025-11-16 19:00:00+00:00,Abnormal
2025-11-16 19:04:18+00:00,458.196357174589,39,68,69,27.3,53,1013.25,0.0,-0.6276256,0.0784532,9.1397978,0.0175,-0.0875,-0.665,168.65234375,-165.4296875,133.203125,kitchen idle,run_5,0,2292,0,False,False,False,0,0,0,0,0,0,458.196357174589,68.0,69.0,39.0,-0.1710902563249131,-0.1495965055303261,0.226114258359056,0.141225,-0.0678999999999999,-0.56805,-11.2041015625,5.3173828125,-40.3798828125,456.9622390048866,6.88202866502965,67.72666666666667,1.8056461286299732,70.2,1.5969770100009164,0.0,-10.0,16.879808283610775,13.87582546541117,Good,19,6,2025-11-16 19:00:00+00:00,Abnormal
2025-11-16 19:04:23+00:00,458.196357174589,40,68,70,27.7,53,1013.25,0.0,-0.588399,0.1176798,9.1005712,-0.175,-0.21,-0.48125,165.4296875,-162.744140625,142.333984375,kitchen idle,run_5,0,2292,0,False,False,False,0,0,0,0,0,0,458.196357174589,68.0,70.0,40.0,-0.1281027547357389,-0.1066090039411519,0.1831267567698807,-0.0512749999999999,-0.1903999999999999,-0.3843,-14.4267578125,8.0029296875,-31.2490234375,456.98089737894264,6.881552130472124,67.74666666666667,1.7918033608960218,70.22,1.5752702974628756,0.0,0.0,17.249554447389542,14.18595342014252,Good,19,6,2025-11-16 19:00:00+00:00,Abnormal
2025-11-16 19:04:29+00:00,459.59573522878713,40,69,70,27.9,52,1013.25,0.0,-0.5491724,0.196133,8.825985,-0.25375,-0.245,-0.035,166.50390625,-162.744140625,141.796875,kitchen idle,run_5,0,2299,0,False,False,False,0,0,0,0,0,0,459.59573522878713,69.0,70.0,40.0,-0.0851152531465647,-0.0206340007628035,-0.1177857543543383,-0.1300249999999999,-0.2254,0.06195,-13.3525390625,8.0029296875,-31.7861328125,457.0168813860506,6.881015404956475,67.77333333333333,1.780380272579639,70.24,1.5530009918021843,6.996890270990548,5.0,17.132888183056867,14.072617776540737,Good,19,6,2025-11-16 19:00:00+00:00,Abnormal
2025-11-16 19:04:34+00:00,459.59573522878713,40,69,73,27.5,52,1013.25,0.0,-0.4707192,0.196133,8.8652116,-0.18375,-0.6125,-0.42875,167.041015625,-163.818359375,138.037109375,kitchen idle,run_5,0,2299,0,False,False,False,0,0,0,0,0,0,459.59573522878713,69.0,73.0,40.0,0.0008597500317835,-0.0206340007628035,-0.074798252765163,-0.0600249999999999,-0.5929000000000001,-0.3318,-12.8154296875,6.9287109375,-35.5458984375,457.0528653931586,6.880289180262393,67.78666666666666,1.7820381464096662,70.27333333333333,1.558250036655038,0.0,0.0,16.764017711692965,13.765430957017252,Good,19,6,2025-11-16 19:00:00+00:00,Abnormal
2025-11-16 19:04:40+00:00,459.59573522878713,40,69,73,27.0,52,1013.25,0.0,-0.4314926,0.196133,8.825985,-0.21,0.00875,-0.525,167.578125,-164.35546875,135.888671875,kitchen idle,run_5,0,2299,0,False,False,False,0,0,0,0,0,0,459.59573522878713,69.0,73.0,40.0,0.0438472516209577,-0.0206340007628035,-0.1177857543543383,-0.0862749999999999,0.02835,-0.42805,-12.2783203125,6.3916015625,-37.6943359375,457.08884940026655,6.879373396376136,67.80666666666667,1.7786831214509111,70.30666666666667,1.562765861051156,0.0,0.0,16.30286878374206,13.389590001787912,Good,19,6,2025-11-16 19:00:00+00:00,Abnormal
2025-11-16 19:04:45+00:00,459.59573522878713,39,69,73,27.5,52,1013.25,0.0,-0.5099458,0.1176798,8.825985,-0.035,0.035,0.30625,162.744140625,-163.28125,136.962890625,kitchen idle,run_5,0,2299,0,False,False,False,0,0,0,0,0,0,459.59573522878713,69.0,73.0,39.0,-0.0421277515573906,-0.1066090039411519,-0.1177857543543383,0.088725,0.0546,0.4032,-17.1123046875,7.4658203125,-36.6201171875,457.12483340737447,6.878267977583037,67.82,1.7800912426661382,70.32666666666667,1.577937940217664,0.0,0.0,16.764017711692965,13.765430957017252,Good,19,6,2025-11-16 19:00:00+00:00,Abnormal
2025-11-16 19:04:50+00:00,459.59573522878713,40,70,74,27.8,52,1013.25,0.0,-0.5099458,0.196133,9.022118,0.0175,-0.39375,-0.14875,165.966796875,-163.28125,140.72265625,kitchen idle,run_5,0,2299,0,False,False,False,0,0,0,0,0,0,459.59573522878713,70.0,74.0,40.0,-0.0421277515573906,-0.0206340007628035,0.0971517535915341,0.141225,-0.37415,-0.0517999999999999,-13.8896484375,7.4658203125,-32.8603515625,457.1608174144825,6.87697283243618,67.84666666666666,1.782602978253419,70.35333333333334,1.6059313995177005,0.0,5.0,17.04067462065665,13.995272519824727,Good,19,6,2025-11-16 19:00:00+00:00,Abnormal
2025-11-16 19:04:56+00:00,459.59573522878713,39,67,70,27.4,52,1013.25,0.0,-0.4707192,0.1569064,9.1397978,-0.07875,-0.14875,-0.16625,164.35546875,-163.28125,150.927734375,kitchen idle,run_5,0,2299,0,False,False,False,0,0,0,0,0,0,459.59573522878713,67.0,70.0,39.0,0.0008597500317835,-0.0636215023519777,0.226114258359056,0.044975,-0.12915,-0.0693,-15.5009765625,7.4658203125,-22.6552734375,457.2061306086184,6.870427728379343,67.86,1.7685925090560397,70.36,1.6023472715129858,0.0,-15.0,16.671793334387722,13.689543729343963,Good,19,6,2025-11-16 19:00:00+00:00,Abnormal
2025-11-16 19:05:01+00:00,459.59573522878713,40,70,72,27.6,52,1013.25,0.0,-0.588399,0.1176798,9.022118,-0.07,0.0175,-0.20125,165.4296875,-163.28125,142.87109375,kitchen idle,run_5,0,2299,0,False,False,False,0,0,0,0,0,0,459.59573522878713,70.0,72.0,40.0,-0.1281027547357389,-0.1066090039411519,0.0971517535915341,0.053725,0.0371,-0.1043,-14.4267578125,7.4658203125,-30.7119140625,457.25144380275424,6.863575225179407,67.9,1.7484413000920678,70.38666666666667,1.5960802096999376,0.0,15.0,16.856239385093602,13.841680544964404,Good,19,6,2025-11-16 19:00:00+00:00,Abnormal
2025-11-16 19:05:06+00:00,459.59573522878713,41,69,72,27.2,52,1013.25,0.0,-0.4707192,0.196133,8.7867584,-0.21875,-0.0875,-0.21,164.892578125,-162.20703125,140.185546875,kitchen idle,run_5,0,2299,0,False,False,False,0,0,0,0,0,0,459.59573522878713,69.0,72.0,41.0,0.0008597500317835,-0.0206340007628035,-0.1607732559435116,-0.0950249999999999,-0.0678999999999999,-0.1130499999999999,-14.9638671875,8.5400390625,-33.3974609375,457.2967569968903,6.856414401165066,67.94,1.7036478824523564,70.41333333333333,1.5893380778577837,0.0,-5.0,16.487336467587678,13.538850662361678,Good,19,6,2025-11-16 19:00:00+00:00,Abnormal
2025-11-16 19:05:12+00:00,459.59573522878713,39,67,69,27.5,52,1013.25,0.0,-0.5491724,0.1176798,8.9828914,-0.2275,-0.16625,0.0,164.35546875,-165.4296875,146.09375,kitchen idle,run_5,0,2299,0,False,False,False,0,0,0,0,0,0,459.59573522878713,67.0,69.0,39.0,-0.0851152531465647,-0.1066090039411519,0.0541642520023588,-0.1037749999999999,-0.14665,0.09695,-15.5009765625,5.3173828125,-27.4892578125,457.34207019102615,6.848944289254018,67.95333333333333,1.688240681761464,70.42,1.581223721165807,0.0,-10.0,16.764017711692965,13.765430957017252,Good,19,6,2025-11-16 19:00:00+00:00,Abnormal
2025-11-16 19:05:17+00:00,459.59573522878713,39,67,69,27.9,52,1013.25,0.0,-0.5099458,0.1569064,9.022118,-0.06125,-0.09625,-0.35875,163.818359375,-165.966796875,147.16796875,kitchen idle,run_5,0,2299,0,False,False,False,0,0,0,0,0,0,459.59573522878713,67.0,69.0,39.0,-0.0421277515573906,-0.0636215023519777,0.0971517535915341,0.062475,-0.07665,-0.2618,-16.0380859375,4.7802734375,-26.4150390625,457.3873833851621,6.841163876278737,67.96666666666667,1.6725845718199055,70.42666666666666,1.5730390654931607,0.0,0.0,17.132888183056867,14.072617776540737,Good,19,6,2025-11-16 19:00:00+00:00,Abnormal
2025-11-16 19:05:22+00:00,459.59573522878713,39,68,70,27.6,52,1013.25,0.0,-0.5099458,0.1569064,8.825985,-0.1225,-0.41125,-0.3675,165.966796875,-164.892578125,145.01953125,kitchen idle,run_5,0,2299,0,False,False,False,0,0,0,0,0,0,459.59573522878713,68.0,70.0,39.0,-0.0421277515573906,-0.0636215023519777,-0.1177857543543383,0.001225,-0.39165,-0.2705499999999999,-13.8896484375,5.8544921875,-28.5634765625,457.43269657929807,6.833072102275181,67.98,1.6647550558490525,70.43333333333334,1.5690661809149684,0.0,5.0,16.856239385093602,13.841680544964404,Good,19,6,2025-11-16 19:00:00+00:00,Abnormal
2025-11-16 19:05:28+00:00,459.59573522878713,39,68,70,27.5,52,1013.25,0.0,-0.5491724,0.2745862,8.825985,0.06125,-0.0175,-0.315,166.50390625,-164.892578125,144.482421875,kitchen idle,run_5,0,2299,0,False,False,False,0,0,0,0,0,0,459.59573522878713,68.0,70.0,39.0,-0.0851152531465647,0.0653410024155447,-0.1177857543543383,0.184975,0.0020999999999999,-0.21805,-13.3525390625,5.8544921875,-29.1005859375,457.478009773434,6.824667859733245,67.98666666666666,1.6628053705186114,70.43333333333334,1.5690661809149684,0.0,0.0,16.764017711692965,13.765430957017252,Good,19,6,2025-11-16 19:00:00+00:00,Abnormal
2025-11-16 19:05:33+00:00,459.59573522878713,39,70,73,27.1,52,1013.25,0.0,-0.5099458,0.196133,8.9436648,-0.1925,-0.3325,-0.525,163.818359375,-164.35546875,147.16796875,kitchen idle,run_5,0,2299,0,False,False,False,0,0,0,0,0,0,459.59573522878713,70.0,73.0,39.0,-0.0421277515573906,-0.0206340007628035,0.0111767504131855,-0.0687749999999999,-0.3129,-0.42805,-16.0380859375,6.3916015625,-26.4150390625,457.52332296756987,6.815949992807673,68.00666666666666,1.6688888988190211,70.46,1.5785049421368893,0.0,10.0,16.39510397785504,13.464041987499222,Good,19,6,2025-11-16 19:00:00+00:00,Abnormal
2025-11-16 19:05:38+00:00,459.59573522878713,40,69,74,27.0,52,1013.25,0.0,-0.4707192,0.1569064,8.7867584,-0.245,-0.23625,0.04375,165.4296875,-163.28125,146.630859375,kitchen idle,run_5,0,2299,0,False,False,False,0,0,0,0,0,0,459.59573522878713,69.0,74.0,40.0,0.0008597500317835,-0.0636215023519777,-0.1607732559435116,-0.1212749999999999,-0.2166499999999999,0.1407,-14.4267578125,7.4658203125,-26.9521484375,457.568636161706,6.806917296488055,68.02,1.6687816558096826,70.49333333333334,1.60011185291405,0.0,-5.0,16.30286878374206,13.389590001787912,Good,19,6,2025-11-16 19:00:00+00:00,Abnormal
2025-11-16 19:05:44+00:00,459.59573522878713,39,68,73,27.6,52,1013.25,0.0,-0.588399,0.1569064,8.9828914,0.0875,-0.34125,0.06125,165.966796875,-163.818359375,142.87109375,kitchen idle,run_5,0,2299,0,False,False,False,0,0,0,0,0,0,459.59573522878713,68.0,73.0,39.0,-0.1281027547357389,-0.0636215023519777,0.0541642520023588,0.211225,-0.32165,0.1582,-13.8896484375,6.9287109375,-30.7119140625,457.6046201688139,6.8032458492373555,68.02,1.6687816558096826,70.51333333333334,1.612604157883747,0.0,-5.0,16.856239385093602,13.841680544964404,Good,19,6,2025-11-16 19:00:00+00:00,Abnormal
2025-11-16 19:05:49+00:00,459.59573522878713,40,70,74,27.5,52,1013.25,0.0,-0.5491724,0.1176798,8.9828914,-0.2625,-0.2625,-0.14,163.28125,-163.818359375,143.408203125,kitchen idle,run_5,0,2299,0,False,False,False,0,0,0,0,0,0,459.59573522878713,70.0,74.0,40.0,-0.0851152531465647,-0.1066090039411519,0.0541642520023588,-0.1387749999999999,-0.2429,-0.04305,-16.5751953125,6.9287109375,-30.1748046875,457.6326077298977,6.802740796354769,68.04,1.6744427100571522,70.54666666666667,1.6326643381800434,0.0,10.0,16.764017711692965,13.765430957017252,Good,19,6,2025-11-16 19:00:00+00:00,Abnormal
2025-11-16 19:05:54+00:00,459.59573522878713,40,70,74,27.0,52,1013.25,0.0,-0.4314926,0.0,9.022118,-0.1925,0.11375,-0.4025,162.744140625,-164.35546875,152.5390625,kitchen idle,run_5,0,2299,0,False,False,False,0,0,0,0,0,0,459.59573522878713,70.0,74.0,40.0,0.0438472516209577,-0.2355715087086744,0.0971517535915341,-0.0687749999999999,0.13335,-0.30555,-17.1123046875,6.3916015625,-21.0439453125,457.6605952909818,6.802119778298594,68.06666666666666,1.67358742065896,70.58,1.6518039762152426,0.0,0.0,16.30286878374206,13.389590001787912,Good,19,6,2025-11-16 19:00:00+00:00,Abnormal
2025-11-16 19:06:00+00:00,459.59573522878713,39,71,74,27.7,52,1013.25,0.0,-0.4314926,0.1569064,8.9436648,-0.30625,-0.02625,-0.39375,162.744140625,-160.595703125,153.61328125,kitchen idle,run_5,0,2299,0,False,False,False,0,0,0,0,0,0,459.59573522878713,71.0,74.0,39.0,0.0438472516209577,-0.0636215023519777,0.0111767504131855,-0.182525,-0.00665,-0.2967999999999999,-17.1123046875,10.1513671875,-19.9697265625,457.67925366503766,6.803573331614742,68.09333333333333,1.688280435159473,70.60666666666667,1.6745095111434365,0.0,5.0,16.948458354708524,13.918293921649264,Good,19,6,2025-11-16 19:00:00+00:00,Abnormal
2025-11-16 19:06:05+00:00,460.99511328298536,39,72,74,26.2,52,1013.25,0.0,-0.5491724,0.196133,8.9044382,-0.02625,-0.20125,-0.105,165.4296875,-164.35546875,152.001953125,kitchen idle,run_5,0,2306,0,False,False,False,0,0,0,0,0,0,460.99511328298536,72.0,74.0,39.0,-0.0851152531465647,-0.0206340007628035,-0.0318107511759897,0.097475,-0.18165,-0.0080499999999999,-14.4267578125,6.3916015625,-21.5810546875,457.70724122612165,6.80855261738816,68.12666666666667,1.7156862820300998,70.63333333333334,1.6964893346677328,6.996890270991116,5.0,15.564889858871322,12.806646957819568,Good,19,6,2025-11-16 19:00:00+00:00,Abnormal
2025-11-16 19:06:10+00:00,460.99511328298536,40,73,75,26.0,52,1013.25,0.0,-0.4707192,0.1176798,8.9044382,-0.07,-0.385,-0.1925,164.35546875,-164.892578125,154.6875,kitchen idle,run_5,0,2306,0,False,False,False,0,0,0,0,0,0,460.99511328298536,73.0,75.0,40.0,0.0008597500317835,-0.1066090039411519,-0.0318107511759897,0.053725,-0.3654,-0.09555,-15.5009765625,5.8544921875,-18.8955078125,457.7352287872056,6.813412528794524,68.17333333333333,1.7522628387117427,70.68,1.719684690937017,0.0,5.0,15.380368075522492,12.66438057113101,Good,19,6,2025-11-16 19:00:00+00:00,Abnormal
2025-11-16 19:06:16+00:00,460.99511328298536,39,73,75,26.9,52,1013.25,0.0,-0.5491724,0.196133,8.9436648,-0.1925,0.035,-0.37625,163.28125,-164.35546875,155.76171875,kitchen idle,run_5,0,2306,0,False,False,False,0,0,0,0,0,0,460.99511328298536,73.0,75.0,39.0,-0.0851152531465647,-0.0206340007628035,0.0111767504131855,-0.0687749999999999,0.0546,-0.2793,-16.5751953125,6.3916015625,-17.8212890625,457.7632163482897,6.818153321100401,68.20666666666666,1.7959561834791784,70.7,1.7522756057935764,0.0,0.0,16.210630885129802,13.315493298090608,Good,19,6,2025-11-16 19:00:00+00:00,Abnormal
2025-11-16 19:06:21+00:00,460.99511328298536,38,74,77,26.5,52,1013.25,0.0,-0.4707192,0.196133,8.9044382,-0.1225,-0.34125,-0.25375,165.966796875,-164.892578125,153.076171875,kitchen idle,run_5,0,2306,0,False,False,False,0,0,0,0,0,0,460.99511328298536,74.0,77.0,38.0,0.0008597500317835,-0.0206340007628035,-0.0318107511759897,0.001225,-0.32165,-0.1567999999999999,-13.8896484375,5.8544921875,-20.5068359375,457.7912039093736,6.822775242614829,68.24666666666667,1.8570983597200936,70.74,1.826097169507893,0.0,5.0,15.841652243308843,13.02263130898788,Good,19,6,2025-11-16 19:00:00+00:00,Abnormal
2025-11-16 19:06:26+00:00,460.99511328298536,38,74,76,26.9,53,1013.25,0.0,-0.5099458,0.0784532,8.825985,-0.0175,-0.245,-0.1575,165.966796875,-162.744140625,142.87109375,kitchen idle,run_5,0,2306,0,False,False,False,0,0,0,0,0,0,460.99511328298536,74.0,76.0,38.0,-0.0421277515573906,-0.1495965055303261,-0.1177857543543383,0.106225,-0.2254,-0.0605499999999999,-13.8896484375,8.0029296875,-30.7119140625,457.8191914704575,6.827278534756762,68.28,1.914690645628698,70.76,1.8669862302368831,0.0,0.0,16.510019967994555,13.571560476900045,Good,19,6,2025-11-16 19:00:00+00:00,Abnormal
2025-11-16 19:06:32+00:00,460.99511328298536,39,75,76,26.3,53,1013.25,0.0,-0.5491724,0.1176798,9.022118,-0.315,-0.175,0.02625,164.35546875,-162.744140625,160.05859375,kitchen idle,run_5,0,2306,0,False,False,False,0,0,0,0,0,0,460.99511328298536,75.0,76.0,39.0,-0.0851152531465647,-0.1066090039411519,0.0971517535915341,-0.1912749999999999,-0.1553999999999999,0.1232,-15.5009765625,8.0029296875,-13.5244140625,457.8378498445135,6.832138866231887,68.32666666666667,1.9915818362026871,70.78666666666666,1.9128202821407037,0.0,5.0,15.95525844410595,13.125955265270196,Good,19,6,2025-11-16 19:00:00+00:00,Abnormal
2025-11-16 19:06:37+00:00,460.99511328298536,38,73,74,26.7,53,1013.25,0.0,-0.5491724,0.1176798,8.9044382,-0.35875,0.04375,-0.175,165.966796875,-161.669921875,156.298828125,kitchen idle,run_5,0,2306,0,False,False,False,0,0,0,0,0,0,460.99511328298536,73.0,74.0,38.0,-0.0851152531465647,-0.1066090039411519,-0.0318107511759897,-0.2350249999999999,0.0633499999999999,-0.0780499999999999,-13.8896484375,9.0771484375,-17.2841796875,457.8565082185695,6.836944481345845,68.38,2.0089397517536725,70.82,1.9250032685411496,0.0,-10.0,16.325110000994812,13.42159782418542,Good,19,6,2025-11-16 19:00:00+00:00,Abnormal
2025-11-16 19:06:43+00:00,460.99511328298536,38,72,72,26.5,53,1013.25,0.0,-0.5099458,0.196133,8.8652116,0.07,-0.14,-0.0525,163.818359375,-163.818359375,156.298828125,kitchen idle,run_5,0,2306,0,False,False,False,0,0,0,0,0,0,460.99511328298536,72.0,72.0,38.0,-0.0421277515573906,-0.0206340007628035,-0.074798252765163,0.193725,-0.1204,0.04445,-16.0380859375,6.9287109375,-17.2841796875,457.8844957796535,6.841169495870921,68.42666666666666,2.011199070262638,70.84666666666666,1.9133465066703457,0.0,-5.0,16.140189493332382,13.273066526468416,Good,19,6,2025-11-16 19:00:00+00:00,Abnormal
2025-11-16 19:06:48+00:00,460.99511328298536,39,70,73,0.0,0,1013.25,0.0,-0.588399,0.0784532,8.8652116,-0.2275,-0.1225,-0.21,162.744140625,-164.892578125,155.76171875,kitchen idle,run_5,0,2306,0,False,False,False,0,0,0,0,0,0,460.99511328298536,70.0,73.0,39.0,-0.1281027547357389,-0.1495965055303261,-0.074798252765163,-0.1037749999999999,-0.1028999999999999,-0.1130499999999999,-17.1123046875,5.8544921875,-17.8212890625,457.9124833407374,6.84527670588789,68.44666666666667,2.0118330039532997,70.86666666666666,1.9201043968638956,0.0,-10.0,-96.07763018544566,0.0,Good,19,6,2025-11-16 19:00:00+00:00,Abnormal
2025-11-16 19:06:53+00:00,460.99511328298536,40,69,73,26.3,53,1013.25,0.0,-0.5099458,0.196133,8.9436648,0.06125,-0.245,0.00875,163.28125,-161.1328125,164.892578125,kitchen idle,run_5,0,2306,0,False,False,False,0,0,0,0,0,0,460.99511328298536,69.0,73.0,40.0,-0.0421277515573906,-0.0206340007628035,0.0111767504131855,0.184975,-0.2254,0.1057,-16.5751953125,9.6142578125,-8.6904296875,457.9404709018214,6.849266323323625,68.44666666666667,2.0118330039532997,70.88666666666667,1.9266295871279977,0.0,-5.0,15.95525844410595,13.125955265270196,Good,19,6,2025-11-16 19:00:00+00:00,Abnormal
2025-11-16 19:06:59+00:00,460.99511328298536,40,66,71,26.8,53,1013.25,0.0,-0.4707192,0.1569064,8.825985,0.14,0.00875,-0.27125,163.28125,-164.35546875,160.05859375,kitchen idle,run_5,0,2306,0,False,False,False,0,0,0,0,0,0,460.99511328298536,66.0,71.0,40.0,0.0008597500317835,-0.0636215023519777,-0.1177857543543383,0.263725,0.02835,-0.1742999999999999,-16.5751953125,6.3916015625,-13.5244140625,457.96845846290535,6.853138553550926,68.42666666666666,2.0211853345502826,70.9,1.920395652746776,0.0,-15.0,16.41756630202119,13.49639952107928,Good,19,6,2025-11-16 19:00:00+00:00,Abnormal
2025-11-16 19:07:04+00:00,460.99511328298536,39,65,70,26.5,53,1013.25,0.0,-0.5491724,0.1176798,8.8652116,-0.11375,-0.02625,-0.14875,164.35546875,-163.818359375,181.005859375,kitchen idle,run_5,0,2306,0,False,False,False,0,0,0,0,0,0,460.99511328298536,65.0,70.0,39.0,-0.0851152531465647,-0.1066090039411519,-0.074798252765163,0.009975,-0.00665,-0.0517999999999999,-15.5009765625,6.9287109375,7.4228515625,458.0057752110173,6.8542854609179775,68.39333333333333,2.036237702750961,70.9,1.920395652746776,0.0,-5.0,16.140189493332382,13.273066526468416,Good,19,6,2025-11-16 19:00:00+00:00,Abnormal
2025-11-16 19:07:09+00:00,460.99511328298536,38,63,68,26.0,52,1013.25,0.0,-0.6276256,0.1176798,8.9828914,-0.0525,-0.07,-0.245,162.20703125,-162.744140625,168.65234375,kitchen idle,run_5,0,2306,0,False,False,False,0,0,0,0,0,0,460.99511328298536,63.0,68.0,38.0,-0.1710902563249131,-0.1066090039411519,0.0541642520023588,0.071225,-0.0504,-0.14805,-17.6494140625,8.0029296875,-4.9306640625,458.0430919591293,6.855227680693751,68.36,2.0831055803924157,70.89333333333333,1.928753350083956,0.0,-10.0,15.380368075522492,12.66438057113101,Good,19,6,2025-11-16 19:00:00+00:00,Abnormal
2025-11-16 19:07:15+00:00,460.99511328298536,38,61,67,26.7,52,1013.25,0.0,-0.5099458,0.0784532,8.9828914,-0.25375,-0.23625,0.09625,163.28125,-164.892578125,164.35546875,kitchen idle,run_5,0,2306,0,False,False,False,0,0,0,0,0,0,460.99511328298536,61.0,67.0,38.0,-0.0421277515573906,-0.1495965055303261,0.0541642520023588,-0.1300249999999999,-0.2166499999999999,0.1932,-16.5751953125,5.8544921875,-9.2275390625,458.0710795202132,6.858674991747834,68.30666666666667,2.167318779855412,70.85333333333334,1.9469013986152184,0.0,-10.0,16.026146973931645,13.16836012938947,Good,19,6,2025-11-16 19:00:00+00:00,Abnormal
2025-11-16 19:07:20+00:00,460.99511328298536,38,64,68,26.1,52,1013.25,0.0,-0.6276256,0.1176798,8.825985,-0.09625,-0.11375,0.4725,163.818359375,-163.818359375,163.818359375,kitchen idle,run_5,0,2306,0,False,False,False,0,0,0,0,0,0,460.99511328298536,64.0,68.0,38.0,-0.1710902563249131,-0.1066090039411519,-0.1177857543543383,0.027475,-0.09415,0.56945,-16.0380859375,6.9287109375,-9.7646484375,458.1083962683252,6.859258955400924,68.28,2.195541546991407,70.82,1.9526956071619763,0.0,15.0,15.472630319981958,12.735342360624802,Good,19,6,2025-11-16 19:00:00+00:00,Abnormal
2025-11-16 19:07:25+00:00,460.99511328298536,39,66,70,26.6,52,1013.25,0.0,-0.5491724,0.1569064,8.8652116,-0.0875,-0.11375,0.02625,161.669921875,-162.744140625,170.80078125,kitchen idle,run_5,0,2306,0,False,False,False,0,0,0,0,0,0,460.99511328298536,66.0,70.0,39.0,-0.0851152531465647,-0.0636215023519777,-0.074798252765163,0.036225,-0.09415,0.1232,-18.1865234375,8.0029296875,-2.7822265625,458.145713016437,6.859638505116811,68.25333333333333,2.1987997539438444,70.8,1.9455680145732137,0.0,10.0,15.933900961107812,13.095320871287608,Good,19,6,2025-11-16 19:00:00+00:00,Abnormal
2025-11-16 19:07:31+00:00,460.99511328298536,39,68,72,26.0,52,1013.25,0.0,-0.4707192,0.1176798,8.9436648,-0.16625,-0.18375,-0.34125,162.20703125,-163.818359375,160.595703125,kitchen idle,run_5,0,2306,0,False,False,False,0,0,0,0,0,0,460.99511328298536,68.0,72.0,39.0,0.0008597500317835,-0.1066090039411519,0.0111767504131855,-0.0425249999999999,-0.16415,-0.2443,-17.6494140625,6.9287109375,-12.9873046875,458.1830297645491,6.859813674825826,68.24,2.194196127126512,70.8,1.9455680145732137,0.0,10.0,15.380368075522492,12.66438057113101,Good,19,6,2025-11-16 19:00:00+00:00,Abnormal
2025-11-16 19:07:36+00:00,460.99511328298536,39,69,73,26.2,52,1013.25,0.0,-0.4707192,0.0784532,8.9436648,-0.245,-0.09625,-0.30625,162.744140625,-160.05859375,178.857421875,kitchen idle,run_5,0,2306,0,False,False,False,0,0,0,0,0,0,460.99511328298536,69.0,73.0,39.0,0.0008597500317835,-0.1495965055303261,0.0111767504131855,-0.1212749999999999,-0.07665,-0.2093,-17.1123046875,10.6884765625,5.2744140625,458.21101732563307,6.8626841785951855,68.24,2.194196127126512,70.80666666666667,1.9514120396644468,0.0,5.0,15.564889858871322,12.806646957819568,Good,19,6,2025-11-16 19:00:00+00:00,Abnormal
2025-11-16 19:07:41+00:00,460.99511328298536,39,67,69,26.0,52,1013.25,0.0,-0.4707192,0.1176798,8.7475318,-0.04375,0.21,-0.16625,161.669921875,-162.20703125,170.263671875,kitchen idle,run_5,0,2306,0,False,False,False,0,0,0,0,0,0,460.99511328298536,67.0,69.0,39.0,0.0008597500317835,-0.1066090039411519,-0.2037607575326849,0.079975,0.2296,-0.0693,-18.1865234375,8.5400390625,-3.3193359375,458.239004886717,6.865438623690488,68.21333333333334,2.184714029684567,70.78666666666666,1.9544705823501651,0.0,-10.0,15.380368075522492,12.66438057113101,Good,19,6,2025-11-16 19:00:00+00:00,Abnormal
2025-11-16 19:07:47+00:00,460.99511328298536,38,67,69,26.7,52,1013.25,0.0,-0.588399,0.0392266,8.9044382,-0.5425000000000001,0.06125,0.04375,164.35546875,-164.892578125,148.779296875,kitchen idle,run_5,0,2306,0,False,False,False,0,0,0,0,0,0,460.99511328298536,67.0,69.0,38.0,-0.1281027547357389,-0.1925840071195002,-0.0318107511759897,-0.418775,0.08085,0.1407,-15.5009765625,5.8544921875,-24.8037109375,458.2576632607729,6.869124076551459,68.19333333333333,2.1819782498402125,70.76666666666667,1.957318624258584,0.0,0.0,16.026146973931645,13.16836012938947,Good,19,6,2025-11-16 19:00:00+00:00,Abnormal
2025-11-16 19:07:52+00:00,460.99511328298536,39,67,70,26.3,52,1013.25,0.0,-0.4707192,0.0784532,9.1005712,-0.2975,-0.14875,0.13125,160.595703125,-164.35546875,170.263671875,kitchen idle,run_5,0,2306,0,False,False,False,0,0,0,0,0,0,460.99511328298536,67.0,70.0,39.0,0.0008597500317835,-0.1495965055303261,0.1831267567698807,-0.1737749999999999,-0.12915,0.2282,-19.2607421875,6.3916015625,-3.3193359375,458.27632163482895,6.8727565590278195,68.18,2.183126260310679,70.76666666666667,1.957318624258584,0.0,0.0,15.657146692309595,12.87829573196321,Good,19,6,2025-11-16 19:00:00+00:00,Abnormal
2025-11-16 19:07:57+00:00,460.99511328298536,38,67,71,26.2,52,1013.25,0.0,-0.4707192,0.1569064,8.825985,-0.16625,-0.245,-0.0875,164.892578125,-163.818359375,179.931640625,kitchen idle,run_5,0,2306,0,False,False,False,0,0,0,0,0,0,460.99511328298536,67.0,71.0,38.0,0.0008597500317835,-0.0636215023519777,-0.1177857543543383,-0.0425249999999999,-0.2254,0.00945,-14.9638671875,6.9287109375,6.3486328125,458.2856508218569,6.875508789453452,68.16666666666667,2.184191729749468,70.77333333333333,1.9563926077849731,0.0,0.0,15.564889858871322,12.806646957819568,Good,19,6,2025-11-16 19:00:00+00:00,Abnormal
2025-11-16 19:08:03+00:00,462.3944913371835,37,67,71,26.0,53,1013.25,0.0,-0.4707192,0.1569064,8.9044382,-0.28,-0.25375,0.0,162.20703125,-162.744140625,154.150390625,kitchen idle,run_5,0,2313,0,False,False,False,0,0,0,0,0,0,462.3944913371835,67.0,71.0,37.0,0.0008597500317835,-0.0636215023519777,-0.0318107511759897,-0.156275,-0.2341499999999999,0.09695,-17.6494140625,8.0029296875,-19.4326171875,458.3043091959129,6.882881485977931,68.15333333333334,2.185174778895135,70.78,1.955443271809041,6.996890270990832,0.0,15.677842102861907,12.907926351345068,Good,19,6,2025-11-16 19:00:00+00:00,Abnormal
2025-11-16 19:08:08+00:00,462.3944913371835,37,68,71,26.6,53,1013.25,0.0,-0.5099458,0.1569064,8.9044382,0.0525,0.11375,-0.28875,163.28125,-161.669921875,171.337890625,kitchen idle,run_5,0,2313,0,False,False,False,0,0,0,0,0,0,462.3944913371835,68.0,71.0,37.0,-0.0421277515573906,-0.0636215023519777,-0.0318107511759897,0.176225,0.13335,-0.1918,-16.5751953125,9.0771484375,-2.2451171875,458.33229675699687,6.8909701714782265,68.14,2.1799267274187195,70.78,1.955443271809041,0.0,5.0,16.232651064802763,13.347153964966216,Good,19,6,2025-11-16 19:00:00+00:00,Abnormal
2025-11-16 19:08:13+00:00,462.3944913371835,37,70,72,26.5,53,1013.25,0.0,-0.5099458,0.196133,8.825985,-0.14,-0.11375,-0.23625,162.20703125,-164.892578125,167.041015625,kitchen idle,run_5,0,2313,0,False,False,False,0,0,0,0,0,0,462.3944913371835,70.0,72.0,37.0,-0.0421277515573906,-0.0206340007628035,-0.1177857543543383,-0.0162749999999999,-0.09415,-0.1392999999999999,-17.6494140625,5.8544921875,-6.5419921875,458.3602843180808,6.898935072682939,68.15333333333334,2.185174778895135,70.8,1.9524550025325165,0.0,10.0,16.140189493332382,13.273066526468416,Good,19,6,2025-11-16 19:00:00+00:00,Abnormal
2025-11-16 19:08:19+00:00,462.3944913371835,37,68,69,26.0,53,1013.25,0.0,-0.5491724,0.196133,8.9436648,-0.28,-0.16625,-0.14,162.20703125,-163.818359375,174.560546875,kitchen idle,run_5,0,2313,0,False,False,False,0,0,0,0,0,0,462.3944913371835,68.0,69.0,37.0,-0.0851152531465647,-0.0206340007628035,0.0111767504131855,-0.156275,-0.14665,-0.04305,-17.6494140625,6.9287109375,0.9775390625,458.3882718791648,6.906776617836574,68.15333333333334,2.185174778895135,70.8,1.9524550025325165,0.0,-10.0,15.677842102861907,12.907926351345068,Good,19,6,2025-11-16 19:00:00+00:00,Abnormal
2025-11-16 19:08:24+00:00,462.3944913371835,37,68,69,26.5,53,1013.25,0.0,-0.5491724,0.0784532,8.7083052,-0.04375,-0.035,-0.1925,161.669921875,-162.744140625,168.115234375,kitchen idle,run_5,0,2313,0,False,False,False,0,0,0,0,0,0,462.3944913371835,68.0,69.0,37.0,-0.0851152531465647,-0.1495965055303261,-0.2467482591218602,0.079975,-0.0154,-0.09555,-18.1865234375,8.0029296875,-5.4677734375,458.4162594402488,6.914495226623596,68.15333333333334,2.185174778895135,70.8,1.9524550025325165,0.0,0.0,16.140189493332382,13.273066526468416,Good,19,6,2025-11-16 19:00:00+00:00,Abnormal
2025-11-16 19:08:30+00:00,462.3944913371835,39,70,70,26.9,53,1013.25,0.0,-0.5099458,0.1176798,8.825985,0.0,-0.13125,-0.3325,161.669921875,-164.35546875,175.09765625,kitchen idle,run_5,0,2313,0,False,False,False,0,0,0,0,0,0,462.3944913371835,70.0,70.0,39.0,-0.0421277515573906,-0.1066090039411519,-0.1177857543543383,0.123725,-0.11165,-0.23555,-18.1865234375,6.3916015625,1.5146484375,458.4442470013327,6.9220913102915755,68.16666666666667,2.190328548389457,70.80666666666667,1.9479697455955032,0.0,10.0,16.510019967994555,13.571560476900045,Good,19,6,2025-11-16 19:00:00+00:00,Abnormal
2025-11-16 19:08:35+00:00,462.3944913371835,40,69,72,26.3,53,1013.25,0.0,-0.4707192,0.1176798,8.9828914,-0.00875,-0.105,-0.13125,160.595703125,-162.744140625,169.189453125,kitchen idle,run_5,0,2313,0,False,False,False,0,0,0,0,0,0,462.3944913371835,69.0,72.0,40.0,0.0008597500317835,-0.1066090039411519,0.0541642520023588,0.114975,-0.0854,-0.0343,-19.2607421875,8.0029296875,-4.3935546875,458.4815637494447,6.928236614787577,68.16666666666667,2.190328548389457,70.82666666666667,1.9446939224214836,0.0,-5.0,15.95525844410595,13.125955265270196,Good,19,6,2025-11-16 19:00:00+00:00,Abnormal
2025-11-16 19:08:40+00:00,462.3944913371835,39,69,71,26.7,52,1013.25,0.0,-0.5099458,0.1176798,8.825985,-0.21875,-0.14875,-0.28875,161.1328125,-162.20703125,171.875,kitchen idle,run_5,0,2313,0,False,False,False,0,0,0,0,0,0,462.3944913371835,69.0,71.0,39.0,-0.0421277515573906,-0.1066090039411519,-0.1177857543543383,-0.0950249999999999,-0.12915,-0.1918,-18.7236328125,8.5400390625,-1.7080078125,458.5188804975566,6.934174305695315,68.16666666666667,2.190328548389457,70.84,1.93893349221932,0.0,0.0,16.026146973931645,13.16836012938947,Good,19,6,2025-11-16 19:00:00+00:00,Abnormal
2025-11-16 19:08:46+00:00,462.3944913371835,39,69,72,26.1,52,1013.25,0.0,-0.5491724,0.1569064,8.7867584,-0.11375,-0.16625,0.07875,161.669921875,-163.28125,171.875,kitchen idle,run_5,0,2313,0,False,False,False,0,0,0,0,0,0,462.3944913371835,69.0,72.0,39.0,-0.0851152531465647,-0.0636215023519777,-0.1607732559435116,0.009975,-0.14665,0.1757,-18.1865234375,7.4658203125,-1.7080078125,458.55619724566856,6.939904915909134,68.16666666666667,2.190328548389457,70.86,1.9352956176042608,0.0,0.0,15.472630319981958,12.735342360624802,Good,19,6,2025-11-16 19:00:00+00:00,Abnormal
2025-11-16 19:08:51+00:00,462.3944913371835,39,70,70,26.5,52,1013.25,0.0,-0.588399,0.1176798,8.8652116,0.035,0.14875,-0.04375,162.20703125,-164.35546875,190.673828125,kitchen idle,run_5,0,2313,0,False,False,False,0,0,0,0,0,0,462.3944913371835,70.0,70.0,39.0,-0.1281027547357389,-0.1066090039411519,-0.074798252765163,0.158725,0.16835,0.0532,-17.6494140625,6.3916015625,17.0908203125,458.6028431808085,6.942046364476808,68.16666666666667,2.190328548389457,70.86,1.9352956176042608,0.0,5.0,15.841652243308843,13.02263130898788,Good,19,6,2025-11-16 19:00:00+00:00,Abnormal
2025-11-16 19:08:56+00:00,462.3944913371835,37,68,69,26.7,52,1013.25,0.0,-0.588399,0.1569064,8.9828914,0.00875,0.2275,-0.00875,162.20703125,-162.744140625,181.005859375,kitchen idle,run_5,0,2313,0,False,False,False,0,0,0,0,0,0,462.3944913371835,68.0,69.0,37.0,-0.1281027547357389,-0.0636215023519777,0.0541642520023588,0.132475,0.2471,0.0882,-17.6494140625,8.0029296875,7.4228515625,458.6494891159484,6.943871709554516,68.15333333333334,2.185174778895135,70.85333333333334,1.939994695442748,0.0,-10.0,16.026146973931645,13.16836012938947,Good,19,6,2025-11-16 19:00:00+00:00,Abnormal
2025-11-16 19:09:02+00:00,462.3944913371835,37,68,69,26.2,52,1013.25,0.0,-0.5491724,0.0784532,8.8652116,-0.14875,0.0875,-0.455,160.595703125,-163.818359375,170.80078125,kitchen idle,run_5,0,2313,0,False,False,False,0,0,0,0,0,0,462.3944913371835,68.0,69.0,37.0,-0.0851152531465647,-0.1495965055303261,-0.074798252765163,-0.0250249999999999,0.1071,-0.35805,-19.2607421875,6.9287109375,-2.7822265625,458.6961350510885,6.945381200371757,68.14,2.1799267274187195,70.82666666666667,1.9377793512985848,0.0,0.0,15.564889858871322,12.806646957819568,Good,19,6,2025-11-16 19:00:00+00:00,Abnormal
2025-11-16 19:09:07+00:00,462.3944913371835,39,70,72,26.7,52,1013.25,0.0,-0.588399,0.1569064,8.9044382,-0.1225,0.23625,-0.20125,161.669921875,-164.892578125,168.115234375,kitchen idle,run_5,0,2313,0,False,False,False,0,0,0,0,0,0,462.3944913371835,70.0,72.0,39.0,-0.1281027547357389,-0.0636215023519777,-0.0318107511759897,0.001225,0.2558499999999999,-0.1043,-18.1865234375,5.8544921875,-5.4677734375,458.73345179920034,6.950144534139762,68.14666666666666,2.184099546207138,70.82,1.9319635662915595,0.0,10.0,16.026146973931645,13.16836012938947,Good,19,6,2025-11-16 19:00:00+00:00,Abnormal
2025-11-16 19:09:12+00:00,462.3944913371835,38,70,72,26.7,52,1013.25,0.0,-0.588399,0.0784532,8.7475318,-0.1575,0.00875,-0.1225,162.20703125,-163.818359375,168.115234375,kitchen idle,run_5,0,2313,0,False,False,False,0,0,0,0,0,0,462.3944913371835,70.0,72.0,38.0,-0.1281027547357389,-0.1495965055303261,-0.2037607575326849,-0.0337749999999999,0.02835,-0.0255499999999999,-17.6494140625,6.9287109375,-5.4677734375,458.7707685473123,6.954703034724126,68.15333333333334,2.188243961059038,70.82,1.9319635662915595,0.0,0.0,16.026146973931645,13.16836012938947,Good,19,6,2025-11-16 19:00:00+00:00,Abnormal
2025-11-16 19:09:18+00:00,462.3944913371835,38,70,70,26.5,52,1013.25,0.0,-0.5099458,0.196133,8.7867584,-0.315,0.105,0.2275,160.595703125,-164.892578125,169.7265625,kitchen idle,run_5,0,2313,0,False,False,False,0,0,0,0,0,0,462.3944913371835,70.0,70.0,38.0,-0.0421277515573906,-0.0206340007628035,-0.1607732559435116,-0.1912749999999999,0.1245999999999999,0.32445,-19.2607421875,5.8544921875,-3.8564453125,458.8080852954242,6.959057104650164,68.18,2.186198318371422,70.82666666666667,1.9273609827801652,0.0,0.0,15.841652243308843,13.02263130898788,Good,19,6,2025-11-16 19:00:00+00:00,Abnormal
2025-11-16 19:09:23+00:00,462.3944913371835,37,68,69,26.8,52,1013.25,0.0,-0.5099458,0.1569064,9.022118,-0.4375,0.18375,0.0,161.1328125,-164.892578125,175.09765625,kitchen idle,run_5,0,2313,0,False,False,False,0,0,0,0,0,0,462.3944913371835,68.0,69.0,37.0,-0.0421277515573906,-0.0636215023519777,0.0971517535915341,-0.3137749999999999,0.20335,0.09695,-18.7236328125,5.8544921875,1.5146484375,458.8454020435362,6.963207127407288,68.18666666666667,2.184099546207133,70.82,1.9319635662915595,0.0,-10.0,16.118390281899323,13.241750473511749,Good,19,6,2025-11-16 19:00:00+00:00,Abnormal
2025-11-16 19:09:28+00:00,462.3944913371835,38,67,68,26.0,52,1013.25,0.0,-0.4707192,0.1176798,8.8652116,-0.3325,-0.02625,0.105,161.669921875,-165.966796875,178.3203125,kitchen idle,run_5,0,2313,0,False,False,False,0,0,0,0,0,0,462.3944913371835,67.0,68.0,38.0,0.0008597500317835,-0.1066090039411519,-0.074798252765163,-0.208775,-0.00665,0.20195,-18.1865234375,4.7802734375,4.7373046875,458.8920479786761,6.963391375650619,68.19333333333333,2.1789002418614327,70.81333333333333,1.9399946954427512,0.0,-5.0,15.380368075522492,12.66438057113101,Good,19,6,2025-11-16 19:00:00+00:00,Abnormal
2025-11-16 19:09:34+00:00,462.3944913371835,38,68,68,26.8,52,1013.25,0.0,-0.5099458,0.1176798,8.8652116,-0.20125,-0.1575,-0.105,160.595703125,-164.892578125,169.189453125,kitchen idle,run_5,0,2313,0,False,False,False,0,0,0,0,0,0,462.3944913371835,68.0,68.0,38.0,-0.0421277515573906,-0.1066090039411519,-0.074798252765163,-0.0775249999999999,-0.1379,-0.0080499999999999,-19.2607421875,5.8544921875,-4.3935546875,458.93869391381605,6.963261054227046,68.20666666666666,2.1714952219342165,70.80666666666667,1.947969745595504,0.0,5.0,16.118390281899323,13.241750473511749,Good,19,6,2025-11-16 19:00:00+00:00,Abnormal
2025-11-16 19:09:39+00:00,462.3944913371835,37,68,68,26.9,52,1013.25,0.0,-0.5491724,0.196133,8.9828914,-0.27125,0.105,-0.09625,160.595703125,-163.818359375,171.875,kitchen idle,run_5,0,2313,0,False,False,False,0,0,0,0,0,0,462.3944913371835,68.0,68.0,37.0,-0.0851152531465647,-0.0206340007628035,0.0541642520023588,-0.1475249999999999,0.1245999999999999,0.0007,-19.2607421875,6.9287109375,-1.7080078125,458.985339848956,6.962816145473386,68.21333333333334,2.169299725151148,70.79333333333334,1.960333715826574,0.0,0.0,16.210630885129802,13.315493298090608,Good,19,6,2025-11-16 19:00:00+00:00,Abnormal
2025-11-16 19:09:44+00:00,462.3944913371835,38,69,69,26.6,52,1013.25,0.0,-0.5491724,0.196133,8.9044382,-0.07,0.07875,-0.1925,160.595703125,-164.892578125,172.94921875,kitchen idle,run_5,0,2313,0,False,False,False,0,0,0,0,0,0,462.3944913371835,69.0,69.0,38.0,-0.0851152531465647,-0.0206340007628035,-0.0318107511759897,0.053725,0.0983499999999999,-0.09555,-19.2607421875,5.8544921875,-0.6337890625,459.031985784096,6.962056589078729,68.23333333333333,2.1625757283300655,70.78666666666666,1.964745203238332,0.0,5.0,15.933900961107812,13.095320871287608,Good,19,6,2025-11-16 19:00:00+00:00,Abnormal
2025-11-16 19:09:50+00:00,462.3944913371835,37,69,71,26.5,52,1013.25,0.0,-0.5099458,0.1176798,8.8652116,-0.13125,-0.0875,-0.105,158.984375,-162.20703125,174.0234375,kitchen idle,run_5,0,2313,0,False,False,False,0,0,0,0,0,0,462.3944913371835,69.0,71.0,37.0,-0.0421277515573906,-0.1066090039411519,-0.074798252765163,-0.0075249999999999,-0.0678999999999999,-0.0080499999999999,-20.8720703125,8.5400390625,0.4404296875,459.07863171923583,6.960982282043549,68.26666666666667,2.1352480222055625,70.8,1.959317782928064,0.0,0.0,15.841652243308843,13.02263130898788,Good,19,6,2025-11-16 19:00:00+00:00,Abnormal
2025-11-16 19:09:55+00:00,462.3944913371835,39,70,72,26.9,52,1013.25,0.0,-0.588399,0.1176798,8.9828914,-0.27125,0.14,-0.14,161.669921875,-165.4296875,161.669921875,kitchen idle,run_5,0,2313,0,False,False,False,0,0,0,0,0,0,462.3944913371835,70.0,72.0,39.0,-0.1281027547357389,-0.1066090039411519,0.0541642520023588,-0.1475249999999999,0.1596,-0.04305,-18.1865234375,5.3173828125,-11.9130859375,459.12527765437585,6.95959307860983,68.29333333333334,2.1317247850709458,70.8,1.959317782928064,0.0,5.0,16.210630885129802,13.315493298090608,Good,19,6,2025-11-16 19:00:00+00:00,Abnormal
2025-11-16 19:10:00+00:00,462.3944913371835,39,70,72,26.5,52,1013.25,0.0,-0.5099458,0.196133,8.9436648,-0.06125,-0.16625,-0.11375,158.447265625,-164.892578125,176.171875,kitchen idle,run_5,0,2313,0,False,False,False,0,0,0,0,0,0,462.3944913371835,70.0,72.0,39.0,-0.0421277515573906,-0.0206340007628035,0.0111767504131855,0.062475,-0.14665,-0.0167999999999999,-21.4091796875,5.8544921875,2.5888671875,459.1719235895158,6.957888790162103,68.31333333333333,2.1335815012258164,70.80666666666667,1.9617026800519997,0.0,0.0,15.841652243308843,13.02263130898788,Good,19,6,2025-11-16 19:00:00+00:00,Abnormal
2025-11-16 19:10:06+00:00,462.3944913371835,37,69,71,26.9,52,1013.25,0.0,-0.5491724,0.1569064,8.9828914,-0.16625,-0.105,-0.21,158.984375,-162.744140625,171.875,kitchen idle,run_5,0,2313,0,False,False,False,0,0,0,0,0,0,462.3944913371835,69.0,71.0,37.0,-0.0851152531465647,-0.0636215023519777,0.0541642520023588,-0.0425249999999999,-0.0854,-0.1130499999999999,-20.8720703125,8.0029296875,-1.7080078125,459.21856952465566,6.955869185099231,68.32,2.1341581179670968,70.8,1.959317782928064,0.0,-5.0,16.210630885129802,13.315493298090608,Good,19,6,2025-11-16 19:00:00+00:00,Abnormal
2025-11-16 19:10:11+00:00,462.3944913371835,38,70,72,26.7,53,1013.25,0.0,-0.5099458,0.196133,8.9828914,-0.14875,0.32375,-0.385,160.595703125,-165.4296875,177.783203125,kitchen idle,run_5,0,2313,0,False,False,False,0,0,0,0,0,0,462.3944913371835,70.0,72.0,38.0,-0.0421277515573906,-0.0206340007628035,0.0541642520023588,-0.0250249999999999,0.34335,-0.28805,-19.2607421875,5.3173828125,4.2001953125,459.2652154597956,6.953533988676735,68.34,2.135761342020391,70.81333333333333,1.9606418161147363,0.0,5.0,16.325110000994812,13.42159782418542,Good,19,6,2025-11-16 19:00:00+00:00,Abnormal
2025-11-16 19:10:16+00:00,462.3944913371835,39,69,70,26.7,52,1013.25,0.0,-0.5099458,0.196133,8.8652116,-0.14875,-0.00875,-0.09625,162.20703125,-164.35546875,177.783203125,kitchen idle,run_5,0,2313,0,False,False,False,0,0,0,0,0,0,462.3944913371835,69.0,70.0,39.0,-0.0421277515573906,-0.0206340007628035,-0.074798252765163,-0.0250249999999999,0.0108499999999999,0.0007,-17.6494140625,6.3916015625,4.2001953125,459.3118613949355,6.950882882819428,68.36666666666666,2.118682212526218,70.83333333333333,1.9366360742580988,0.0,-5.0,16.026146973931645,13.16836012938947,Good,19,6,2025-11-16 19:00:00+00:00,Abnormal
2025-11-16 19:10:22+00:00,462.3944913371835,38,68,69,26.3,52,1013.25,0.0,-0.5099458,0.1569064,8.825985,-0.21875,-0.30625,-0.09625,160.05859375,-163.818359375,169.7265625,kitchen idle,run_5,0,2313,0,False,False,False,0,0,0,0,0,0,462.3944913371835,68.0,69.0,38.0,-0.0421277515573906,-0.0636215023519777,-0.1177857543543383,-0.0950249999999999,-0.28665,0.0007,-19.7978515625,6.9287109375,-3.8564453125,459.36650377609953,6.942624732093762,68.38,2.109963579952611,70.84666666666666,1.9168509783964849,0.0,-5.0,15.657146692309595,12.87829573196321,Good,19,6,2025-11-16 19:00:00+00:00,Abnormal
2025-11-16 19:10:27+00:00,462.3944913371835,38,69,69,26.4,52,1013.25,0.0,-0.5099458,0.1569064,8.825985,0.04375,0.07,-0.0175,161.1328125,-163.818359375,181.54296875,kitchen idle,run_5,0,2313,0,False,False,False,0,0,0,0,0,0,462.3944913371835,69.0,69.0,38.0,-0.0421277515573906,-0.0636215023519777,-0.1177857543543383,0.167475,0.0896,0.07945,-18.7236328125,6.9287109375,7.9599609375,459.4211461572634,6.933923264165361,68.38666666666667,2.11033464271716,70.84,1.92154859248734,0.0,5.0,15.749400820415776,12.95029005648188,Good,19,6,2025-11-16 19:00:00+00:00,Abnormal
2025-11-16 19:10:33+00:00,462.3944913371835,38,68,69,26.4,52,1013.25,0.0,-0.5099458,0.196133,8.9436648,-0.21,0.28,-0.035,158.984375,-165.4296875,183.154296875,kitchen idle,run_5,0,2313,0,False,False,False,0,0,0,0,0,0,462.3944913371835,68.0,69.0,38.0,-0.0421277515573906,-0.0206340007628035,0.0111767504131855,-0.0862749999999999,0.2996,0.06195,-20.8720703125,5.3173828125,9.5712890625,459.47578853842737,6.924776807856916,68.38666666666667,2.11033464271716,70.82,1.92500326854115,0.0,-5.0,15.749400820415776,12.95029005648188,Good,19,6,2025-11-16 19:00:00+00:00,Abnormal
2025-11-16 19:10:38+00:00,462.3944913371835,38,67,71,26.4,52,1013.25,0.0,-0.4707192,0.1569064,8.9436648,-0.1225,-0.07,0.0,161.669921875,-163.818359375,178.3203125,kitchen idle,run_5,0,2313,0,False,False,False,0,0,0,0,0,0,462.3944913371835,67.0,71.0,38.0,0.0008597500317835,-0.0636215023519777,0.0111767504131855,0.001225,-0.0504,0.09695,-18.1865234375,6.9287109375,4.7373046875,459.53043091959125,6.915183597459884,68.38,2.1131420036330697,70.81333333333333,1.9226193914517464,0.0,-5.0,15.749400820415776,12.95029005648188,Good,19,6,2025-11-16 19:00:00+00:00,Abnormal
2025-11-16 19:10:43+00:00,462.3944913371835,38,67,70,26.5,52,1013.25,0.0,-0.5099458,0.1176798,8.9436648,-0.2625,0.14875,-0.0175,159.521484375,-161.669921875,175.634765625,kitchen idle,run_5,0,2313,0,False,False,False,0,0,0,0,0,0,462.3944913371835,67.0,70.0,38.0,-0.0421277515573906,-0.1066090039411519,0.0111767504131855,-0.1387749999999999,0.16835,0.07945,-20.3349609375,9.0771484375,2.0517578125,459.5850733007552,6.905141770968152,68.38,2.1131420036330697,70.82,1.9180177127206668,0.0,0.0,15.841652243308843,13.02263130898788,Good,19,6,2025-11-16 19:00:00+00:00,Abnormal
2025-11-16 19:10:49+00:00,462.3944913371835,37,66,69,26.9,52,1013.25,0.0,-0.5099458,0.1176798,8.9828914,-0.04375,-0.09625,-0.25375,158.984375,-164.35546875,177.24609375,kitchen idle,run_5,0,2313,0,False,False,False,0,0,0,0,0,0,462.3944913371835,66.0,69.0,37.0,-0.0421277515573906,-0.1066090039411519,0.0541642520023588,0.079975,-0.07665,-0.1567999999999999,-20.8720703125,6.3916015625,3.6630859375,459.6397156819191,6.894649368198931,68.37333333333333,2.1190939771793844,70.82,1.9180177127206668,0.0,-5.0,16.210630885129802,13.315493298090608,Good,19,6,2025-11-16 19:00:00+00:00,Abnormal
2025-11-16 19:10:54+00:00,462.3944913371835,37,67,69,26.7,52,1013.25,0.0,-0.588399,0.1569064,9.022118,-0.14875,0.06125,-0.23625,160.05859375,-162.744140625,177.24609375,kitchen idle,run_5,0,2313,0,False,False,False,0,0,0,0,0,0,462.3944913371835,67.0,69.0,37.0,-0.1281027547357389,-0.0636215023519777,0.0971517535915341,-0.0250249999999999,0.08085,-0.1392999999999999,-19.7978515625,8.0029296875,3.6630859375,459.69435806308303,6.883704328796265,68.37333333333333,2.1190939771793844,70.82,1.9180177127206668,0.0,5.0,16.026146973931645,13.16836012938947,Good,19,6,2025-11-16 19:00:00+00:00,Abnormal
2025-11-16 19:10:59+00:00,462.3944913371835,38,69,70,26.7,52,1013.25,0.0,-0.5491724,0.1176798,8.9828914,-0.21,0.21875,0.02625,157.91015625,-165.4296875,190.13671875,kitchen idle,run_5,0,2313,0,False,False,False,0,0,0,0,0,0,462.3944913371835,69.0,70.0,38.0,-0.0851152531465647,-0.1066090039411519,0.0541642520023588,-0.0862749999999999,0.23835,0.1232,-21.9462890625,5.3173828125,16.5537109375,459.74900044424703,6.8723044901122305,68.37333333333333,2.1190939771793844,70.8,1.910760767707694,0.0,10.0,16.026146973931645,13.16836012938947,Good,19,6,2025-11-16 19:00:00+00:00,Abnormal
2025-11-16 19:11:05+00:00,463.7938693913816,37,67,69,26.4,52,1013.25,0.0,-0.5099458,0.2353596,9.022118,-0.09625,-0.07875,0.18375,158.447265625,-162.744140625,187.451171875,kitchen idle,run_5,0,2320,0,False,False,False,0,0,0,0,0,0,463.7938693913816,67.0,69.0,37.0,-0.0421277515573906,0.0223535008263705,0.0971517535915341,0.027475,-0.05915,0.2807,-21.4091796875,8.0029296875,13.8681640625,459.80497556641495,6.870818112060905,68.37333333333333,2.1190939771793844,70.78,1.913814140338579,6.996890270990548,-10.0,15.749400820415776,12.95029005648188,Good,19,6,2025-11-16 19:00:00+00:00,Abnormal
2025-11-16 19:11:10+00:00,463.7938693913816,39,68,70,26.3,52,1013.25,0.0,-0.5099458,0.196133,8.9044382,0.00875,-0.23625,-0.035,160.595703125,-165.966796875,187.451171875,kitchen idle,run_5,0,2320,0,False,False,False,0,0,0,0,0,0,463.7938693913816,68.0,70.0,39.0,-0.0421277515573906,-0.0206340007628035,-0.0318107511759897,0.132475,-0.2166499999999999,0.06195,-19.2607421875,4.7802734375,13.8681640625,459.8609506885829,6.868872219517582,68.38,2.1163156537507186,70.76,1.906118724163198,0.0,5.0,15.657146692309595,12.87829573196321,Good,19,6,2025-11-16 19:00:00+00:00,Abnormal
2025-11-16 19:11:15+00:00,463.7938693913816,38,68,69,26.2,52,1013.25,0.0,-0.5099458,0.1569064,9.1005712,-0.14875,-0.07,-0.0175,159.521484375,-164.35546875,184.228515625,kitchen idle,run_5,0,2320,0,False,False,False,0,0,0,0,0,0,463.7938693913816,68.0,69.0,38.0,-0.0421277515573906,-0.0636215023519777,0.1831267567698807,-0.0250249999999999,-0.0504,0.07945,-20.3349609375,6.3916015625,10.6455078125,459.9169258107508,6.866466421815908,68.38666666666667,2.113512508371812,70.73333333333333,1.90254745036658,0.0,0.0,15.564889858871322,12.806646957819568,Good,19,6,2025-11-16 19:00:00+00:00,Abnormal
2025-11-16 19:11:21+00:00,463.7938693913816,38,68,69,26.9,52,1013.25,0.0,-0.4707192,0.1176798,8.9436648,-0.245,0.16625,-0.28875,160.05859375,-164.35546875,183.69140625,kitchen idle,run_5,0,2320,0,False,False,False,0,0,0,0,0,0,463.7938693913816,68.0,69.0,38.0,0.0008597500317835,-0.1066090039411519,0.0111767504131855,-0.1212749999999999,0.18585,-0.1918,-19.7978515625,6.3916015625,10.1083984375,459.9729009329186,6.863600235344357,68.4,2.104644910987095,70.72,1.9076673270971556,0.0,0.0,16.210630885129802,13.315493298090608,Good,19,6,2025-11-16 19:00:00+00:00,Abnormal
2025-11-16 19:11:26+00:00,463.7938693913816,38,68,69,26.3,52,1013.25,0.0,-0.4707192,0.1569064,8.8652116,-0.13125,-0.32375,0.11375,162.744140625,-162.744140625,187.98828125,kitchen idle,run_5,0,2320,0,False,False,False,0,0,0,0,0,0,463.7938693913816,68.0,69.0,38.0,0.0008597500317835,-0.0636215023519777,-0.074798252765163,-0.0075249999999999,-0.30415,0.2107,-17.1123046875,8.0029296875,14.4052734375,460.02887605508664,6.860273083058838,68.40666666666667,2.1017623371118375,70.71333333333334,1.9119429194070825,0.0,0.0,15.657146692309595,12.87829573196321,Good,19,6,2025-11-16 19:00:00+00:00,Abnormal
2025-11-16 19:11:31+00:00,463.7938693913816,38,68,70,26.4,52,1013.25,0.0,-0.4314926,0.1569064,9.022118,0.0175,0.1225,-0.14875,159.521484375,-160.595703125,183.154296875,kitchen idle,run_5,0,2320,0,False,False,False,0,0,0,0,0,0,463.7938693913816,68.0,70.0,38.0,0.0438472516209577,-0.0636215023519777,0.0971517535915341,0.141225,0.1421,-0.0517999999999999,-20.3349609375,10.1513671875,9.5712890625,460.0848511772545,6.856484293899672,68.40666666666667,2.1017623371118375,70.71333333333334,1.9119429194070825,0.0,0.0,15.749400820415776,12.95029005648188,Good,19,6,2025-11-16 19:00:00+00:00,Abnormal
2025-11-16 19:11:37+00:00,463.7938693913816,38,67,69,25.2,53,1013.25,0.0,-0.5491724,0.1569064,8.7475318,-0.30625,0.14875,-0.245,158.447265625,-163.818359375,154.150390625,kitchen idle,run_5,0,2320,0,False,False,False,0,0,0,0,0,0,463.7938693913816,67.0,69.0,38.0,-0.0851152531465647,-0.0636215023519777,-0.2037607575326849,-0.182525,0.16835,-0.14805,-21.4091796875,6.9287109375,-19.4326171875,460.1408262994225,6.852233102111524,68.4,2.104644910987095,70.70666666666666,1.916185621960757,0.0,-5.0,14.937949202616542,12.341727172053483,Good,19,6,2025-11-16 19:00:00+00:00,Abnormal
2025-11-16 19:11:42+00:00,463.7938693913816,38,67,70,25.4,53,1013.25,0.0,-0.5491724,0.1569064,8.7867584,-0.13125,0.07,0.0525,160.595703125,-164.35546875,192.28515625,kitchen idle,run_5,0,2320,0,False,False,False,0,0,0,0,0,0,463.7938693913816,67.0,70.0,38.0,-0.0851152531465647,-0.0636215023519777,-0.1607732559435116,-0.0075249999999999,0.0896,0.14945,-19.2607421875,6.3916015625,18.7021484375,460.20479786761433,6.841163876278862,68.39333333333333,2.107502312104859,70.71333333333334,1.9119429194070825,0.0,0.0,15.122938246560675,12.481227500980506,Good,19,6,2025-11-16 19:00:00+00:00,Abnormal
2025-11-16 19:11:47+00:00,463.7938693913816,37,66,68,25.8,53,1013.25,0.0,-0.5099458,0.196133,8.825985,-0.20125,0.14,-0.39375,159.521484375,-164.892578125,181.005859375,kitchen idle,run_5,0,2320,0,False,False,False,0,0,0,0,0,0,463.7938693913816,66.0,68.0,37.0,-0.0421277515573906,-0.0206340007628035,-0.1177857543543383,-0.0775249999999999,0.1596,-0.2967999999999999,-20.3349609375,5.8544921875,7.4228515625,460.2687694358063,6.829473495404424,68.38,2.1163156537507186,70.70666666666666,1.9196849107603775,0.0,-5.0,15.49288469578152,12.764316112158095,Good,19,6,2025-11-16 19:00:00+00:00,Abnormal
2025-11-16 19:11:53+00:00,463.7938693913816,37,67,69,25.5,53,1013.25,0.0,-0.6276256,0.1569064,8.825985,-0.035,0.14,-0.42,161.1328125,-164.35546875,179.931640625,kitchen idle,run_5,0,2320,0,False,False,False,0,0,0,0,0,0,463.7938693913816,67.0,69.0,37.0,-0.1710902563249131,-0.0636215023519777,-0.1177857543543383,0.088725,0.1596,-0.3230499999999999,-18.7236328125,6.3916015625,6.3486328125,460.3327410039982,6.817158763932303,68.37333333333333,2.1190939771793844,70.7,1.9238872840893573,0.0,5.0,15.215428813530206,12.551486609037784,Good,19,6,2025-11-16 19:00:00+00:00,Abnormal
2025-11-16 19:11:58+00:00,463.7938693913816,38,68,70,25.3,53,1013.25,0.0,-0.5099458,0.196133,8.8652116,-0.1575,0.0875,0.07875,158.447265625,-164.892578125,175.634765625,kitchen idle,run_5,0,2320,0,False,False,False,0,0,0,0,0,0,463.7938693913816,68.0,70.0,38.0,-0.0421277515573906,-0.0206340007628035,-0.074798252765163,-0.0337749999999999,0.1071,0.1757,-21.4091796875,5.8544921875,2.0517578125,460.39671257219015,6.8042162918873546,68.38666666666667,2.110334642717159,70.7,1.9238872840893573,0.0,5.0,15.030445042960366,12.411308142586114,Good,19,6,2025-11-16 19:00:00+00:00,Abnormal
2025-11-16 19:12:03+00:00,463.7938693913816,37,67,70,25.0,53,1013.25,0.0,-0.392266,0.1176798,8.8652116,-0.11375,-0.1225,-0.175,160.05859375,-164.892578125,181.54296875,kitchen idle,run_5,0,2320,0,False,False,False,0,0,0,0,0,0,463.7938693913816,67.0,70.0,37.0,0.0868347532101318,-0.1066090039411519,-0.074798252765163,0.009975,-0.1028999999999999,-0.0780499999999999,-19.7978515625,5.8544921875,7.9599609375,460.460684140382,6.790642489986524,68.40666666666667,2.0825148280264743,70.70666666666666,1.9196849107603775,0.0,-5.0,14.752949611247312,12.203574968290896,Good,19,6,2025-11-16 19:00:00+00:00,Abnormal
2025-11-16 19:12:09+00:00,463.7938693913816,37,67,70,25.1,53,1013.25,0.0,-0.4707192,0.1569064,8.7475318,-0.35,-0.07,-0.455,161.1328125,-163.818359375,190.673828125,kitchen idle,run_5,0,2320,0,False,False,False,0,0,0,0,0,0,463.7938693913816,67.0,70.0,37.0,0.0008597500317835,-0.0636215023519777,-0.2037607575326849,-0.2262749999999999,-0.0504,-0.35805,-18.7236328125,6.9287109375,17.0908203125,460.524655708574,6.776433564400543,68.42666666666666,2.054122280810126,70.71333333333334,1.9154499591121723,0.0,0.0,14.845450725416438,12.27248323176746,Good,19,6,2025-11-16 19:00:00+00:00,Abnormal
2025-11-16 19:12:14+00:00,463.7938693913816,38,70,73,25.1,53,1013.25,0.0,-0.4314926,0.196133,8.9436648,-0.1225,0.0525,0.00875,157.373046875,-163.818359375,178.3203125,kitchen idle,run_5,0,2320,0,False,False,False,0,0,0,0,0,0,463.7938693913816,70.0,73.0,38.0,0.0438472516209577,-0.0206340007628035,0.0111767504131855,0.001225,0.0721,0.1057,-22.4833984375,6.9287109375,4.7373046875,460.58862727676586,6.7615855111472865,68.46666666666667,2.025563693742183,70.74,1.9192769891486072,0.0,15.0,14.845450725416438,12.27248323176746,Good,19,6,2025-11-16 19:00:00+00:00,Abnormal
2025-11-16 19:12:19+00:00,463.7938693913816,39,72,74,25.9,53,1013.25,0.0,-0.5099458,0.196133,8.9436648,-0.3675,-0.0525,0.105,157.373046875,-165.4296875,177.24609375,kitchen idle,run_5,0,2320,0,False,False,False,0,0,0,0,0,0,463.7938693913816,72.0,74.0,39.0,-0.0421277515573906,-0.0206340007628035,0.0111767504131855,-0.2437749999999999,-0.0329,0.20195,-22.4833984375,5.3173828125,3.6630859375,460.6619280319858,6.736120350529146,68.51333333333334,2.02579561523908,70.76666666666667,1.9366360742581044,0.0,10.0,15.585364717355294,12.835947920881024,Good,19,6,2025-11-16 19:00:00+00:00,Abnormal
2025-11-16 19:12:25+00:00,463.7938693913816,38,69,71,25.8,53,1013.25,0.0,-0.5099458,0.1176798,8.9044382,-0.105,0.13125,0.2275,160.05859375,-163.818359375,217.529296875,kitchen idle,run_5,0,2320,0,False,False,False,0,0,0,0,0,0,463.7938693913816,69.0,71.0,38.0,-0.0421277515573906,-0.1066090039411519,-0.0318107511759897,0.018725,0.15085,0.32445,-19.7978515625,6.9287109375,43.9462890625,460.7258996001776,6.719867798119994,68.54,2.005462339370246,70.77333333333333,1.935700163518104,0.0,-15.0,15.49288469578152,12.764316112158095,Good,19,6,2025-11-16 19:00:00+00:00,Abnormal
2025-11-16 19:12:30+00:00,463.7938693913816,39,69,70,25.6,53,1013.25,0.0,-0.5491724,0.1176798,8.9828914,0.09625,0.035,2.09125,160.595703125,-160.595703125,199.8046875,kitchen idle,run_5,0,2320,0,False,False,False,0,0,0,0,0,0,463.7938693913816,69.0,70.0,39.0,-0.0851152531465647,-0.1066090039411519,0.0541642520023588,0.219975,0.0546,2.1882,-19.2607421875,10.1513671875,26.2216796875,460.7898711683696,6.702961242429051,68.56666666666666,1.9845600890890336,70.77333333333333,1.935700163518104,0.0,0.0,15.307916743981709,12.622086832753196,Good,19,6,2025-11-16 19:00:00+00:00,Abnormal
2025-11-16 19:12:36+00:00,463.7938693913816,37,69,72,25.0,53,1013.25,0.0,-0.5491724,0.196133,8.9436648,-0.4025,-0.11375,0.21,156.8359375,-162.744140625,178.857421875,kitchen idle,run_5,0,2320,0,False,False,False,0,0,0,0,0,0,463.7938693913816,69.0,72.0,37.0,-0.0851152531465647,-0.0206340007628035,0.0111767504131855,-0.278775,-0.09415,0.30695,-23.0205078125,8.0029296875,5.2744140625,460.8538427365615,6.685395721773001,68.59333333333333,1.9630706896186791,70.78666666666666,1.9372251194201635,0.0,0.0,14.752949611247312,12.203574968290896,Good,19,6,2025-11-16 19:00:00+00:00,Abnormal
2025-11-16 19:12:41+00:00,463.7938693913816,37,70,74,25.0,53,1013.25,0.0,-0.588399,0.1569064,8.8652116,-0.0875,0.21875,-0.27125,160.05859375,-164.892578125,177.783203125,kitchen idle,run_5,0,2320,0,False,False,False,0,0,0,0,0,0,463.7938693913816,70.0,74.0,37.0,-0.1281027547357389,-0.0636215023519777,-0.074798252765163,0.036225,0.23835,-0.1742999999999999,-19.7978515625,5.8544921875,4.2001953125,460.91781430475345,6.667166027765792,68.62666666666667,1.9440035720503792,70.81333333333333,1.95378368646936,0.0,5.0,14.752949611247312,12.203574968290896,Good,19,6,2025-11-16 19:00:00+00:00,Abnormal
2025-11-16 19:12:46+00:00,463.7938693913816,38,69,74,25.6,53,1013.25,0.0,-0.392266,0.1569064,8.7475318,-0.16625,-0.18375,-0.09625,160.05859375,-164.35546875,177.24609375,kitchen idle,run_5,0,2320,0,False,False,False,0,0,0,0,0,0,463.7938693913816,69.0,74.0,38.0,0.0868347532101318,-0.0636215023519777,-0.2037607575326849,-0.0425249999999999,-0.16415,0.0007,-19.7978515625,6.3916015625,3.6630859375,460.98178587294535,6.648266696875707,68.65333333333334,1.9212225786903117,70.84,1.9698397032188504,0.0,-5.0,15.307916743981709,12.622086832753196,Good,19,6,2025-11-16 19:00:00+00:00,Abnormal
2025-11-16 19:12:52+00:00,463.7938693913816,38,69,73,25.8,53,1013.25,0.0,-0.5491724,0.1569064,8.9436648,-0.3675,-0.09625,-0.1925,158.447265625,-164.892578125,186.376953125,kitchen idle,run_5,0,2320,0,False,False,False,0,0,0,0,0,0,463.7938693913816,69.0,73.0,38.0,-0.0851152531465647,-0.0636215023519777,0.0111767504131855,-0.2437749999999999,-0.07665,-0.09555,-21.4091796875,5.8544921875,12.7939453125,461.0457574411373,6.628692001419115,68.68,1.8977910154325368,70.87333333333333,1.9637543370285269,0.0,0.0,15.49288469578152,12.764316112158095,Good,19,6,2025-11-16 19:00:00+00:00,Abnormal
2025-11-16 19:12:57+00:00,463.7938693913816,39,70,74,25.8,53,1013.25,0.0,-0.4314926,0.1569064,8.8652116,-0.04375,0.14875,-0.27125,157.373046875,-163.818359375,185.83984375,kitchen idle,run_5,0,2320,0,False,False,False,0,0,0,0,0,0,463.7938693913816,70.0,74.0,39.0,0.0438472516209577,-0.0636215023519777,-0.074798252765163,0.079975,0.16835,-0.1742999999999999,-22.4833984375,6.9287109375,12.2568359375,461.1017325633052,6.616115446449793,68.70666666666666,1.8879578351948023,70.90666666666667,1.974150625842359,0.0,5.0,15.49288469578152,12.764316112158095,Good,19,6,2025-11-16 19:00:00+00:00,Abnormal
2025-11-16 19:13:02+00:00,463.7938693913816,38,70,73,25.8,53,1013.25,0.0,-0.4314926,0.1569064,8.8652116,-0.07875,-0.23625,0.035,158.984375,-164.35546875,207.861328125,kitchen idle,run_5,0,2320,0,False,False,False,0,0,0,0,0,0,463.7938693913816,70.0,73.0,38.0,0.0438472516209577,-0.0636215023519777,-0.074798252765163,0.044975,-0.2166499999999999,0.13195,-20.8720703125,6.3916015625,34.2783203125,461.15770768547304,6.60303726073495,68.72666666666667,1.885645766112678,70.93333333333334,1.9752382123498913,0.0,0.0,15.49288469578152,12.764316112158095,Good,19,6,2025-11-16 19:00:00+00:00,Abnormal
2025-11-16 19:13:08+00:00,463.7938693913816,39,74,76,25.0,53,1013.25,0.0,-0.5099458,0.196133,8.9044382,-0.04375,0.21,-0.06125,158.984375,-163.818359375,191.748046875,kitchen idle,run_5,0,2320,0,False,False,False,0,0,0,0,0,0,463.7938693913816,74.0,76.0,39.0,-0.0421277515573906,-0.0206340007628035,-0.0318107511759897,0.079975,0.2296,0.0357,-20.8720703125,6.9287109375,18.1650390625,461.204353620613,6.596736063669057,68.76666666666667,1.933167469549847,70.96,2.016309340281436,0.0,20.0,14.752949611247312,12.203574968290896,Good,19,6,2025-11-16 19:00:00+00:00,Abnormal
2025-11-16 19:13:13+00:00,463.7938693913816,39,73,75,25.0,53,1013.25,0.0,-0.4707192,0.196133,8.9436648,-0.21,-0.09625,-0.0875,157.373046875,-162.20703125,186.376953125,kitchen idle,run_5,0,2320,0,False,False,False,0,0,0,0,0,0,463.7938693913816,73.0,75.0,39.0,0.0008597500317835,-0.0206340007628035,0.0111767504131855,-0.0862749999999999,-0.07665,0.00945,-22.4833984375,8.5400390625,12.7939453125,461.24167036872495,6.595438094814692,68.8,1.9627401746767057,70.98,2.041416799758694,0.0,-5.0,14.752949611247312,12.203574968290896,Good,19,6,2025-11-16 19:00:00+00:00,Abnormal
2025-11-16 19:13:18+00:00,463.7938693913816,40,73,75,25.7,53,1013.25,0.0,-0.4707192,0.2353596,9.022118,-0.0875,0.105,-0.1575,159.521484375,-164.35546875,196.044921875,kitchen idle,run_5,0,2320,0,False,False,False,0,0,0,0,0,0,463.7938693913816,73.0,75.0,40.0,0.0008597500317835,0.0223535008263705,0.0971517535915341,0.036225,0.1245999999999999,-0.0605499999999999,-20.3349609375,6.3916015625,22.4619140625,461.27898711683696,6.593927271373758,68.82666666666667,1.9924241302970995,70.99333333333334,2.0611349797922394,0.0,0.0,15.4004020380279,12.693029542324105,Good,19,6,2025-11-16 19:00:00+00:00,Abnormal
2025-11-16 19:13:24+00:00,465.19324744557974,39,71,74,25.6,53,1013.25,0.0,-0.5491724,0.1176798,8.9044382,-0.07875,0.0175,-0.04375,157.373046875,-165.966796875,189.599609375,kitchen idle,run_5,0,2327,0,False,False,False,0,0,0,0,0,0,465.19324744557974,71.0,74.0,39.0,-0.0851152531465647,-0.1066090039411519,-0.0318107511759897,0.044975,0.0371,0.0532,-22.4833984375,4.7802734375,16.0166015625,461.31630386494896,6.600173308795285,68.84666666666666,1.9991161357925449,71.01333333333334,2.0757037026750687,6.996890270990548,-10.0,15.307916743981709,12.622086832753196,Good,19,6,2025-11-16 19:00:00+00:00,Abnormal
2025-11-16 19:13:29+00:00,465.19324744557974,39,71,74,25.1,53,1013.25,0.0,-0.5491724,0.1569064,8.9828914,-0.04375,-0.00875,0.0525,157.91015625,-165.966796875,192.28515625,kitchen idle,run_5,0,2327,0,False,False,False,0,0,0,0,0,0,465.19324744557974,71.0,74.0,39.0,-0.0851152531465647,-0.0636215023519777,0.0541642520023588,0.079975,0.0108499999999999,0.14945,-21.9462890625,4.7802734375,18.7021484375,461.3536206130608,6.606201236786055,68.85333333333334,2.004647843236518,71.02,2.0837176379328177,0.0,0.0,14.845450725416438,12.27248323176746,Good,19,6,2025-11-16 19:00:00+00:00,Abnormal
2025-11-16 19:13:34+00:00,465.19324744557974,39,71,73,25.2,54,1013.25,0.0,-0.5491724,0.196133,8.825985,0.07,-0.04375,-0.09625,158.447265625,-167.578125,193.359375,kitchen idle,run_5,0,2327,0,False,False,False,0,0,0,0,0,0,465.19324744557974,71.0,73.0,39.0,-0.0851152531465647,-0.0206340007628035,-0.1177857543543383,0.193725,-0.0241499999999999,0.0007,-21.4091796875,3.1689453125,19.7763671875,461.3909373611728,6.612011651873149,68.85333333333334,2.004647843236518,71.02,2.0837176379328177,0.0,0.0,15.22885746647574,12.57458994888468,Good,19,6,2025-11-16 19:00:00+00:00,Abnormal
2025-11-16 19:13:40+00:00,465.19324744557974,39,70,73,25.7,54,1013.25,0.0,-0.5099458,0.1569064,9.022118,-0.07875,0.21875,-0.00875,159.521484375,-162.20703125,188.525390625,kitchen idle,run_5,0,2327,0,False,False,False,0,0,0,0,0,0,465.19324744557974,70.0,73.0,39.0,-0.0421277515573906,-0.0636215023519777,0.0971517535915341,0.044975,0.23835,0.0882,-20.3349609375,8.5400390625,14.9423828125,461.4282541092847,6.617605127001139,68.84,1.990177220533098,71.02,2.0837176379328177,0.0,-5.0,15.692354470423735,12.932520665764184,Good,19,6,2025-11-16 19:00:00+00:00,Abnormal
2025-11-16 19:13:45+00:00,465.19324744557974,39,69,71,25.3,54,1013.25,0.0,-0.4707192,0.2353596,9.022118,-0.1925,-0.2625,0.2275,159.521484375,-162.744140625,192.822265625,kitchen idle,run_5,0,2327,0,False,False,False,0,0,0,0,0,0,465.19324744557974,69.0,71.0,39.0,0.0008597500317835,0.0223535008263705,0.0971517535915341,-0.0687749999999999,-0.2429,0.32445,-20.3349609375,8.0029296875,19.2392578125,461.47490004442466,6.619330845484775,68.82,1.9732098334898929,71.0,2.069270208221325,0.0,-5.0,15.32156200261166,12.645483767917929,Good,19,6,2025-11-16 19:00:00+00:00,Abnormal
2025-11-16 19:13:50+00:00,465.19324744557974,40,70,70,25.1,54,1013.25,0.0,-0.588399,0.1176798,8.8652116,-0.1225,-0.105,-0.035,158.447265625,-163.818359375,188.525390625,kitchen idle,run_5,0,2327,0,False,False,False,0,0,0,0,0,0,465.19324744557974,70.0,70.0,40.0,-0.1281027547357389,-0.1066090039411519,-0.074798252765163,0.001225,-0.0854,0.06195,-21.4091796875,6.9287109375,14.9423828125,461.51221679253666,6.6244420058764515,68.82,1.9732098334898929,70.98,2.064301887292809,0.0,5.0,15.13615036245328,12.5040395191593,Good,19,6,2025-11-16 19:00:00+00:00,Abnormal
2025-11-16 19:13:56+00:00,465.19324744557974,39,68,71,25.3,54,1013.25,0.0,-0.4707192,0.1176798,8.9828914,-0.2625,-0.16625,0.2275,158.984375,-163.818359375,196.58203125,kitchen idle,run_5,0,2327,0,False,False,False,0,0,0,0,0,0,465.19324744557974,68.0,71.0,39.0,0.0008597500317835,-0.1066090039411519,0.0541642520023588,-0.1387749999999999,-0.14665,0.32445,-20.8720703125,6.9287109375,22.9990234375,461.5495335406486,6.629337762195213,68.82,1.9732098334898929,70.98,2.064301887292809,0.0,-10.0,15.32156200261166,12.645483767917929,Good,19,6,2025-11-16 19:00:00+00:00,Abnormal
2025-11-16 19:14:01+00:00,465.19324744557974,39,68,70,25.7,54,1013.25,0.0,-0.5491724,0.1176798,8.9044382,-0.09625,-0.27125,-0.07,157.373046875,-165.966796875,194.43359375,kitchen idle,run_5,0,2327,0,False,False,False,0,0,0,0,0,0,465.19324744557974,68.0,70.0,39.0,-0.0851152531465647,-0.1066090039411519,-0.0318107511759897,0.027475,-0.25165,0.02695,-22.4833984375,4.7802734375,20.8505859375,461.5868502887605,6.6340185913311425,68.82666666666667,1.9687036809653529,70.98,2.064301887292809,0.0,0.0,15.692354470423735,12.932520665764184,Good,19,6,2025-11-16 19:00:00+00:00,Abnormal
2025-11-16 19:14:06+00:00,465.19324744557974,38,66,69,25.4,54,1013.25,0.0,-0.5099458,0.0392266,8.7867584,-0.3675,0.09625,-0.13125,156.8359375,-163.818359375,194.43359375,kitchen idle,run_5,0,2327,0,False,False,False,0,0,0,0,0,0,465.19324744557974,66.0,69.0,38.0,-0.0421277515573906,-0.1925840071195002,-0.1607732559435116,-0.2437749999999999,0.11585,-0.0343,-23.0205078125,6.9287109375,20.8505859375,461.6241670368725,6.638484947922969,68.82,1.9766081720394548,70.98,2.064301887292809,0.0,-10.0,15.414263970967744,12.716722359489571,Good,19,6,2025-11-16 19:00:00+00:00,Abnormal
2025-11-16 19:14:12+00:00,465.19324744557974,38,67,69,25.1,54,1013.25,0.0,-0.5099458,0.2353596,8.8652116,0.0,0.21875,0.105,155.76171875,-163.818359375,182.080078125,kitchen idle,run_5,0,2327,0,False,False,False,0,0,0,0,0,0,465.19324744557974,67.0,69.0,38.0,-0.0421277515573906,0.0223535008263705,-0.074798252765163,0.123725,0.23835,0.20195,-24.0947265625,6.9287109375,8.4970703125,461.66148378498445,6.642737264583418,68.80666666666667,1.9821236887930904,70.97333333333333,2.0690972212449146,0.0,5.0,15.13615036245328,12.5040395191593,Good,19,6,2025-11-16 19:00:00+00:00,Abnormal
2025-11-16 19:14:17+00:00,465.19324744557974,37,67,69,25.7,54,1013.25,0.0,-0.5099458,0.1176798,8.8652116,-0.1225,-0.02625,-0.14,156.298828125,-162.744140625,194.43359375,kitchen idle,run_5,0,2327,0,False,False,False,0,0,0,0,0,0,465.19324744557974,67.0,69.0,37.0,-0.0421277515573906,-0.1066090039411519,-0.074798252765163,0.001225,-0.00665,-0.04305,-23.5576171875,8.0029296875,20.8505859375,461.1816970235451,2.391954342988324,68.8,1.98653183333003,70.96666666666667,2.073859892709146,0.0,0.0,15.692354470423735,12.932520665764184,Good,19,6,2025-11-16 19:00:00+00:00,Abnormal
2025-11-16 19:14:22+00:00,465.19324744557974,38,69,70,25.5,54,1013.25,0.0,-0.588399,0.196133,9.0613446,-0.21875,-0.21875,-0.30625,162.20703125,-165.4296875,199.267578125,kitchen idle,run_5,0,2327,0,False,False,False,0,0,0,0,0,0,465.19324744557974,69.0,70.0,38.0,-0.1281027547357389,-0.0206340007628035,0.1401392551807074,-0.0950249999999999,-0.19915,-0.2093,-17.6494140625,5.3173828125,25.6845703125,461.2190137716571,2.410636068951852,68.8,1.98653183333003,70.96666666666667,2.073859892709146,0.0,10.0,15.50696337165066,12.7883071110951,Good,19,6,2025-11-16 19:00:00+00:00,Abnormal
2025-11-16 19:14:28+00:00,465.19324744557974,38,70,73,25.3,54,1013.25,0.0,-0.5491724,0.1569064,8.9436648,-0.37625,0.0175,-0.21,157.91015625,-163.28125,199.8046875,kitchen idle,run_5,0,2327,0,False,False,False,0,0,0,0,0,0,465.19324744557974,70.0,73.0,38.0,-0.0851152531465647,-0.0636215023519777,0.0111767504131855,-0.2525249999999999,0.0371,-0.1130499999999999,-21.9462890625,7.4658203125,26.2216796875,461.25633051976894,2.4285969537441474,68.80666666666667,1.9888840979953109,70.99333333333334,2.0741187719344665,0.0,5.0,15.32156200261166,12.645483767917929,Good,19,6,2025-11-16 19:00:00+00:00,Abnormal
2025-11-16 19:14:33+00:00,465.19324744557974,38,69,73,25.1,54,1013.25,0.0,-0.392266,0.1569064,8.8652116,-0.02625,0.0,0.06125,157.373046875,-165.4296875,194.43359375,kitchen idle,run_5,0,2327,0,False,False,False,0,0,0,0,0,0,465.19324744557974,69.0,73.0,38.0,0.0868347532101318,-0.0636215023519777,-0.074798252765163,0.097475,0.0196,0.1582,-22.4833984375,5.3173828125,20.8505859375,461.29364726788094,2.4458528776996897,68.8,1.98653183333003,71.01333333333334,2.078934505964759,0.0,-5.0,15.13615036245328,12.5040395191593,Good,19,6,2025-11-16 19:00:00+00:00,Abnormal
2025-11-16 19:14:39+00:00,465.19324744557974,39,69,73,25.6,54,1013.25,0.0,-0.5491724,0.1569064,8.9044382,-0.07,-0.0875,-0.0525,157.91015625,-162.744140625,195.5078125,kitchen idle,run_5,0,2327,0,False,False,False,0,0,0,0,0,0,465.19324744557974,69.0,73.0,39.0,-0.0851152531465647,-0.0636215023519777,-0.0318107511759897,0.053725,-0.0678999999999999,0.04445,-21.9462890625,8.0029296875,21.9248046875,461.3309640159928,2.462418661353331,68.8,1.98653183333003,71.03333333333333,2.083545850458639,0.0,0.0,15.599660204767106,12.860239414503257,Good,19,6,2025-11-16 19:00:00+00:00,Abnormal
2025-11-16 19:14:44+00:00,465.19324744557974,38,68,74,25.6,53,1013.25,0.0,-0.5099458,0.1569064,8.9828914,-0.09625,-0.09625,0.23625,156.298828125,-162.744140625,185.83984375,kitchen idle,run_5,0,2327,0,False,False,False,0,0,0,0,0,0,465.19324744557974,68.0,74.0,38.0,-0.0421277515573906,-0.0636215023519777,0.0541642520023588,0.027475,-0.07665,0.3332,-23.5576171875,8.0029296875,12.2568359375,461.3682807641048,2.4783081440820056,68.8,1.98653183333003,71.06666666666666,2.0907808716470706,0.0,-5.0,15.307916743981709,12.622086832753196,Good,19,6,2025-11-16 19:00:00+00:00,Abnormal
2025-11-16 19:14:49+00:00,465.19324744557974,39,68,74,25.6,54,1013.25,0.0,-0.4707192,0.1569064,8.5906254,-0.00875,0.1225,0.0525,158.984375,-164.35546875,185.302734375,kitchen idle,run_5,0,2327,0,False,False,False,0,0,0,0,0,0,465.19324744557974,68.0,74.0,39.0,0.0008597500317835,-0.0636215023519777,-0.3757107638893821,0.114975,0.1421,0.14945,-20.8720703125,6.3916015625,11.7197265625,461.4055975122168,2.493534254643004,68.81333333333333,1.974286606920416,71.10666666666667,2.0891110041052063,0.0,0.0,15.599660204767106,12.860239414503257,Good,19,6,2025-11-16 19:00:00+00:00,Abnormal
2025-11-16 19:14:55+00:00,465.19324744557974,40,69,75,25.7,54,1013.25,0.0,-0.5491724,0.1176798,8.9044382,-0.175,0.00875,0.06125,155.76171875,-165.4296875,198.73046875,kitchen idle,run_5,0,2327,0,False,False,False,0,0,0,0,0,0,465.19324744557974,69.0,75.0,40.0,-0.0851152531465647,-0.1066090039411519,-0.0318107511759897,-0.0512749999999999,0.02835,0.1582,-24.0947265625,5.3173828125,25.1474609375,461.45224344735664,2.4985364048206695,68.82,1.9732098334898924,71.14666666666666,2.105877574300855,0.0,5.0,15.692354470423735,12.932520665764184,Good,19,6,2025-11-16 19:00:00+00:00,Abnormal
2025-11-16 19:15:00+00:00,465.19324744557974,40,70,76,25.6,54,1013.25,0.0,-0.5099458,0.1569064,8.9044382,-0.1925,-0.07875,-0.0875,157.373046875,-165.4296875,189.599609375,kitchen idle,run_5,0,2327,0,False,False,False,0,0,0,0,0,0,465.19324744557974,70.0,76.0,40.0,-0.0421277515573906,-0.0636215023519777,-0.0318107511759897,-0.0687749999999999,-0.05915,0.00945,-22.4833984375,5.3173828125,16.0166015625,461.4988893824966,2.502653463999826,68.82666666666667,1.975510015421441,71.18666666666667,2.1406474171742182,0.0,5.0,15.599660204767106,12.860239414503257,Good,19,6,2025-11-16 19:00:00+00:00,Abnormal
2025-11-16 19:15:05+00:00,465.19324744557974,41,71,76,25.6,54,1013.25,0.0,-0.4707192,0.1569064,8.9828914,-0.18375,0.07875,-0.2975,157.373046875,-166.50390625,192.28515625,kitchen idle,run_5,0,2327,0,False,False,False,0,0,0,0,0,0,465.19324744557974,71.0,76.0,41.0,0.0008597500317835,-0.0636215023519777,0.0541642520023588,-0.0600249999999999,0.0983499999999999,-0.2005499999999999,-22.4833984375,4.2431640625,18.7021484375,461.54553531763656,2.505889794673029,68.83333333333333,1.981175390623699,71.22666666666667,2.174120717636439,0.0,5.0,15.599660204767106,12.860239414503257,Good,19,6,2025-11-16 19:00:00+00:00,Abnormal
2025-11-16 19:15:11+00:00,465.19324744557974,39,69,73,25.9,54,1013.25,0.0,-0.4314926,0.1176798,8.8652116,-0.27125,0.245,0.06125,157.373046875,-163.818359375,195.5078125,kitchen idle,run_5,0,2327,0,False,False,False,0,0,0,0,0,0,465.19324744557974,69.0,73.0,39.0,0.0438472516209577,-0.1066090039411519,-0.074798252765163,-0.1475249999999999,0.2646,0.1582,-22.4833984375,6.9287109375,21.9248046875,461.5921812527765,2.5082488059884565,68.84,1.9800345736256748,71.25333333333333,2.1711552198808155,0.0,-10.0,15.87773529978425,13.07813561750142,Good,19,6,2025-11-16 19:00:00+00:00,Abnormal
2025-11-16 19:15:16+00:00,465.19324744557974,40,70,74,25.8,54,1013.25,0.0,-0.5491724,0.1176798,8.825985,0.04375,0.14,-0.04375,157.373046875,-165.4296875,199.8046875,kitchen idle,run_5,0,2327,0,False,False,False,0,0,0,0,0,0,465.19324744557974,70.0,74.0,40.0,-0.0851152531465647,-0.1066090039411519,-0.1177857543543383,0.167475,0.1596,0.0532,-22.4833984375,5.3173828125,26.2216796875,461.6388271879165,2.5097329718435324,68.86,1.976472350684788,71.29333333333334,2.1660797690752087,0.0,5.0,15.78504616872723,13.005152265217683,Good,19,6,2025-11-16 19:00:00+00:00,Abnormal
2025-11-16 19:15:21+00:00,465.19324744557974,40,70,75,0.0,0,1013.25,0.0,-0.4707192,0.1569064,8.7475318,-0.0525,0.3675,0.105,155.224609375,-165.4296875,197.65625,kitchen idle,run_5,0,2327,0,False,False,False,0,0,0,0,0,0,465.19324744557974,70.0,75.0,40.0,0.0008597500317835,-0.0636215023519777,-0.2037607575326849,0.071225,0.3871,0.20195,-24.6318359375,5.3173828125,24.0732421875,461.6854731230564,2.5103438439175214,68.88,1.972699577777209,71.34,2.170052422587965,0.0,0.0,-96.07763018544566,0.0,Good,19,6,2025-11-16 19:00:00+00:00,Abnormal
2025-11-16 19:15:27+00:00,465.19324744557974,38,69,74,25.8,54,1013.25,0.0,-0.6276256,0.1176798,8.9044382,-0.04375,0.06125,-0.27125,158.984375,-163.818359375,202.490234375,kitchen idle,run_5,0,2327,0,False,False,False,0,0,0,0,0,0,465.19324744557974,69.0,74.0,38.0,-0.1710902563249131,-0.1066090039411519,-0.0318107511759897,0.079975,0.08085,-0.1742999999999999,-20.8720703125,6.9287109375,28.9072265625,461.7414482452243,2.4941666587587408,68.87333333333333,1.9705777664893285,71.36666666666666,2.1780376201346305,0.0,-5.0,15.78504616872723,13.005152265217683,Good,19,6,2025-11-16 19:00:00+00:00,Abnormal
2025-11-16 19:15:32+00:00,465.19324744557974,39,72,76,25.7,54,1013.25,0.0,-0.588399,0.1569064,8.9436648,-0.14875,0.1925,0.04375,158.447265625,-162.744140625,194.43359375,kitchen idle,run_5,0,2327,0,False,False,False,0,0,0,0,0,0,465.19324744557974,72.0,76.0,39.0,-0.1281027547357389,-0.0636215023519777,0.0111767504131855,-0.0250249999999999,0.2121,0.1407,-21.4091796875,8.0029296875,20.8505859375,461.79742336739224,2.476610575658121,68.88666666666667,1.9849658650616424,71.38666666666667,2.2067214792089773,0.0,15.0,15.692354470423735,12.932520665764184,Good,19,6,2025-11-16 19:00:00+00:00,Abnormal
2025-11-16 19:15:37+00:00,465.19324744557974,37,72,75,25.3,54,1013.25,0.0,-0.5491724,0.1176798,8.9044382,-0.35875,-0.14,0.105,158.984375,-161.669921875,213.232421875,kitchen idle,run_5,0,2327,0,False,False,False,0,0,0,0,0,0,465.19324744557974,72.0,75.0,37.0,-0.0851152531465647,-0.1066090039411519,-0.0318107511759897,-0.2350249999999999,-0.1204,0.20195,-20.8720703125,9.0771484375,39.6494140625,461.8533984895603,2.4576460445085093,68.90666666666667,2.001162972835836,71.41333333333333,2.2261010145702524,0.0,0.0,15.32156200261166,12.645483767917929,Good,19,6,2025-11-16 19:00:00+00:00,Abnormal
2025-11-16 19:15:43+00:00,465.19324744557974,37,69,73,25.4,54,1013.25,0.0,-0.5491724,0.196133,8.825985,-0.06125,0.07875,0.13125,156.8359375,-164.35546875,193.896484375,kitchen idle,run_5,0,2327,0,False,False,False,0,0,0,0,0,0,465.19324744557974,69.0,73.0,37.0,-0.0851152531465647,-0.0206340007628035,-0.1177857543543383,0.062475,0.0983499999999999,0.2282,-23.0205078125,6.3916015625,20.3134765625,461.9093736117282,2.437240187495634,68.91333333333333,1.999787460742881,71.44,2.220949672925026,0.0,-15.0,15.414263970967744,12.716722359489571,Good,19,6,2025-11-16 19:00:00+00:00,Abnormal
2025-11-16 19:15:48+00:00,465.19324744557974,37,69,71,25.5,54,1013.25,0.0,-0.5099458,0.1569064,8.9828914,-0.105,0.00875,-0.20125,155.76171875,-164.35546875,198.73046875,kitchen idle,run_5,0,2327,0,False,False,False,0,0,0,0,0,0,465.19324744557974,69.0,71.0,37.0,-0.0421277515573906,-0.0636215023519777,0.0541642520023588,0.018725,0.02835,-0.1043,-24.0947265625,6.3916015625,25.1474609375,461.9653487338961,2.4153564742762,68.91333333333333,1.999787460742881,71.44,2.220949672925026,0.0,0.0,15.50696337165066,12.7883071110951,Good,19,6,2025-11-16 19:00:00+00:00,Abnormal
2025-11-16 19:15:53+00:00,465.19324744557974,38,69,71,25.5,54,1013.25,0.0,-0.5099458,0.2353596,8.825985,-0.2975,0.14875,0.28875,156.8359375,-163.28125,197.119140625,kitchen idle,run_5,0,2327,0,False,False,False,0,0,0,0,0,0,465.19324744557974,69.0,71.0,38.0,-0.0421277515573906,0.0223535008263705,-0.1177857543543383,-0.1737749999999999,0.16835,0.3857,-23.0205078125,7.4658203125,23.5361328125,462.02132385606393,2.3919543429883694,68.91333333333333,1.999787460742881,71.44666666666667,2.21809721546916,0.0,0.0,15.50696337165066,12.7883071110951,Good,19,6,2025-11-16 19:00:00+00:00,Abnormal
2025-11-16 19:15:59+00:00,465.19324744557974,39,70,73,25.4,54,1013.25,0.0,-0.5491724,0.2353596,9.1790244,-0.1925,0.0,-0.0175,155.76171875,-166.50390625,194.970703125,kitchen idle,run_5,0,2327,0,False,False,False,0,0,0,0,0,0,465.19324744557974,70.0,73.0,39.0,-0.0851152531465647,0.0223535008263705,0.2691017599482293,-0.0687749999999999,0.0196,0.07945,-24.0947265625,4.2431640625,21.3876953125,462.07729897823185,2.3669887568137393,68.93333333333334,1.9955207110623217,71.47333333333333,2.212522829417779,0.0,5.0,15.414263970967744,12.716722359489571,Good,19,6,2025-11-16 19:00:00+00:00,Abnormal
2025-11-16 19:16:04+00:00,465.19324744557974,39,69,73,25.2,54,1013.25,0.0,-0.5099458,0.196133,8.825985,0.1225,-0.00875,-0.09625,155.224609375,-164.892578125,198.193359375,kitchen idle,run_5,0,2327,0,False,False,False,0,0,0,0,0,0,465.19324744557974,69.0,73.0,39.0,-0.0421277515573906,-0.0206340007628035,-0.1177857543543383,0.246225,0.0108499999999999,0.0007,-24.6318359375,5.8544921875,24.6103515625,462.1332741003999,2.34040968329332,68.94,1.994051556690428,71.49333333333334,2.21267449292354,0.0,-5.0,15.22885746647574,12.57458994888468,Good,19,6,2025-11-16 19:00:00+00:00,Abnormal
2025-11-16 19:16:09+00:00,465.19324744557974,40,70,73,25.7,54,1013.25,0.0,-0.5491724,0.1176798,8.9044382,0.035,-0.06125,0.07875,156.8359375,-165.966796875,207.861328125,kitchen idle,run_5,0,2327,0,False,False,False,0,0,0,0,0,0,465.19324744557974,70.0,73.0,40.0,-0.0851152531465647,-0.1066090039411519,-0.0318107511759897,0.158725,-0.04165,0.1757,-23.0205078125,4.7802734375,34.2783203125,462.1892492225678,2.312161480358235,68.96,1.9895026527678668,71.52,2.206518713316543,0.0,5.0,15.692354470423735,12.932520665764184,Good,19,6,2025-11-16 19:00:00+00:00,Abnormal
2025-11-16 19:16:15+00:00,465.19324744557974,40,71,73,25.6,54,1013.25,0.0,-0.5491724,0.1569064,8.9828914,-0.32375,-0.07,-0.06125,155.76171875,-164.892578125,202.490234375,kitchen idle,run_5,0,2327,0,False,False,False,0,0,0,0,0,0,465.19324744557974,71.0,73.0,40.0,-0.0851152531465647,-0.0636215023519777,0.0541642520023588,-0.2000249999999999,-0.0504,0.0357,-24.0947265625,5.8544921875,28.9072265625,462.2358951577078,2.3016217770789607,68.96666666666667,1.9946797245624837,71.54,2.2062449498015426,0.0,5.0,15.599660204767106,12.860239414503257,Good,19,6,2025-11-16 19:00:00+00:00,Abnormal
2025-11-16 19:16:20+00:00,465.19324744557974,39,69,71,0.0,0,1013.25,0.0,-0.5491724,0.1569064,8.9436648,-0.1575,0.14875,-0.07875,156.298828125,-164.35546875,196.58203125,kitchen idle,run_5,0,2327,0,False,False,False,0,0,0,0,0,0,465.19324744557974,69.0,71.0,39.0,-0.0851152531465647,-0.0636215023519777,0.0111767504131855,-0.0337749999999999,0.16835,0.0182,-23.5576171875,6.3916015625,22.9990234375,462.2825410928476,2.2900772925200177,68.96,1.9928732082504208,71.53333333333333,2.206356487185873,0.0,-10.0,-96.07763018544566,0.0,Good,19,6,2025-11-16 19:00:00+00:00,Abnormal
