timestamp,co2_ppm,pm1_ugm3,pm25_ugm3,pm10_ugm3,temp_c,rh_pct,pressure_hpa,altitude_m,accel_x,accel_y,accel_z,gyro_x,gyro_y,gyro_z,mag_x,mag_y,mag_z,room_label,run_id,quality_flag,co2_ppm_raw_logger,co2_ppm_clamped_flag,co2_ppm_invalid,rh_pct_invalid,temp_c_invalid,co2_ppm_flatline_flag,pm25_ugm3_flatline_flag,pm10_ugm3_flatline_flag,pm1_ugm3_flatline_flag,temp_c_flatline_flag,rh_pct_flatline_flag,co2_ppm_corr,pm25_ugm3_corr,pm10_ugm3_corr,pm1_ugm3_corr,accel_x_cal,accel_y_cal,accel_z_cal,gyro_x_cal,gyro_y_cal,gyro_z_cal,mag_x_cal,mag_y_cal,mag_z_cal,co2_ppm_roll_mean,co2_ppm_roll_std,pm25_ugm3_roll_mean,pm25_ugm3_roll_std,pm10_ugm3_roll_mean,pm10_ugm3_roll_std,co2_ppm_d_dt,pm25_ugm3_d_dt,dew_point_c,abs_humidity,co2_category,hour,weekday,hour_ts,iaq_standard_class
2025-10-13 11:15:08+00:00,350.0,4,14,15,0.5,0,1010.27,24.84,-0.1176798,-0.0392266,8.7475318,0.00875,0.1575,0.16625,-67.67578125,-39.74609375,262.646484375,mech_workshop,run_2,0,350,1,False,False,False,0,0,0,0,0,0,350.0,14.0,15.0,4.0,0.040846466047363,-0.0582279409611345,-0.1147177344308904,0.078575,-0.0341249999999999,0.0636999999999999,0.859375,0.1181640625,0.12890625,350.0,,14.0,,15.0,,,,-95.89487875184332,0.0,Good,11,0,2025-10-13 11:00:00+00:00,Normal
2025-10-13 11:15:13+00:00,435.40648600621944,5,15,16,25.4,64,1010.25,25.01,-0.2353596,0.0392266,8.825985,0.21875,0.2975,0.665,-69.82421875,-40.8203125,298.6328125,mech_workshop,run_2,0,2178,0,False,False,False,0,0,0,0,0,0,435.40648600621944,15.0,16.0,5.0,-0.0895145958059233,0.028679433607723,-0.0278103598620345,0.288575,0.105875,0.56245,-1.2890625,-0.9560546875,36.115234375,392.7032430031097,60.39150541231174,14.5,0.7071067811865476,15.5,0.7071067811865476,427.0324300310972,5.0,18.092671614270248,15.071670944580235,Good,11,0,2025-10-13 11:00:00+00:00,Normal
2025-10-13 11:15:19+00:00,435.40648600621944,5,15,16,25.1,64,1010.22,25.26,-0.0392266,-0.0392266,8.825985,0.35,0.0,-0.8137500000000001,-69.82421875,-40.8203125,298.6328125,mech_workshop,run_2,0,2178,0,False,False,False,0,0,0,0,0,0,435.40648600621944,15.0,16.0,5.0,0.1277538406162206,-0.0582279409611345,-0.0278103598620345,0.419825,-0.191625,-0.9163,-1.2890625,-0.9560546875,36.115234375,406.9376573374796,49.3094576862308,14.666666666666666,0.5773502691896258,15.666666666666666,0.5773502691896258,0.0,0.0,17.80876882187178,14.81960239307769,Good,11,0,2025-10-13 11:00:00+00:00,Normal
2025-10-13 11:15:24+00:00,435.40648600621944,4,14,15,25.5,64,1010.25,25.01,-0.0784532,0.0392266,8.7475318,0.175,0.2975,0.6825000000000001,-66.064453125,-39.208984375,260.498046875,mech_workshop,run_2,0,2178,0,False,False,False,0,0,0,0,0,0,435.40648600621944,14.0,15.0,4.0,0.0843001533317918,0.028679433607723,-0.1147177344308904,0.244825,0.105875,0.5799500000000001,2.470703125,0.6552734375,-2.01953125,414.0548645046646,42.703243003109726,14.5,0.5773502691896257,15.5,0.5773502691896257,0.0,-5.0,18.18730204213146,15.156512131668268,Good,11,0,2025-10-13 11:00:00+00:00,Normal
2025-10-13 11:15:29+00:00,435.40648600621944,5,14,15,25.2,64,1010.22,25.26,-0.1176798,0.0392266,8.9436648,0.20125,0.44625,0.93625,-67.67578125,-40.283203125,259.423828125,mech_workshop,run_2,0,2178,0,False,False,False,0,0,0,0,0,0,435.40648600621944,14.0,15.0,5.0,0.040846466047363,0.028679433607723,0.1025507019912531,0.271075,0.254625,0.8337,0.859375,-0.4189453125,-3.09375,418.32518880497554,38.19494168585825,14.4,0.5477225575051662,15.4,0.5477225575051662,0.0,0.0,17.903405004198728,14.90321771719666,Good,11,0,2025-10-13 11:00:00+00:00,Normal
2025-10-13 11:15:35+00:00,435.40648600621944,5,14,15,25.1,64,1010.2,25.42,-0.196133,0.0,8.7475318,-0.30625,0.16625,-0.315,-68.75,-40.283203125,256.201171875,mech_workshop,run_2,0,2178,0,False,False,False,0,0,0,0,0,0,435.40648600621944,14.0,15.0,5.0,-0.0460609085214945,-0.0147742536767057,-0.1147177344308904,-0.236425,-0.0253749999999999,-0.41755,-0.21484375,-0.4189453125,-6.31640625,421.1720716718495,34.86705190656493,14.333333333333334,0.5163977794943223,15.333333333333334,0.5163977794943223,0.0,0.0,17.80876882187178,14.81960239307769,Good,11,0,2025-10-13 11:00:00+00:00,Normal
2025-10-13 11:15:40+00:00,435.40648600621944,4,13,14,25.8,64,1010.25,25.01,-0.2745862,0.0,8.9044382,0.2625,0.28875,-0.5687500000000001,-68.75,-40.283203125,256.201171875,mech_workshop,run_2,0,2178,0,False,False,False,0,0,0,0,0,0,435.40648600621944,13.0,14.0,4.0,-0.1329682830903521,-0.0147742536767057,0.0590970147068232,0.332325,0.097125,-0.6713000000000001,-0.21484375,-0.4189453125,-6.31640625,423.2055594339023,32.28061747491068,14.142857142857142,0.6900655593423546,15.142857142857142,0.6900655593423546,0.0,-5.0,18.471181817716737,15.413513795813552,Good,11,0,2025-10-13 11:00:00+00:00,Normal
2025-10-13 11:15:45+00:00,435.40648600621944,4,12,14,25.2,64,1010.25,25.01,-0.0784532,-0.0392266,8.7475318,0.14,-0.27125,0.83125,-68.212890625,-39.74609375,256.201171875,mech_workshop,run_2,0,2178,0,False,False,False,0,0,0,0,0,0,435.40648600621944,12.0,14.0,4.0,0.0843001533317918,-0.0582279409611345,-0.1147177344308904,0.209825,-0.462875,0.7287,0.322265625,0.1181640625,-6.31640625,424.730675255442,30.19575270615588,13.875,0.9910312089651157,15.0,0.7559289460184551,0.0,-5.0,17.903405004198728,14.90321771719666,Good,11,0,2025-10-13 11:00:00+00:00,Normal
2025-10-13 11:15:51+00:00,435.40648600621944,5,13,15,25.0,64,1010.21,25.34,-0.1569064,0.0392266,8.9436648,0.21,0.32375,0.6300000000000001,-68.75,-40.283203125,266.40625,mech_workshop,run_2,0,2178,0,False,False,False,0,0,0,0,0,0,435.40648600621944,13.0,15.0,5.0,-0.0026072212370657,0.028679433607723,0.1025507019912531,0.279825,0.132125,0.5274500000000001,-0.21484375,-0.4189453125,3.888671875,425.9168764499729,28.46882866873982,13.77777777777778,0.9718253158075508,15.0,0.7071067811865481,0.0,5.0,17.71413072127296,14.736392414539951,Good,11,0,2025-10-13 11:00:00+00:00,Normal
2025-10-13 11:15:56+00:00,434.207019102621,4,15,16,25.9,64,1010.26,24.92,-0.1569064,0.0392266,8.9044382,-0.18375,0.35,-0.16625,-69.287109375,-40.8203125,261.03515625,mech_workshop,run_2,0,2172,0,False,False,False,0,0,0,0,0,0,434.207019102621,15.0,16.0,4.0,-0.0026072212370657,0.028679433607723,0.0590970147068232,-0.1139249999999999,0.158375,-0.2688,-0.751953125,-0.9560546875,-1.482421875,426.7458907152377,26.968391920175385,13.9,0.9944289260117538,15.1,0.7378647873726221,-5.997334517992101,10.0,18.56580457377341,15.500012583705388,Good,11,0,2025-10-13 11:00:00+00:00,Normal
2025-10-13 11:16:01+00:00,434.207019102621,4,14,15,25.3,64,1010.24,25.09,-0.0392266,-0.0392266,8.825985,-0.11375,-0.00875,-0.49,-68.75,-40.283203125,255.126953125,mech_workshop,run_2,0,2172,0,False,False,False,0,0,0,0,0,0,434.207019102621,14.0,15.0,4.0,0.1277538406162206,-0.0582279409611345,-0.0278103598620345,-0.0439249999999999,-0.200375,-0.59255,-0.21484375,-0.4189453125,-7.390625,427.4241751140907,25.68317568890507,13.909090909090908,0.9438798074485396,15.090909090909092,0.7006490497453709,0.0,-5.0,17.998039268312105,14.987240021236063,Good,11,0,2025-10-13 11:00:00+00:00,Normal
2025-10-13 11:16:07+00:00,435.40648600621944,5,15,16,25.1,64,1010.22,25.26,-0.1569064,0.0,8.9044382,0.07875,0.1925,0.6562500000000001,-68.75,-40.283203125,255.126953125,mech_workshop,run_2,0,2178,0,False,False,False,0,0,0,0,0,0,435.40648600621944,15.0,16.0,5.0,-0.0026072212370657,-0.0147742536767057,0.0590970147068232,0.148575,0.000875,0.5537000000000001,-0.21484375,-0.4189453125,-7.390625,428.0893676884348,24.596124321302575,14.0,0.9534625892455928,15.166666666666666,0.7177405625652735,5.997334517992101,5.0,17.80876882187178,14.81960239307769,Good,11,0,2025-10-13 11:00:00+00:00,Normal
2025-10-13 11:16:12+00:00,435.40648600621944,4,13,14,25.6,64,1010.27,24.84,-0.196133,0.0392266,8.8652116,-0.0875,0.16625,0.13125,-67.138671875,-39.74609375,264.794921875,mech_workshop,run_2,0,2178,0,False,False,False,0,0,0,0,0,0,435.40648600621944,13.0,14.0,4.0,-0.0460609085214945,0.028679433607723,0.0156433274223953,-0.0176749999999999,-0.0253749999999999,0.0286999999999999,1.396484375,0.1181640625,2.27734375,428.65222294364895,23.636279300221517,13.923076923076923,0.9540735874430292,15.076923076923077,0.7595545253127503,0.0,-10.0,18.281930551954076,15.24176523200386,Good,11,0,2025-10-13 11:00:00+00:00,Normal
2025-10-13 11:16:17+00:00,435.40648600621944,3,12,13,25.8,64,1010.24,25.09,-0.1176798,0.0,8.825985,0.14,0.28875,-0.46375,-67.138671875,-39.74609375,264.2578125,mech_workshop,run_2,0,2178,0,False,False,False,0,0,0,0,0,0,435.40648600621944,12.0,13.0,3.0,0.040846466047363,-0.0147742536767057,-0.0278103598620345,0.209825,0.097125,-0.5663,1.396484375,0.1181640625,1.740234375,429.1346703052612,22.780635979204245,13.785714285714286,1.0509022810878303,14.928571428571429,0.9168747682531904,0.0,-5.0,18.471181817716737,15.413513795813552,Good,11,0,2025-10-13 11:00:00+00:00,Normal
2025-10-13 11:16:23+00:00,435.40648600621944,3,11,12,25.0,64,1010.22,25.26,-0.1176798,-0.0784532,8.825985,0.0175,0.1925,0.02625,-71.435546875,-38.671875,288.96484375,mech_workshop,run_2,0,2178,0,False,False,False,0,0,0,0,0,0,435.40648600621944,11.0,12.0,3.0,0.040846466047363,-0.1016816282455633,-0.0278103598620345,0.087325,0.000875,-0.0763,-2.900390625,1.1923828125,26.447265625,429.5527913519917,22.011618972491707,13.6,1.242118006816238,14.733333333333333,1.16291915126588,0.0,-5.0,17.71413072127296,14.736392414539951,Good,11,0,2025-10-13 11:00:00+00:00,Normal
2025-10-13 11:16:28+00:00,435.40648600621944,4,12,13,25.3,64,1010.28,24.76,-0.1569064,0.0,8.8652116,0.175,-0.035,0.35,-71.435546875,-38.671875,288.96484375,mech_workshop,run_2,0,2178,0,False,False,False,0,0,0,0,0,0,435.40648600621944,12.0,13.0,4.0,-0.0026072212370657,-0.0147742536767057,0.0156433274223953,0.244825,-0.226625,0.2474499999999999,-2.900390625,1.1923828125,26.447265625,429.91864726788094,21.315539416660435,13.5,1.2649110640673524,14.625,1.2041594578792305,0.0,5.0,17.998039268312105,14.987240021236063,Good,11,0,2025-10-13 11:00:00+00:00,Normal
2025-10-13 11:16:33+00:00,436.8058640604176,3,11,12,25.5,64,1010.26,24.92,-0.0784532,0.0784532,8.9436648,0.00875,0.21875,-0.04375,-69.287109375,-41.357421875,254.58984375,mech_workshop,run_2,0,2185,0,False,False,False,0,0,0,0,0,0,436.8058640604176,11.0,12.0,3.0,0.0843001533317918,0.0721331208921518,0.1025507019912531,0.078575,0.027125,-0.1463,-0.751953125,-1.4931640625,-7.927734375,430.3237776674419,20.70616883262758,13.352941176470589,1.3666188418222294,14.470588235294118,1.328422328310144,6.996890270990832,-5.0,18.18730204213146,15.156512131668268,Good,11,0,2025-10-13 11:00:00+00:00,Normal
2025-10-13 11:16:39+00:00,436.8058640604176,3,10,11,25.7,64,1010.18,25.59,-0.1176798,0.0392266,8.9044382,0.02625,0.2275,-0.16625,-67.67578125,-39.74609375,264.794921875,mech_workshop,run_2,0,2185,0,False,False,False,0,0,0,0,0,0,436.8058640604176,10.0,11.0,3.0,0.040846466047363,0.028679433607723,0.0590970147068232,0.096075,0.035875,-0.2688,0.859375,0.1181640625,2.27734375,430.6838935781628,20.14595271740947,13.166666666666666,1.5434872662825805,14.27777777777778,1.526455161305804,0.0,-5.0,18.376557143796397,15.327431900164957,Good,11,0,2025-10-13 11:00:00+00:00,Normal
2025-10-13 11:16:44+00:00,436.8058640604176,5,12,12,25.3,64,1010.22,25.26,-0.196133,0.0,8.9436648,0.13125,0.35875,0.11375,-69.287109375,-39.208984375,258.349609375,mech_workshop,run_2,0,2185,0,False,False,False,0,0,0,0,0,0,436.8058640604176,12.0,12.0,5.0,-0.0460609085214945,-0.0147742536767057,0.1025507019912531,0.201075,0.167125,0.0111999999999999,-0.751953125,0.6552734375,-4.16796875,431.006102550913,19.62865812180832,13.105263157894736,1.5236920380774417,14.157894736842104,1.5727950313140997,0.0,10.0,17.998039268312105,14.987240021236063,Good,11,0,2025-10-13 11:00:00+00:00,Normal
2025-10-13 11:16:50+00:00,436.8058640604176,5,13,13,25.6,64,1010.17,25.67,-0.1569064,0.0392266,8.8652116,-0.21875,0.11375,0.2275,-69.287109375,-41.357421875,149.31640625,mech_workshop,run_2,0,2185,0,False,False,False,0,0,0,0,0,0,436.8058640604176,13.0,13.0,5.0,-0.0026072212370657,0.028679433607723,0.0156433274223953,-0.1489249999999999,-0.0778749999999999,0.1249499999999999,-0.751953125,-1.4931640625,-113.201171875,431.29609062638826,19.149098269026368,13.1,1.4832396974191338,14.1,1.552586975273681,0.0,5.0,18.281930551954076,15.24176523200386,Good,11,0,2025-10-13 11:00:00+00:00,Normal
2025-10-13 11:16:55+00:00,436.8058640604176,6,14,14,25.4,64,1010.24,25.09,-0.1569064,0.0,8.7867584,-0.2975,0.46375,-0.5162500000000001,-68.212890625,-41.357421875,286.81640625,mech_workshop,run_2,0,2185,0,False,False,False,0,0,0,0,0,0,436.8058640604176,14.0,14.0,6.0,-0.0026072212370657,-0.0147742536767057,-0.0712640471464625,-0.2276749999999999,0.272125,-0.6188000000000001,0.322265625,-1.4931640625,24.298828125,431.5584607899135,18.702918661210617,13.142857142857142,1.4589624493356337,14.095238095238097,1.5134319246256815,0.0,5.0,18.092671614270248,15.071670944580235,Good,11,0,2025-10-13 11:00:00+00:00,Normal
2025-10-13 11:17:00+00:00,436.8058640604176,4,14,14,25.5,63,1010.3,24.59,-0.1569064,0.0,8.7867584,-0.28875,0.09625,0.2975,-69.82421875,-39.74609375,256.201171875,mech_workshop,run_2,0,2185,0,False,False,False,0,0,0,0,0,0,436.8058640604176,14.0,14.0,4.0,-0.0026072212370657,-0.0147742536767057,-0.0712640471464625,-0.2189249999999999,-0.0953749999999999,0.1949499999999999,-1.2890625,0.1181640625,-6.31640625,431.796979120391,18.286433910172292,13.181818181818182,1.4354811251305477,14.090909090909092,1.477097891751994,0.0,0.0,17.936520972055302,14.919691629610952,Good,11,0,2025-10-13 11:00:00+00:00,Normal
2025-10-13 11:17:06+00:00,436.8058640604176,4,14,14,25.3,63,1010.28,24.76,-0.1176798,0.0392266,8.7867584,-0.14,-0.0525,0.25375,-67.138671875,-41.357421875,258.88671875,mech_workshop,run_2,0,2185,0,False,False,False,0,0,0,0,0,0,436.8058640604176,14.0,14.0,4.0,0.040846466047363,0.028679433607723,-0.0712640471464625,-0.070175,-0.2441249999999999,0.1511999999999999,1.396484375,-1.4931640625,-3.630859375,432.01475672647905,17.896501783035315,13.217391304347826,1.4128154270215347,14.08695652173913,1.4432615676200808,0.0,0.0,17.747621170024647,14.75306439590425,Good,11,0,2025-10-13 11:00:00+00:00,Normal
2025-10-13 11:17:11+00:00,436.8058640604176,4,14,14,25.2,63,1010.21,25.34,-0.196133,0.0,8.825985,0.0875,0.04375,0.2275,-68.212890625,-38.671875,274.462890625,mech_workshop,run_2,0,2185,0,False,False,False,0,0,0,0,0,0,436.8058640604176,14.0,14.0,4.0,-0.0460609085214945,-0.0147742536767057,-0.0278103598620345,0.157325,-0.1478749999999999,0.1249499999999999,0.322265625,1.1923828125,11.9453125,432.2143861987265,17.53042490221533,13.25,1.3909646324388174,14.083333333333334,1.411649256433201,0.0,0.0,17.65316829883912,14.670354940365462,Good,11,0,2025-10-13 11:00:00+00:00,Normal
2025-10-13 11:17:16+00:00,436.8058640604176,4,13,13,25.4,63,1010.26,24.92,-0.1569064,0.0,8.825985,-0.035,0.34125,0.175,-68.212890625,-38.671875,274.462890625,mech_workshop,run_2,0,2185,0,False,False,False,0,0,0,0,0,0,436.8058640604176,13.0,13.0,4.0,-0.0026072212370657,-0.0147742536767057,-0.0278103598620345,0.034825,0.149625,0.0724499999999999,0.322265625,1.1923828125,11.9453125,432.3980453131942,17.18587324301208,13.24,1.3625955623979804,14.04,1.3988090172238203,0.0,-5.0,17.842072061075953,14.836176086071168,Good,11,0,2025-10-13 11:00:00+00:00,Normal
2025-10-13 11:17:22+00:00,436.8058640604176,4,14,14,25.5,63,1010.22,25.26,-0.196133,0.0392266,8.825985,-0.5075000000000001,0.0875,0.21,-67.67578125,-39.74609375,263.720703125,mech_workshop,run_2,0,2185,0,False,False,False,0,0,0,0,0,0,436.8058640604176,14.0,14.0,4.0,-0.0460609085214945,0.028679433607723,-0.0278103598620345,-0.437675,-0.104125,0.1074499999999999,0.859375,0.1181640625,1.203125,432.567576803472,16.860822448533604,13.26923076923077,1.3433597376039623,14.038461538461538,1.3705697860603605,0.0,5.0,17.936520972055302,14.919691629610952,Good,11,0,2025-10-13 11:00:00+00:00,Normal
2025-10-13 11:17:27+00:00,436.8058640604176,3,13,13,25.3,63,1010.25,25.01,-0.1569064,0.0392266,8.825985,-0.06125,0.13125,0.35,-69.287109375,-40.283203125,263.18359375,mech_workshop,run_2,0,2185,0,False,False,False,0,0,0,0,0,0,436.8058640604176,13.0,13.0,3.0,-0.0026072212370657,0.028679433607723,-0.0278103598620345,0.008575,-0.0603749999999999,0.2474499999999999,-0.751953125,-0.4189453125,0.666015625,432.724550405581,16.553504300948184,13.25925925925926,1.3182912189238536,14.0,1.3587324409735162,0.0,-5.0,17.747621170024647,14.75306439590425,Good,11,0,2025-10-13 11:00:00+00:00,Normal
2025-10-13 11:17:32+00:00,436.8058640604176,5,15,15,25.5,63,1010.28,24.76,-0.1176798,0.0,8.9436648,-0.11375,-0.13125,-0.035,-69.287109375,-41.357421875,259.9609375,mech_workshop,run_2,0,2185,0,False,False,False,0,0,0,0,0,0,436.8058640604176,15.0,15.0,5.0,0.040846466047363,-0.0147742536767057,0.1025507019912531,-0.0439249999999999,-0.322875,-0.13755,-0.751953125,-1.4931640625,-2.556640625,432.87031160753946,16.26236662728298,13.321428571428571,1.3348205990866462,14.035714285714286,1.3466595945123128,0.0,10.0,17.936520972055302,14.919691629610952,Good,11,0,2025-10-13 11:00:00+00:00,Normal
2025-10-13 11:17:38+00:00,436.8058640604176,5,15,15,25.9,63,1010.21,25.34,-0.1176798,0.0392266,8.8652116,0.07875,0.30625,0.0875,-69.287109375,-38.671875,272.314453125,mech_workshop,run_2,0,2185,0,False,False,False,0,0,0,0,0,0,436.8058640604176,15.0,15.0,5.0,0.040846466047363,0.028679433607723,0.0156433274223953,0.148575,0.114625,-0.01505,-0.751953125,1.1923828125,9.796875,433.00602031281113,15.986040594649582,13.379310344827584,1.3473199085445862,14.06896551724138,1.334461755667769,0.0,0.0,18.314296816498427,15.257824887084988,Good,11,0,2025-10-13 11:00:00+00:00,Normal
2025-10-13 11:17:43+00:00,436.8058640604176,4,15,15,25.8,63,1010.18,25.59,-0.1569064,-0.0392266,8.9436648,-0.4375,0.21875,-0.245,-69.287109375,-38.671875,272.314453125,mech_workshop,run_2,0,2185,0,False,False,False,0,0,0,0,0,0,436.8058640604176,15.0,15.0,4.0,-0.0026072212370657,-0.0582279409611345,0.1025507019912531,-0.367675,0.027125,-0.34755,-0.751953125,1.1923828125,9.796875,433.1326817710647,15.72331384280612,13.433333333333334,1.3565507307349296,14.1,1.3222238320605813,0.0,0.0,18.219855825184275,15.172677642753964,Good,11,0,2025-10-13 11:00:00+00:00,Normal
2025-10-13 11:17:48+00:00,436.8058640604176,5,16,18,25.0,63,1010.18,25.59,-0.196133,0.0,9.0613446,-0.14875,0.35,-0.27125,-67.67578125,-39.74609375,261.03515625,mech_workshop,run_2,0,2185,0,False,False,False,0,0,0,0,0,0,436.8058640604176,16.0,18.0,5.0,-0.0460609085214945,-0.0147742536767057,0.2329117638445389,-0.0789249999999999,0.158375,-0.3738,0.859375,0.1181640625,-1.482421875,433.2511715223341,15.473108265048063,13.516129032258064,1.411168965596383,14.225806451612904,1.476700769042369,0.0,5.0,17.464256615816304,14.506136283062764,Good,11,0,2025-10-13 11:00:00+00:00,Normal
2025-10-13 11:17:54+00:00,436.8058640604176,3,14,17,25.3,63,1010.31,24.51,-0.1569064,0.0,8.8652116,0.07,0.105,0.4025,-67.67578125,-40.283203125,264.2578125,mech_workshop,run_2,0,2185,0,False,False,False,0,0,0,0,0,0,436.8058640604176,14.0,17.0,3.0,-0.0026072212370657,-0.0147742536767057,0.0156433274223953,0.139825,-0.086625,0.29995,0.859375,-0.4189453125,1.740234375,433.3622556641493,15.234461518509402,13.53125,1.3908543440819434,14.3125,1.5332339846262557,0.0,-10.0,17.747621170024647,14.75306439590425,Good,11,0,2025-10-13 11:00:00+00:00,Normal
2025-10-13 11:17:59+00:00,438.005330964016,3,13,17,25.8,63,1010.34,24.26,-0.0784532,0.0392266,8.9044382,-0.09625,0.11375,0.16625,-69.82421875,-40.8203125,263.18359375,mech_workshop,run_2,0,2191,0,False,False,False,0,0,0,0,0,0,438.005330964016,13.0,17.0,3.0,0.0843001533317918,0.028679433607723,0.0590970147068232,-0.0264249999999999,-0.0778749999999999,0.0636999999999999,-1.2890625,-0.9560546875,0.666015625,433.5029549156604,15.016301789168256,13.515151515151516,1.3720698807188203,14.393939393939394,1.5799405435686882,5.997334517992101,-5.0,18.219855825184275,15.172677642753964,Good,11,0,2025-10-13 11:00:00+00:00,Normal
2025-10-13 11:18:04+00:00,438.005330964016,3,13,15,25.9,63,1010.26,24.92,-0.1569064,0.0,8.9044382,-0.1575,0.20125,-0.315,-69.287109375,-37.060546875,254.58984375,mech_workshop,run_2,0,2191,0,False,False,False,0,0,0,0,0,0,438.005330964016,13.0,15.0,3.0,-0.0026072212370657,-0.0147742536767057,0.0590970147068232,-0.0876749999999999,0.009625,-0.41755,-0.751953125,2.8037109375,-7.927734375,433.635377740612,14.807178228791578,13.5,1.35400640077266,14.411764705882351,1.5592859099663563,0.0,0.0,18.314296816498427,15.257824887084988,Good,11,0,2025-10-13 11:00:00+00:00,Normal
2025-10-13 11:18:10+00:00,438.005330964016,5,14,16,25.8,63,1010.32,24.42,-0.2353596,0.0784532,8.7867584,-2.12625,0.2275,0.16625,-69.287109375,-37.060546875,254.58984375,mech_workshop,run_2,0,2191,0,False,False,False,0,0,0,0,0,0,438.005330964016,14.0,16.0,5.0,-0.0895145958059233,0.0721331208921518,-0.0712640471464625,-2.0564250000000004,0.035875,0.0636999999999999,-0.751953125,2.8037109375,-7.927734375,433.760233546995,14.60648956438718,13.514285714285714,1.336620597570133,14.457142857142856,1.5594655408534184,0.0,5.0,18.219855825184275,15.172677642753964,Good,11,0,2025-10-13 11:00:00+00:00,Normal
2025-10-13 11:18:15+00:00,438.005330964016,6,14,16,25.7,63,1010.29,24.67,-0.1569064,0.0392266,8.8652116,0.21875,0.315,0.4375,-67.67578125,-38.671875,258.349609375,mech_workshop,run_2,0,2191,0,False,False,False,0,0,0,0,0,0,438.005330964016,14.0,16.0,6.0,-0.0026072212370657,0.028679433607723,0.0156433274223953,0.288575,0.123375,0.3349499999999999,0.859375,1.1923828125,-4.16796875,433.87815291969,14.413688478338228,13.52777777777778,1.319872528717638,14.5,1.558387444947959,0.0,0.0,18.125412854047205,15.08794077672488,Good,11,0,2025-10-13 11:00:00+00:00,Normal
2025-10-13 11:18:20+00:00,438.005330964016,5,13,15,25.9,63,1010.27,24.84,-0.1569064,0.0392266,8.8652116,-0.245,0.1575,-0.07,-69.287109375,-40.283203125,259.423828125,mech_workshop,run_2,0,2191,0,False,False,False,0,0,0,0,0,0,438.005330964016,13.0,15.0,5.0,-0.0026072212370657,0.028679433607723,0.0156433274223953,-0.1751749999999999,-0.0341249999999999,-0.17255,-0.751953125,-0.4189453125,-3.09375,433.98969827223937,14.228275619099186,13.513513513513514,1.3043010393314884,14.513513513513514,1.5387877916944457,0.0,-5.0,18.314296816498427,15.257824887084988,Good,11,0,2025-10-13 11:00:00+00:00,Normal
2025-10-13 11:18:26+00:00,438.005330964016,5,14,15,25.7,63,1010.3,24.59,-0.2353596,0.0392266,8.7867584,0.21875,0.46375,0.20125,-67.67578125,-39.74609375,261.03515625,mech_workshop,run_2,0,2191,0,False,False,False,0,0,0,0,0,0,438.005330964016,14.0,15.0,5.0,-0.0895145958059233,0.028679433607723,-0.0712640471464625,0.288575,0.272125,0.0986999999999999,0.859375,0.1181640625,-1.482421875,434.09537281675983,14.04979439217594,13.526315789473683,1.2889728176376798,14.526315789473683,1.5199011722008338,0.0,5.0,18.125412854047205,15.08794077672488,Good,11,0,2025-10-13 11:00:00+00:00,Normal
2025-10-13 11:18:31+00:00,438.005330964016,5,15,16,25.1,63,1010.25,25.01,-0.1176798,0.0392266,8.7867584,0.00875,0.27125,-0.06125,-68.212890625,-39.74609375,290.576171875,mech_workshop,run_2,0,2191,0,False,False,False,0,0,0,0,0,0,438.005330964016,15.0,16.0,5.0,0.040846466047363,0.028679433607723,-0.0712640471464625,0.078575,0.079625,-0.1638,0.322265625,0.1181640625,28.05859375,434.195628153869,13.87782641638949,13.564102564102564,1.29360515807307,14.564102564102564,1.5182204228509355,0.0,5.0,17.558713447457095,14.588046105685851,Good,11,0,2025-10-13 11:00:00+00:00,Normal
2025-10-13 11:18:36+00:00,438.005330964016,4,14,15,25.3,63,1010.26,24.92,-0.1569064,0.0,8.9044382,0.0,0.0875,0.1925,-68.212890625,-39.74609375,290.576171875,mech_workshop,run_2,0,2191,0,False,False,False,0,0,0,0,0,0,438.005330964016,14.0,15.0,4.0,-0.0026072212370657,-0.0147742536767057,0.0590970147068232,0.069825,-0.104125,0.0899499999999999,0.322265625,0.1181640625,28.05859375,434.29087072412256,13.711987549048091,13.575,1.278771445668228,14.575,1.5002136599968106,0.0,-5.0,17.747621170024647,14.75306439590425,Good,11,0,2025-10-13 11:00:00+00:00,Normal
2025-10-13 11:18:42+00:00,438.005330964016,5,13,14,25.9,63,1010.29,24.67,-0.3138128,-0.0392266,8.8652116,-0.21,0.035,-0.2275,-67.67578125,-40.283203125,255.126953125,mech_workshop,run_2,0,2191,0,False,False,False,0,0,0,0,0,0,438.005330964016,13.0,14.0,5.0,-0.1764219703747809,-0.0582279409611345,0.0156433274223953,-0.140175,-0.156625,-0.33005,0.859375,-0.4189453125,-7.390625,434.38146731533953,13.55192439904989,13.560975609756095,1.2658748059702605,14.560975609756095,1.4840616646185036,0.0,-5.0,18.314296816498427,15.257824887084988,Good,11,0,2025-10-13 11:00:00+00:00,Normal
2025-10-13 11:18:47+00:00,438.005330964016,4,13,14,25.0,63,1010.32,24.42,-0.1569064,0.0,8.8652116,-0.245,0.06125,-0.0175,-68.75,-41.357421875,260.498046875,mech_workshop,run_2,0,2191,0,False,False,False,0,0,0,0,0,0,438.005330964016,13.0,14.0,4.0,-0.0026072212370657,-0.0147742536767057,0.0156433274223953,-0.1751749999999999,-0.130375,-0.12005,-0.21484375,-1.4931640625,-2.01953125,434.4677497831652,13.397311259688545,13.547619047619047,1.2533346924647286,14.547619047619047,1.4684051569625438,0.0,0.0,17.464256615816304,14.506136283062764,Good,11,0,2025-10-13 11:00:00+00:00,Normal
2025-10-13 11:18:52+00:00,438.005330964016,5,14,15,25.9,63,1010.25,25.01,-0.196133,-0.0392266,8.7475318,0.0,-0.0175,0.49,-67.67578125,-39.208984375,257.275390625,mech_workshop,run_2,0,2191,0,False,False,False,0,0,0,0,0,0,438.005330964016,14.0,15.0,5.0,-0.0460609085214945,-0.0582279409611345,-0.1147177344308904,0.069825,-0.209125,0.3874499999999999,0.859375,0.6552734375,-5.2421875,434.5500191129525,13.247847403514973,13.55813953488372,1.2402443227309872,14.55813953488372,1.4524581066230504,0.0,5.0,18.314296816498427,15.257824887084988,Good,11,0,2025-10-13 11:00:00+00:00,Normal
2025-10-13 11:18:58+00:00,438.005330964016,5,14,15,25.1,63,1010.32,24.42,-0.0784532,0.0392266,8.7867584,0.07875,0.28875,0.35,-67.67578125,-39.208984375,257.275390625,mech_workshop,run_2,0,2191,0,False,False,False,0,0,0,0,0,0,438.005330964016,14.0,15.0,5.0,0.0843001533317918,0.028679433607723,-0.0712640471464625,0.148575,0.097125,0.2474499999999999,0.859375,0.6552734375,-5.2421875,434.6285489277493,13.103254690409484,13.568181818181818,1.2275467550935903,14.568181818181818,1.4370144643755416,0.0,0.0,17.558713447457095,14.588046105685851,Good,11,0,2025-10-13 11:00:00+00:00,Normal
2025-10-13 11:19:03+00:00,438.005330964016,5,15,15,25.2,63,1010.22,25.26,-0.2353596,0.0392266,8.7475318,0.37625,0.41125,0.0525,-67.67578125,-39.208984375,257.275390625,mech_workshop,run_2,0,2191,0,False,False,False,0,0,0,0,0,0,438.005330964016,15.0,15.0,5.0,-0.0895145958059233,0.028679433607723,-0.1147177344308904,0.446075,0.219625,-0.05005,0.859375,0.6552734375,-5.2421875,434.7035885285552,12.963275447357908,13.6,1.232145209860355,14.577777777777778,1.422048600513436,0.0,5.0,17.65316829883912,14.670354940365462,Good,11,0,2025-10-13 11:00:00+00:00,Normal
2025-10-13 11:19:08+00:00,438.005330964016,6,16,16,25.2,63,1010.23,25.17,-0.1176798,0.0392266,8.825985,-0.0175,0.32375,0.0875,-67.138671875,-40.283203125,262.646484375,mech_workshop,run_2,0,2191,0,False,False,False,0,0,0,0,0,0,438.005330964016,16.0,16.0,6.0,0.040846466047363,0.028679433607723,-0.0278103598620345,0.052325,0.132125,-0.01505,1.396484375,-0.4189453125,0.12890625,434.7753655380218,12.82767058456164,13.652173913043478,1.2687244916642824,14.608695652173912,1.4217088445414352,0.0,5.0,17.65316829883912,14.670354940365462,Good,11,0,2025-10-13 11:00:00+00:00,Normal
2025-10-13 11:19:14+00:00,438.005330964016,6,18,19,25.9,63,1010.32,24.42,-0.1569064,0.0392266,8.8652116,-0.14,0.105,-0.06125,-67.67578125,-40.8203125,257.8125,mech_workshop,run_2,0,2191,0,False,False,False,0,0,0,0,0,0,438.005330964016,18.0,19.0,6.0,-0.0026072212370657,0.028679433607723,0.0156433274223953,-0.070175,-0.086625,-0.1638,0.859375,-0.9560546875,-4.705078125,434.8440882066599,12.696217917656572,13.74468085106383,1.406013252247258,14.702127659574469,1.545187390029207,0.0,10.0,18.314296816498427,15.257824887084988,Good,11,0,2025-10-13 11:00:00+00:00,Normal
2025-10-13 11:19:19+00:00,438.005330964016,6,16,19,25.2,63,1010.25,25.01,-0.1569064,0.0,8.8652116,-0.28,0.21,-0.09625,-68.75,-39.74609375,252.44140625,mech_workshop,run_2,0,2191,0,False,False,False,0,0,0,0,0,0,438.005330964016,16.0,19.0,6.0,-0.0026072212370657,-0.0147742536767057,0.0156433274223953,-0.210175,0.018375,-0.1988,-0.21484375,0.1181640625,-10.076171875,434.9099474307715,12.568710670140778,13.791666666666666,1.4285587638749662,14.791666666666666,1.6497367079851737,0.0,-10.0,17.65316829883912,14.670354940365462,Good,11,0,2025-10-13 11:00:00+00:00,Normal
2025-10-13 11:19:24+00:00,438.005330964016,5,15,18,25.0,63,1010.26,24.92,-0.1569064,0.0392266,8.8652116,-0.20125,0.315,0.175,-68.75,-39.74609375,252.44140625,mech_workshop,run_2,0,2191,0,False,False,False,0,0,0,0,0,0,438.005330964016,15.0,18.0,5.0,-0.0026072212370657,0.028679433607723,0.0156433274223953,-0.131425,0.123375,0.0724499999999999,-0.21484375,0.1181640625,-10.076171875,434.9731185232867,12.444956133757174,13.816326530612244,1.4241001455269204,14.857142857142858,1.6955824957813168,0.0,-5.0,17.464256615816304,14.506136283062764,Good,11,0,2025-10-13 11:00:00+00:00,Normal
2025-10-13 11:19:30+00:00,438.005330964016,4,14,17,25.3,63,1010.27,24.84,-0.196133,0.0,8.8652116,-0.11375,0.28,0.3325,-68.75,-40.283203125,252.978515625,mech_workshop,run_2,0,2191,0,False,False,False,0,0,0,0,0,0,438.005330964016,14.0,17.0,4.0,-0.0460609085214945,-0.0147742536767057,0.0156433274223953,-0.0439249999999999,0.088375,0.22995,-0.21484375,-0.4189453125,-9.5390625,435.03376277210134,12.324774467659358,13.82,1.4097329317198737,14.9,1.7053337694733317,0.0,-5.0,17.747621170024647,14.75306439590425,Good,11,0,2025-10-13 11:00:00+00:00,Normal
2025-10-13 11:19:35+00:00,438.005330964016,5,14,17,25.1,63,1010.32,24.42,-0.1569064,0.0,8.9044382,-0.28,0.21875,0.46375,-68.212890625,-39.74609375,260.498046875,mech_workshop,run_2,0,2191,0,False,False,False,0,0,0,0,0,0,438.005330964016,14.0,17.0,5.0,-0.0026072212370657,-0.0147742536767057,0.0590970147068232,-0.210175,0.027125,0.3611999999999999,0.322265625,0.1181640625,-2.01953125,435.09202881508,12.207997619801493,13.823529411764708,1.3957919952907192,14.941176470588236,1.7136133135089997,0.0,0.0,17.558713447457095,14.588046105685851,Good,11,0,2025-10-13 11:00:00+00:00,Normal
2025-10-13 11:19:40+00:00,438.005330964016,5,14,17,25.4,63,1010.23,25.17,-0.1176798,0.0,8.825985,0.1225,0.30625,0.5075000000000001,-69.82421875,-37.59765625,252.44140625,mech_workshop,run_2,0,2191,0,False,False,False,0,0,0,0,0,0,438.005330964016,14.0,17.0,5.0,0.040846466047363,-0.0147742536767057,-0.0278103598620345,0.192325,0.114625,0.40495,-1.2890625,2.2666015625,-10.076171875,435.1480538564057,12.094468356213271,13.826923076923077,1.3822566636348317,14.98076923076923,1.7205834010064738,0.0,0.0,17.842072061075953,14.836176086071168,Good,11,0,2025-10-13 11:00:00+00:00,Normal
2025-10-13 11:19:46+00:00,438.005330964016,5,14,16,25.6,63,1010.31,24.51,-0.1569064,0.0392266,8.9436648,-0.21875,0.07875,-0.07,-69.82421875,-40.8203125,251.3671875,mech_workshop,run_2,0,2191,0,False,False,False,0,0,0,0,0,0,438.005330964016,14.0,16.0,5.0,-0.0026072212370657,0.028679433607723,0.1025507019912531,-0.1489249999999999,-0.1128749999999999,-0.17255,-1.2890625,-0.9560546875,-11.150390625,435.20196474522857,11.984039385713144,13.830188679245284,1.3691076411101863,15.0,1.7097008285302204,0.0,0.0,18.03096790302497,15.003612650253798,Good,11,0,2025-10-13 11:00:00+00:00,Normal
2025-10-13 11:19:51+00:00,438.005330964016,4,14,14,25.1,63,1010.3,24.59,-0.1569064,0.0,8.9044382,-0.14,0.14875,-0.21,-67.67578125,-40.8203125,251.3671875,mech_workshop,run_2,0,2191,0,False,False,False,0,0,0,0,0,0,438.005330964016,14.0,14.0,4.0,-0.0026072212370657,-0.0147742536767057,0.0590970147068232,-0.070175,-0.0428749999999999,-0.31255,0.859375,-0.9560546875,-11.150390625,435.2538789344653,11.876572569229374,13.833333333333334,1.3563268933075956,14.98148148148148,1.6989535152029338,0.0,0.0,17.558713447457095,14.588046105685851,Good,11,0,2025-10-13 11:00:00+00:00,Normal
2025-10-13 11:19:56+00:00,438.005330964016,5,15,15,25.3,63,1010.27,24.84,-0.196133,0.0392266,8.8652116,0.1225,0.18375,0.56,-70.361328125,-40.8203125,259.9609375,mech_workshop,run_2,0,2191,0,False,False,False,0,0,0,0,0,0,438.005330964016,15.0,15.0,5.0,-0.0460609085214945,0.028679433607723,0.0156433274223953,0.192325,-0.0078749999999999,0.45745,-1.826171875,-0.9560546875,-2.556640625,435.30390533500264,11.771938204283009,13.854545454545455,1.3528869244334614,14.981818181818182,1.6831508051855106,0.0,5.0,17.747621170024647,14.75306439590425,Good,11,0,2025-10-13 11:00:00+00:00,Normal
2025-10-13 11:20:02+00:00,438.005330964016,4,15,15,25.3,63,1010.3,24.59,-0.196133,0.0,8.7083052,-0.14875,0.1575,0.245,-69.82421875,-40.283203125,257.275390625,mech_workshop,run_2,0,2191,0,False,False,False,0,0,0,0,0,0,438.005330964016,15.0,15.0,4.0,-0.0460609085214945,-0.0147742536767057,-0.1581714217153203,-0.0789249999999999,-0.0341249999999999,0.1424499999999999,-1.2890625,-0.4189453125,-5.2421875,435.3521450783779,11.6700143763756,13.875,1.3492422115597131,14.982142857142858,1.6677810127512265,0.0,0.0,17.747621170024647,14.75306439590425,Good,11,0,2025-10-13 11:00:00+00:00,Normal
2025-10-13 11:20:07+00:00,438.005330964016,5,16,16,25.8,63,1010.31,24.51,-0.196133,0.0392266,8.8652116,-0.14875,0.14,-0.175,-67.67578125,-37.060546875,229.8828125,mech_workshop,run_2,0,2191,0,False,False,False,0,0,0,0,0,0,438.005330964016,16.0,16.0,5.0,-0.0460609085214945,0.028679433607723,0.0156433274223953,-0.0789249999999999,-0.0516249999999999,-0.27755,0.859375,2.8037109375,-32.634765625,435.3986921991786,11.570686370047794,13.912280701754383,1.3664435296782298,15.0,1.6583123951776997,0.0,5.0,18.219855825184275,15.172677642753964,Good,11,0,2025-10-13 11:00:00+00:00,Normal
2025-10-13 11:20:12+00:00,438.005330964016,5,16,16,25.0,63,1010.27,24.84,-0.1176798,0.0392266,8.825985,-0.105,0.42,0.0,-67.67578125,-37.060546875,229.8828125,mech_workshop,run_2,0,2191,0,False,False,False,0,0,0,0,0,0,438.005330964016,16.0,16.0,5.0,0.040846466047363,0.028679433607723,-0.0278103598620345,-0.0351749999999999,0.228375,-0.10255,0.859375,2.8037109375,-32.634765625,435.44363424684815,11.473846133257648,13.948275862068966,1.3818677138949969,15.017241379310343,1.6489377687697182,0.0,0.0,17.464256615816304,14.506136283062764,Good,11,0,2025-10-13 11:00:00+00:00,Normal
2025-10-13 11:20:18+00:00,438.005330964016,6,18,18,25.4,63,1010.36,24.09,-0.196133,0.0392266,8.7867584,-0.07,0.175,0.455,-67.138671875,-40.283203125,255.126953125,mech_workshop,run_2,0,2191,0,False,False,False,0,0,0,0,0,0,438.005330964016,18.0,18.0,6.0,-0.0460609085214945,0.028679433607723,-0.0712640471464625,-0.0001749999999999,-0.016625,0.35245,1.396484375,-0.4189453125,-7.390625,435.4870528352747,11.379391789490956,14.016949152542374,1.467951016561906,15.067796610169491,1.680151951047583,0.0,10.0,17.842072061075953,14.836176086071168,Good,11,0,2025-10-13 11:00:00+00:00,Normal
2025-10-13 11:20:23+00:00,438.005330964016,5,17,18,25.1,63,1010.31,24.51,-0.1569064,0.0,8.9044382,0.105,0.2275,-0.07875,-68.75,-40.8203125,258.349609375,mech_workshop,run_2,0,2191,0,False,False,False,0,0,0,0,0,0,438.005330964016,17.0,18.0,5.0,-0.0026072212370657,-0.0147742536767057,0.0590970147068232,0.174825,0.035875,-0.1813,-0.21484375,-0.9560546875,-4.16796875,435.5290241374205,11.28722719267755,14.066666666666666,1.5055453054181624,15.116666666666667,1.7083212759668198,0.0,-5.0,17.558713447457095,14.588046105685851,Good,11,0,2025-10-13 11:00:00+00:00,Normal
2025-10-13 11:20:29+00:00,438.005330964016,5,15,17,25.3,63,1010.3,24.59,-0.196133,0.0,8.825985,-0.035,0.315,-0.5075000000000001,-68.212890625,-40.8203125,257.275390625,mech_workshop,run_2,0,2191,0,False,False,False,0,0,0,0,0,0,438.005330964016,15.0,17.0,5.0,-0.0460609085214945,-0.0147742536767057,-0.0278103598620345,0.034825,0.123375,-0.6100500000000001,0.322265625,-0.9560546875,-5.2421875,435.56961933129907,11.197261520562195,14.081967213114757,1.4977214022998753,15.147540983606556,1.7111016487804036,0.0,-10.0,17.747621170024647,14.75306439590425,Good,11,0,2025-10-13 11:00:00+00:00,Normal
2025-10-13 11:20:34+00:00,438.005330964016,6,16,18,25.1,62,1010.27,24.84,-0.1569064,-0.0392266,8.7867584,-0.32375,-0.00875,0.23625,-69.287109375,-40.8203125,254.58984375,mech_workshop,run_2,0,2191,0,False,False,False,0,0,0,0,0,0,438.005330964016,16.0,18.0,6.0,-0.0026072212370657,-0.0582279409611345,-0.0712640471464625,-0.2539249999999999,-0.200375,0.1336999999999999,-0.751953125,-0.9560546875,-7.927734375,435.6089050027945,11.109408902679096,14.112903225806452,1.5052350038152635,15.193548387096774,1.7352536515810084,0.0,5.0,17.3051473747531,14.35648981829401,Good,11,0,2025-10-13 11:00:00+00:00,Normal
2025-10-13 11:20:39+00:00,439.40470901821413,5,15,15,25.6,63,1010.22,25.26,-0.196133,0.0,8.9044382,-0.11375,0.07875,-0.20125,-69.287109375,-40.8203125,254.58984375,mech_workshop,run_2,0,2198,0,False,False,False,0,0,0,0,0,0,439.40470901821413,15.0,15.0,5.0,-0.0460609085214945,-0.0147742536767057,0.0590970147068232,-0.0439249999999999,-0.1128749999999999,-0.3038,-0.751953125,-0.9560546875,-7.927734375,435.66915586018206,11.029824936360804,14.126984126984128,1.4972239202891198,15.19047619047619,1.721375508293584,6.996890270990548,-5.0,18.03096790302497,15.003612650253798,Good,11,0,2025-10-13 11:00:00+00:00,Normal
2025-10-13 11:20:45+00:00,439.40470901821413,6,16,16,25.2,62,1010.26,24.92,-0.196133,0.0,8.7475318,-0.21875,0.14875,0.02625,-68.212890625,-40.283203125,262.109375,mech_workshop,run_2,0,2198,0,False,False,False,0,0,0,0,0,0,439.40470901821413,16.0,16.0,6.0,-0.0460609085214945,-0.0147742536767057,-0.1147177344308904,-0.1489249999999999,-0.0428749999999999,-0.0763,0.322265625,-0.4189453125,-0.408203125,435.7275238782763,10.95189530920728,14.15625,1.5036331661720888,15.203125,1.7106546365980144,0.0,5.0,17.39941852699395,14.437492163534262,Good,11,0,2025-10-13 11:00:00+00:00,Normal
2025-10-13 11:20:50+00:00,439.40470901821413,5,15,15,25.6,62,1010.34,24.26,-0.1569064,0.0392266,8.825985,0.16625,0.21875,-0.1575,-68.212890625,-40.8203125,263.18359375,mech_workshop,run_2,0,2198,0,False,False,False,0,0,0,0,0,0,439.40470901821413,15.0,15.0,5.0,-0.0026072212370657,0.028679433607723,-0.0278103598620345,0.236075,0.027125,-0.26005,0.322265625,-0.9560546875,0.666015625,435.7840959573523,10.875564891195422,14.169230769230769,1.4955060887667635,15.2,1.6974245196767952,0.0,-5.0,17.776482708661607,14.765460068503735,Good,11,0,2025-10-13 11:00:00+00:00,Normal
2025-10-13 11:20:55+00:00,439.40470901821413,5,15,15,25.6,62,1010.25,25.01,-0.3530394,0.0,8.8652116,-0.035,0.21,0.5687500000000001,-68.212890625,-40.8203125,258.349609375,mech_workshop,run_2,0,2198,0,False,False,False,0,0,0,0,0,0,439.40470901821413,15.0,15.0,5.0,-0.2198756576592097,-0.0147742536767057,0.0156433274223953,0.034825,0.018375,0.4662,0.322265625,-0.9560546875,-4.16796875,435.8389537310017,10.800781003905566,14.181818181818182,1.487476861193953,15.196969696969695,1.684496701548904,0.0,0.0,17.776482708661607,14.765460068503735,Good,11,0,2025-10-13 11:00:00+00:00,Normal
2025-10-13 11:21:01+00:00,439.40470901821413,4,15,15,25.7,62,1010.31,24.51,-0.196133,0.0,8.825985,0.00875,0.1225,0.105,-69.287109375,-40.283203125,257.275390625,mech_workshop,run_2,0,2198,0,False,False,False,0,0,0,0,0,0,439.40470901821413,15.0,15.0,4.0,-0.0460609085214945,-0.0147742536767057,-0.0278103598620345,0.078575,-0.0691249999999999,0.0024499999999999,-0.751953125,-0.4189453125,-5.2421875,435.8921739591691,10.727493289045158,14.194029850746269,1.4795454458610462,15.194029850746269,1.6718598423398907,0.0,0.0,17.870743647586554,14.848449653284804,Good,11,0,2025-10-13 11:00:00+00:00,Normal
2025-10-13 11:21:06+00:00,439.40470901821413,4,15,15,25.5,62,1010.37,24.01,-0.1569064,0.0392266,8.9436648,-0.0175,0.2975,-0.18375,-69.287109375,-40.283203125,257.275390625,mech_workshop,run_2,0,2198,0,False,False,False,0,0,0,0,0,0,439.40470901821413,15.0,15.0,4.0,-0.0026072212370657,0.028679433607723,0.1025507019912531,0.052325,0.105875,-0.2863,-0.751953125,-0.4189453125,-5.2421875,435.943828886508,10.655653584797804,14.205882352941176,1.4717115990331502,15.191176470588236,1.659503188928834,0.0,0.0,17.682219727206256,14.682871127553634,Good,11,0,2025-10-13 11:00:00+00:00,Normal
2025-10-13 11:21:11+00:00,438.005330964016,4,14,14,25.6,62,1010.34,24.26,-0.1176798,0.0392266,8.9044382,-0.00875,0.035,-0.1575,-69.287109375,-39.208984375,262.646484375,mech_workshop,run_2,0,2191,0,False,False,False,0,0,0,0,0,0,438.005330964016,14.0,14.0,4.0,0.040846466047363,0.028679433607723,0.0590970147068232,0.061075,-0.156625,-0.26005,-0.751953125,0.6552734375,0.12890625,435.973705728211,10.579924157428378,14.202898550724637,1.4610603537170368,15.173913043478262,1.6534858164703263,-6.996890270990548,-5.0,17.776482708661607,14.765460068503735,Good,11,0,2025-10-13 11:00:00+00:00,Normal
2025-10-13 11:21:17+00:00,438.005330964016,5,15,15,25.9,62,1010.38,23.92,-0.0784532,0.0,8.825985,-0.02625,0.0,0.27125,-67.138671875,-40.8203125,256.73828125,mech_workshop,run_2,0,2191,0,False,False,False,0,0,0,0,0,0,438.005330964016,15.0,15.0,5.0,0.0843001533317918,-0.0147742536767057,-0.0278103598620345,0.043575,-0.191625,0.1686999999999999,1.396484375,-0.9560546875,-5.779296875,436.0027289458654,10.505784885956215,14.214285714285714,1.4535599192752249,15.17142857142857,1.641591915356294,0.0,5.0,18.059259398110836,15.015637190464597,Good,11,0,2025-10-13 11:00:00+00:00,Normal
2025-10-13 11:21:22+00:00,438.005330964016,5,14,14,25.4,62,1010.31,24.51,-0.1569064,-0.0392266,8.9436648,-0.455,0.16625,0.13125,-68.75,-38.134765625,249.21875,mech_workshop,run_2,0,2191,0,False,False,False,0,0,0,0,0,0,438.005330964016,14.0,14.0,5.0,-0.0026072212370657,-0.0582279409611345,0.1025507019912531,-0.385175,-0.0253749999999999,0.0286999999999999,-0.21484375,1.7294921875,-13.298828125,436.0309346080928,10.433180955117624,14.211267605633802,1.4433640562216998,15.154929577464788,1.6357426214234458,0.0,-5.0,17.587954703154132,14.600681227562102,Good,11,0,2025-10-13 11:00:00+00:00,Normal
2025-10-13 11:21:27+00:00,439.40470901821413,5,14,14,25.9,62,1010.29,24.67,-0.1176798,0.0392266,8.9436648,-0.06125,0.14,0.44625,-68.75,-38.134765625,249.21875,mech_workshop,run_2,0,2198,0,False,False,False,0,0,0,0,0,0,439.40470901821413,14.0,14.0,5.0,0.040846466047363,0.028679433607723,0.1025507019912531,0.008575,-0.0516249999999999,0.3436999999999999,-0.21484375,1.7294921875,-13.298828125,436.0777925860112,10.367074644412062,14.208333333333334,1.4333797350279285,15.13888888888889,1.6298756157117342,6.996890270990548,0.0,18.059259398110836,15.015637190464597,Good,11,0,2025-10-13 11:00:00+00:00,Normal
2025-10-13 11:21:33+00:00,439.40470901821413,5,13,13,25.6,62,1010.32,24.42,-0.1176798,0.0392266,8.8652116,-2.205,0.23625,0.14,-69.82421875,-38.671875,260.498046875,mech_workshop,run_2,0,2198,0,False,False,False,0,0,0,0,0,0,439.40470901821413,13.0,13.0,5.0,0.040846466047363,0.028679433607723,0.0156433274223953,-2.1351750000000003,0.044625,0.0374499999999999,-1.2890625,1.1923828125,-2.01953125,436.1233667837126,10.302190675800231,14.191780821917808,1.430399460975999,15.10958904109589,1.63776307331759,0.0,-5.0,17.776482708661607,14.765460068503735,Good,11,0,2025-10-13 11:00:00+00:00,Normal
2025-10-13 11:21:38+00:00,439.40470901821413,4,12,12,25.1,62,1010.26,24.92,-0.1569064,0.0,9.022118,0.0175,0.1925,0.245,-69.287109375,-38.671875,266.40625,mech_workshop,run_2,0,2198,0,False,False,False,0,0,0,0,0,0,439.40470901821413,12.0,12.0,4.0,-0.0026072212370657,-0.0147742536767057,0.1894580765601109,0.087325,0.000875,0.1424499999999999,-0.751953125,1.1923828125,3.888671875,436.16770924634096,10.238492544719216,14.16216216216216,1.4432367260140695,15.067567567567568,1.6661914662551236,0.0,-5.0,17.3051473747531,14.35648981829401,Good,11,0,2025-10-13 11:00:00+00:00,Normal
2025-10-13 11:21:43+00:00,439.40470901821413,4,13,13,25.7,62,1010.27,24.84,-0.1176798,0.0392266,8.9044382,-0.2275,0.06125,0.1575,-67.67578125,-39.208984375,257.275390625,mech_workshop,run_2,0,2198,0,False,False,False,0,0,0,0,0,0,439.40470901821413,13.0,13.0,4.0,0.040846466047363,0.028679433607723,0.0590970147068232,-0.157675,-0.130375,0.0549499999999999,0.859375,0.6552734375,-5.2421875,436.21086924329927,10.175945217114256,14.146666666666668,1.4397196924376612,15.04,1.6720274147500318,0.0,5.0,17.870743647586554,14.848449653284804,Good,11,0,2025-10-13 11:00:00+00:00,Normal
2025-10-13 11:21:49+00:00,439.40470901821413,4,14,14,25.2,62,1010.35,24.17,-0.1569064,0.0,8.9044382,-0.21,-0.175,-0.04375,-69.287109375,-39.74609375,284.130859375,mech_workshop,run_2,0,2198,0,False,False,False,0,0,0,0,0,0,439.40470901821413,14.0,14.0,4.0,-0.0026072212370657,-0.0147742536767057,0.0590970147068232,-0.140175,-0.366625,-0.1463,-0.751953125,0.1181640625,21.61328125,436.252893450864,10.114515056748084,14.144736842105264,1.430188308052904,15.026315789473683,1.665122091303628,0.0,5.0,17.39941852699395,14.437492163534262,Good,11,0,2025-10-13 11:00:00+00:00,Normal
2025-10-13 11:21:54+00:00,439.40470901821413,4,14,14,25.3,62,1010.27,24.84,-0.1569064,0.0,8.8652116,-0.02625,0.0175,0.5775,-69.287109375,-39.74609375,284.130859375,mech_workshop,run_2,0,2198,0,False,False,False,0,0,0,0,0,0,439.40470901821413,14.0,14.0,4.0,-0.0026072212370657,-0.0147742536767057,0.0156433274223953,0.043575,-0.1741249999999999,0.47495,-0.751953125,0.1181640625,21.61328125,436.29382612056986,10.054169756632382,14.142857142857142,1.4208437607566864,15.012987012987011,1.658260871591129,0.0,0.0,17.49368763643883,14.518888770572437,Good,11,0,2025-10-13 11:00:00+00:00,Normal
2025-10-13 11:21:59+00:00,439.40470901821413,4,14,15,25.8,62,1010.15,25.84,-0.196133,0.0392266,8.825985,0.035,0.3325,-0.25375,-67.138671875,-38.671875,261.572265625,mech_workshop,run_2,0,2198,0,False,False,False,0,0,0,0,0,0,439.40470901821413,14.0,15.0,4.0,-0.0460609085214945,0.028679433607723,-0.0278103598620345,0.104825,0.140875,-0.3563,1.396484375,1.1923828125,-0.9453125,436.3337092346422,9.994878274330826,14.14102564102564,1.4116800249491717,15.012820512820513,1.6474584104368806,0.0,0.0,17.965002544047508,14.931841489694378,Good,11,0,2025-10-13 11:00:00+00:00,Normal
2025-10-13 11:22:05+00:00,439.40470901821413,5,16,18,25.9,62,1010.27,24.84,-0.1569064,0.0392266,8.9436648,0.07,0.2625,0.7612500000000001,-68.212890625,-40.283203125,259.423828125,mech_workshop,run_2,0,2198,0,False,False,False,0,0,0,0,0,0,439.40470901821413,16.0,18.0,5.0,-0.0026072212370657,0.028679433607723,0.1025507019912531,0.139825,0.070875,0.6587000000000001,0.322265625,-0.4189453125,-3.09375,436.3725826496241,9.936610770897628,14.164556962025316,1.418109790574759,15.050632911392404,1.671010243928268,0.0,10.0,18.059259398110836,15.015637190464597,Good,11,0,2025-10-13 11:00:00+00:00,Normal
2025-10-13 11:22:10+00:00,439.40470901821413,5,17,17,25.2,61,1010.25,25.01,-0.1569064,-0.0392266,8.7867584,0.105,0.07,0.5950000000000001,-67.67578125,-39.74609375,257.8125,mech_workshop,run_2,0,2198,0,False,False,False,0,0,0,0,0,0,439.40470901821413,17.0,17.0,5.0,-0.0026072212370657,-0.0582279409611345,-0.0712640471464625,0.174825,-0.1216249999999999,0.49245,0.859375,0.1181640625,-4.705078125,436.4104842292315,9.879338553229632,14.2,1.444325430561648,15.075,1.6746433589713468,0.0,5.0,17.142048003949707,14.204629386703068,Good,11,0,2025-10-13 11:00:00+00:00,Normal
2025-10-13 11:22:15+00:00,439.40470901821413,5,17,17,25.6,61,1010.34,24.26,-0.0784532,0.0,8.825985,-0.18375,0.07,0.1225,-69.82421875,-38.134765625,241.69921875,mech_workshop,run_2,0,2198,0,False,False,False,0,0,0,0,0,0,439.40470901821413,17.0,17.0,5.0,0.0843001533317918,-0.0147742536767057,-0.0278103598620345,-0.1139249999999999,-0.1216249999999999,0.0199499999999999,-1.2890625,1.7294921875,-20.818359375,436.4474499673671,9.823034019623538,14.234567901234568,1.4686014174910738,15.098765432098766,1.677832964508125,0.0,0.0,17.51836700231584,14.52730748675368,Good,11,0,2025-10-13 11:00:00+00:00,Normal
2025-10-13 11:22:21+00:00,439.40470901821413,5,17,17,25.0,61,1010.24,25.09,-0.1569064,0.0392266,8.825985,-0.13125,0.25375,0.105,-69.82421875,-38.134765625,241.69921875,mech_workshop,run_2,0,2198,0,False,False,False,0,0,0,0,0,0,439.40470901821413,17.0,17.0,5.0,-0.0026072212370657,0.028679433607723,-0.0278103598620345,-0.0614249999999999,0.0621249999999999,0.0024499999999999,-1.2890625,1.7294921875,-20.818359375,436.4835141021335,9.76767060834254,14.268292682926829,1.4911159172617108,15.121951219512194,1.6806101471569452,0.0,0.0,16.953875868880445,14.045624020108392,Good,11,0,2025-10-13 11:00:00+00:00,Normal
2025-10-13 11:22:26+00:00,439.40470901821413,4,14,15,25.9,61,1010.25,25.01,-0.196133,0.0392266,8.9828914,-2.19625,0.1925,0.105,-68.212890625,-40.8203125,256.201171875,mech_workshop,run_2,0,2198,0,False,False,False,0,0,0,0,0,0,439.40470901821413,14.0,15.0,4.0,-0.0460609085214945,0.028679433607723,0.146004389275681,-2.126425,0.000875,0.0024499999999999,0.322265625,-0.9560546875,-6.31640625,436.5187092216043,9.713222749009022,14.265060240963855,1.4822884198904769,15.120481927710845,1.6703847253752562,0.0,-15.0,17.800584140516865,14.773449493844195,Good,11,0,2025-10-13 11:00:00+00:00,Normal
2025-10-13 11:22:31+00:00,439.40470901821413,5,15,16,25.6,61,1010.26,24.92,-0.1176798,0.0,8.9044382,-0.21,0.14,0.5075000000000001,-66.064453125,-39.208984375,257.8125,mech_workshop,run_2,0,2198,0,False,False,False,0,0,0,0,0,0,439.40470901821413,15.0,16.0,5.0,0.040846466047363,-0.0147742536767057,0.0590970147068232,-0.140175,-0.0516249999999999,0.40495,2.470703125,0.6552734375,-4.705078125,436.55306636204017,9.659665816651357,14.273809523809524,1.4755124939858035,15.13095238095238,1.6630626552524914,0.0,5.0,17.51836700231584,14.52730748675368,Good,11,0,2025-10-13 11:00:00+00:00,Normal
2025-10-13 11:22:37+00:00,439.40470901821413,5,15,16,25.4,61,1010.25,25.01,-0.3138128,0.0392266,8.8652116,-0.2275,-0.0175,-0.02625,-68.212890625,-39.74609375,258.88671875,mech_workshop,run_2,0,2198,0,False,False,False,0,0,0,0,0,0,439.40470901821413,15.0,16.0,5.0,-0.1764219703747809,0.028679433607723,0.0156433274223953,-0.157675,-0.209125,-0.1288,0.322265625,0.1181640625,-3.630859375,436.5866150991717,9.606976088243805,14.282352941176471,1.4688168603293186,15.141176470588237,1.6558190404382571,0.0,0.0,17.33021171490628,14.365186369053037,Good,11,0,2025-10-13 11:00:00+00:00,Normal
2025-10-13 11:22:42+00:00,439.40470901821413,4,13,14,25.2,61,1010.25,25.01,-0.2353596,-0.0392266,8.825985,0.04375,-0.00875,0.44625,-68.212890625,-39.74609375,258.88671875,mech_workshop,run_2,0,2198,0,False,False,False,0,0,0,0,0,0,439.40470901821413,13.0,14.0,4.0,-0.0895145958059233,-0.0582279409611345,-0.0278103598620345,0.113575,-0.200375,0.3436999999999999,0.322265625,0.1181640625,-3.630859375,436.619383633114,9.55513070158874,14.267441860465116,1.4666842846017258,15.127906976744184,1.6506434512060972,0.0,-10.0,17.142048003949707,14.204629386703068,Good,11,0,2025-10-13 11:00:00+00:00,Normal
2025-10-13 11:22:47+00:00,439.40470901821413,5,14,15,25.2,61,1010.33,24.34,-0.1176798,0.0784532,8.8652116,-0.27125,0.1225,-0.1575,-68.212890625,-39.74609375,258.88671875,mech_workshop,run_2,0,2198,0,False,False,False,0,0,0,0,0,0,439.40470901821413,14.0,15.0,5.0,0.040846466047363,0.0721331208921518,0.0156433274223953,-0.2014249999999999,-0.0691249999999999,-0.26005,0.322265625,0.1181640625,-3.630859375,436.6513988674255,9.504107616400052,14.264367816091951,1.458414000900266,15.126436781609195,1.6410759211860058,0.0,5.0,17.142048003949707,14.204629386703068,Good,11,0,2025-10-13 11:00:00+00:00,Normal
2025-10-13 11:22:53+00:00,439.40470901821413,4,14,14,25.5,61,1010.27,24.84,-0.1569064,0.0392266,8.9044382,0.0,-0.06125,0.00875,-69.287109375,-39.74609375,258.88671875,mech_workshop,run_2,0,2198,0,False,False,False,0,0,0,0,0,0,439.40470901821413,14.0,14.0,4.0,-0.0026072212370657,0.028679433607723,0.0590970147068232,0.069825,-0.2528749999999999,-0.0938,-0.751953125,0.1181640625,-3.630859375,436.68268648277535,9.453885577455637,14.261363636363637,1.4502819240934308,15.113636363636363,1.6360298045638126,0.0,0.0,17.424290411519078,14.44605062549632,Good,11,0,2025-10-13 11:00:00+00:00,Normal
2025-10-13 11:22:58+00:00,439.40470901821413,4,15,15,25.5,61,1010.32,24.42,-0.1176798,0.0392266,8.9828914,-0.21,0.18375,-0.5950000000000001,-65.52734375,-40.283203125,257.275390625,mech_workshop,run_2,0,2198,0,False,False,False,0,0,0,0,0,0,439.40470901821413,15.0,15.0,4.0,0.040846466047363,0.028679433607723,0.146004389275681,-0.140175,-0.0078749999999999,-0.6975500000000001,3.0078125,-0.4189453125,-5.2421875,436.7132710056454,9.4044440796953,14.269662921348315,1.4441421245832822,15.112359550561798,1.6267522178700875,0.0,5.0,17.424290411519078,14.44605062549632,Good,11,0,2025-10-13 11:00:00+00:00,Normal
2025-10-13 11:23:03+00:00,439.40470901821413,4,15,15,25.2,61,1010.31,24.51,-0.196133,0.0,8.7867584,-0.1225,0.1225,0.14,-68.75,-39.74609375,241.162109375,mech_workshop,run_2,0,2198,0,False,False,False,0,0,0,0,0,0,439.40470901821413,15.0,15.0,4.0,-0.0460609085214945,-0.0147742536767057,-0.0712640471464625,-0.0526749999999999,-0.0691249999999999,0.0374499999999999,-0.21484375,0.1181640625,-21.35546875,436.7431758724518,9.355763335148454,14.27777777777778,1.4380681312310708,15.11111111111111,1.617630702181187,0.0,0.0,17.142048003949707,14.204629386703068,Good,11,0,2025-10-13 11:00:00+00:00,Normal
2025-10-13 11:23:09+00:00,439.40470901821413,3,14,14,25.6,62,1010.23,25.17,-0.196133,0.0392266,8.9436648,-0.16625,0.23625,0.6562500000000001,-68.75,-39.74609375,241.162109375,mech_workshop,run_2,0,2198,0,False,False,False,0,0,0,0,0,0,439.40470901821413,14.0,14.0,3.0,-0.0460609085214945,0.028679433607723,0.1025507019912531,-0.096425,0.044625,0.5537000000000001,-0.21484375,0.1181640625,-21.35546875,436.77242348943815,9.307824241583214,14.274725274725276,1.430352979480816,15.0989010989011,1.6128301216250274,0.0,-5.0,17.776482708661607,14.765460068503735,Good,11,0,2025-10-13 11:00:00+00:00,Normal
2025-10-13 11:23:14+00:00,439.40470901821413,3,14,14,25.7,62,1010.27,24.84,-0.1176798,-0.0392266,8.825985,0.88375,0.20125,0.23625,-68.212890625,-39.208984375,261.03515625,mech_workshop,run_2,0,2198,0,False,False,False,0,0,0,0,0,0,439.40470901821413,14.0,14.0,3.0,0.040846466047363,-0.0582279409611345,-0.0278103598620345,0.953575,0.009625,0.1336999999999999,0.322265625,0.6552734375,-1.482421875,436.801035288664,9.260608352775645,14.271739130434783,1.422760518020794,15.08695652173913,1.6080304922553343,0.0,0.0,17.870743647586554,14.848449653284804,Good,11,0,2025-10-13 11:00:00+00:00,Normal
2025-10-13 11:23:19+00:00,440.6041759218125,3,13,13,25.4,62,1010.27,24.84,-0.1569064,0.0,8.825985,-0.06125,-0.00875,0.0175,-68.212890625,-39.208984375,262.646484375,mech_workshop,run_2,0,2204,0,False,False,False,0,0,0,0,0,0,440.6041759218125,13.0,13.0,3.0,-0.0026072212370657,-0.0147742536767057,-0.0278103598620345,0.008575,-0.200375,-0.08505,0.322265625,0.6552734375,0.12890625,436.8419292739667,9.218580749884318,14.258064516129032,1.4211387488976983,15.064516129032258,1.6138426436742133,5.997334517991817,-5.0,17.587954703154132,14.600681227562102,Good,11,0,2025-10-13 11:00:00+00:00,Normal
2025-10-13 11:23:25+00:00,439.40470901821413,4,13,14,25.7,62,1010.21,25.34,-0.1569064,0.0,8.8652116,-0.3675,0.315,0.00875,-68.212890625,-39.208984375,259.423828125,mech_workshop,run_2,0,2198,0,False,False,False,0,0,0,0,0,0,439.40470901821413,13.0,14.0,4.0,-0.0026072212370657,-0.0147742536767057,0.0156433274223953,-0.2976749999999999,0.123375,-0.0938,0.322265625,0.6552734375,-3.09375,436.8691928882671,9.172693947257883,14.24468085106383,1.419421131539768,15.0531914893617,1.6088934371081884,-5.997334517991817,0.0,17.870743647586554,14.848449653284804,Good,11,0,2025-10-13 11:00:00+00:00,Normal
2025-10-13 11:23:30+00:00,439.40470901821413,3,11,13,25.1,62,1010.22,25.26,-0.2745862,0.0,8.8652116,-0.06125,0.48125,0.0175,-69.287109375,-40.283203125,247.607421875,mech_workshop,run_2,0,2198,0,False,False,False,0,0,0,0,0,0,439.40470901821413,11.0,13.0,3.0,-0.1329682830903521,-0.0147742536767057,0.0156433274223953,0.008575,0.289625,-0.08505,-0.751953125,-0.4189453125,-14.91015625,436.8958825317403,9.127480365474431,14.210526315789474,1.4505665572685975,15.031578947368422,1.6141174492513248,0.0,-10.0,17.3051473747531,14.35648981829401,Good,11,0,2025-10-13 11:00:00+00:00,Normal
2025-10-13 11:23:35+00:00,439.40470901821413,4,12,14,25.0,62,1010.24,25.09,-0.1569064,0.0392266,8.8652116,-0.28875,0.18375,0.14,-69.287109375,-40.283203125,247.607421875,mech_workshop,run_2,0,2198,0,False,False,False,0,0,0,0,0,0,439.40470901821413,12.0,14.0,4.0,-0.0026072212370657,0.028679433607723,0.0156433274223953,-0.2189249999999999,-0.0078749999999999,0.0374499999999999,-0.751953125,-0.4189453125,-14.91015625,436.9220161409744,9.082923851600585,14.1875,1.4604433357176534,15.020833333333334,1.6090478823575445,0.0,5.0,17.210874179649892,14.27588015158558,Good,11,0,2025-10-13 11:00:00+00:00,Normal
2025-10-13 11:23:41+00:00,439.40470901821413,3,12,14,25.9,61,1010.27,24.84,-0.1176798,0.0,8.7475318,-0.14,0.28875,-0.315,-67.138671875,-39.74609375,258.349609375,mech_workshop,run_2,0,2198,0,False,False,False,0,0,0,0,0,0,439.40470901821413,12.0,14.0,3.0,0.040846466047363,-0.0147742536767057,-0.1147177344308904,-0.070175,0.097125,-0.41755,1.396484375,0.1181640625,-4.16796875,436.9476109129047,9.039008784206477,14.164948453608249,1.4696967684067668,15.010309278350515,1.6039979047213604,0.0,0.0,17.800584140516865,14.773449493844195,Good,11,0,2025-10-13 11:00:00+00:00,Normal
2025-10-13 11:23:46+00:00,439.40470901821413,4,12,14,25.9,62,1010.28,24.76,-0.1569064,0.0392266,8.8652116,0.1575,0.385,0.35875,-67.67578125,-39.208984375,260.498046875,mech_workshop,run_2,0,2198,0,False,False,False,0,0,0,0,0,0,439.40470901821413,12.0,14.0,4.0,-0.0026072212370657,0.028679433607723,0.0156433274223953,0.227325,0.193375,0.2562,0.859375,0.6552734375,-2.01953125,436.9726833425507,8.995720051391718,14.142857142857142,1.4783663315664624,15.0,1.5989687398219623,0.0,0.0,18.059259398110836,15.015637190464597,Good,11,0,2025-10-13 11:00:00+00:00,Normal
2025-10-13 11:23:51+00:00,439.40470901821413,5,13,15,25.3,61,1010.3,24.59,-0.1569064,0.0,8.7475318,0.0525,-0.175,-0.30625,-68.212890625,-39.74609375,290.0390625,mech_workshop,run_2,0,2198,0,False,False,False,0,0,0,0,0,0,439.40470901821413,13.0,15.0,5.0,-0.0026072212370657,-0.0147742536767057,-0.1147177344308904,0.122325,-0.366625,-0.4088,0.322265625,0.1181640625,27.521484375,436.9972492584665,8.953043029892756,14.131313131313131,1.47528250249664,15.0,1.5907898179514346,0.0,5.0,17.236130912406722,14.284713145240625,Good,11,0,2025-10-13 11:00:00+00:00,Normal
2025-10-13 11:23:57+00:00,439.40470901821413,4,11,13,25.2,61,1010.25,25.01,-0.196133,0.0392266,8.7475318,0.16625,0.28,0.0,-68.212890625,-39.74609375,290.0390625,mech_workshop,run_2,0,2198,0,False,False,False,0,0,0,0,0,0,439.40470901821413,11.0,13.0,4.0,-0.0460609085214945,0.028679433607723,-0.1147177344308904,0.236075,0.088375,-0.10255,0.322265625,0.1181640625,27.521484375,437.021323856064,8.910963565210707,14.1,1.5008415147927023,14.98,1.5953214425470823,0.0,-10.0,17.142048003949707,14.204629386703068,Good,11,0,2025-10-13 11:00:00+00:00,Normal
2025-10-13 11:24:02+00:00,439.40470901821413,6,12,13,25.8,62,1010.2,25.42,-0.1176798,0.0,8.7867584,-0.0875,0.1575,0.21875,-68.212890625,-39.74609375,259.9609375,mech_workshop,run_2,0,2198,0,False,False,False,0,0,0,0,0,0,439.40470901821413,12.0,13.0,6.0,0.040846466047363,-0.0147742536767057,-0.0712640471464625,-0.0176749999999999,-0.0341249999999999,0.1161999999999999,0.322265625,0.1181640625,-2.556640625,437.0449217289565,8.869467952702578,14.07920792079208,1.5078671580535978,14.96039603960396,1.5995048738857152,0.0,5.0,17.965002544047508,14.931841489694378,Good,11,0,2025-10-13 11:00:00+00:00,Normal
2025-10-13 11:24:07+00:00,439.40470901821413,4,11,13,25.6,61,1010.28,24.76,-0.1569064,0.0,8.9044382,0.00875,-0.035,0.0,-70.361328125,-39.74609375,258.88671875,mech_workshop,run_2,0,2198,0,False,False,False,0,0,0,0,0,0,439.40470901821413,11.0,13.0,4.0,-0.0026072212370657,-0.0147742536767057,0.0590970147068232,0.078575,-0.226625,-0.10255,-1.826171875,0.1181640625,-3.630859375,437.0680568984591,8.828542919582208,14.049019607843135,1.531047987558125,14.941176470588236,1.60335989679448,0.0,-5.0,17.51836700231584,14.52730748675368,Good,11,0,2025-10-13 11:00:00+00:00,Normal
2025-10-13 11:24:13+00:00,439.40470901821413,5,13,15,25.6,61,1010.26,24.92,-0.1176798,-0.0392266,8.825985,-0.14875,0.2625,0.11375,-68.212890625,-40.283203125,266.40625,mech_workshop,run_2,0,2198,0,False,False,False,0,0,0,0,0,0,439.40470901821413,13.0,15.0,5.0,0.040846466047363,-0.0582279409611345,-0.0278103598620345,-0.0789249999999999,0.070875,0.0111999999999999,0.322265625,-0.4189453125,3.888671875,437.0907428413693,8.78817560778072,14.03883495145631,1.527026651391696,14.941747572815531,1.5954914586043212,0.0,10.0,17.51836700231584,14.52730748675368,Good,11,0,2025-10-13 11:00:00+00:00,Normal
2025-10-13 11:24:18+00:00,439.40470901821413,5,13,15,25.9,61,1010.3,24.59,-0.1176798,0.0392266,8.9044382,2.1787500000000004,0.2975,-0.34125,-68.75,-39.208984375,271.240234375,mech_workshop,run_2,0,2198,0,False,False,False,0,0,0,0,0,0,439.40470901821413,13.0,15.0,5.0,0.040846466047363,0.028679433607723,0.0590970147068232,2.248575,0.105875,-0.4438,-0.21484375,0.6552734375,8.72265625,437.1129925161467,8.748353557619263,14.028846153846152,1.5230062935773854,14.942307692307692,1.5877377389566714,0.0,0.0,17.800584140516865,14.773449493844195,Good,11,0,2025-10-13 11:00:00+00:00,Normal
2025-10-13 11:24:24+00:00,439.40470901821413,6,14,16,25.9,61,1010.23,25.17,-0.1569064,0.0,8.7867584,0.245,0.105,0.2275,-68.75,-39.208984375,271.240234375,mech_workshop,run_2,0,2198,0,False,False,False,0,0,0,0,0,0,439.40470901821413,14.0,16.0,6.0,-0.0026072212370657,-0.0147742536767057,-0.0712640471464625,0.314825,-0.086625,0.1249499999999999,-0.21484375,0.6552734375,8.72265625,437.1348183875949,8.709064692249793,14.028571428571428,1.5156690757723954,14.952380952380953,1.5834538222903776,0.0,5.0,17.800584140516865,14.773449493844195,Good,11,0,2025-10-13 11:00:00+00:00,Normal
2025-10-13 11:24:29+00:00,439.40470901821413,5,14,17,25.1,61,1010.35,24.17,-0.196133,0.0392266,8.8652116,-0.18375,-0.0175,-0.09625,-69.287109375,-39.208984375,259.9609375,mech_workshop,run_2,0,2198,0,False,False,False,0,0,0,0,0,0,439.40470901821413,14.0,17.0,5.0,-0.0460609085214945,0.028679433607723,0.0156433274223953,-0.1139249999999999,-0.209125,-0.1988,-0.751953125,0.6552734375,-2.556640625,437.1562324501479,8.670297302822291,14.028301886792454,1.5084368899140423,14.971698113207546,1.5883956995889266,0.0,0.0,17.047962989464512,14.124933530902174,Good,11,0,2025-10-13 11:00:00+00:00,Normal
2025-10-13 11:24:34+00:00,439.40470901821413,6,15,18,25.2,61,1010.27,24.84,-0.1176798,0.0,8.9044382,-0.2625,0.13125,-0.02625,-68.75,-39.74609375,263.18359375,mech_workshop,run_2,0,2198,0,False,False,False,0,0,0,0,0,0,439.40470901821413,15.0,18.0,6.0,0.040846466047363,-0.0147742536767057,0.0590970147068232,-0.1926749999999999,-0.0603749999999999,-0.1288,-0.21484375,0.1181640625,0.666015625,437.1772462498495,8.632040034339319,14.037383177570094,1.5042407578078003,15.0,1.6077641805866174,0.0,5.0,17.142048003949707,14.204629386703068,Good,11,0,2025-10-13 11:00:00+00:00,Normal
2025-10-13 11:24:40+00:00,439.40470901821413,6,15,16,25.8,61,1010.32,24.42,-0.1176798,-0.0392266,8.8652116,-0.6475000000000001,0.11375,0.4025,-67.138671875,-39.208984375,267.48046875,mech_workshop,run_2,0,2198,0,False,False,False,0,0,0,0,0,0,439.40470901821413,15.0,16.0,6.0,0.040846466047363,-0.0582279409611345,0.0156433274223953,-0.577675,-0.0778749999999999,0.29995,1.396484375,0.6552734375,4.962890625,437.1978709051121,8.594281872161236,14.046296296296296,1.5000576889795032,15.00925925925926,1.6031241133520076,0.0,0.0,17.70651386674403,14.691005336634792,Good,11,0,2025-10-13 11:00:00+00:00,Normal
2025-10-13 11:24:45+00:00,439.40470901821413,5,14,15,25.5,61,1010.32,24.42,-0.1176798,0.0,8.825985,-0.6300000000000001,0.14875,0.02625,-67.138671875,-39.208984375,267.48046875,mech_workshop,run_2,0,2198,0,False,False,False,0,0,0,0,0,0,439.40470901821413,14.0,15.0,5.0,0.040846466047363,-0.0147742536767057,-0.0278103598620345,-0.5601750000000001,-0.0428749999999999,-0.0763,1.396484375,0.6552734375,4.962890625,437.21811712633325,8.557012129127523,14.045871559633028,1.4931034117451936,15.009174311926603,1.5956852286599763,0.0,-5.0,17.424290411519078,14.44605062549632,Good,11,0,2025-10-13 11:00:00+00:00,Normal
2025-10-13 11:24:50+00:00,440.6041759218125,4,13,14,25.6,61,1010.28,24.76,-0.2353596,0.0,8.825985,-0.06125,0.18375,-0.28875,-67.67578125,-40.283203125,297.55859375,mech_workshop,run_2,0,2204,0,False,False,False,0,0,0,0,0,0,440.6041759218125,13.0,14.0,4.0,-0.0895145958059233,-0.0147742536767057,-0.0278103598620345,0.008575,-0.0078749999999999,-0.3913,0.859375,-0.4189453125,35.041015625,437.2488994790194,8.523785648255997,14.036363636363635,1.4895801559054784,15.0,1.591260535469638,5.997334517991817,-5.0,17.51836700231584,14.52730748675368,Good,11,0,2025-10-13 11:00:00+00:00,Normal
2025-10-13 11:24:56+00:00,440.6041759218125,4,14,14,25.3,61,1010.34,24.26,-0.1176798,0.0,8.7475318,-0.2275,0.21,-0.0525,-67.138671875,-40.283203125,259.423828125,mech_workshop,run_2,0,2204,0,False,False,False,0,0,0,0,0,0,440.6041759218125,14.0,14.0,4.0,0.040846466047363,-0.0147742536767057,-0.1147177344308904,-0.157675,0.018375,-0.15505,1.396484375,-0.4189453125,-3.09375,437.2791271947203,8.490927206786063,14.036036036036036,1.4827978954293126,14.99099099099099,1.5868522042395496,0.0,5.0,17.236130912406722,14.284713145240625,Good,11,0,2025-10-13 11:00:00+00:00,Normal
2025-10-13 11:25:01+00:00,440.6041759218125,3,13,13,25.4,61,1010.31,24.51,-0.1569064,0.0392266,8.7867584,-0.18375,0.0525,0.02625,-67.67578125,-39.74609375,261.03515625,mech_workshop,run_2,0,2204,0,False,False,False,0,0,0,0,0,0,440.6041759218125,13.0,13.0,3.0,-0.0026072212370657,0.028679433607723,-0.0712640471464625,-0.1139249999999999,-0.139125,-0.0763,0.859375,0.1181640625,-1.482421875,437.3088151297836,8.458430501342317,14.026785714285714,1.4793462241697348,14.973214285714286,1.5908512165842514,0.0,-5.0,17.33021171490628,14.365186369053037,Good,11,0,2025-10-13 11:00:00+00:00,Normal
2025-10-13 11:25:06+00:00,440.6041759218125,4,13,13,25.1,61,1010.3,24.59,-0.1176798,0.0784532,8.9828914,-0.035,0.1575,-0.28875,-68.75,-38.134765625,245.458984375,mech_workshop,run_2,0,2204,0,False,False,False,0,0,0,0,0,0,440.6041759218125,13.0,13.0,4.0,0.040846466047363,0.0721331208921518,0.146004389275681,0.034825,-0.0341249999999999,-0.3913,-0.21484375,1.7294921875,-17.05859375,437.3379776146688,8.426289361093655,14.017699115044248,1.4758913825026685,14.95575221238938,1.5945743976000832,0.0,0.0,17.047962989464512,14.124933530902174,Good,11,0,2025-10-13 11:00:00+00:00,Normal
2025-10-13 11:25:12+00:00,440.6041759218125,5,13,13,25.1,61,1010.38,23.92,-0.196133,0.0,8.9436648,-0.00875,0.14,-0.11375,-68.75,-38.134765625,245.458984375,mech_workshop,run_2,0,2204,0,False,False,False,0,0,0,0,0,0,440.6041759218125,13.0,13.0,5.0,-0.0460609085214945,-0.0147742536767057,0.1025507019912531,0.061075,-0.0516249999999999,-0.2163,-0.21484375,1.7294921875,-17.05859375,437.36662847701217,8.394497745143656,14.008771929824562,1.472434706607662,14.93859649122807,1.598035783927645,0.0,0.0,17.047962989464512,14.124933530902174,Good,11,0,2025-10-13 11:00:00+00:00,Normal
2025-10-13 11:25:17+00:00,440.6041759218125,5,13,13,25.5,61,1010.35,24.17,-0.196133,0.0,8.8652116,-0.315,0.1225,0.07875,-68.75,-39.208984375,255.6640625,mech_workshop,run_2,0,2204,0,False,False,False,0,0,0,0,0,0,440.6041759218125,13.0,13.0,5.0,-0.0460609085214945,-0.0147742536767057,0.0156433274223953,-0.2451749999999999,-0.0691249999999999,-0.0238,-0.21484375,0.6552734375,-6.853515625,437.3947810634887,8.36304973991273,14.0,1.468977445995038,14.921739130434782,1.601248559372958,0.0,0.0,17.424290411519078,14.44605062549632,Good,11,0,2025-10-13 11:00:00+00:00,Normal
2025-10-13 11:25:22+00:00,440.6041759218125,6,13,13,25.8,61,1010.41,23.67,-0.196133,0.0392266,8.9044382,-0.23625,0.02625,0.3675,-68.212890625,-39.208984375,258.349609375,mech_workshop,run_2,0,2204,0,False,False,False,0,0,0,0,0,0,440.6041759218125,13.0,13.0,6.0,-0.0460609085214945,0.028679433607723,0.0590970147068232,-0.166425,-0.165375,0.2649499999999999,0.322265625,0.6552734375,-4.16796875,437.42244826054326,8.331939556520446,13.991379310344827,1.4655207690230054,14.905172413793103,1.6042251185181453,0.0,0.0,17.70651386674403,14.691005336634792,Good,11,0,2025-10-13 11:00:00+00:00,Normal
2025-10-13 11:25:28+00:00,440.6041759218125,5,11,11,25.8,61,1010.31,24.51,-0.1176798,0.0392266,8.9044382,-0.16625,-0.1925,-0.41125,-68.75,-40.283203125,257.8125,mech_workshop,run_2,0,2204,0,False,False,False,0,0,0,0,0,0,440.6041759218125,11.0,11.0,5.0,0.040846466047363,0.028679433607723,0.0590970147068232,-0.096425,-0.384125,-0.5138,-0.21484375,-0.4189453125,-4.705078125,437.4496425140584,8.301161528175312,13.965811965811966,1.4851658675021844,14.871794871794872,1.6375889633030918,0.0,-10.0,17.70651386674403,14.691005336634792,Good,11,0,2025-10-13 11:00:00+00:00,Normal
2025-10-13 11:25:33+00:00,440.6041759218125,4,10,10,25.7,61,1010.32,24.42,-0.1569064,0.0,8.825985,0.105,0.21,-0.07,-68.75,-39.74609375,282.51953125,mech_workshop,run_2,0,2204,0,False,False,False,0,0,0,0,0,0,440.6041759218125,10.0,10.0,4.0,-0.0026072212370657,-0.0147742536767057,-0.0278103598620345,0.174825,0.018375,-0.17255,-0.21484375,0.1181640625,20.001953125,437.4763758480223,8.27071010757836,13.932203389830509,1.5232040766534567,14.830508474576272,1.691128610886838,0.0,-5.0,17.612441487367253,14.608958529844726,Good,11,0,2025-10-13 11:00:00+00:00,Normal
2025-10-13 11:25:38+00:00,440.6041759218125,6,12,12,25.9,61,1010.38,23.92,-0.1569064,0.0,8.825985,-0.13125,0.20125,0.42875,-68.75,-39.74609375,282.51953125,mech_workshop,run_2,0,2204,0,False,False,False,0,0,0,0,0,0,440.6041759218125,12.0,12.0,6.0,-0.0026072212370657,-0.0147742536767057,-0.0278103598620345,-0.0614249999999999,0.009625,0.3262,-0.21484375,0.1181640625,20.001953125,437.50265988225584,8.240579864346005,13.915966386554622,1.5270434041580463,14.806722689075633,1.7038207857355692,0.0,10.0,17.800584140516865,14.773449493844195,Good,11,0,2025-10-13 11:00:00+00:00,Normal
2025-10-13 11:25:44+00:00,440.6041759218125,6,13,13,25.4,61,1010.3,24.59,-0.2353596,0.0,8.9044382,-0.07875,0.1225,0.21,-70.8984375,-40.283203125,257.275390625,mech_workshop,run_2,0,2204,0,False,False,False,0,0,0,0,0,0,440.6041759218125,13.0,13.0,6.0,-0.0895145958059233,-0.0147742536767057,0.0590970147068232,-0.0089249999999999,-0.0691249999999999,0.1074499999999999,-2.36328125,-0.4189453125,-5.2421875,437.52850584925216,8.210765482456951,13.908333333333331,1.522910930777382,14.791666666666666,1.7046443397172246,0.0,5.0,17.33021171490628,14.365186369053037,Good,11,0,2025-10-13 11:00:00+00:00,Normal
2025-10-13 11:25:49+00:00,442.00355397601066,5,12,12,25.3,61,1010.26,24.92,-0.0392266,0.0392266,8.9436648,-0.0525,0.30625,-0.1925,-68.75,-39.74609375,256.73828125,mech_workshop,run_2,0,2211,0,False,False,False,0,0,0,0,0,0,442.00355397601066,12.0,12.0,5.0,0.1277538406162206,0.028679433607723,0.1025507019912531,0.017325,0.114625,-0.29505,-0.21484375,0.1181640625,-5.779296875,437.5654897180683,8.186596900974186,13.892561983471074,1.526442775936709,14.768595041322314,1.7163931687238427,6.996890270990832,-5.0,17.236130912406722,14.284713145240625,Good,11,0,2025-10-13 11:00:00+00:00,Normal
2025-10-13 11:25:54+00:00,440.6041759218125,5,12,12,25.0,61,1010.23,25.17,-0.1176798,0.0,8.9044382,0.035,0.175,0.25375,-69.287109375,-39.74609375,262.646484375,mech_workshop,run_2,0,2204,0,False,False,False,0,0,0,0,0,0,440.6041759218125,12.0,12.0,5.0,0.040846466047363,-0.0147742536767057,0.0590970147068232,0.104825,-0.016625,0.1511999999999999,-0.751953125,0.1181640625,0.12890625,437.5903969820335,8.157338219836912,13.87704918032787,1.5297483661298703,14.745901639344265,1.727566842949006,-6.996890270990832,0.0,16.953875868880445,14.045624020108392,Good,11,0,2025-10-13 11:00:00+00:00,Normal
2025-10-13 11:26:00+00:00,440.6041759218125,5,12,12,25.9,61,1010.36,24.09,-0.1176798,0.0,8.8652116,-0.0875,0.07,0.105,-69.287109375,-39.208984375,279.296875,mech_workshop,run_2,0,2204,0,False,False,False,0,0,0,0,0,0,440.6041759218125,12.0,12.0,5.0,0.040846466047363,-0.0147742536767057,0.0156433274223953,-0.0176749999999999,-0.1216249999999999,0.0024499999999999,-0.751953125,0.6552734375,16.779296875,437.6148992498366,8.128381367437402,13.861788617886178,1.5328383789346347,14.723577235772357,1.7381958472542645,0.0,0.0,17.800584140516865,14.773449493844195,Good,11,0,2025-10-13 11:00:00+00:00,Normal
2025-10-13 11:26:05+00:00,440.6041759218125,5,13,13,25.5,62,1010.31,24.51,-0.1569064,0.0,8.8652116,-0.1225,0.0175,-0.21,-68.212890625,-39.208984375,279.296875,mech_workshop,run_2,0,2204,0,False,False,False,0,0,0,0,0,0,440.6041759218125,13.0,13.0,5.0,-0.0026072212370657,-0.0147742536767057,0.0156433274223953,-0.0526749999999999,-0.1741249999999999,-0.31255,0.322265625,0.6552734375,16.779296875,437.63900631977185,8.099721423579178,13.85483870967742,1.5285550240599155,14.709677419354838,1.7380214596726702,0.0,5.0,17.682219727206256,14.682871127553634,Good,11,0,2025-10-13 11:00:00+00:00,Normal
2025-10-13 11:26:10+00:00,440.6041759218125,5,11,11,25.7,62,1010.3,24.59,-0.1176798,0.0,8.825985,-0.20125,0.20125,-0.04375,-69.82421875,-40.8203125,262.109375,mech_workshop,run_2,0,2204,0,False,False,False,0,0,0,0,0,0,440.6041759218125,11.0,11.0,5.0,0.040846466047363,-0.0147742536767057,-0.0278103598620345,-0.131425,0.009625,-0.1463,-1.2890625,-0.9560546875,-0.408203125,437.6627276765882,8.071353571523689,13.832,1.5436446189707715,14.68,1.7625128688617362,0.0,-10.0,17.870743647586554,14.848449653284804,Good,11,0,2025-10-13 11:00:00+00:00,Normal
2025-10-13 11:26:16+00:00,440.6041759218125,6,12,12,25.5,63,1010.31,24.51,-0.1176798,-0.0784532,8.7867584,0.02625,0.04375,0.21875,-68.75,-40.283203125,264.794921875,mech_workshop,run_2,0,2204,0,False,False,False,0,0,0,0,0,0,440.6041759218125,12.0,12.0,6.0,0.040846466047363,-0.1016816282455633,-0.0712640471464625,0.096075,-0.1478749999999999,0.1161999999999999,-0.21484375,-0.4189453125,2.27734375,437.6860725039312,8.04327309558485,13.817460317460318,1.5460959538180992,14.658730158730158,1.7716103337368454,0.0,5.0,17.936520972055302,14.919691629610952,Good,11,0,2025-10-13 11:00:00+00:00,Normal
2025-10-13 11:26:21+00:00,440.6041759218125,5,11,11,25.4,62,1010.27,24.84,-0.1569064,0.0392266,8.9044382,-0.035,0.1225,0.35,-68.75,-38.671875,261.03515625,mech_workshop,run_2,0,2204,0,False,False,False,0,0,0,0,0,0,440.6041759218125,11.0,11.0,5.0,-0.0026072212370657,0.028679433607723,0.0590970147068232,0.034825,-0.0691249999999999,0.2474499999999999,-0.21484375,1.1923828125,-1.482421875,437.709049696198,8.015475378768945,13.79527559055118,1.5601108155449732,14.62992125984252,1.7941843865105958,0.0,-5.0,17.587954703154132,14.600681227562102,Good,11,0,2025-10-13 11:00:00+00:00,Normal
2025-10-13 11:26:26+00:00,440.6041759218125,6,13,13,25.1,62,1010.23,25.17,-0.0784532,0.0,8.825985,0.0,0.34125,0.385,-68.75,-38.671875,261.03515625,mech_workshop,run_2,0,2204,0,False,False,False,0,0,0,0,0,0,440.6041759218125,13.0,13.0,6.0,0.0843001533317918,-0.0147742536767057,-0.0278103598620345,0.069825,0.149625,0.28245,-0.21484375,1.1923828125,-1.482421875,437.7316678698356,7.987955900460745,13.7890625,1.5555455470087969,14.6171875,1.7929041841062867,0.0,10.0,17.3051473747531,14.35648981829401,Good,11,0,2025-10-13 11:00:00+00:00,Normal
2025-10-13 11:26:32+00:00,440.6041759218125,4,11,11,25.5,62,1010.22,25.26,-0.1176798,0.0392266,8.8652116,-0.175,0.18375,0.02625,-70.361328125,-39.74609375,274.462890625,mech_workshop,run_2,0,2204,0,False,False,False,0,0,0,0,0,0,440.6041759218125,11.0,11.0,4.0,0.040846466047363,0.028679433607723,0.0156433274223953,-0.1051749999999999,-0.0078749999999999,-0.0763,-1.826171875,0.1181640625,11.9453125,437.7539353741145,7.960710234156417,13.767441860465116,1.568795457045472,14.589147286821705,1.814061409779067,0.0,-10.0,17.682219727206256,14.682871127553634,Good,11,0,2025-10-13 11:00:00+00:00,Normal
2025-10-13 11:26:37+00:00,440.6041759218125,5,13,13,25.0,62,1010.26,24.92,-0.1569064,0.0392266,8.9828914,-0.18375,0.30625,0.035,-68.212890625,-38.134765625,261.572265625,mech_workshop,run_2,0,2204,0,False,False,False,0,0,0,0,0,0,440.6041759218125,13.0,13.0,5.0,-0.0026072212370657,0.028679433607723,0.146004389275681,-0.1139249999999999,0.114625,-0.06755,0.322265625,1.7294921875,-0.9453125,437.7758603014045,7.933734045243658,13.761538461538462,1.5641519293851105,14.576923076923077,1.812383691495751,0.0,10.0,17.210874179649892,14.27588015158558,Good,11,0,2025-10-13 11:00:00+00:00,Normal
2025-10-13 11:26:42+00:00,440.6041759218125,7,18,18,25.8,63,1010.26,24.92,-0.1569064,0.0,8.9044382,-0.8575,0.06125,0.20125,-67.67578125,-38.671875,261.03515625,mech_workshop,run_2,0,2204,0,False,False,False,0,0,0,0,0,0,440.6041759218125,18.0,18.0,7.0,-0.0026072212370657,-0.0147742536767057,0.0590970147068232,-0.787675,-0.130375,0.0986999999999999,0.859375,1.1923828125,-1.482421875,437.79745049698016,7.907023088829211,13.793893129770993,1.6015259898556768,14.603053435114504,1.8300037381759944,0.0,25.0,18.219855825184275,15.172677642753964,Good,11,0,2025-10-13 11:00:00+00:00,Normal
2025-10-13 11:26:48+00:00,440.6041759218125,8,19,19,25.0,63,1010.23,25.17,-0.1569064,-0.0392266,8.825985,-0.5425000000000001,0.0875,0.14,-67.67578125,-37.59765625,247.607421875,mech_workshop,run_2,0,2204,0,False,False,False,0,0,0,0,0,0,440.6041759218125,19.0,19.0,8.0,-0.0026072212370657,-0.0582279409611345,-0.0278103598620345,-0.472675,-0.104125,0.0374499999999999,0.859375,2.2666015625,-14.91015625,437.8187135683804,7.8805732076138195,13.833333333333334,1.658504185196866,14.636363636363637,1.8627433076293625,0.0,5.0,17.464256615816304,14.506136283062764,Good,11,0,2025-10-13 11:00:00+00:00,Normal
2025-10-13 11:26:53+00:00,440.6041759218125,10,21,22,25.6,63,1010.27,24.84,-0.1569064,0.0,8.9436648,0.0,0.1225,0.1575,-67.67578125,-37.59765625,247.607421875,mech_workshop,run_2,0,2204,0,False,False,False,0,0,0,0,0,0,440.6041759218125,21.0,22.0,10.0,-0.0026072212370657,-0.0147742536767057,0.1025507019912531,0.069825,-0.0691249999999999,0.0549499999999999,0.859375,2.2666015625,-14.91015625,437.8396568943461,7.854380329814528,13.887218045112782,1.765211530539809,14.691729323308271,1.962452281326126,0.0,10.0,18.03096790302497,15.003612650253798,Good,11,0,2025-10-13 11:00:00+00:00,Normal
2025-10-13 11:26:58+00:00,440.6041759218125,10,21,22,25.8,63,1010.2,25.42,-0.1569064,0.0,8.8652116,-0.105,0.07875,0.46375,-69.82421875,-39.208984375,258.88671875,mech_workshop,run_2,0,2204,0,False,False,False,0,0,0,0,0,0,440.6041759218125,21.0,22.0,10.0,-0.0026072212370657,-0.0147742536767057,0.0156433274223953,-0.0351749999999999,-0.1128749999999999,0.3611999999999999,-1.2890625,0.6552734375,-3.630859375,437.86028763335696,7.828440467134073,13.940298507462687,1.862818601825209,14.74626865671642,2.054470889072855,0.0,0.0,18.219855825184275,15.172677642753964,Good,11,0,2025-10-13 11:00:00+00:00,Normal
2025-10-13 11:27:04+00:00,440.6041759218125,6,19,20,25.8,63,1010.25,25.01,-0.1569064,0.0,8.9436648,-0.0525,0.21,0.13125,-67.138671875,-40.283203125,255.126953125,mech_workshop,run_2,0,2204,0,False,False,False,0,0,0,0,0,0,440.6041759218125,19.0,20.0,6.0,-0.0026072212370657,-0.0147742536767057,0.1025507019912531,0.017325,0.018375,0.0286999999999999,1.396484375,-0.4189453125,-7.390625,437.88061273179,7.802749712777045,13.977777777777778,1.9062609595150253,14.785185185185185,2.096141391726055,0.0,-10.0,18.219855825184275,15.172677642753964,Good,11,0,2025-10-13 11:00:00+00:00,Normal
2025-10-13 11:27:09+00:00,439.40470901821413,7,21,21,24.1,64,1010.24,25.09,-0.1569064,0.1176798,8.7475318,-0.07,0.385,0.28,-68.75,-40.8203125,264.2578125,mech_workshop,run_2,0,2198,0,False,False,False,0,0,0,0,0,0,439.40470901821413,21.0,21.0,7.0,-0.0026072212370657,0.1155868081765806,-0.1147177344308904,-0.0001749999999999,0.193375,0.17745,-0.21484375,-0.9560546875,1.740234375,437.8918193221313,7.774895403521769,14.029411764705882,1.9923601357875496,14.830882352941176,2.1552868574527375,-5.997334517991817,10.0,16.862301484024233,14.005475977674362,Good,11,0,2025-10-13 11:00:00+00:00,Normal
2025-10-13 11:27:14+00:00,440.6041759218125,7,21,21,0.0,0,1010.28,24.76,-0.1176798,0.0392266,8.8652116,0.1225,0.00875,-0.41125,-67.67578125,-39.74609375,256.201171875,mech_workshop,run_2,0,2204,0,False,False,False,0,0,0,0,0,0,440.6041759218125,21.0,21.0,7.0,0.040846466047363,0.028679433607723,0.0156433274223953,0.192325,-0.1828749999999999,-0.5138,0.859375,0.1181640625,-6.31640625,437.91161754548665,7.74972389489291,14.08029197080292,2.0724324801340264,14.875912408759124,2.2110858906430506,5.997334517991817,0.0,-96.07763018544566,0.0,Good,11,0,2025-10-13 11:00:00+00:00,Normal
2025-10-13 11:27:20+00:00,439.40470901821413,6,21,21,24.8,64,1010.31,24.51,-0.2353596,0.0392266,8.8652116,0.06125,0.09625,-0.37625,-67.67578125,-39.74609375,256.201171875,mech_workshop,run_2,0,2198,0,False,False,False,0,0,0,0,0,0,439.40470901821413,21.0,21.0,6.0,-0.0895145958059233,0.028679433607723,0.0156433274223953,0.131075,-0.0953749999999999,-0.4788,0.859375,0.1181640625,-6.31640625,437.92243704891223,7.722434446742262,14.130434782608695,2.147230730402362,14.920289855072465,2.2638433639906825,-5.997334517991817,0.0,17.52484876502635,14.571181982018237,Good,11,0,2025-10-13 11:00:00+00:00,Normal
2025-10-13 11:27:25+00:00,439.40470901821413,6,20,21,24.8,64,1010.28,24.76,-0.196133,0.0,8.9436648,-0.1575,0.41125,0.35,-68.75,-39.74609375,261.03515625,mech_workshop,run_2,0,2198,0,False,False,False,0,0,0,0,0,0,439.40470901821413,20.0,21.0,6.0,-0.0460609085214945,-0.0147742536767057,0.1025507019912531,-0.0876749999999999,0.219625,0.2474499999999999,-0.21484375,0.1181640625,-1.482421875,437.9331008760295,7.695430825740587,14.172661870503598,2.1965983502625575,14.964028776978417,2.313821332468472,0.0,-5.0,17.52484876502635,14.571181982018237,Good,11,0,2025-10-13 11:00:00+00:00,Normal
2025-10-13 11:27:30+00:00,439.40470901821413,10,24,25,24.0,65,1010.21,25.34,-0.1569064,0.0,8.825985,0.0875,0.21,0.2975,-69.287109375,-39.74609375,262.109375,mech_workshop,run_2,0,2198,0,False,False,False,0,0,0,0,0,0,439.40470901821413,24.0,25.0,10.0,-0.0026072212370657,-0.0147742536767057,-0.0278103598620345,0.157325,0.018375,0.1949499999999999,-0.751953125,0.1181640625,-0.408203125,437.9436123627594,7.668708085166089,14.242857142857142,2.340975104497413,15.035714285714286,2.456559898818894,0.0,20.0,17.012326383025616,14.143828023459038,Good,11,0,2025-10-13 11:00:00+00:00,Normal
2025-10-13 11:27:36+00:00,439.40470901821413,10,24,26,24.3,65,1010.21,25.34,-0.0784532,0.1569064,8.825985,-0.2975,0.4025,0.42875,-68.75,-40.283203125,263.720703125,mech_workshop,run_2,0,2198,0,False,False,False,0,0,0,0,0,0,439.40470901821413,24.0,26.0,10.0,0.0843001533317918,0.1590404954610093,-0.0278103598620345,-0.2276749999999999,0.210875,0.3262,-0.21484375,-0.4189453125,1.203125,437.9539747503867,7.64226139711652,14.312056737588652,2.4730973979233,15.113475177304965,2.6161372795499203,0.0,0.0,17.296827734211,14.38646626170624,Good,11,0,2025-10-13 11:00:00+00:00,Normal
2025-10-13 11:27:41+00:00,439.40470901821413,10,21,22,24.0,64,1010.23,25.17,-0.1176798,0.0,8.8652116,-0.5162500000000001,-0.06125,-0.44625,-68.75,-40.283203125,263.720703125,mech_workshop,run_2,0,2198,0,False,False,False,0,0,0,0,0,0,439.40470901821413,21.0,22.0,10.0,0.040846466047363,-0.0147742536767057,0.0156433274223953,-0.446425,-0.2528749999999999,-0.5488,-0.21484375,-0.4189453125,1.203125,437.9641911888926,7.616086048871739,14.359154929577464,2.527414369324174,15.161971830985916,2.670132474583422,0.0,-15.0,16.76764419749827,13.926230669251977,Good,11,0,2025-10-13 11:00:00+00:00,Normal
2025-10-13 11:27:46+00:00,439.40470901821413,6,19,20,24.6,64,1010.19,25.51,-0.1569064,0.0392266,9.022118,0.11375,0.2275,0.1575,-68.75,-40.283203125,263.720703125,mech_workshop,run_2,0,2198,0,False,False,False,0,0,0,0,0,0,439.40470901821413,19.0,20.0,6.0,-0.0026072212370657,0.028679433607723,0.1894580765601109,0.183575,0.035875,0.0549499999999999,-0.21484375,-0.4189453125,1.203125,437.97426474014657,7.590177439391163,14.391608391608392,2.548224913888112,15.195804195804197,2.691297245344551,0.0,-10.0,17.335559134992266,14.407573445449534,Good,11,0,2025-10-13 11:00:00+00:00,Normal
2025-10-13 11:27:52+00:00,439.40470901821413,7,20,20,25.6,64,1010.21,25.34,-0.1569064,0.0392266,8.825985,0.21,0.42,0.0175,-69.287109375,-39.208984375,258.88671875,mech_workshop,run_2,0,2198,0,False,False,False,0,0,0,0,0,0,439.40470901821413,20.0,20.0,7.0,-0.0026072212370657,0.028679433607723,-0.0278103598620345,0.279825,0.228375,-0.08505,-0.751953125,0.6552734375,-3.630859375,437.98419838096646,7.564531075940264,14.430555555555555,2.5819512808092298,15.229166666666666,2.711588056879176,0.0,5.0,18.281930551954076,15.24176523200386,Good,11,0,2025-10-13 11:00:00+00:00,Normal
2025-10-13 11:27:57+00:00,439.40470901821413,10,24,24,25.1,64,1010.29,24.67,-0.1569064,0.0,8.8652116,-0.00875,0.175,0.37625,-68.75,-40.283203125,269.62890625,mech_workshop,run_2,0,2198,0,False,False,False,0,0,0,0,0,0,439.40470901821413,24.0,24.0,10.0,-0.0026072212370657,-0.0147742536767057,0.0156433274223953,0.061075,-0.016625,0.2736999999999999,-0.21484375,-0.4189453125,7.111328125,437.9939950060509,7.539142570840526,14.49655172413793,2.692902548910941,15.289655172413791,2.7986039212518037,0.0,20.0,17.80876882187178,14.81960239307769,Good,11,0,2025-10-13 11:00:00+00:00,Normal
2025-10-13 11:28:02+00:00,439.40470901821413,13,30,30,25.2,65,1010.27,24.84,-0.1176798,-0.0392266,8.825985,-0.0525,0.5687500000000001,0.07875,-67.67578125,-39.74609375,271.77734375,mech_workshop,run_2,0,2198,0,False,False,False,0,0,0,0,0,0,439.40470901821413,30.0,30.0,13.0,0.040846466047363,-0.0582279409611345,-0.0278103598620345,0.017325,0.3771250000000001,-0.0238,0.859375,0.1181640625,9.259765625,438.00365743079175,7.5140076383375884,14.602739726027398,2.974557520394437,15.39041095890411,3.0430775884387797,0.0,30.0,18.150231498236312,15.136080494027858,Good,11,0,2025-10-13 11:00:00+00:00,Normal
2025-10-13 11:28:08+00:00,439.40470901821413,14,32,35,25.8,65,1010.26,24.92,-0.196133,0.0,8.825985,-0.09625,0.245,-0.105,-67.67578125,-39.74609375,271.77734375,mech_workshop,run_2,0,2198,0,False,False,False,0,0,0,0,0,0,439.40470901821413,32.0,35.0,14.0,-0.0460609085214945,-0.0147742536767057,-0.0278103598620345,-0.0264249999999999,0.053375,-0.20755,0.859375,0.1181640625,9.259765625,438.0131883939715,7.489122091582523,14.72108843537415,3.2933771502470623,15.523809523809524,3.436973288829555,0.0,10.0,18.719083781040407,15.654349948873138,Good,11,0,2025-10-13 11:00:00+00:00,Normal
2025-10-13 11:28:13+00:00,439.40470901821413,15,32,36,25.3,65,1010.26,24.92,-0.1569064,0.0,8.9044382,-0.315,-0.13125,-0.385,-68.212890625,-41.357421875,258.349609375,mech_workshop,run_2,0,2198,0,False,False,False,0,0,0,0,0,0,439.40470901821413,32.0,36.0,15.0,-0.0026072212370657,-0.0147742536767057,0.0590970147068232,-0.2451749999999999,-0.322875,-0.48755,0.322265625,-1.4931640625,-4.16796875,438.0225905603516,7.464481839721472,14.83783783783784,3.57629012743169,15.66216216216216,3.8164592595293065,0.0,0.0,18.245044853797964,15.221415646567875,Good,11,0,2025-10-13 11:00:00+00:00,Normal
2025-10-13 11:28:18+00:00,439.40470901821413,17,30,33,25.9,64,1010.27,24.84,-0.196133,0.0392266,8.7867584,-0.07875,0.04375,-0.105,-67.67578125,-40.283203125,261.03515625,mech_workshop,run_2,0,2198,0,False,False,False,0,0,0,0,0,0,439.40470901821413,30.0,33.0,17.0,-0.0460609085214945,0.028679433607723,-0.0712640471464625,-0.0089249999999999,-0.1478749999999999,-0.20755,0.859375,-0.4189453125,-1.482421875,438.03186652315605,7.440082885089073,14.939597315436242,3.774430667501595,15.778523489932883,4.060098583518684,0.0,-10.0,18.56580457377341,15.500012583705388,Good,11,0,2025-10-13 11:00:00+00:00,Normal
2025-10-13 11:28:24+00:00,439.40470901821413,19,35,39,24.2,66,1010.25,25.01,-0.196133,0.0392266,8.7083052,0.07875,0.035,-0.175,-68.212890625,-41.89453125,264.2578125,mech_workshop,run_2,0,2198,0,False,False,False,0,0,0,0,0,0,439.40470901821413,35.0,39.0,19.0,-0.0460609085214945,0.028679433607723,-0.1581714217153203,0.148575,-0.156625,-0.27755,0.322265625,-2.0302734375,1.740234375,438.0410188064564,7.415921320501349,15.073333333333334,4.102866352228716,15.933333333333334,4.468632910576281,0.0,25.0,17.44374520398603,14.525270268737849,Good,11,0,2025-10-13 11:00:00+00:00,Normal
2025-10-13 11:28:29+00:00,439.40470901821413,21,39,42,24.1,66,1010.25,25.01,-0.1176798,0.0392266,8.7867584,-0.14,0.14,0.21875,-68.212890625,-41.89453125,264.2578125,mech_workshop,run_2,0,2198,0,False,False,False,0,0,0,0,0,0,439.40470901821413,39.0,42.0,21.0,0.040846466047363,0.028679433607723,-0.0712640471464625,-0.070175,-0.0516249999999999,0.1161999999999999,0.322265625,-2.0302734375,1.740234375,438.6370501999112,1.6214545441342785,15.24,4.54312667664022,16.113333333333333,4.948780158375233,0.0,20.0,17.34873523484519,14.443147101976686,Good,11,0,2025-10-13 11:00:00+00:00,Normal
2025-10-13 11:28:34+00:00,439.40470901821413,20,38,41,24.3,66,1010.28,24.76,-0.196133,0.0392266,8.8652116,0.665,0.0175,-0.21875,-68.212890625,-38.134765625,267.48046875,mech_workshop,run_2,0,2198,0,False,False,False,0,0,0,0,0,0,439.40470901821413,38.0,41.0,20.0,-0.0460609085214945,0.028679433607723,0.0156433274223953,0.7348250000000001,-0.1741249999999999,-0.3213,0.322265625,1.7294921875,4.962890625,438.66370501999114,1.6007219304650482,15.393333333333333,4.908418554578974,16.28,5.349678532648905,0.0,-5.0,17.538753376581525,14.607796511886336,Good,11,0,2025-10-13 11:00:00+00:00,Normal
2025-10-13 11:28:40+00:00,439.40470901821413,21,44,48,24.3,66,1010.25,25.01,-0.1569064,-0.0392266,8.9044382,0.0525,0.30625,0.0875,-68.75,-39.74609375,260.498046875,mech_workshop,run_2,0,2198,0,False,False,False,0,0,0,0,0,0,439.40470901821413,44.0,48.0,21.0,-0.0026072212370657,-0.0582279409611345,0.0590970147068232,0.122325,0.114625,-0.01505,-0.21484375,0.1181640625,-2.01953125,438.6903598400711,1.5792644057111267,15.586666666666666,5.435635174836057,16.493333333333332,5.943522407880311,0.0,30.0,17.538753376581525,14.607796511886336,Good,11,0,2025-10-13 11:00:00+00:00,Normal
2025-10-13 11:28:45+00:00,439.40470901821413,22,47,50,24.1,66,1010.34,24.26,-0.1569064,0.0392266,8.7867584,-0.00875,0.11375,-0.07875,-69.287109375,-40.283203125,265.869140625,mech_workshop,run_2,0,2198,0,False,False,False,0,0,0,0,0,0,439.40470901821413,47.0,50.0,22.0,-0.0026072212370657,0.028679433607723,-0.0712640471464625,0.061075,-0.0778749999999999,-0.1813,-0.751953125,-0.4189453125,3.3515625,438.71701466015105,1.5570520004536783,15.806666666666668,6.008603079083249,16.726666666666667,6.541449325961052,0.0,15.0,17.34873523484519,14.443147101976686,Good,11,0,2025-10-13 11:00:00+00:00,Abnormal
2025-10-13 11:28:51+00:00,439.40470901821413,20,41,45,24.6,66,1010.24,25.09,-0.196133,0.0,8.825985,-0.0525,-0.21875,-0.035,-68.75,-38.134765625,269.62890625,mech_workshop,run_2,0,2198,0,False,False,False,0,0,0,0,0,0,439.40470901821413,41.0,45.0,20.0,-0.0460609085214945,-0.0147742536767057,-0.0278103598620345,0.017325,-0.410375,-0.13755,-0.21484375,1.7294921875,7.111328125,438.743669480231,1.5340519240181556,15.986666666666666,6.348901153845252,16.926666666666666,6.935074424308183,0.0,-30.0,17.823767115605555,14.857810115619834,Good,11,0,2025-10-13 11:00:00+00:00,Normal
2025-10-13 11:28:56+00:00,439.40470901821413,16,34,38,24.0,66,1010.28,24.76,-0.2353596,0.0392266,8.7867584,0.0175,-0.07,0.07875,-68.75,-38.134765625,269.62890625,mech_workshop,run_2,0,2198,0,False,False,False,0,0,0,0,0,0,439.40470901821413,34.0,38.0,16.0,-0.0895145958059233,0.028679433607723,-0.0712640471464625,0.087325,-0.261625,-0.0238,-0.21484375,1.7294921875,7.111328125,438.77032430031096,1.5102281892307294,16.12,6.514743217858314,17.08,7.143326542582224,0.0,-35.0,17.25372346910806,14.361425377666103,Good,11,0,2025-10-13 11:00:00+00:00,Normal
2025-10-13 11:29:01+00:00,439.40470901821413,14,29,31,24.3,66,1010.24,25.09,-0.196133,-0.0392266,8.7867584,0.11375,-0.20125,-0.21875,-67.67578125,-38.671875,258.349609375,mech_workshop,run_2,0,2198,0,False,False,False,0,0,0,0,0,0,439.40470901821413,29.0,31.0,14.0,-0.0460609085214945,-0.0582279409611345,-0.0712640471464625,0.183575,-0.392875,-0.3213,0.859375,1.1923828125,-4.16796875,438.7969791203909,1.4855411694082288,16.226666666666667,6.593821255327112,17.19333333333333,7.228482687859192,0.0,-25.0,17.538753376581525,14.607796511886336,Good,11,0,2025-10-13 11:00:00+00:00,Normal
2025-10-13 11:29:07+00:00,439.40470901821413,12,25,27,24.3,66,1010.3,24.59,-0.1176798,0.0392266,8.9044382,0.245,-0.21875,0.3325,-69.82421875,-40.283203125,264.2578125,mech_workshop,run_2,0,2198,0,False,False,False,0,0,0,0,0,0,439.40470901821413,25.0,27.0,12.0,0.040846466047363,0.028679433607723,0.0590970147068232,0.314825,-0.410375,0.22995,-1.2890625,-0.4189453125,1.740234375,438.82363394047087,1.4599470719730654,16.313333333333333,6.623262509064708,17.28,7.267764627763046,0.0,-20.0,17.538753376581525,14.607796511886336,Good,11,0,2025-10-13 11:00:00+00:00,Normal
2025-10-13 11:29:12+00:00,439.40470901821413,10,22,23,24.2,66,1010.21,25.34,-0.0784532,0.0784532,8.8652116,0.28875,-0.09625,0.6562500000000001,-68.212890625,-39.74609375,263.720703125,mech_workshop,run_2,0,2198,0,False,False,False,0,0,0,0,0,0,439.40470901821413,22.0,23.0,10.0,0.0843001533317918,0.0721331208921518,0.0156433274223953,0.358575,-0.287875,0.5537000000000001,0.322265625,0.1181640625,1.203125,438.8502887605508,1.433397308639515,16.373333333333335,6.633802665711898,17.333333333333332,7.280263534822438,0.0,-15.0,17.44374520398603,14.525270268737849,Good,11,0,2025-10-13 11:00:00+00:00,Normal
2025-10-13 11:29:17+00:00,439.40470901821413,10,21,21,24.1,66,1010.27,24.84,-0.1176798,0.0784532,8.9436648,0.21,0.0175,-0.28875,-68.212890625,-39.74609375,237.939453125,mech_workshop,run_2,0,2198,0,False,False,False,0,0,0,0,0,0,439.40470901821413,21.0,21.0,10.0,0.040846466047363,0.0721331208921518,0.1025507019912531,0.279825,-0.1741249999999999,-0.3913,0.322265625,0.1181640625,-24.578125,438.8849400266548,1.382311241740539,16.413333333333334,6.643548282413597,17.366666666666667,7.2855623217785315,0.0,-5.0,17.34873523484519,14.443147101976686,Good,11,0,2025-10-13 11:00:00+00:00,Normal
2025-10-13 11:29:23+00:00,439.40470901821413,8,19,20,24.1,66,1010.27,24.84,-0.1569064,0.0392266,8.825985,-0.32375,-0.13125,0.2625,-66.6015625,-39.74609375,237.939453125,mech_workshop,run_2,0,2198,0,False,False,False,0,0,0,0,0,0,439.40470901821413,19.0,20.0,8.0,-0.0026072212370657,0.028679433607723,-0.0278103598620345,-0.2539249999999999,-0.322875,0.1599499999999999,1.93359375,0.1181640625,-24.578125,438.9195912927588,1.3283536262111513,16.446666666666665,6.643901848111382,17.4,7.2860996645769,0.0,-10.0,17.34873523484519,14.443147101976686,Good,11,0,2025-10-13 11:00:00+00:00,Normal
2025-10-13 11:29:28+00:00,439.40470901821413,7,19,19,24.0,66,1010.24,25.09,-0.1569064,0.0,8.8652116,0.0875,0.11375,0.34125,-69.287109375,-39.208984375,260.498046875,mech_workshop,run_2,0,2198,0,False,False,False,0,0,0,0,0,0,439.40470901821413,19.0,19.0,7.0,-0.0026072212370657,-0.0147742536767057,0.0156433274223953,0.157325,-0.0778749999999999,0.2386999999999999,-0.751953125,0.6552734375,-2.01953125,438.9462461128387,1.2971337494288482,16.473333333333333,6.646083437328216,17.42,7.286348364113635,0.0,0.0,17.25372346910806,14.361425377666103,Good,11,0,2025-10-13 11:00:00+00:00,Normal
2025-10-13 11:29:33+00:00,439.40470901821413,6,18,18,24.9,66,1010.29,24.67,-0.1176798,0.0392266,8.9436648,-0.07875,0.06125,0.245,-69.287109375,-40.283203125,266.943359375,mech_workshop,run_2,0,2198,0,False,False,False,0,0,0,0,0,0,439.40470901821413,18.0,18.0,6.0,0.040846466047363,0.028679433607723,0.1025507019912531,-0.0089249999999999,-0.130375,0.1424499999999999,-0.751953125,-0.4189453125,4.42578125,438.9729009329187,1.2645782206106055,16.506666666666668,6.641082901372961,17.446666666666665,7.281065511916116,0.0,-5.0,18.10876468755585,15.11151071953829,Good,11,0,2025-10-13 11:00:00+00:00,Normal
2025-10-13 11:29:39+00:00,439.40470901821413,5,17,17,24.7,66,1010.26,24.92,-0.1569064,0.0784532,8.9828914,0.07,0.20125,0.32375,-67.67578125,-40.8203125,247.607421875,mech_workshop,run_2,0,2198,0,False,False,False,0,0,0,0,0,0,439.40470901821413,17.0,17.0,5.0,-0.0026072212370657,0.0721331208921518,0.146004389275681,0.139825,0.009625,0.2211999999999999,0.859375,-0.9560546875,-14.91015625,438.9995557529987,1.2305810386457066,16.54,6.630851221333737,17.473333333333333,7.271989717532715,0.0,-5.0,17.918768102529246,14.941965105884066,Good,11,0,2025-10-13 11:00:00+00:00,Normal
2025-10-13 11:29:44+00:00,439.40470901821413,6,18,18,24.9,66,1010.19,25.51,-0.1176798,0.0,8.825985,-0.21,0.28875,0.0175,-67.67578125,-40.8203125,247.607421875,mech_workshop,run_2,0,2198,0,False,False,False,0,0,0,0,0,0,439.40470901821413,18.0,18.0,6.0,0.040846466047363,-0.0147742536767057,-0.0278103598620345,-0.140175,0.097125,-0.08505,0.859375,-0.9560546875,-14.91015625,439.02621057307863,1.1950191688012062,16.586666666666666,6.616216265614215,17.513333333333332,7.25816981633621,0.0,5.0,18.10876468755585,15.11151071953829,Good,11,0,2025-10-13 11:00:00+00:00,Normal
2025-10-13 11:29:49+00:00,439.40470901821413,6,18,18,24.6,66,1010.26,24.92,-0.1176798,-0.0392266,8.825985,-0.5337500000000001,0.3325,-0.37625,-68.212890625,-40.283203125,265.33203125,mech_workshop,run_2,0,2198,0,False,False,False,0,0,0,0,0,0,439.40470901821413,18.0,18.0,6.0,0.040846466047363,-0.0582279409611345,-0.0278103598620345,-0.463925,0.140875,-0.4788,0.322265625,-0.4189453125,2.814453125,439.0528653931587,1.1577484352943967,16.626666666666665,6.6064303296276226,17.546666666666667,7.248778343420066,0.0,0.0,17.823767115605555,14.857810115619834,Good,11,0,2025-10-13 11:00:00+00:00,Normal
2025-10-13 11:29:55+00:00,439.40470901821413,6,18,18,24.4,66,1010.28,24.76,-0.1176798,0.0,8.9044382,-0.41125,0.32375,0.21,-69.82421875,-39.74609375,268.017578125,mech_workshop,run_2,0,2198,0,False,False,False,0,0,0,0,0,0,439.40470901821413,18.0,18.0,6.0,0.040846466047363,-0.0147742536767057,0.0590970147068232,-0.341425,0.132125,0.1074499999999999,-1.2890625,0.1181640625,5.5,439.0701910262106,1.143251535052606,16.673333333333332,6.591123445771968,17.586666666666666,7.234505930790283,0.0,0.0,17.633759752682646,14.69072747046134,Good,11,0,2025-10-13 11:00:00+00:00,Normal
2025-10-13 11:30:00+00:00,439.40470901821413,5,15,15,0.0,0,1010.27,24.84,-0.2353596,0.0,8.9436648,-0.46375,0.11375,-0.46375,-67.138671875,-38.671875,259.423828125,mech_workshop,run_2,0,2198,0,False,False,False,0,0,0,0,0,0,439.40470901821413,15.0,15.0,5.0,-0.0895145958059233,-0.0147742536767057,0.1025507019912531,-0.3939249999999999,-0.0778749999999999,-0.5663,1.396484375,1.1923828125,-3.09375,439.0875166592626,1.1283006341500263,16.706666666666667,6.569756481309918,17.613333333333333,7.217416171793612,0.0,-15.0,-96.07763018544566,0.0,Good,11,0,2025-10-13 11:00:00+00:00,Normal
2025-10-13 11:30:05+00:00,439.40470901821413,5,13,13,24.5,66,1010.21,25.34,-0.2353596,0.0,8.8652116,-0.6475000000000001,0.14,0.315,-67.67578125,-40.283203125,251.904296875,mech_workshop,run_2,0,2198,0,False,False,False,0,0,0,0,0,0,439.40470901821413,13.0,13.0,5.0,-0.0895145958059233,-0.0147742536767057,0.0156433274223953,-0.577675,-0.0516249999999999,0.2124499999999999,0.859375,-0.4189453125,-10.61328125,439.1048422923146,1.1128774349838608,16.713333333333335,6.56545429933067,17.62,7.212656660855451,0.0,-10.0,17.728764332340337,14.774064788614462,Good,11,0,2025-10-13 11:00:00+00:00,Normal
2025-10-13 11:30:11+00:00,438.005330964016,6,13,14,24.4,66,1010.16,25.76,-0.0392266,0.0,8.9436648,0.1925,0.02625,0.34125,-67.67578125,-40.283203125,251.904296875,mech_workshop,run_2,0,2191,0,False,False,False,0,0,0,0,0,0,438.005330964016,13.0,14.0,6.0,0.1277538406162206,-0.0147742536767057,0.1025507019912531,0.262325,-0.165375,0.2386999999999999,0.859375,-0.4189453125,-10.61328125,439.1128387383385,1.1004878856628435,16.713333333333335,6.56545429933067,17.626666666666665,7.208818859648949,-6.996890270990548,0.0,17.633759752682646,14.69072747046134,Good,11,0,2025-10-13 11:00:00+00:00,Normal
2025-10-13 11:30:16+00:00,439.40470901821413,6,13,14,24.1,66,1010.26,24.92,-0.0784532,0.0392266,8.9044382,0.16625,0.20125,1.0850000000000002,-69.82421875,-40.8203125,258.88671875,mech_workshop,run_2,0,2198,0,False,False,False,0,0,0,0,0,0,439.40470901821413,13.0,14.0,6.0,0.0843001533317918,0.028679433607723,0.0590970147068232,0.236075,0.009625,0.9824500000000002,-1.2890625,-0.9560546875,-3.630859375,439.1301643713905,1.0842620162073646,16.706666666666667,6.568734840509375,17.626666666666665,7.208818859648949,6.996890270990548,0.0,17.34873523484519,14.443147101976686,Good,11,0,2025-10-13 11:00:00+00:00,Normal
2025-10-13 11:30:21+00:00,439.40470901821413,5,13,14,24.9,66,1010.2,25.42,-0.1176798,0.0,8.8652116,-0.21875,0.49875,0.0,-69.287109375,-39.74609375,263.18359375,mech_workshop,run_2,0,2198,0,False,False,False,0,0,0,0,0,0,439.40470901821413,13.0,14.0,5.0,0.040846466047363,-0.0147742536767057,0.0156433274223953,-0.1489249999999999,0.307125,-0.10255,-0.751953125,0.1181640625,0.666015625,439.1474900044425,1.067506566133969,16.7,6.572006936072516,17.626666666666665,7.208818859648949,0.0,0.0,18.10876468755585,15.11151071953829,Good,11,0,2025-10-13 11:00:00+00:00,Normal
2025-10-13 11:30:27+00:00,439.40470901821413,4,13,14,24.0,66,1010.22,25.26,-0.2353596,0.0392266,8.9436648,-1.05875,0.25375,-0.44625,-69.287109375,-40.8203125,263.720703125,mech_workshop,run_2,0,2198,0,False,False,False,0,0,0,0,0,0,439.40470901821413,13.0,14.0,4.0,-0.0895145958059233,0.028679433607723,0.1025507019912531,-0.988925,0.0621249999999999,-0.5488,-0.751953125,-0.9560546875,1.203125,439.1648156374944,1.050196188022939,16.69333333333333,6.575270598628636,17.626666666666665,7.208818859648949,0.0,0.0,17.25372346910806,14.361425377666103,Good,11,0,2025-10-13 11:00:00+00:00,Normal
2025-10-13 11:30:32+00:00,439.40470901821413,6,14,16,24.1,66,1010.2,25.42,-0.3138128,-0.0784532,8.8652116,0.28875,-0.06125,-0.6825000000000001,-68.75,-39.74609375,271.77734375,mech_workshop,run_2,0,2198,0,False,False,False,0,0,0,0,0,0,439.40470901821413,14.0,16.0,6.0,-0.1764219703747809,-0.1016816282455633,0.0156433274223953,0.358575,-0.2528749999999999,-0.7850500000000001,-0.21484375,0.1181640625,9.259765625,439.1821412705464,1.0323029659873977,16.69333333333333,6.575270598628636,17.64,7.203913925008137,0.0,5.0,17.34873523484519,14.443147101976686,Good,11,0,2025-10-13 11:00:00+00:00,Normal
2025-10-13 11:30:37+00:00,439.40470901821413,7,15,16,24.5,66,1010.26,24.92,-0.1176798,0.0392266,8.8652116,0.385,0.2275,0.8225000000000001,-68.75,-39.74609375,271.77734375,mech_workshop,run_2,0,2198,0,False,False,False,0,0,0,0,0,0,439.40470901821413,15.0,16.0,7.0,0.040846466047363,0.028679433607723,0.0156433274223953,0.454825,0.035875,0.7199500000000001,-0.21484375,0.1181640625,9.259765625,439.1994669035984,1.0137960393908327,16.706666666666667,6.569756481309918,17.66,7.1951045997499055,0.0,5.0,17.728764332340337,14.774064788614462,Good,11,0,2025-10-13 11:00:00+00:00,Normal
2025-10-13 11:30:43+00:00,439.40470901821413,6,15,17,24.4,66,1010.24,25.09,-0.0784532,0.1176798,8.9044382,-0.175,0.1225,0.49875,-68.212890625,-39.74609375,257.8125,mech_workshop,run_2,0,2198,0,False,False,False,0,0,0,0,0,0,439.40470901821413,15.0,17.0,6.0,0.0843001533317918,0.1155868081765806,0.0590970147068232,-0.1051749999999999,-0.0691249999999999,0.3962,0.322265625,0.1181640625,-4.705078125,439.2167925366504,0.994641151889662,16.713333333333335,6.567498442647967,17.68,7.189029673815979,0.0,0.0,17.633759752682646,14.69072747046134,Good,11,0,2025-10-13 11:00:00+00:00,Normal
2025-10-13 11:30:48+00:00,439.40470901821413,7,18,19,24.5,66,1010.21,25.34,-0.1176798,0.0392266,8.8652116,0.04375,0.35875,-0.21875,-68.75,-39.208984375,262.109375,mech_workshop,run_2,0,2198,0,False,False,False,0,0,0,0,0,0,439.40470901821413,18.0,19.0,7.0,0.040846466047363,0.028679433607723,0.0156433274223953,0.113575,0.167125,-0.3213,-0.21484375,0.6552734375,-0.408203125,439.2341181697023,0.9748001068064897,16.746666666666666,6.56121067018984,17.72,7.17950102021922,0.0,15.0,17.728764332340337,14.774064788614462,Good,11,0,2025-10-13 11:00:00+00:00,Normal
2025-10-13 11:30:53+00:00,439.40470901821413,6,16,16,24.6,65,1010.23,25.17,-0.1569064,-0.0392266,8.7083052,-0.2625,0.09625,-0.7175,-67.67578125,-39.208984375,270.703125,mech_workshop,run_2,0,2198,0,False,False,False,0,0,0,0,0,0,439.40470901821413,16.0,16.0,6.0,-0.0026072212370657,-0.0582279409611345,-0.1581714217153203,-0.1926749999999999,-0.0953749999999999,-0.8200500000000001,0.859375,0.6552734375,8.185546875,439.2514438027543,0.9542301038414098,16.753333333333334,6.559931930677564,17.726666666666667,7.177422343632942,0.0,-10.0,17.581312369492483,14.632691780534683,Good,11,0,2025-10-13 11:00:00+00:00,Normal
2025-10-13 11:30:59+00:00,439.40470901821413,5,15,15,24.1,65,1010.26,24.92,-0.196133,-0.0392266,8.8652116,-0.49,0.35,0.2975,-67.67578125,-39.208984375,270.703125,mech_workshop,run_2,0,2198,0,False,False,False,0,0,0,0,0,0,439.40470901821413,15.0,15.0,5.0,-0.0460609085214945,-0.0582279409611345,0.0156433274223953,-0.4201749999999999,0.158375,0.1949499999999999,0.859375,0.6552734375,8.185546875,439.2687694358063,0.9328829238302774,16.753333333333334,6.559931930677564,17.726666666666667,7.177422343632942,0.0,-5.0,17.107162024167675,14.224311539825525,Good,11,0,2025-10-13 11:00:00+00:00,Normal
2025-10-13 11:31:04+00:00,439.40470901821413,5,15,15,24.8,65,1010.26,24.92,-0.196133,0.0,8.8652116,-0.02625,0.23625,0.28875,-67.67578125,-39.208984375,270.703125,mech_workshop,run_2,0,2198,0,False,False,False,0,0,0,0,0,0,439.40470901821413,15.0,15.0,5.0,-0.0460609085214945,-0.0147742536767057,0.0156433274223953,0.043575,0.044625,0.1861999999999999,0.859375,0.6552734375,8.185546875,439.2860950688583,0.9107039166055896,16.753333333333334,6.559931930677564,17.726666666666667,7.177422343632942,0.0,0.0,17.770959507127706,14.79885670048727,Good,11,0,2025-10-13 11:00:00+00:00,Normal
2025-10-13 11:31:09+00:00,439.40470901821413,5,15,15,24.6,65,1010.2,25.42,-0.1176798,0.0392266,8.9044382,-0.49875,0.175,0.14,-69.287109375,-40.283203125,260.498046875,mech_workshop,run_2,0,2198,0,False,False,False,0,0,0,0,0,0,439.40470901821413,15.0,15.0,5.0,0.040846466047363,0.028679433607723,0.0590970147068232,-0.428925,-0.016625,0.0374499999999999,-0.751953125,-0.4189453125,-2.01953125,439.3034207019102,0.8876307303812151,16.746666666666666,6.56121067018984,17.706666666666667,7.180834546727281,0.0,0.0,17.581312369492483,14.632691780534683,Good,11,0,2025-10-13 11:00:00+00:00,Normal
2025-10-13 11:31:15+00:00,439.40470901821413,4,14,14,24.0,65,1010.21,25.34,-0.1569064,0.0392266,8.825985,-0.0175,0.14875,0.09625,-68.75,-39.208984375,263.720703125,mech_workshop,run_2,0,2198,0,False,False,False,0,0,0,0,0,0,439.40470901821413,14.0,14.0,4.0,-0.0026072212370657,0.028679433607723,-0.0278103598620345,0.052325,-0.0428749999999999,-0.0063,-0.21484375,0.6552734375,1.203125,439.3207463349622,0.863591696904916,16.746666666666666,6.56121067018984,17.686666666666667,7.186991106388745,0.0,-5.0,17.012326383025616,14.143828023459038,Good,11,0,2025-10-13 11:00:00+00:00,Normal
2025-10-13 11:31:20+00:00,439.40470901821413,5,14,15,24.3,65,1010.26,24.92,-0.1176798,-0.0392266,8.825985,-0.2975,-0.105,-0.6212500000000001,-68.75,-38.671875,261.572265625,mech_workshop,run_2,0,2198,0,False,False,False,0,0,0,0,0,0,439.40470901821413,14.0,15.0,5.0,0.040846466047363,-0.0582279409611345,-0.0278103598620345,-0.2276749999999999,-0.2966249999999999,-0.7238000000000001,-0.21484375,1.1923828125,-0.9453125,439.3300755219902,0.8568182099875349,16.753333333333334,6.5578854288207244,17.673333333333332,7.190128081922593,0.0,0.0,17.296827734211,14.38646626170624,Good,11,0,2025-10-13 11:00:00+00:00,Normal
2025-10-13 11:31:25+00:00,440.6041759218125,4,12,14,24.0,65,1010.22,25.26,-0.1569064,0.0392266,8.9044382,-0.00875,0.0875,0.16625,-68.75,-38.671875,261.572265625,mech_workshop,run_2,0,2204,0,False,False,False,0,0,0,0,0,0,440.6041759218125,12.0,14.0,4.0,-0.0026072212370657,0.028679433607723,0.0590970147068232,0.061075,-0.104125,0.0636999999999999,-0.21484375,1.1923828125,-0.9453125,439.3474011550422,0.8561261132669429,16.746666666666666,6.562233482390347,17.666666666666668,7.193086414747312,5.997334517991817,-10.0,17.012326383025616,14.143828023459038,Good,11,0,2025-10-13 11:00:00+00:00,Normal
2025-10-13 11:31:31+00:00,439.40470901821413,4,12,13,24.6,65,1010.25,25.01,-0.196133,0.0,8.9044382,-0.25375,0.3325,-0.035,-68.212890625,-39.74609375,266.40625,mech_workshop,run_2,0,2198,0,False,False,False,0,0,0,0,0,0,439.40470901821413,12.0,13.0,4.0,-0.0460609085214945,-0.0147742536767057,0.0590970147068232,-0.1839249999999999,0.140875,-0.13755,0.322265625,0.1181640625,3.888671875,439.35673034207025,0.8489982770267582,16.733333333333334,6.569879067529988,17.64666666666667,7.201916846505663,-5.997334517991817,0.0,17.581312369492483,14.632691780534683,Good,11,0,2025-10-13 11:00:00+00:00,Normal
2025-10-13 11:31:36+00:00,439.40470901821413,5,12,13,24.1,65,1010.26,24.92,-0.1569064,0.1176798,8.8652116,0.42,0.14875,0.49875,-69.287109375,-39.74609375,258.88671875,mech_workshop,run_2,0,2198,0,False,False,False,0,0,0,0,0,0,439.40470901821413,12.0,13.0,5.0,-0.0026072212370657,0.1155868081765806,0.0156433274223953,0.489825,-0.0428749999999999,0.3962,-0.751953125,0.1181640625,-3.630859375,439.36605952909815,0.8417060004966372,16.72,6.577488556029421,17.626666666666665,7.210680618971713,0.0,0.0,17.107162024167675,14.224311539825525,Good,11,0,2025-10-13 11:00:00+00:00,Normal
2025-10-13 11:31:41+00:00,439.40470901821413,5,12,13,24.6,65,1010.23,25.17,-0.1569064,-0.0392266,8.8652116,-0.8137500000000001,0.02625,0.69125,-68.75,-40.283203125,265.869140625,mech_workshop,run_2,0,2198,0,False,False,False,0,0,0,0,0,0,439.40470901821413,12.0,13.0,5.0,-0.0026072212370657,-0.0582279409611345,0.0156433274223953,-0.7439250000000001,-0.165375,0.5887,-0.21484375,-0.4189453125,3.3515625,439.3753887161261,0.8342449714864841,16.713333333333335,6.581789669783646,17.613333333333333,7.217416171793613,0.0,0.0,17.581312369492483,14.632691780534683,Good,11,0,2025-10-13 11:00:00+00:00,Normal
2025-10-13 11:31:47+00:00,440.6041759218125,5,12,13,24.2,64,1010.25,25.01,-0.1569064,0.0,8.9436648,-0.11375,-0.175,-0.28,-69.287109375,-39.74609375,298.6328125,mech_workshop,run_2,0,2204,0,False,False,False,0,0,0,0,0,0,440.6041759218125,12.0,13.0,5.0,-0.0026072212370657,-0.0147742536767057,0.1025507019912531,-0.0439249999999999,-0.366625,-0.38255,-0.751953125,0.1181640625,36.115234375,439.3927143491781,0.8325854020881183,16.7,6.58934466295764,17.6,7.224120670579031,5.997334517991817,0.0,16.956956851694954,14.08511056362458,Good,11,0,2025-10-13 11:00:00+00:00,Normal
2025-10-13 11:31:52+00:00,439.40470901821413,5,12,13,24.0,65,1010.19,25.51,-0.1569064,-0.0392266,8.9828914,-0.21875,0.06125,0.1225,-69.287109375,-39.74609375,298.6328125,mech_workshop,run_2,0,2198,0,False,False,False,0,0,0,0,0,0,439.40470901821413,12.0,13.0,5.0,-0.0026072212370657,-0.0582279409611345,0.146004389275681,-0.1489249999999999,-0.130375,0.0199499999999999,-0.751953125,0.1181640625,36.115234375,439.40204353620607,0.8247384188470814,16.68,6.599084744348057,17.58,7.23272763162616,-5.997334517991817,0.0,17.012326383025616,14.143828023459038,Good,11,0,2025-10-13 11:00:00+00:00,Normal
2025-10-13 11:31:57+00:00,440.6041759218125,5,12,14,24.7,64,1010.2,25.42,-0.1569064,0.0392266,8.825985,0.32375,0.105,0.16625,-68.75,-39.74609375,262.109375,mech_workshop,run_2,0,2204,0,False,False,False,0,0,0,0,0,0,440.6041759218125,12.0,14.0,5.0,-0.0026072212370657,0.028679433607723,-0.0278103598620345,0.393575,-0.086625,0.0636999999999999,-0.21484375,0.1181640625,-0.408203125,439.41936916925806,0.822494630234592,16.666666666666668,6.606552235355349,17.573333333333334,7.23558197607065,5.997334517991817,0.0,17.430204909261906,14.48917828449364,Good,11,0,2025-10-13 11:00:00+00:00,Normal
2025-10-13 11:32:03+00:00,439.40470901821413,4,11,13,24.0,64,1010.23,25.17,-0.3138128,0.0784532,8.7867584,0.11375,0.14875,0.805,-69.287109375,-40.8203125,263.18359375,mech_workshop,run_2,0,2198,0,False,False,False,0,0,0,0,0,0,439.40470901821413,11.0,13.0,4.0,-0.1764219703747809,0.0721331208921518,-0.0712640471464625,0.183575,-0.0428749999999999,0.70245,-0.751953125,-0.9560546875,0.666015625,439.428698356286,0.8142430540634652,16.653333333333332,6.616013384933536,17.566666666666666,7.239356145744018,-5.997334517991817,-5.0,16.76764419749827,13.926230669251977,Good,11,0,2025-10-13 11:00:00+00:00,Normal
2025-10-13 11:32:08+00:00,439.40470901821413,4,12,14,24.3,65,1010.2,25.42,-0.1569064,0.0784532,8.9044382,0.28875,-0.07,0.11375,-69.82421875,-39.208984375,259.423828125,mech_workshop,run_2,0,2198,0,False,False,False,0,0,0,0,0,0,439.40470901821413,12.0,14.0,4.0,-0.0026072212370657,0.0721331208921518,0.0590970147068232,0.358575,-0.261625,0.0111999999999999,-1.2890625,0.6552734375,-3.09375,439.4380275433141,0.8057982686238904,16.64666666666667,6.620221885073512,17.566666666666666,7.239356145744018,0.0,5.0,17.296827734211,14.38646626170624,Good,11,0,2025-10-13 11:00:00+00:00,Normal
2025-10-13 11:32:13+00:00,439.40470901821413,4,12,13,24.0,65,1010.19,25.51,-0.0392266,0.0392266,8.825985,-0.1225,0.14,0.7875000000000001,-69.82421875,-39.208984375,259.423828125,mech_workshop,run_2,0,2198,0,False,False,False,0,0,0,0,0,0,439.40470901821413,12.0,13.0,4.0,0.1277538406162206,0.028679433607723,-0.0278103598620345,-0.0526749999999999,-0.0516249999999999,0.6849500000000001,-1.2890625,0.6552734375,-3.09375,439.4473567303421,0.7971541335555623,16.633333333333333,6.627598051210684,17.553333333333335,7.245953896811678,0.0,0.0,17.012326383025616,14.143828023459038,Good,11,0,2025-10-13 11:00:00+00:00,Normal
2025-10-13 11:32:19+00:00,440.6041759218125,5,14,14,24.2,65,1010.22,25.26,-0.1176798,0.0784532,8.9044382,0.0525,0.3325,-0.175,-69.82421875,-39.208984375,259.423828125,mech_workshop,run_2,0,2204,0,False,False,False,0,0,0,0,0,0,440.6041759218125,14.0,14.0,5.0,0.040846466047363,0.0721331208921518,0.0590970147068232,0.122325,0.140875,-0.27755,-1.2890625,0.6552734375,-3.09375,439.4646823633941,0.7938374974486313,16.633333333333333,6.627598051210684,17.546666666666667,7.248778343420067,5.997334517991817,10.0,17.20199580787795,14.305190416181214,Good,11,0,2025-10-13 11:00:00+00:00,Normal
2025-10-13 11:32:24+00:00,440.6041759218125,5,13,14,24.4,65,1010.26,24.92,-0.2353596,0.0,8.8652116,-0.4375,0.1925,-0.6300000000000001,-69.287109375,-39.74609375,262.109375,mech_workshop,run_2,0,2204,0,False,False,False,0,0,0,0,0,0,440.6041759218125,13.0,14.0,5.0,-0.0895145958059233,-0.0147742536767057,0.0156433274223953,-0.367675,0.000875,-0.7325500000000001,-0.751953125,0.1181640625,-0.408203125,439.4820079964461,0.79012457733954,16.62,6.632915683905433,17.54,7.251595519876478,0.0,-5.0,17.391657803221396,14.468140690605864,Good,11,0,2025-10-13 11:00:00+00:00,Normal
2025-10-13 11:32:29+00:00,440.6041759218125,6,14,15,24.0,65,1010.25,25.01,-0.1569064,0.0392266,8.7867584,-0.4025,0.0875,-0.34125,-69.82421875,-39.74609375,262.646484375,mech_workshop,run_2,0,2204,0,False,False,False,0,0,0,0,0,0,440.6041759218125,14.0,15.0,6.0,-0.0026072212370657,0.028679433607723,-0.0712640471464625,-0.332675,-0.104125,-0.4438,-1.2890625,0.1181640625,0.12890625,439.4993336294981,0.786009757398827,16.606666666666666,6.636179731725728,17.533333333333335,7.253480226174114,0.0,5.0,17.012326383025616,14.143828023459038,Good,11,0,2025-10-13 11:00:00+00:00,Normal
2025-10-13 11:32:35+00:00,440.6041759218125,5,13,14,24.6,65,1010.28,24.76,-0.1176798,0.0,8.8652116,0.3325,-0.2275,0.42875,-69.287109375,-40.8203125,236.865234375,mech_workshop,run_2,0,2204,0,False,False,False,0,0,0,0,0,0,440.6041759218125,13.0,14.0,5.0,0.040846466047363,-0.0147742536767057,0.0156433274223953,0.402325,-0.4191249999999999,0.3262,-0.751953125,-0.9560546875,-25.65234375,439.5166592625499,0.7814866891931257,16.573333333333334,6.641689227461901,17.5,7.258182145254504,0.0,-5.0,17.581312369492483,14.632691780534683,Good,11,0,2025-10-13 11:00:00+00:00,Normal
2025-10-13 11:32:40+00:00,440.6041759218125,6,13,14,24.0,65,1010.18,25.59,-0.196133,0.0392266,8.8652116,-0.1575,0.02625,0.00875,-69.287109375,-40.8203125,236.865234375,mech_workshop,run_2,0,2204,0,False,False,False,0,0,0,0,0,0,440.6041759218125,13.0,14.0,6.0,-0.0460609085214945,0.028679433607723,0.0156433274223953,-0.0876749999999999,-0.165375,-0.0938,-0.751953125,-0.9560546875,-25.65234375,439.5339848956019,0.7765482391298022,16.553333333333335,6.64794126346688,17.466666666666665,7.262727007083382,0.0,0.0,17.012326383025616,14.143828023459038,Good,11,0,2025-10-13 11:00:00+00:00,Normal
2025-10-13 11:32:45+00:00,440.6041759218125,5,13,14,24.8,65,1010.24,25.09,-0.1569064,-0.0392266,8.9044382,-0.1925,0.04375,0.09625,-67.67578125,-38.134765625,273.388671875,mech_workshop,run_2,0,2204,0,False,False,False,0,0,0,0,0,0,440.6041759218125,13.0,14.0,5.0,-0.0026072212370657,-0.0582279409611345,0.0590970147068232,-0.1226749999999999,-0.1478749999999999,-0.0063,0.859375,1.7294921875,10.87109375,439.551310528654,0.7711864273020201,16.54,6.653081236005309,17.44,7.268097061771317,0.0,0.0,17.770959507127706,14.79885670048727,Good,11,0,2025-10-13 11:00:00+00:00,Normal
2025-10-13 11:32:51+00:00,440.6041759218125,6,14,15,24.6,65,1010.22,25.26,-0.0784532,0.0392266,8.9044382,-0.8575,0.4375,0.7175,-66.064453125,-39.208984375,256.201171875,mech_workshop,run_2,0,2204,0,False,False,False,0,0,0,0,0,0,440.6041759218125,14.0,15.0,6.0,0.0843001533317918,0.028679433607723,0.0590970147068232,-0.787675,0.245875,0.61495,2.470703125,0.6552734375,-6.31640625,439.568636161706,0.7653923564184623,16.54,6.653081236005309,17.426666666666666,7.270743679055976,0.0,5.0,17.581312369492483,14.632691780534683,Good,11,0,2025-10-13 11:00:00+00:00,Normal
2025-10-13 11:32:56+00:00,439.40470901821413,4,13,14,24.4,65,1010.27,24.84,0.0,-0.0392266,8.9436648,0.35875,0.245,0.27125,-68.75,-39.74609375,266.943359375,mech_workshop,run_2,0,2198,0,False,False,False,0,0,0,0,0,0,439.40470901821413,13.0,14.0,4.0,0.1712075279006494,-0.0582279409611345,0.1025507019912531,0.428575,0.053375,0.1686999999999999,-0.21484375,0.1181640625,4.42578125,439.5779653487339,0.7546628534666663,16.533333333333335,6.656143820507797,17.406666666666666,7.276049398855545,-5.997334517991817,-5.0,17.391657803221396,14.468140690605864,Good,11,0,2025-10-13 11:00:00+00:00,Normal
2025-10-13 11:33:02+00:00,439.40470901821413,5,14,15,24.3,65,1010.19,25.51,-0.1569064,0.0392266,8.8652116,-0.07875,0.07875,-0.04375,-67.138671875,-39.208984375,264.2578125,mech_workshop,run_2,0,2198,0,False,False,False,0,0,0,0,0,0,439.40470901821413,14.0,15.0,5.0,-0.0026072212370657,0.028679433607723,0.0156433274223953,-0.0089249999999999,-0.1128749999999999,-0.1463,1.396484375,0.6552734375,1.740234375,439.5872945357618,0.7436607760544414,16.533333333333335,6.656143820507797,17.393333333333334,7.278631653491168,0.0,5.0,17.296827734211,14.38646626170624,Good,11,0,2025-10-13 11:00:00+00:00,Normal
2025-10-13 11:33:07+00:00,440.6041759218125,6,15,15,24.6,64,1010.21,25.34,-0.1569064,0.0,8.8652116,-0.175,-0.07,-0.16625,-67.138671875,-39.208984375,264.2578125,mech_workshop,run_2,0,2204,0,False,False,False,0,0,0,0,0,0,440.6041759218125,15.0,15.0,6.0,-0.0026072212370657,-0.0147742536767057,0.0156433274223953,-0.1051749999999999,-0.261625,-0.2688,1.396484375,0.6552734375,1.740234375,439.6046201688139,0.7367991881417648,16.54,6.654089926629927,17.386666666666667,7.280374157604838,5.997334517991817,5.0,17.335559134992266,14.407573445449534,Good,11,0,2025-10-13 11:00:00+00:00,Normal
2025-10-13 11:33:12+00:00,440.6041759218125,4,15,15,24.2,64,1010.26,24.92,-0.1569064,0.0784532,8.825985,0.1575,0.14875,0.315,-67.138671875,-39.208984375,268.017578125,mech_workshop,run_2,0,2204,0,False,False,False,0,0,0,0,0,0,440.6041759218125,15.0,15.0,4.0,-0.0026072212370657,0.0721331208921518,-0.0278103598620345,0.227325,-0.0428749999999999,0.2124499999999999,1.396484375,0.6552734375,5.5,439.6219458018659,0.7294589454524001,16.546666666666667,6.652028672413627,17.393333333333334,7.2777095248719315,0.0,0.0,16.956956851694954,14.08511056362458,Good,11,0,2025-10-13 11:00:00+00:00,Normal
2025-10-13 11:33:18+00:00,440.6041759218125,5,15,15,24.3,64,1010.23,25.17,-0.1569064,0.0392266,8.9436648,-0.21875,0.21,0.385,-69.287109375,-40.283203125,264.794921875,mech_workshop,run_2,0,2204,0,False,False,False,0,0,0,0,0,0,440.6041759218125,15.0,15.0,5.0,-0.0026072212370657,0.028679433607723,0.1025507019912531,-0.1489249999999999,0.018375,0.28245,-0.751953125,-0.4189453125,2.27734375,439.63927143491776,0.7216254417662851,16.546666666666667,6.652028672413627,17.393333333333334,7.2777095248719315,0.0,0.0,17.05161030056877,14.165136011526144,Good,11,0,2025-10-13 11:00:00+00:00,Normal
2025-10-13 11:33:23+00:00,440.6041759218125,4,14,14,24.6,64,1010.23,25.17,-0.1569064,-0.0392266,8.825985,-0.14875,-0.02625,0.0875,-67.67578125,-40.283203125,260.498046875,mech_workshop,run_2,0,2204,0,False,False,False,0,0,0,0,0,0,440.6041759218125,14.0,14.0,4.0,-0.0026072212370657,-0.0582279409611345,-0.0278103598620345,-0.0789249999999999,-0.2178749999999999,-0.01505,0.859375,-0.4189453125,-2.01953125,439.65659706796976,0.7132824258019677,16.54,6.654089926629927,17.386666666666667,7.280374157604838,0.0,-5.0,17.335559134992266,14.407573445449534,Good,11,0,2025-10-13 11:00:00+00:00,Normal
2025-10-13 11:33:28+00:00,440.6041759218125,5,13,13,24.0,64,1010.21,25.34,-0.1569064,0.0,8.8652116,-0.16625,0.14,0.02625,-67.67578125,-40.283203125,260.498046875,mech_workshop,run_2,0,2204,0,False,False,False,0,0,0,0,0,0,440.6041759218125,13.0,13.0,5.0,-0.0026072212370657,-0.0147742536767057,0.0156433274223953,-0.096425,-0.0516249999999999,-0.0763,0.859375,-0.4189453125,-2.01953125,439.67392270102175,0.7044117938828022,16.52,6.660229554461379,17.366666666666667,7.288325376991264,0.0,-5.0,16.76764419749827,13.926230669251977,Good,11,0,2025-10-13 11:00:00+00:00,Normal
2025-10-13 11:33:34+00:00,440.6041759218125,4,13,13,24.6,64,1010.19,25.51,-0.1569064,0.0,8.825985,-0.13125,0.30625,0.2975,-67.67578125,-40.283203125,260.498046875,mech_workshop,run_2,0,2204,0,False,False,False,0,0,0,0,0,0,440.6041759218125,13.0,13.0,4.0,-0.0026072212370657,-0.0147742536767057,-0.0278103598620345,-0.0614249999999999,0.114625,0.1949499999999999,0.859375,-0.4189453125,-2.01953125,439.69124833407375,0.6949933434315254,16.5,6.666303122078703,17.346666666666668,7.296212740726646,0.0,0.0,17.335559134992266,14.407573445449534,Good,11,0,2025-10-13 11:00:00+00:00,Normal
2025-10-13 11:33:39+00:00,440.6041759218125,3,13,13,24.3,64,1010.27,24.84,-0.196133,0.0,8.9044382,0.14875,0.06125,0.1925,-68.75,-39.74609375,258.88671875,mech_workshop,run_2,0,2204,0,False,False,False,0,0,0,0,0,0,440.6041759218125,13.0,13.0,3.0,-0.0460609085214945,-0.0147742536767057,0.0590970147068232,0.218575,-0.130375,0.0899499999999999,-0.21484375,0.1181640625,-3.630859375,439.70857396712574,0.6850044781727836,16.466666666666665,6.671251220060846,17.313333333333333,7.304624504373113,0.0,0.0,17.05161030056877,14.165136011526144,Good,11,0,2025-10-13 11:00:00+00:00,Normal
2025-10-13 11:33:44+00:00,440.6041759218125,4,14,14,25.5,63,1010.24,25.09,-0.196133,0.0,8.9044382,-0.21,0.1575,0.06125,-69.82421875,-39.74609375,255.126953125,mech_workshop,run_2,0,2204,0,False,False,False,0,0,0,0,0,0,440.6041759218125,14.0,14.0,4.0,-0.0460609085214945,-0.0147742536767057,0.0590970147068232,-0.140175,-0.0341249999999999,-0.0413,-1.2890625,0.1181640625,-7.390625,439.72589960017774,0.6744198532584134,16.446666666666665,6.674137871747647,17.286666666666665,7.309400646264115,0.0,5.0,17.936520972055302,14.919691629610952,Good,11,0,2025-10-13 11:00:00+00:00,Normal
2025-10-13 11:33:50+00:00,440.6041759218125,4,14,14,25.5,63,1010.21,25.34,-0.1176798,0.0784532,8.7867584,-0.0875,0.11375,0.0175,-67.67578125,-39.208984375,261.572265625,mech_workshop,run_2,0,2204,0,False,False,False,0,0,0,0,0,0,440.6041759218125,14.0,14.0,4.0,0.040846466047363,0.0721331208921518,-0.0712640471464625,-0.0176749999999999,-0.0778749999999999,-0.08505,0.859375,0.6552734375,-0.9453125,439.7432252332297,0.6632109449271222,16.44,6.6760917715593076,17.266666666666666,7.314292955013993,0.0,0.0,17.936520972055302,14.919691629610952,Good,11,0,2025-10-13 11:00:00+00:00,Normal
2025-10-13 11:33:55+00:00,440.6041759218125,4,14,15,25.1,63,1010.25,25.01,-0.196133,0.0,8.8652116,0.02625,0.0875,-0.55125,-67.67578125,-39.208984375,261.572265625,mech_workshop,run_2,0,2204,0,False,False,False,0,0,0,0,0,0,440.6041759218125,14.0,15.0,4.0,-0.0460609085214945,-0.0147742536767057,0.0156433274223953,0.096075,-0.104125,-0.6538,0.859375,0.6552734375,-0.9453125,439.7605508662817,0.651345524374619,16.426666666666666,6.6789729816406265,17.246666666666666,7.316375552855734,0.0,0.0,17.558713447457095,14.588046105685851,Good,11,0,2025-10-13 11:00:00+00:00,Normal
2025-10-13 11:34:00+00:00,442.00355397601066,4,13,14,25.2,63,1010.21,25.34,-0.1569064,0.0392266,8.825985,-0.3325,0.32375,0.16625,-68.212890625,-39.208984375,266.40625,mech_workshop,run_2,0,2211,0,False,False,False,0,0,0,0,0,0,442.00355397601066,13.0,14.0,4.0,-0.0026072212370657,0.028679433607723,-0.0278103598620345,-0.262675,0.132125,0.0636999999999999,0.322265625,0.6552734375,3.888671875,439.7778764993337,0.6759175256548706,16.413333333333334,6.68383471761821,17.24,7.318891616675594,6.996890270990832,-5.0,17.65316829883912,14.670354940365462,Good,11,0,2025-10-13 11:00:00+00:00,Normal
2025-10-13 11:34:06+00:00,442.00355397601066,6,14,15,25.5,63,1010.26,24.92,-0.1569064,0.0,8.9828914,0.14,0.35,0.55125,-68.212890625,-40.283203125,258.349609375,mech_workshop,run_2,0,2211,0,False,False,False,0,0,0,0,0,0,442.00355397601066,14.0,15.0,6.0,-0.0026072212370657,-0.0147742536767057,0.146004389275681,0.209825,0.158375,0.4487,0.322265625,-0.4189453125,-4.16796875,439.79520213238567,0.6991949846084797,16.4,6.686659060844449,17.233333333333334,7.320483963414781,0.0,5.0,17.936520972055302,14.919691629610952,Good,11,0,2025-10-13 11:00:00+00:00,Normal
2025-10-13 11:34:11+00:00,442.00355397601066,7,15,16,25.3,63,1010.19,25.51,-0.0784532,0.0,8.825985,-0.28,0.21,0.4375,-69.82421875,-38.671875,256.201171875,mech_workshop,run_2,0,2211,0,False,False,False,0,0,0,0,0,0,442.00355397601066,15.0,16.0,7.0,0.0843001533317918,-0.0147742536767057,-0.0278103598620345,-0.210175,0.018375,0.3349499999999999,-1.2890625,1.1923828125,-6.31640625,439.8125277654375,0.7213032421704457,16.4,6.686659060844449,17.24,7.318891616675594,0.0,5.0,17.747621170024647,14.75306439590425,Good,11,0,2025-10-13 11:00:00+00:00,Normal
2025-10-13 11:34:16+00:00,442.00355397601066,7,16,18,25.4,63,1010.31,24.51,-0.1569064,0.0392266,8.7083052,-0.23625,0.23625,-0.4025,-67.67578125,-38.671875,293.26171875,mech_workshop,run_2,0,2211,0,False,False,False,0,0,0,0,0,0,442.00355397601066,16.0,18.0,7.0,-0.0026072212370657,0.028679433607723,-0.1581714217153203,-0.166425,0.044625,-0.50505,0.859375,1.1923828125,30.744140625,439.82985339848955,0.7423467676761553,16.406666666666666,6.6857523223890905,17.26,7.316828080142543,0.0,5.0,17.842072061075953,14.836176086071168,Good,11,0,2025-10-13 11:00:00+00:00,Normal
2025-10-13 11:34:22+00:00,442.00355397601066,6,17,19,25.5,63,1010.26,24.92,-0.1569064,0.0,8.825985,0.00875,0.07875,-0.21,-67.67578125,-38.671875,293.26171875,mech_workshop,run_2,0,2211,0,False,False,False,0,0,0,0,0,0,442.00355397601066,17.0,19.0,6.0,-0.0026072212370657,-0.0147742536767057,-0.0278103598620345,0.078575,-0.1128749999999999,-0.31255,0.859375,1.1923828125,30.744140625,439.84717903154154,0.7624137298360842,16.42,6.684922431820963,17.286666666666665,7.315825144107115,0.0,5.0,17.936520972055302,14.919691629610952,Good,11,0,2025-10-13 11:00:00+00:00,Normal
2025-10-13 11:34:27+00:00,442.00355397601066,9,20,20,25.3,63,1010.25,25.01,-0.0784532,0.0,8.9436648,0.0,-0.175,0.06125,-69.82421875,-40.8203125,258.88671875,mech_workshop,run_2,0,2211,0,False,False,False,0,0,0,0,0,0,442.00355397601066,20.0,20.0,9.0,0.0843001533317918,-0.0147742536767057,0.1025507019912531,0.069825,-0.366625,-0.0413,-1.2890625,-0.9560546875,-3.630859375,439.86450466459354,0.7815793517331416,16.453333333333333,6.690258034837442,17.32,7.316727181212602,0.0,15.0,17.747621170024647,14.75306439590425,Good,11,0,2025-10-13 11:00:00+00:00,Normal
2025-10-13 11:34:32+00:00,442.00355397601066,10,21,22,24.1,64,1010.3,24.59,-0.1176798,0.0392266,8.9044382,0.0,0.02625,0.4025,-68.75,-39.208984375,256.73828125,mech_workshop,run_2,0,2211,0,False,False,False,0,0,0,0,0,0,442.00355397601066,21.0,22.0,10.0,0.040846466047363,0.028679433607723,0.0590970147068232,0.069825,-0.165375,0.29995,-0.21484375,0.6552734375,-5.779296875,439.8911594846735,0.7859142044129703,16.5,6.697440160090017,17.373333333333335,7.321519872529738,0.0,5.0,16.862301484024233,14.005475977674362,Good,11,0,2025-10-13 11:00:00+00:00,Normal
2025-10-13 11:34:38+00:00,442.00355397601066,10,23,26,24.0,64,1010.3,24.59,-0.1569064,0.0,8.825985,-0.23625,0.21875,0.07875,-68.212890625,-39.74609375,262.109375,mech_workshop,run_2,0,2211,0,False,False,False,0,0,0,0,0,0,442.00355397601066,23.0,26.0,10.0,-0.0026072212370657,-0.0147742536767057,-0.0278103598620345,-0.166425,0.027125,-0.0238,0.322265625,0.1181640625,-0.408203125,439.91781430475334,0.7893196404732771,16.553333333333335,6.717238832969236,17.446666666666665,7.352611430953368,0.0,10.0,16.76764419749827,13.926230669251977,Good,11,0,2025-10-13 11:00:00+00:00,Normal
2025-10-13 11:34:43+00:00,442.00355397601066,13,28,30,24.7,65,1010.2,25.42,-0.2745862,0.0,8.825985,-0.0525,0.18375,-0.32375,-68.212890625,-39.74609375,261.03515625,mech_workshop,run_2,0,2211,0,False,False,False,0,0,0,0,0,0,442.00355397601066,28.0,30.0,13.0,-0.1329682830903521,-0.0147742536767057,-0.0278103598620345,0.017325,-0.0078749999999999,-0.4263,0.322265625,0.1181640625,-1.482421875,439.9444691248334,0.7918076518144882,16.64666666666667,6.778505969366244,17.553333333333335,7.418041372734871,0.0,25.0,17.6761368668623,14.715571695188853,Good,11,0,2025-10-13 11:00:00+00:00,Normal
2025-10-13 11:34:48+00:00,442.00355397601066,13,27,29,24.5,65,1010.25,25.01,-0.196133,0.0392266,8.825985,0.02625,-0.07875,-0.2975,-68.212890625,-39.74609375,261.03515625,mech_workshop,run_2,0,2211,0,False,False,False,0,0,0,0,0,0,442.00355397601066,27.0,29.0,13.0,-0.0460609085214945,0.028679433607723,-0.0278103598620345,0.096075,-0.270375,-0.40005,0.322265625,0.1181640625,-1.482421875,439.9617947578854,0.8081813500090903,16.733333333333334,6.827369580702286,17.653333333333332,7.470736346973805,0.0,-5.0,17.4864860149637,14.550215322120303,Good,11,0,2025-10-13 11:00:00+00:00,Normal
2025-10-13 11:34:54+00:00,442.00355397601066,13,25,27,24.3,65,1010.29,24.67,-0.1176798,0.0784532,8.7867584,-0.1575,0.21875,0.42875,-70.361328125,-40.283203125,261.03515625,mech_workshop,run_2,0,2211,0,False,False,False,0,0,0,0,0,0,442.00355397601066,25.0,27.0,13.0,0.040846466047363,0.0721331208921518,-0.0712640471464625,-0.0876749999999999,0.027125,0.3262,-1.826171875,-0.4189453125,-1.482421875,439.9791203909374,0.8238631240580881,16.813333333333333,6.853585420027951,17.746666666666666,7.499607745148821,0.0,-10.0,17.296827734211,14.38646626170624,Good,11,0,2025-10-13 11:00:00+00:00,Normal
2025-10-13 11:34:59+00:00,442.00355397601066,13,24,25,24.9,65,1010.34,24.26,-0.196133,-0.0392266,8.7867584,0.0875,0.0,0.175,-67.67578125,-40.283203125,256.73828125,mech_workshop,run_2,0,2211,0,False,False,False,0,0,0,0,0,0,442.00355397601066,24.0,25.0,13.0,-0.0460609085214945,-0.0582279409611345,-0.0712640471464625,0.157325,-0.191625,0.0724499999999999,0.859375,-0.4189453125,-5.779296875,439.99644602398934,0.8388917781887507,16.893333333333334,6.867046752148765,17.833333333333332,7.507863141303646,0.0,-5.0,17.865780290343256,14.88254843590892,Good,11,0,2025-10-13 11:00:00+00:00,Normal
2025-10-13 11:35:04+00:00,442.00355397601066,12,23,26,24.9,65,1010.29,24.67,-0.1569064,0.0392266,8.825985,-0.1575,0.35875,-0.49875,-67.67578125,-40.283203125,256.73828125,mech_workshop,run_2,0,2211,0,False,False,False,0,0,0,0,0,0,442.00355397601066,23.0,26.0,12.0,-0.0026072212370657,0.028679433607723,-0.0278103598620345,-0.0876749999999999,0.167125,-0.6013000000000001,0.859375,-0.4189453125,-5.779296875,440.01377165704133,0.8533018220373788,16.96,6.877528821063841,17.92,7.526704137123048,0.0,-5.0,17.865780290343256,14.88254843590892,Good,11,0,2025-10-13 11:00:00+00:00,Normal
2025-10-13 11:35:10+00:00,442.00355397601066,12,22,24,24.3,65,1010.28,24.76,-0.1176798,-0.0392266,8.8652116,0.14,-0.00875,-0.0175,-67.67578125,-40.283203125,256.73828125,mech_workshop,run_2,0,2211,0,False,False,False,0,0,0,0,0,0,442.00355397601066,22.0,24.0,12.0,0.040846466047363,-0.0582279409611345,0.0156433274223953,0.209825,-0.200375,-0.12005,0.859375,-0.4189453125,-5.779296875,440.0310972900933,0.8671240967252791,17.013333333333332,6.8854351352864525,17.986666666666668,7.536031272348038,0.0,-5.0,17.296827734211,14.38646626170624,Good,11,0,2025-10-13 11:00:00+00:00,Normal
2025-10-13 11:35:15+00:00,442.00355397601066,11,20,21,24.7,65,1010.2,25.42,-0.1176798,0.0,8.7867584,0.02625,0.27125,0.39375,-69.287109375,-39.74609375,255.6640625,mech_workshop,run_2,0,2211,0,False,False,False,0,0,0,0,0,0,442.00355397601066,20.0,21.0,11.0,0.040846466047363,-0.0147742536767057,-0.0712640471464625,0.096075,0.079625,0.2911999999999999,-0.751953125,0.1181640625,-6.853515625,440.0484229231453,0.8803862870357801,17.053333333333335,6.885240187421117,18.033333333333335,7.53285124469615,0.0,-10.0,17.6761368668623,14.715571695188853,Good,11,0,2025-10-13 11:00:00+00:00,Normal
2025-10-13 11:35:20+00:00,442.00355397601066,9,18,19,24.7,65,1010.22,25.26,-0.1569064,0.0392266,8.7083052,0.18375,0.2275,0.21,-69.287109375,-40.8203125,258.349609375,mech_workshop,run_2,0,2211,0,False,False,False,0,0,0,0,0,0,442.00355397601066,18.0,19.0,9.0,-0.0026072212370657,0.028679433607723,-0.1581714217153203,0.253575,0.035875,0.1074499999999999,-0.751953125,-0.9560546875,-4.16796875,440.0657485561973,0.8931133440551414,17.08,6.881079983909973,18.06,7.529120201372229,0.0,-10.0,17.6761368668623,14.715571695188853,Good,11,0,2025-10-13 11:00:00+00:00,Normal
2025-10-13 11:35:26+00:00,442.00355397601066,6,17,19,24.5,65,1010.22,25.26,-0.196133,-0.0392266,8.8652116,-0.30625,0.27125,-0.14875,-69.287109375,-39.74609375,258.88671875,mech_workshop,run_2,0,2211,0,False,False,False,0,0,0,0,0,0,442.00355397601066,17.0,19.0,6.0,-0.0460609085214945,-0.0582279409611345,0.0156433274223953,-0.236425,0.079625,-0.2513,-0.751953125,0.1181640625,-3.630859375,440.0830741892492,0.905327836702132,17.086666666666666,6.880511010625434,18.066666666666663,7.5295094331736205,0.0,-5.0,17.4864860149637,14.550215322120303,Good,11,0,2025-10-13 11:00:00+00:00,Normal
2025-10-13 11:35:31+00:00,440.6041759218125,7,16,19,24.2,65,1010.24,25.09,-0.1569064,0.0,8.9044382,0.0,0.14875,0.14,-66.064453125,-40.283203125,264.2578125,mech_workshop,run_2,0,2204,0,False,False,False,0,0,0,0,0,0,440.6041759218125,16.0,19.0,7.0,-0.0026072212370657,-0.0147742536767057,0.0590970147068232,0.069825,-0.0428749999999999,0.0374499999999999,2.470703125,-0.4189453125,1.740234375,440.0910706352733,0.9045927984951758,17.08,6.881079983909973,18.08,7.52937870107229,-6.996890270990832,-5.0,17.20199580787795,14.305190416181214,Good,11,0,2025-10-13 11:00:00+00:00,Normal
2025-10-13 11:35:36+00:00,442.00355397601066,7,16,18,24.6,65,1010.31,24.51,-0.1176798,0.0392266,8.7867584,0.16625,0.14875,0.175,-66.064453125,-40.283203125,264.2578125,mech_workshop,run_2,0,2211,0,False,False,False,0,0,0,0,0,0,442.00355397601066,16.0,18.0,7.0,0.040846466047363,0.028679433607723,-0.0712640471464625,0.236075,-0.0428749999999999,0.0724499999999999,2.470703125,-0.4189453125,1.740234375,440.1083962683253,0.9161723891791403,17.073333333333334,6.881642408403425,18.086666666666662,7.528858721382174,6.996890270990832,0.0,17.581312369492483,14.632691780534683,Good,11,0,2025-10-13 11:00:00+00:00,Normal
2025-10-13 11:35:42+00:00,440.6041759218125,6,15,17,24.4,65,1010.22,25.26,-0.1569064,0.0392266,8.6690786,-0.02625,0.00875,0.0525,-67.67578125,-40.283203125,250.830078125,mech_workshop,run_2,0,2204,0,False,False,False,0,0,0,0,0,0,440.6041759218125,15.0,17.0,6.0,-0.0026072212370657,0.028679433607723,-0.2016251089997482,0.043575,-0.1828749999999999,-0.05005,0.859375,-0.4189453125,-11.6875,440.1163927143492,0.9152233577970112,17.06,6.883722654486644,18.086666666666662,7.528858721382174,-6.996890270990832,-5.0,17.391657803221396,14.468140690605864,Good,11,0,2025-10-13 11:00:00+00:00,Normal
2025-10-13 11:35:47+00:00,440.6041759218125,6,16,16,24.1,65,1010.27,24.84,-0.1569064,0.0,8.825985,-0.35875,-0.00875,-0.21875,-69.287109375,-40.283203125,255.6640625,mech_workshop,run_2,0,2204,0,False,False,False,0,0,0,0,0,0,440.6041759218125,16.0,16.0,6.0,-0.0026072212370657,-0.0147742536767057,-0.0278103598620345,-0.288925,-0.200375,-0.3213,-0.751953125,-0.4189453125,-6.853515625,440.12438916037314,0.914202930439914,17.073333333333334,6.879691606427762,18.093333333333337,7.526549577718948,0.0,5.0,17.107162024167675,14.224311539825525,Good,11,0,2025-10-13 11:00:00+00:00,Normal
2025-10-13 11:35:52+00:00,440.6041759218125,4,14,14,24.0,65,1010.28,24.76,-0.1569064,0.0,8.7867584,0.0,0.02625,0.0525,-66.6015625,-39.74609375,258.349609375,mech_workshop,run_2,0,2204,0,False,False,False,0,0,0,0,0,0,440.6041759218125,14.0,14.0,4.0,-0.0026072212370657,-0.0147742536767057,-0.0712640471464625,0.069825,-0.165375,-0.05005,1.93359375,0.1181640625,-4.16796875,440.1323856063972,0.913110867746784,17.066666666666666,6.882198285711325,18.08,7.53205231530802,0.0,-10.0,17.012326383025616,14.143828023459038,Good,11,0,2025-10-13 11:00:00+00:00,Normal
2025-10-13 11:35:58+00:00,440.6041759218125,5,14,15,0.0,0,1010.27,24.84,-0.1176798,0.0,8.825985,0.13125,0.2975,0.20125,-68.212890625,-39.74609375,283.056640625,mech_workshop,run_2,0,2204,0,False,False,False,0,0,0,0,0,0,440.6041759218125,14.0,15.0,5.0,0.040846466047363,-0.0147742536767057,-0.0278103598620345,0.201075,0.105875,0.0986999999999999,0.322265625,0.1181640625,20.5390625,440.1403820524211,0.9119469123662366,17.06,6.884697553464828,18.073333333333338,7.534347895491076,0.0,0.0,-96.07763018544566,0.0,Good,11,0,2025-10-13 11:00:00+00:00,Normal
2025-10-13 11:36:03+00:00,440.6041759218125,5,14,15,24.7,65,1010.25,25.01,-0.1569064,0.0784532,8.825985,-0.00875,0.2275,0.16625,-68.212890625,-39.74609375,283.056640625,mech_workshop,run_2,0,2204,0,False,False,False,0,0,0,0,0,0,440.6041759218125,14.0,15.0,5.0,-0.0026072212370657,0.0721331208921518,-0.0278103598620345,0.061075,0.035875,0.0636999999999999,0.322265625,0.1181640625,20.5390625,440.1483784984452,0.9107107886458844,17.066666666666666,6.881223032648771,18.08,7.531161216024056,0.0,0.0,17.6761368668623,14.715571695188853,Good,11,0,2025-10-13 11:00:00+00:00,Normal
2025-10-13 11:36:08+00:00,440.6041759218125,4,13,15,24.4,65,1010.24,25.09,-0.1176798,0.0,8.8652116,-0.1575,0.2275,0.13125,-68.75,-39.74609375,262.109375,mech_workshop,run_2,0,2204,0,False,False,False,0,0,0,0,0,0,440.6041759218125,13.0,15.0,4.0,0.040846466047363,-0.0147742536767057,0.0156433274223953,-0.0876749999999999,0.035875,0.0286999999999999,-0.21484375,0.1181640625,-0.408203125,440.1563749444691,0.9094022022968572,17.06,6.884697553464828,18.08,7.531161216024056,0.0,-5.0,17.391657803221396,14.468140690605864,Good,11,0,2025-10-13 11:00:00+00:00,Normal
2025-10-13 11:36:14+00:00,440.6041759218125,4,13,16,24.0,65,1010.25,25.01,-0.1176798,0.0,8.8652116,-0.04375,0.28,0.2275,-68.75,-39.208984375,258.88671875,mech_workshop,run_2,0,2204,0,False,False,False,0,0,0,0,0,0,440.6041759218125,13.0,16.0,4.0,0.040846466047363,-0.0147742536767057,0.0156433274223953,0.026075,0.088375,0.1249499999999999,-0.21484375,0.6552734375,-3.630859375,440.1643713904931,0.9080208400325446,17.053333333333335,6.888163826075466,18.093333333333337,7.52565782686599,0.0,0.0,17.012326383025616,14.143828023459038,Good,11,0,2025-10-13 11:00:00+00:00,Normal
2025-10-13 11:36:19+00:00,440.6041759218125,5,13,16,24.2,65,1010.23,25.17,-0.1176798,-0.0392266,8.8652116,-0.02625,0.1575,0.3325,-69.287109375,-39.208984375,268.017578125,mech_workshop,run_2,0,2204,0,False,False,False,0,0,0,0,0,0,440.6041759218125,13.0,16.0,5.0,0.040846466047363,-0.0582279409611345,0.0156433274223953,0.043575,-0.0341249999999999,0.22995,-0.751953125,0.6552734375,5.5,440.17236783651714,0.9065663691804976,17.04,6.894098244442624,18.1,7.523341753565338,0.0,0.0,17.20199580787795,14.305190416181214,Good,11,0,2025-10-13 11:00:00+00:00,Normal
2025-10-13 11:36:24+00:00,440.6041759218125,4,14,15,24.0,65,1010.25,25.01,-0.1569064,0.0,8.8652116,0.0,0.1925,0.23625,-69.287109375,-39.208984375,268.017578125,mech_workshop,run_2,0,2204,0,False,False,False,0,0,0,0,0,0,440.6041759218125,14.0,15.0,4.0,-0.0026072212370657,-0.0147742536767057,0.0156433274223953,0.069825,0.000875,0.1336999999999999,-0.751953125,0.6552734375,5.5,440.1803642825412,0.9050384372663302,17.033333333333335,6.896567249076101,18.1,7.523341753565338,0.0,5.0,17.012326383025616,14.143828023459038,Good,11,0,2025-10-13 11:00:00+00:00,Normal
2025-10-13 11:36:30+00:00,440.6041759218125,5,15,16,24.1,65,1010.22,25.26,-0.1569064,0.0,8.8652116,-0.20125,0.18375,0.09625,-69.287109375,-39.208984375,268.017578125,mech_workshop,run_2,0,2204,0,False,False,False,0,0,0,0,0,0,440.6041759218125,15.0,16.0,5.0,-0.0026072212370657,-0.0147742536767057,0.0156433274223953,-0.131425,-0.0078749999999999,-0.0063,-0.751953125,0.6552734375,5.5,440.1883607285651,0.903436671568362,17.04,6.894098244442624,18.113333333333333,7.517796930850971,0.0,5.0,17.107162024167675,14.224311539825525,Good,11,0,2025-10-13 11:00:00+00:00,Normal
2025-10-13 11:36:35+00:00,439.40470901821413,5,15,16,24.5,65,1010.25,25.01,-0.1569064,0.0,8.825985,0.0875,0.245,0.0175,-68.212890625,-40.283203125,266.40625,mech_workshop,run_2,0,2198,0,False,False,False,0,0,0,0,0,0,439.40470901821413,15.0,16.0,5.0,-0.0026072212370657,-0.0147742536767057,-0.0278103598620345,0.157325,0.053375,-0.08505,0.322265625,-0.4189453125,3.888671875,440.18836072856504,0.903436671568362,17.046666666666667,6.891621862926463,18.126666666666665,7.512224191559417,-5.997334517991817,0.0,17.4864860149637,14.550215322120303,Good,11,0,2025-10-13 11:00:00+00:00,Normal
2025-10-13 11:36:40+00:00,440.6041759218125,5,15,16,24.4,65,1010.25,25.01,-0.1176798,0.0,8.9044382,-0.2625,0.035,-0.13125,-69.287109375,-38.671875,267.48046875,mech_workshop,run_2,0,2204,0,False,False,False,0,0,0,0,0,0,440.6041759218125,15.0,16.0,5.0,0.040846466047363,-0.0147742536767057,0.0590970147068232,-0.1926749999999999,-0.156625,-0.2338,-0.751953125,1.1923828125,4.962890625,440.1883607285651,0.903436671568362,17.06,6.885672314413207,18.14666666666667,7.502470883064486,5.997334517991817,0.0,17.391657803221396,14.468140690605864,Good,11,0,2025-10-13 11:00:00+00:00,Normal
2025-10-13 11:36:46+00:00,439.40470901821413,6,14,15,24.0,65,1010.27,24.84,-0.1569064,0.0392266,8.9436648,0.02625,0.35875,0.44625,-68.212890625,-39.208984375,229.8828125,mech_workshop,run_2,0,2198,0,False,False,False,0,0,0,0,0,0,439.40470901821413,14.0,15.0,6.0,-0.0026072212370657,0.028679433607723,0.1025507019912531,0.096075,0.167125,0.3436999999999999,0.322265625,0.6552734375,-32.634765625,440.1883607285651,0.903436671568362,17.066666666666666,6.882198285711325,18.153333333333332,7.499205028710697,-5.997334517991817,-5.0,17.012326383025616,14.143828023459038,Good,11,0,2025-10-13 11:00:00+00:00,Normal
2025-10-13 11:36:51+00:00,439.40470901821413,6,14,15,0.0,0,1010.3,24.59,-0.1569064,-0.0392266,8.9044382,-0.1575,0.3325,0.16625,-68.212890625,-39.208984375,229.8828125,mech_workshop,run_2,0,2198,0,False,False,False,0,0,0,0,0,0,439.40470901821413,14.0,15.0,6.0,-0.0026072212370657,-0.0582279409611345,0.0590970147068232,-0.0876749999999999,0.140875,0.0636999999999999,0.322265625,0.6552734375,-32.634765625,440.1883607285651,0.903436671568362,17.086666666666666,6.868795960125361,18.166666666666668,7.491755349068122,0.0,0.0,-96.07763018544566,0.0,Good,11,0,2025-10-13 11:00:00+00:00,Normal
2025-10-13 11:36:56+00:00,439.40470901821413,5,13,14,24.8,65,1010.19,25.51,-0.1176798,0.0,8.9828914,-0.0175,0.21,0.02625,-70.361328125,-40.283203125,267.48046875,mech_workshop,run_2,0,2198,0,False,False,False,0,0,0,0,0,0,439.40470901821413,13.0,14.0,5.0,0.040846466047363,-0.0147742536767057,0.146004389275681,0.052325,0.018375,-0.0763,-1.826171875,-0.4189453125,4.962890625,440.1883607285651,0.903436671568362,17.093333333333334,6.864309666935157,18.166666666666668,7.491755349068122,0.0,-5.0,17.770959507127706,14.79885670048727,Good,11,0,2025-10-13 11:00:00+00:00,Normal
2025-10-13 11:37:02+00:00,439.40470901821413,7,14,15,24.2,65,1010.27,24.84,-0.1569064,0.0,8.8652116,0.0175,0.11375,0.02625,-69.287109375,-40.283203125,265.869140625,mech_workshop,run_2,0,2198,0,False,False,False,0,0,0,0,0,0,439.40470901821413,14.0,15.0,7.0,-0.0026072212370657,-0.0147742536767057,0.0156433274223953,0.087325,-0.0778749999999999,-0.0763,-0.751953125,-0.4189453125,3.3515625,440.1883607285651,0.903436671568362,17.106666666666666,6.8562876317644,18.173333333333332,7.488466896857084,0.0,5.0,17.20199580787795,14.305190416181214,Good,11,0,2025-10-13 11:00:00+00:00,Normal
2025-10-13 11:37:07+00:00,439.40470901821413,6,15,15,24.8,65,1010.25,25.01,-0.1176798,0.0,8.9044382,-0.18375,0.39375,0.32375,-69.287109375,-39.74609375,261.03515625,mech_workshop,run_2,0,2198,0,False,False,False,0,0,0,0,0,0,439.40470901821413,15.0,15.0,6.0,0.040846466047363,-0.0147742536767057,0.0590970147068232,-0.1139249999999999,0.202125,0.2211999999999999,-0.751953125,0.1181640625,-1.482421875,440.1883607285651,0.903436671568362,17.126666666666665,6.845658661194908,18.18,7.485171022421553,0.0,5.0,17.770959507127706,14.79885670048727,Good,11,0,2025-10-13 11:00:00+00:00,Normal
2025-10-13 11:37:13+00:00,439.40470901821413,5,15,15,24.8,65,1010.3,24.59,-0.1569064,0.0392266,8.825985,-0.21,0.245,-0.4725,-68.212890625,-38.134765625,235.25390625,mech_workshop,run_2,0,2198,0,False,False,False,0,0,0,0,0,0,439.40470901821413,15.0,15.0,5.0,-0.0026072212370657,0.028679433607723,-0.0278103598620345,-0.140175,0.053375,-0.5750500000000001,0.322265625,1.7294921875,-27.263671875,440.1883607285651,0.903436671568362,17.14,6.839512129859605,18.18,7.485171022421553,0.0,0.0,17.770959507127706,14.79885670048727,Good,11,0,2025-10-13 11:00:00+00:00,Normal
2025-10-13 11:37:18+00:00,439.40470901821413,4,14,14,24.2,65,1010.24,25.09,-0.196133,0.0,8.825985,0.0875,0.25375,0.0175,-68.212890625,-38.134765625,235.25390625,mech_workshop,run_2,0,2198,0,False,False,False,0,0,0,0,0,0,439.40470901821413,14.0,14.0,4.0,-0.0460609085214945,-0.0147742536767057,-0.0278103598620345,0.157325,0.0621249999999999,-0.08505,0.322265625,1.7294921875,-27.263671875,440.1883607285651,0.903436671568362,17.16,6.8258096847442955,18.186666666666667,7.480970638909345,0.0,-5.0,17.20199580787795,14.305190416181214,Good,11,0,2025-10-13 11:00:00+00:00,Normal
2025-10-13 11:37:23+00:00,439.40470901821413,5,15,15,24.7,66,1010.22,25.26,-0.1569064,0.0,8.7867584,-0.02625,0.1925,0.1925,-68.212890625,-39.208984375,262.109375,mech_workshop,run_2,0,2198,0,False,False,False,0,0,0,0,0,0,439.40470901821413,15.0,15.0,5.0,-0.0026072212370657,-0.0147742536767057,-0.0712640471464625,0.043575,0.000875,0.0899499999999999,0.322265625,0.6552734375,-0.408203125,440.1883607285651,0.903436671568362,17.18,6.814975613855834,18.2,7.473442914299177,0.0,5.0,17.918768102529246,14.941965105884066,Good,11,0,2025-10-13 11:00:00+00:00,Normal
2025-10-13 11:37:29+00:00,439.40470901821413,5,15,15,24.4,65,1010.27,24.84,-0.1569064,0.0392266,8.825985,-0.1225,0.48125,0.2625,-67.67578125,-40.283203125,259.423828125,mech_workshop,run_2,0,2198,0,False,False,False,0,0,0,0,0,0,439.40470901821413,15.0,15.0,5.0,-0.0026072212370657,0.028679433607723,-0.0278103598620345,-0.0526749999999999,0.289625,0.1599499999999999,0.859375,-0.4189453125,-3.09375,440.1883607285651,0.903436671568362,17.206666666666667,6.798437114777149,18.213333333333335,7.465883627844665,0.0,0.0,17.391657803221396,14.468140690605864,Good,11,0,2025-10-13 11:00:00+00:00,Normal
2025-10-13 11:37:34+00:00,439.40470901821413,6,15,16,24.3,65,1010.2,25.42,-0.196133,0.0,8.825985,0.0525,0.315,0.00875,-67.67578125,-39.208984375,272.314453125,mech_workshop,run_2,0,2198,0,False,False,False,0,0,0,0,0,0,439.40470901821413,15.0,16.0,6.0,-0.0460609085214945,-0.0147742536767057,-0.0278103598620345,0.122325,0.123375,-0.0938,0.859375,0.6552734375,9.796875,440.1883607285651,0.903436671568362,17.22,6.792089753638164,18.22,7.46344109778688,0.0,0.0,17.296827734211,14.38646626170624,Good,11,0,2025-10-13 11:00:00+00:00,Normal
2025-10-13 11:37:39+00:00,439.40470901821413,5,14,15,24.9,65,1010.28,24.76,-0.1569064,0.0,8.8652116,0.06125,0.32375,0.06125,-67.67578125,-39.74609375,258.349609375,mech_workshop,run_2,0,2198,0,False,False,False,0,0,0,0,0,0,439.40470901821413,14.0,15.0,5.0,-0.0026072212370657,-0.0147742536767057,0.0156433274223953,0.131075,0.132125,-0.0413,0.859375,0.1181640625,-4.16796875,440.1883607285651,0.903436671568362,17.226666666666667,6.78840965122474,18.22,7.46344109778688,0.0,-5.0,17.865780290343256,14.88254843590892,Good,11,0,2025-10-13 11:00:00+00:00,Normal
2025-10-13 11:37:45+00:00,439.40470901821413,5,14,15,24.3,65,1010.27,24.84,-0.1176798,0.0392266,8.8652116,-0.13125,0.385,-0.2975,-67.67578125,-39.74609375,258.349609375,mech_workshop,run_2,0,2198,0,False,False,False,0,0,0,0,0,0,439.40470901821413,14.0,15.0,5.0,0.040846466047363,0.028679433607723,0.0156433274223953,-0.0614249999999999,0.193375,-0.40005,0.859375,0.1181640625,-4.16796875,440.1883607285651,0.903436671568362,17.226666666666667,6.78840965122474,18.213333333333335,7.465883627844665,0.0,0.0,17.296827734211,14.38646626170624,Good,11,0,2025-10-13 11:00:00+00:00,Normal
2025-10-13 11:37:50+00:00,439.40470901821413,5,13,14,24.3,65,1010.23,25.17,-0.1176798,-0.0392266,8.825985,-0.1925,0.06125,-0.11375,-67.138671875,-39.208984375,266.943359375,mech_workshop,run_2,0,2198,0,False,False,False,0,0,0,0,0,0,439.40470901821413,13.0,14.0,5.0,0.040846466047363,-0.0582279409611345,-0.0278103598620345,-0.1226749999999999,-0.130375,-0.2163,1.396484375,0.6552734375,4.42578125,440.1883607285651,0.903436671568362,17.22,6.792089753638164,18.19333333333333,7.47317050554326,0.0,-5.0,17.296827734211,14.38646626170624,Good,11,0,2025-10-13 11:00:00+00:00,Normal
2025-10-13 11:37:55+00:00,439.40470901821413,6,15,15,24.0,65,1010.27,24.84,-0.196133,0.0392266,8.825985,-0.14875,0.21,-0.105,-69.287109375,-38.671875,261.572265625,mech_workshop,run_2,0,2198,0,False,False,False,0,0,0,0,0,0,439.40470901821413,15.0,15.0,6.0,-0.0460609085214945,0.028679433607723,-0.0278103598620345,-0.0789249999999999,0.018375,-0.20755,-0.751953125,1.1923828125,-0.9453125,440.1883607285651,0.903436671568362,17.22,6.792089753638164,18.173333333333332,7.477704369645876,0.0,10.0,17.012326383025616,14.143828023459038,Good,11,0,2025-10-13 11:00:00+00:00,Normal
2025-10-13 11:38:01+00:00,439.40470901821413,5,14,14,24.4,66,1010.26,24.92,-0.196133,0.0392266,8.8652116,0.035,0.105,0.1575,-69.82421875,-40.283203125,271.77734375,mech_workshop,run_2,0,2198,0,False,False,False,0,0,0,0,0,0,439.40470901821413,14.0,14.0,5.0,-0.0460609085214945,0.028679433607723,0.0156433274223953,0.104825,-0.086625,0.0549499999999999,-1.2890625,-0.4189453125,9.259765625,440.1883607285651,0.903436671568362,17.213333333333335,6.794773619912685,18.16,7.483386521188341,0.0,-5.0,17.633759752682646,14.69072747046134,Good,11,0,2025-10-13 11:00:00+00:00,Normal
2025-10-13 11:38:06+00:00,439.40470901821413,4,13,13,24.3,66,1010.29,24.67,-0.1569064,0.0392266,8.9044382,0.2625,0.21,0.14875,-69.82421875,-40.283203125,271.77734375,mech_workshop,run_2,0,2198,0,False,False,False,0,0,0,0,0,0,439.40470901821413,13.0,13.0,4.0,-0.0026072212370657,0.028679433607723,0.0590970147068232,0.332325,0.018375,0.0461999999999999,-1.2890625,-0.4189453125,9.259765625,440.1883607285651,0.903436671568362,17.206666666666667,6.798437114777149,18.14666666666667,7.490832577686883,0.0,-5.0,17.538753376581525,14.607796511886336,Good,11,0,2025-10-13 11:00:00+00:00,Normal
2025-10-13 11:38:11+00:00,439.40470901821413,6,14,14,24.3,66,1010.19,25.51,-0.1176798,0.0,8.825985,-0.09625,0.5775,0.5075000000000001,-69.287109375,-39.74609375,279.296875,mech_workshop,run_2,0,2198,0,False,False,False,0,0,0,0,0,0,439.40470901821413,14.0,14.0,6.0,0.040846466047363,-0.0147742536767057,-0.0278103598620345,-0.0264249999999999,0.385875,0.40495,-0.751953125,0.1181640625,16.779296875,440.18036428254106,0.9050384372663302,17.213333333333335,6.794773619912685,18.14666666666667,7.490832577686883,0.0,5.0,17.538753376581525,14.607796511886336,Good,11,0,2025-10-13 11:00:00+00:00,Normal
2025-10-13 11:38:17+00:00,439.40470901821413,5,14,14,24.3,65,1010.2,25.42,-0.196133,0.0,8.9044382,-0.07875,-0.0525,0.11375,-68.212890625,-40.283203125,259.9609375,mech_workshop,run_2,0,2198,0,False,False,False,0,0,0,0,0,0,439.40470901821413,14.0,14.0,5.0,-0.0460609085214945,-0.0147742536767057,0.0590970147068232,-0.0089249999999999,-0.2441249999999999,0.0111999999999999,0.322265625,-0.4189453125,-2.556640625,440.17236783651714,0.9065663691804976,17.213333333333335,6.794773619912685,18.14666666666667,7.490832577686883,0.0,0.0,17.296827734211,14.38646626170624,Good,11,0,2025-10-13 11:00:00+00:00,Normal
2025-10-13 11:38:22+00:00,440.6041759218125,5,16,16,24.3,66,1010.27,24.84,-0.1176798,0.0784532,8.8652116,-0.1925,0.18375,0.07875,-69.287109375,-40.283203125,265.869140625,mech_workshop,run_2,0,2204,0,False,False,False,0,0,0,0,0,0,440.6041759218125,16.0,16.0,5.0,0.040846466047363,0.0721331208921518,0.0156433274223953,-0.1226749999999999,-0.0078749999999999,-0.0238,-0.751953125,-0.4189453125,3.3515625,440.172367836517,0.9065663691804976,17.233333333333334,6.786699058918932,18.166666666666668,7.480997552785823,5.997334517991817,10.0,17.538753376581525,14.607796511886336,Good,11,0,2025-10-13 11:00:00+00:00,Normal
2025-10-13 11:38:27+00:00,440.6041759218125,5,16,16,24.1,66,1010.24,25.09,-0.1176798,0.0392266,8.7083052,-0.14875,0.14875,-0.1575,-68.212890625,-35.986328125,275.0,mech_workshop,run_2,0,2204,0,False,False,False,0,0,0,0,0,0,440.6041759218125,16.0,16.0,5.0,0.040846466047363,0.028679433607723,-0.1581714217153203,-0.0789249999999999,-0.0428749999999999,-0.26005,0.322265625,3.8779296875,12.482421875,440.17236783651714,0.9065663691804976,17.253333333333334,6.778555474263924,18.186666666666667,7.471095682261892,0.0,0.0,17.34873523484519,14.443147101976686,Good,11,0,2025-10-13 11:00:00+00:00,Normal
2025-10-13 11:38:33+00:00,440.6041759218125,3,14,14,24.1,66,1010.31,24.51,-0.1569064,0.0,8.825985,-0.035,0.09625,0.27125,-68.212890625,-35.986328125,275.0,mech_workshop,run_2,0,2204,0,False,False,False,0,0,0,0,0,0,440.6041759218125,14.0,14.0,3.0,-0.0026072212370657,-0.0147742536767057,-0.0278103598620345,0.034825,-0.0953749999999999,0.1686999999999999,0.322265625,3.8779296875,12.482421875,440.17236783651714,0.9065663691804976,17.26,6.774834998857537,18.19333333333333,7.466881388731045,0.0,-10.0,17.34873523484519,14.443147101976686,Good,11,0,2025-10-13 11:00:00+00:00,Normal
2025-10-13 11:38:38+00:00,440.6041759218125,3,13,13,24.4,66,1010.2,25.42,-0.1569064,0.0392266,8.825985,0.0,-0.0525,0.1575,-68.212890625,-40.283203125,257.8125,mech_workshop,run_2,0,2204,0,False,False,False,0,0,0,0,0,0,440.6041759218125,13.0,13.0,3.0,-0.0026072212370657,0.028679433607723,-0.0278103598620345,0.069825,-0.2441249999999999,0.0549499999999999,0.322265625,-0.4189453125,-4.705078125,440.17236783651714,0.9065663691804976,17.26,6.774834998857537,18.19333333333333,7.466881388731045,0.0,-5.0,17.633759752682646,14.69072747046134,Good,11,0,2025-10-13 11:00:00+00:00,Normal
2025-10-13 11:38:43+00:00,440.6041759218125,5,14,14,24.1,65,1010.25,25.01,-0.1569064,0.0,8.8652116,-0.21875,0.18375,0.385,-67.138671875,-38.671875,262.646484375,mech_workshop,run_2,0,2204,0,False,False,False,0,0,0,0,0,0,440.6041759218125,14.0,14.0,5.0,-0.0026072212370657,-0.0147742536767057,0.0156433274223953,-0.1489249999999999,-0.0078749999999999,0.28245,1.396484375,1.1923828125,0.12890625,440.17236783651714,0.9065663691804976,17.266666666666666,6.771105871300343,18.2,7.462658719771742,0.0,5.0,17.107162024167675,14.224311539825525,Good,11,0,2025-10-13 11:00:00+00:00,Normal
2025-10-13 11:38:49+00:00,440.6041759218125,4,13,13,24.4,65,1010.21,25.34,-0.1176798,0.0392266,8.9828914,-0.0525,0.27125,0.0875,-67.67578125,-40.283203125,260.498046875,mech_workshop,run_2,0,2204,0,False,False,False,0,0,0,0,0,0,440.6041759218125,13.0,13.0,4.0,0.040846466047363,0.028679433607723,0.146004389275681,0.017325,0.079625,-0.01505,0.859375,-0.4189453125,-2.01953125,440.172367836517,0.9065663691804976,17.28,6.760644105766273,18.213333333333335,7.451486646559052,0.0,-5.0,17.391657803221396,14.468140690605864,Good,11,0,2025-10-13 11:00:00+00:00,Normal
2025-10-13 11:38:54+00:00,440.6041759218125,5,13,13,24.6,65,1010.27,24.84,-0.1569064,0.0,8.8652116,-0.18375,0.14,0.14875,-67.67578125,-38.671875,295.41015625,mech_workshop,run_2,0,2204,0,False,False,False,0,0,0,0,0,0,440.6041759218125,13.0,13.0,5.0,-0.0026072212370657,-0.0147742536767057,0.0156433274223953,-0.1139249999999999,-0.0516249999999999,0.0461999999999999,0.859375,1.1923828125,32.892578125,440.17236783651714,0.9065663691804976,17.3,6.74337855695616,18.233333333333334,7.433297719640611,0.0,0.0,17.581312369492483,14.632691780534683,Good,11,0,2025-10-13 11:00:00+00:00,Normal
2025-10-13 11:38:59+00:00,440.6041759218125,4,12,13,24.4,65,1010.17,25.67,-0.1176798,0.0,8.9044382,-0.04375,0.25375,-0.02625,-67.67578125,-38.671875,295.41015625,mech_workshop,run_2,0,2204,0,False,False,False,0,0,0,0,0,0,440.6041759218125,12.0,13.0,4.0,0.040846466047363,-0.0147742536767057,0.0590970147068232,0.026075,0.0621249999999999,-0.1288,0.859375,1.1923828125,32.892578125,440.172367836517,0.9065663691804976,17.3,6.74337855695616,18.24,7.428116366325843,0.0,-5.0,17.391657803221396,14.468140690605864,Good,11,0,2025-10-13 11:00:00+00:00,Normal
2025-10-13 11:39:05+00:00,440.6041759218125,4,12,13,24.7,65,1010.22,25.26,-0.1176798,0.0392266,8.9044382,0.1575,0.07875,-0.35,-68.212890625,-40.283203125,258.88671875,mech_workshop,run_2,0,2204,0,False,False,False,0,0,0,0,0,0,440.6041759218125,12.0,13.0,4.0,0.040846466047363,0.028679433607723,0.0590970147068232,0.227325,-0.1128749999999999,-0.45255,0.322265625,-0.4189453125,-3.630859375,440.17236783651714,0.9065663691804976,17.293333333333333,6.748150794839145,18.24,7.428116366325843,0.0,0.0,17.6761368668623,14.715571695188853,Good,11,0,2025-10-13 11:00:00+00:00,Normal
2025-10-13 11:39:10+00:00,440.6041759218125,5,13,15,24.6,65,1010.28,24.76,-0.1569064,0.0392266,8.7867584,-0.18375,0.09625,0.09625,-68.75,-40.283203125,261.03515625,mech_workshop,run_2,0,2204,0,False,False,False,0,0,0,0,0,0,440.6041759218125,13.0,15.0,5.0,-0.0026072212370657,0.028679433607723,-0.0712640471464625,-0.1139249999999999,-0.0953749999999999,-0.0063,-0.21484375,-0.4189453125,-1.482421875,440.16303864948907,0.8947186020942919,17.3,6.74337855695616,18.26,7.415230109975861,0.0,5.0,17.581312369492483,14.632691780534683,Good,11,0,2025-10-13 11:00:00+00:00,Normal
2025-10-13 11:39:15+00:00,440.6041759218125,4,11,14,24.5,65,1010.27,24.84,-0.196133,0.0,8.7867584,-0.0175,0.245,0.0525,-68.75,-38.671875,264.794921875,mech_workshop,run_2,0,2204,0,False,False,False,0,0,0,0,0,0,440.6041759218125,11.0,14.0,4.0,-0.0460609085214945,-0.0147742536767057,-0.0712640471464625,0.052325,0.053375,-0.05005,-0.21484375,1.1923828125,2.27734375,440.1630386494892,0.8947186020942919,17.293333333333333,6.749145276898411,18.273333333333333,7.405690417461704,0.0,-10.0,17.4864860149637,14.550215322120303,Good,11,0,2025-10-13 11:00:00+00:00,Normal
2025-10-13 11:39:21+00:00,440.6041759218125,4,11,14,24.6,65,1010.21,25.34,-0.1569064,0.0392266,8.7867584,0.14,0.21875,-0.14,-68.75,-38.671875,264.794921875,mech_workshop,run_2,0,2204,0,False,False,False,0,0,0,0,0,0,440.6041759218125,11.0,14.0,4.0,-0.0026072212370657,0.028679433607723,-0.0712640471464625,0.209825,0.027125,-0.24255,-0.21484375,1.1923828125,2.27734375,440.16303864948907,0.8947186020942919,17.286666666666665,6.754900450005573,18.286666666666665,7.396114222538829,0.0,0.0,17.581312369492483,14.632691780534683,Good,11,0,2025-10-13 11:00:00+00:00,Normal
2025-10-13 11:39:26+00:00,440.6041759218125,6,13,15,24.6,65,1010.21,25.34,-0.1176798,0.0392266,8.825985,-0.0525,0.18375,0.0875,-69.82421875,-40.283203125,280.908203125,mech_workshop,run_2,0,2204,0,False,False,False,0,0,0,0,0,0,440.6041759218125,13.0,15.0,6.0,0.040846466047363,0.028679433607723,-0.0278103598620345,0.017325,-0.0078749999999999,-0.01505,-1.2890625,-0.4189453125,18.390625,440.1630386494892,0.8947186020942919,17.286666666666665,6.754900450005573,18.3,7.388318369030102,0.0,10.0,17.581312369492483,14.632691780534683,Good,11,0,2025-10-13 11:00:00+00:00,Normal
2025-10-13 11:39:31+00:00,440.6041759218125,6,13,16,24.6,65,1010.23,25.17,-0.1176798,0.0,8.8652116,0.16625,0.21,1.77625,-68.212890625,-40.283203125,271.240234375,mech_workshop,run_2,0,2204,0,False,False,False,0,0,0,0,0,0,440.6041759218125,13.0,16.0,6.0,0.040846466047363,-0.0147742536767057,0.0156433274223953,0.236075,0.018375,1.6737000000000002,0.322265625,-0.4189453125,8.72265625,440.16303864948907,0.8947186020942919,17.3,6.744373742699028,18.333333333333332,7.3664090371705715,0.0,0.0,17.581312369492483,14.632691780534683,Good,11,0,2025-10-13 11:00:00+00:00,Normal
2025-10-13 11:39:37+00:00,440.6041759218125,5,14,16,24.0,65,1010.28,24.76,-0.0392266,-0.0392266,8.825985,-0.32375,0.42,0.5950000000000001,-68.75,-39.208984375,261.572265625,mech_workshop,run_2,0,2204,0,False,False,False,0,0,0,0,0,0,440.6041759218125,14.0,16.0,5.0,0.1277538406162206,-0.0582279409611345,-0.0278103598620345,-0.2539249999999999,0.228375,0.49245,-0.21484375,0.6552734375,-0.9453125,440.16303864948907,0.8947186020942919,17.313333333333333,6.735797055188059,18.36,7.350551273669589,0.0,5.0,17.012326383025616,14.143828023459038,Good,11,0,2025-10-13 11:00:00+00:00,Normal
2025-10-13 11:39:42+00:00,440.6041759218125,4,14,15,24.7,65,1010.17,25.67,-0.196133,-0.0392266,8.8652116,-0.0875,0.21875,-0.00875,-68.212890625,-39.74609375,271.77734375,mech_workshop,run_2,0,2204,0,False,False,False,0,0,0,0,0,0,440.6041759218125,14.0,15.0,4.0,-0.0460609085214945,-0.0582279409611345,0.0156433274223953,-0.0176749999999999,0.027125,-0.1113,0.322265625,0.1181640625,9.259765625,440.16303864948907,0.8947186020942919,17.333333333333332,6.721363982166169,18.386666666666667,7.330900552338532,0.0,0.0,17.6761368668623,14.715571695188853,Good,11,0,2025-10-13 11:00:00+00:00,Normal
2025-10-13 11:39:47+00:00,440.6041759218125,3,13,14,24.6,65,1010.22,25.26,-0.196133,0.0,8.8652116,-0.06125,0.245,0.23625,-68.212890625,-39.74609375,271.77734375,mech_workshop,run_2,0,2204,0,False,False,False,0,0,0,0,0,0,440.6041759218125,13.0,14.0,3.0,-0.0460609085214945,-0.0147742536767057,0.0156433274223953,0.008575,0.053375,0.1336999999999999,0.322265625,0.1181640625,9.259765625,440.16303864948907,0.8947186020942919,17.333333333333332,6.721363982166169,18.393333333333334,7.32642240963383,0.0,-5.0,17.581312369492483,14.632691780534683,Good,11,0,2025-10-13 11:00:00+00:00,Normal
2025-10-13 11:39:53+00:00,440.6041759218125,4,14,15,24.6,65,1010.27,24.84,-0.196133,0.0,8.9044382,-0.21,0.245,0.21,-68.75,-39.208984375,254.58984375,mech_workshop,run_2,0,2204,0,False,False,False,0,0,0,0,0,0,440.6041759218125,14.0,15.0,4.0,-0.0460609085214945,-0.0147742536767057,0.0590970147068232,-0.140175,0.053375,0.1074499999999999,-0.21484375,0.6552734375,-7.927734375,440.1630386494892,0.8947186020942919,17.35333333333333,6.706839809009432,18.42,7.306584324884254,0.0,5.0,17.581312369492483,14.632691780534683,Good,11,0,2025-10-13 11:00:00+00:00,Normal
2025-10-13 11:39:58+00:00,440.6041759218125,3,14,15,24.6,64,1010.23,25.17,-0.1176798,0.0,8.825985,-0.2625,0.34125,0.04375,-68.75,-39.74609375,263.18359375,mech_workshop,run_2,0,2204,0,False,False,False,0,0,0,0,0,0,440.6041759218125,14.0,15.0,3.0,0.040846466047363,-0.0147742536767057,-0.0278103598620345,-0.1926749999999999,0.149625,-0.0588,-0.21484375,0.1181640625,0.666015625,440.16303864948907,0.8947186020942919,17.36,6.702979403661186,18.433333333333337,7.298447629983122,0.0,0.0,17.335559134992266,14.407573445449534,Good,11,0,2025-10-13 11:00:00+00:00,Normal
2025-10-13 11:40:03+00:00,442.00355397601066,4,16,18,24.6,64,1010.24,25.09,-0.1176798,0.0,8.8652116,-0.1225,0.0525,0.3325,-69.287109375,-39.208984375,259.423828125,mech_workshop,run_2,0,2211,0,False,False,False,0,0,0,0,0,0,442.00355397601066,16.0,18.0,4.0,0.040846466047363,-0.0147742536767057,0.0156433274223953,-0.0526749999999999,-0.139125,0.22995,-0.751953125,0.6552734375,-3.09375,440.17236783651714,0.9065663691804976,17.346666666666668,6.703686921725913,18.433333333333337,7.298447629983122,6.996890270990832,10.0,17.335559134992266,14.407573445449534,Good,11,0,2025-10-13 11:00:00+00:00,Normal
2025-10-13 11:40:09+00:00,440.6041759218125,4,14,15,24.2,64,1010.16,25.76,-0.1569064,0.0392266,8.9044382,-0.07875,0.1575,0.28875,-68.212890625,-38.671875,280.37109375,mech_workshop,run_2,0,2204,0,False,False,False,0,0,0,0,0,0,440.6041759218125,14.0,15.0,4.0,-0.0026072212370657,0.028679433607723,0.0590970147068232,-0.0089249999999999,-0.0341249999999999,0.1861999999999999,0.322265625,1.1923828125,17.853515625,440.172367836517,0.9065663691804976,17.313333333333333,6.7078404157005425,18.406666666666663,7.303668901199212,-6.996890270990832,-10.0,16.956956851694954,14.08511056362458,Good,11,0,2025-10-13 11:00:00+00:00,Normal
2025-10-13 11:40:14+00:00,442.00355397601066,5,15,16,24.2,64,1010.23,25.17,-0.1569064,0.0,8.9044382,-0.07,0.07,-0.4375,-68.212890625,-38.671875,280.37109375,mech_workshop,run_2,0,2211,0,False,False,False,0,0,0,0,0,0,442.00355397601066,15.0,16.0,5.0,-0.0026072212370657,-0.0147742536767057,0.0590970147068232,-0.0001749999999999,-0.1216249999999999,-0.54005,0.322265625,1.1923828125,17.853515625,440.1816970235451,0.9181658623720752,17.273333333333333,6.7035968174426905,18.366666666666667,7.3002865317184735,6.996890270990832,5.0,16.956956851694954,14.08511056362458,Good,11,0,2025-10-13 11:00:00+00:00,Normal
2025-10-13 11:40:19+00:00,442.00355397601066,5,14,15,24.9,64,1010.21,25.34,-0.196133,0.0784532,8.9044382,0.06125,0.3325,0.14,-69.82421875,-40.283203125,261.572265625,mech_workshop,run_2,0,2211,0,False,False,False,0,0,0,0,0,0,442.00355397601066,14.0,15.0,5.0,-0.0460609085214945,0.0721331208921518,0.0590970147068232,0.131075,0.140875,0.0374499999999999,-1.2890625,-0.4189453125,-0.9453125,440.19102621057306,0.929526376292035,17.226666666666667,6.701844548923964,18.32,7.29927825796827,0.0,-5.0,17.61949070234392,14.653586152279551,Good,11,0,2025-10-13 11:00:00+00:00,Normal
2025-10-13 11:40:25+00:00,442.00355397601066,5,14,15,24.2,64,1010.26,24.92,-0.1569064,0.0392266,8.7867584,-0.455,0.18375,-0.0525,-68.75,-40.8203125,263.720703125,mech_workshop,run_2,0,2211,0,False,False,False,0,0,0,0,0,0,442.00355397601066,14.0,15.0,5.0,-0.0026072212370657,0.028679433607723,-0.0712640471464625,-0.385175,-0.0078749999999999,-0.15505,-0.21484375,-0.9560546875,1.203125,440.2003553976011,0.9406565695941036,17.19333333333333,6.705398673058394,18.286666666666665,7.302970496726837,0.0,0.0,16.956956851694954,14.08511056362458,Good,11,0,2025-10-13 11:00:00+00:00,Normal
2025-10-13 11:40:30+00:00,442.00355397601066,4,13,14,24.9,64,1010.21,25.34,-0.196133,-0.0784532,8.8652116,0.035,0.1225,0.07,-69.287109375,-40.283203125,263.720703125,mech_workshop,run_2,0,2211,0,False,False,False,0,0,0,0,0,0,442.00355397601066,13.0,14.0,4.0,-0.0460609085214945,-0.1016816282455633,0.0156433274223953,0.104825,-0.0691249999999999,-0.03255,-0.751953125,-0.4189453125,1.203125,440.21768103065307,0.9497927284455888,17.14,6.706733068817923,18.24,7.307879355267226,0.0,-5.0,17.61949070234392,14.653586152279551,Good,11,0,2025-10-13 11:00:00+00:00,Normal
2025-10-13 11:40:35+00:00,442.00355397601066,5,14,16,24.1,64,1010.2,25.42,-0.1569064,0.0,8.8652116,-0.175,0.1575,-0.0175,-67.138671875,-39.208984375,287.890625,mech_workshop,run_2,0,2211,0,False,False,False,0,0,0,0,0,0,442.00355397601066,14.0,16.0,5.0,-0.0026072212370657,-0.0147742536767057,0.0156433274223953,-0.1051749999999999,-0.0341249999999999,-0.12005,1.396484375,0.6552734375,25.373046875,440.22701021768097,0.9604275356734484,17.093333333333334,6.704047326748533,18.206666666666667,7.30660881931411,0.0,5.0,16.862301484024233,14.005475977674362,Good,11,0,2025-10-13 11:00:00+00:00,Normal
2025-10-13 11:40:41+00:00,442.00355397601066,4,13,15,24.3,64,1010.22,25.26,-0.1569064,-0.0784532,8.7083052,0.00875,0.1225,-0.21,-67.138671875,-39.208984375,287.890625,mech_workshop,run_2,0,2211,0,False,False,False,0,0,0,0,0,0,442.00355397601066,13.0,15.0,4.0,-0.0026072212370657,-0.1016816282455633,-0.1581714217153203,0.078575,-0.0691249999999999,-0.31255,1.396484375,0.6552734375,25.373046875,440.24433585073297,0.9688976593479568,17.04,6.704581224504121,18.166666666666668,7.30763751122931,0.0,-5.0,17.05161030056877,14.165136011526144,Good,11,0,2025-10-13 11:00:00+00:00,Normal
2025-10-13 11:40:46+00:00,442.00355397601066,4,14,17,24.7,64,1010.2,25.42,-0.1176798,0.0784532,8.8652116,0.105,0.1225,0.11375,-67.67578125,-39.208984375,261.03515625,mech_workshop,run_2,0,2211,0,False,False,False,0,0,0,0,0,0,442.00355397601066,14.0,17.0,4.0,0.040846466047363,0.0721331208921518,0.0156433274223953,0.174825,-0.0691249999999999,0.0111999999999999,0.859375,0.6552734375,-1.482421875,440.26166148378496,0.9769851139857868,17.0,6.704701345640103,18.14,7.304526499544671,0.0,5.0,17.430204909261906,14.48917828449364,Good,11,0,2025-10-13 11:00:00+00:00,Normal
2025-10-13 11:40:51+00:00,442.00355397601066,5,15,18,24.5,64,1010.22,25.26,-0.1176798,0.0,8.8652116,0.105,0.0,0.2975,-67.138671875,-39.208984375,262.109375,mech_workshop,run_2,0,2211,0,False,False,False,0,0,0,0,0,0,442.00355397601066,15.0,18.0,5.0,0.040846466047363,-0.0147742536767057,0.0156433274223953,0.174825,-0.191625,0.1949499999999999,1.396484375,0.6552734375,-0.408203125,440.27898711683696,0.9846993283532728,16.94,6.681869689715267,18.093333333333337,7.282733710003939,0.0,5.0,17.240911442159085,14.326365855626149,Good,11,0,2025-10-13 11:00:00+00:00,Normal
2025-10-13 11:40:57+00:00,442.00355397601066,5,15,18,24.5,64,1010.25,25.01,-0.1569064,0.0,9.1005712,-0.37625,0.20125,0.035,-69.82421875,-39.74609375,265.33203125,mech_workshop,run_2,0,2211,0,False,False,False,0,0,0,0,0,0,442.00355397601066,15.0,18.0,5.0,-0.0026072212370657,-0.0147742536767057,0.2763654511289668,-0.3064249999999999,0.009625,-0.06755,-1.2890625,0.1181640625,2.814453125,440.29631274988895,0.992049009484233,16.88,6.6584154754938005,18.04,7.253677613884869,0.0,0.0,17.240911442159085,14.326365855626149,Good,11,0,2025-10-13 11:00:00+00:00,Normal
2025-10-13 11:41:02+00:00,442.00355397601066,3,13,15,0.0,0,1010.23,25.17,-0.1569064,0.0,8.9436648,-0.37625,-0.07,0.105,-69.82421875,-39.74609375,265.33203125,mech_workshop,run_2,0,2211,0,False,False,False,0,0,0,0,0,0,442.00355397601066,13.0,15.0,3.0,-0.0026072212370657,-0.0147742536767057,0.1025507019912531,-0.3064249999999999,-0.261625,0.0024499999999999,-1.2890625,0.1181640625,2.814453125,440.3136383829408,0.9990422027259926,16.826666666666668,6.657232698620309,17.993333333333332,7.250546534981235,0.0,-10.0,-96.07763018544566,0.0,Good,11,0,2025-10-13 11:00:00+00:00,Normal
2025-10-13 11:41:07+00:00,442.00355397601066,4,14,16,24.3,64,1010.24,25.09,-0.196133,0.0,8.825985,-0.245,0.1575,0.00875,-69.82421875,-39.74609375,265.33203125,mech_workshop,run_2,0,2211,0,False,False,False,0,0,0,0,0,0,442.00355397601066,14.0,16.0,4.0,-0.0460609085214945,-0.0147742536767057,-0.0278103598620345,-0.1751749999999999,-0.0341249999999999,-0.0938,-1.2890625,0.1181640625,2.814453125,440.3309640159928,1.005686344784622,16.793333333333333,6.658795129203702,17.966666666666665,7.250472483254112,0.0,5.0,17.05161030056877,14.165136011526144,Good,11,0,2025-10-13 11:00:00+00:00,Normal
2025-10-13 11:41:13+00:00,442.00355397601066,3,13,14,24.2,64,1010.23,25.17,-0.1569064,0.0,8.9044382,-0.14,0.09625,0.42875,-69.82421875,-40.8203125,265.869140625,mech_workshop,run_2,0,2211,0,False,False,False,0,0,0,0,0,0,442.00355397601066,13.0,14.0,3.0,-0.0026072212370657,-0.0147742536767057,0.0590970147068232,-0.070175,-0.0953749999999999,0.3262,-1.2890625,-0.9560546875,3.3515625,440.3482896490448,1.0119883107005727,16.746666666666666,6.660699790579345,17.926666666666666,7.255728277792884,0.0,-5.0,16.956956851694954,14.08511056362458,Good,11,0,2025-10-13 11:00:00+00:00,Normal
2025-10-13 11:41:18+00:00,442.00355397601066,4,13,15,24.1,64,1010.23,25.17,-0.1569064,0.0,8.8652116,-0.07875,0.21,-0.35,-69.82421875,-40.283203125,265.869140625,mech_workshop,run_2,0,2211,0,False,False,False,0,0,0,0,0,0,442.00355397601066,13.0,15.0,4.0,-0.0026072212370657,-0.0147742536767057,0.0156433274223953,-0.0089249999999999,0.018375,-0.45255,-1.2890625,-0.4189453125,3.3515625,440.3656152820968,1.0179544555394595,16.673333333333332,6.640830249163903,17.866666666666667,7.242368505260935,0.0,0.0,16.862301484024233,14.005475977674362,Good,11,0,2025-10-13 11:00:00+00:00,Normal
2025-10-13 11:41:23+00:00,442.00355397601066,4,13,15,24.6,64,1010.19,25.51,-0.3138128,0.0784532,8.7867584,-0.105,0.035,0.30625,-68.75,-39.208984375,253.515625,mech_workshop,run_2,0,2211,0,False,False,False,0,0,0,0,0,0,442.00355397601066,13.0,15.0,4.0,-0.1764219703747809,0.0721331208921518,-0.0712640471464625,-0.0351749999999999,-0.156625,0.2037,-0.21484375,0.6552734375,-9.001953125,440.3829409151488,1.0235906514619857,16.56,6.556394491245339,17.766666666666666,7.1769734948557025,0.0,0.0,17.335559134992266,14.407573445449534,Good,11,0,2025-10-13 11:00:00+00:00,Normal
2025-10-13 11:41:29+00:00,442.00355397601066,5,13,15,24.9,63,1010.25,25.01,-0.1569064,0.0,8.9044382,-0.28875,0.14875,0.5950000000000001,-68.75,-39.208984375,253.515625,mech_workshop,run_2,0,2211,0,False,False,False,0,0,0,0,0,0,442.00355397601066,13.0,15.0,5.0,-0.0026072212370657,-0.0147742536767057,0.0590970147068232,-0.2189249999999999,-0.0428749999999999,0.49245,-0.21484375,0.6552734375,-9.001953125,440.4002665482008,1.0289023207369106,16.433333333333334,6.438575717555359,17.633333333333333,7.0391204707859005,0.0,0.0,17.369797803854482,14.424623868650183,Good,11,0,2025-10-13 11:00:00+00:00,Normal
2025-10-13 11:41:34+00:00,442.00355397601066,5,13,15,0.0,0,1010.28,24.76,-0.1176798,0.0784532,8.8652116,0.14,0.21,0.04375,-69.287109375,-41.357421875,263.18359375,mech_workshop,run_2,0,2211,0,False,False,False,0,0,0,0,0,0,442.00355397601066,13.0,15.0,5.0,0.040846466047363,0.0721331208921518,0.0156433274223953,0.209825,0.018375,-0.0588,-0.751953125,-1.4931640625,0.666015625,440.4175921812528,1.0338944651776234,16.30666666666667,6.316003607186709,17.493333333333332,6.8783745023212735,0.0,0.0,-96.07763018544566,0.0,Good,11,0,2025-10-13 11:00:00+00:00,Normal
2025-10-13 11:41:40+00:00,442.00355397601066,4,12,14,24.4,63,1010.17,25.67,-0.1569064,0.0,8.825985,-0.07875,0.245,0.175,-69.287109375,-39.74609375,258.88671875,mech_workshop,run_2,0,2211,0,False,False,False,0,0,0,0,0,0,442.00355397601066,12.0,14.0,4.0,-0.0026072212370657,-0.0147742536767057,-0.0278103598620345,-0.0089249999999999,0.053375,0.0724499999999999,-0.751953125,0.1181640625,-3.630859375,440.4349178143047,1.0385716924130668,16.186666666666667,6.224423281731135,17.366666666666667,6.764908137063523,0.0,-5.0,16.897474037049932,14.022967130894916,Good,11,0,2025-10-13 11:00:00+00:00,Normal
2025-10-13 11:41:45+00:00,442.00355397601066,5,13,15,24.1,63,1010.17,25.67,-0.1569064,0.0784532,8.825985,-0.35875,0.035,0.14875,-70.361328125,-39.74609375,266.943359375,mech_workshop,run_2,0,2211,0,False,False,False,0,0,0,0,0,0,442.00355397601066,13.0,15.0,5.0,-0.0026072212370657,0.0721331208921518,-0.0278103598620345,-0.288925,-0.156625,0.0461999999999999,-1.826171875,0.1181640625,4.42578125,440.4522434473567,1.0429382393450988,16.04,6.034442529703576,17.206666666666667,6.529537088196202,0.0,5.0,16.61405600912854,13.786640415523198,Good,11,0,2025-10-13 11:00:00+00:00,Normal
2025-10-13 11:41:50+00:00,442.00355397601066,5,14,14,24.2,63,1010.19,25.51,-0.2353596,-0.0392266,8.9436648,0.0875,0.16625,0.4725,-67.67578125,-35.44921875,267.48046875,mech_workshop,run_2,0,2211,0,False,False,False,0,0,0,0,0,0,442.00355397601066,14.0,14.0,5.0,-0.0895145958059233,-0.0582279409611345,0.1025507019912531,0.157325,-0.0253749999999999,0.3699499999999999,0.859375,4.4150390625,4.962890625,440.46956908040863,1.0469979930947633,15.873333333333331,5.7338002515247055,17.02,6.208318731871782,0.0,5.0,16.70853066590091,13.865030711067948,Good,11,0,2025-10-13 11:00:00+00:00,Normal
2025-10-13 11:41:56+00:00,442.00355397601066,5,14,14,24.7,63,1010.27,24.84,-0.0784532,-0.0392266,8.8652116,0.06125,0.41125,0.23625,-67.67578125,-35.44921875,267.48046875,mech_workshop,run_2,0,2211,0,False,False,False,0,0,0,0,0,0,442.00355397601066,14.0,14.0,5.0,0.0843001533317918,-0.0582279409611345,0.0156433274223953,0.131075,0.219625,0.1336999999999999,0.859375,4.4150390625,4.962890625,440.48689471346063,1.0507545096978472,15.713333333333331,5.439523107139964,16.84,5.891730070316909,0.0,0.0,17.180874238718594,14.262784873798427,Good,11,0,2025-10-13 11:00:00+00:00,Normal
2025-10-13 11:42:01+00:00,443.4029320302088,3,12,13,24.2,63,1010.22,25.26,-0.1176798,-0.0392266,8.9044382,0.07875,0.25375,-0.1575,-68.212890625,-39.74609375,264.794921875,mech_workshop,run_2,0,2218,0,False,False,False,0,0,0,0,0,0,443.4029320302088,12.0,13.0,3.0,0.040846466047363,-0.0582279409611345,0.0590970147068232,0.148575,0.0621249999999999,-0.26005,0.322265625,0.1181640625,2.27734375,440.5135495335406,1.0735822452076802,15.5,4.9259619031353585,16.606666666666666,5.314153151128269,6.996890270990548,-10.0,16.70853066590091,13.865030711067948,Good,11,0,2025-10-13 11:00:00+00:00,Normal
2025-10-13 11:42:06+00:00,443.4029320302088,5,12,14,24.2,63,1010.26,24.92,-0.1176798,0.0,8.8652116,-0.2975,-0.14875,-0.0175,-70.8984375,-39.74609375,263.720703125,mech_workshop,run_2,0,2218,0,False,False,False,0,0,0,0,0,0,443.4029320302088,12.0,14.0,5.0,0.040846466047363,-0.0147742536767057,0.0156433274223953,-0.2276749999999999,-0.340375,-0.12005,-2.36328125,0.1181640625,1.203125,440.54020435362054,1.0952817625142313,15.266666666666667,4.1991796365107765,16.366666666666667,4.554541456032686,0.0,0.0,16.70853066590091,13.865030711067948,Good,11,0,2025-10-13 11:00:00+00:00,Normal
2025-10-13 11:42:12+00:00,443.4029320302088,4,11,13,24.4,63,1010.22,25.26,-0.1569064,0.0392266,8.8652116,-0.35875,0.34125,0.11375,-67.138671875,-40.283203125,265.869140625,mech_workshop,run_2,0,2218,0,False,False,False,0,0,0,0,0,0,443.4029320302088,11.0,13.0,4.0,-0.0026072212370657,0.028679433607723,0.0156433274223953,-0.288925,0.149625,0.0111999999999999,1.396484375,-0.4189453125,3.3515625,440.5668591737006,1.1159188796071682,15.066666666666666,3.642896308200965,16.153333333333332,3.907893692210635,0.0,-5.0,16.897474037049932,14.022967130894916,Good,11,0,2025-10-13 11:00:00+00:00,Normal
2025-10-13 11:42:17+00:00,443.4029320302088,5,13,15,24.8,64,1010.2,25.42,-0.2353596,-0.0392266,8.9044382,-0.11375,0.06125,-0.105,-68.75,-39.74609375,255.126953125,mech_workshop,run_2,0,2218,0,False,False,False,0,0,0,0,0,0,443.4029320302088,13.0,15.0,5.0,-0.0895145958059233,-0.0582279409611345,0.0590970147068232,-0.0439249999999999,-0.130375,-0.20755,-0.21484375,0.1181640625,-7.390625,440.59351399378056,1.1355515210361322,14.926666666666666,3.297541623789814,16.0,3.471842633986709,0.0,10.0,17.52484876502635,14.571181982018237,Good,11,0,2025-10-13 11:00:00+00:00,Normal
2025-10-13 11:42:22+00:00,443.4029320302088,6,17,18,24.5,64,1010.15,25.84,-0.1176798,0.0784532,8.7867584,0.04375,0.1575,0.06125,-68.75,-39.74609375,255.126953125,mech_workshop,run_2,0,2218,0,False,False,False,0,0,0,0,0,0,443.4029320302088,17.0,18.0,6.0,0.040846466047363,0.0721331208921518,-0.0712640471464625,0.113575,-0.0341249999999999,-0.0413,-0.21484375,0.1181640625,-7.390625,440.6201688138605,1.154230944173455,14.846666666666666,3.0930462529749647,15.913333333333334,3.2500628113014836,0.0,20.0,17.240911442159085,14.326365855626149,Good,11,0,2025-10-13 11:00:00+00:00,Normal
2025-10-13 11:42:28+00:00,443.4029320302088,10,20,21,24.1,64,1010.22,25.26,-0.1176798,0.0392266,8.8652116,0.11375,0.3675,1.0762500000000002,-69.287109375,-40.283203125,258.349609375,mech_workshop,run_2,0,2218,0,False,False,False,0,0,0,0,0,0,443.4029320302088,20.0,21.0,10.0,0.040846466047363,0.028679433607723,0.0156433274223953,0.183575,0.175875,0.9737,-0.751953125,-0.4189453125,-4.16796875,440.64682363394047,1.1720027271913387,14.813333333333333,3.0086824396023135,15.873333333333331,3.148018800986524,0.0,15.0,16.862301484024233,14.005475977674362,Good,11,0,2025-10-13 11:00:00+00:00,Normal
2025-10-13 11:42:33+00:00,443.4029320302088,12,24,28,24.6,64,1010.17,25.67,-0.1569064,0.0392266,8.8652116,0.0,-0.0525,-0.1925,-69.287109375,-39.208984375,265.33203125,mech_workshop,run_2,0,2218,0,False,False,False,0,0,0,0,0,0,443.4029320302088,24.0,28.0,12.0,-0.0026072212370657,0.028679433607723,0.0156433274223953,0.069825,-0.2441249999999999,-0.29505,-0.751953125,0.6552734375,2.814453125,440.6734784540204,1.188907572983133,14.826666666666666,3.0449576906432654,15.906666666666666,3.2488442274626914,0.0,20.0,17.335559134992266,14.407573445449534,Good,11,0,2025-10-13 11:00:00+00:00,Normal
2025-10-13 11:42:38+00:00,443.4029320302088,14,28,31,24.7,64,1010.26,24.92,-0.196133,0.0,8.7867584,-0.28,0.0875,-0.6475000000000001,-68.75,-40.8203125,267.48046875,mech_workshop,run_2,0,2218,0,False,False,False,0,0,0,0,0,0,443.4029320302088,28.0,31.0,14.0,-0.0460609085214945,-0.0147742536767057,-0.0712640471464625,-0.210175,-0.104125,-0.7500500000000001,-0.21484375,-0.9560546875,4.962890625,440.7001332741004,1.2049819692201509,14.873333333333331,3.190372822602954,15.973333333333333,3.4504093068486026,0.0,20.0,17.430204909261906,14.48917828449364,Good,11,0,2025-10-13 11:00:00+00:00,Normal
2025-10-13 11:42:44+00:00,443.4029320302088,11,24,29,24.0,64,1010.2,25.42,-0.2353596,0.0392266,8.825985,0.14,0.21875,0.07875,-67.138671875,-40.283203125,292.1875,mech_workshop,run_2,0,2218,0,False,False,False,0,0,0,0,0,0,443.4029320302088,24.0,29.0,11.0,-0.0895145958059233,0.028679433607723,-0.0278103598620345,0.209825,0.027125,-0.0238,1.396484375,-0.4189453125,29.669921875,440.72678809418034,1.220258734732523,14.906666666666666,3.259156778720129,16.033333333333335,3.596076659056031,0.0,-20.0,16.76764419749827,13.926230669251977,Good,11,0,2025-10-13 11:00:00+00:00,Normal
2025-10-13 11:42:49+00:00,443.4029320302088,12,23,28,24.7,64,1010.2,25.42,-0.1176798,0.0392266,8.9436648,-0.0525,-0.34125,0.7875000000000001,-67.138671875,-40.283203125,292.1875,mech_workshop,run_2,0,2218,0,False,False,False,0,0,0,0,0,0,443.4029320302088,23.0,28.0,12.0,0.040846466047363,0.028679433607723,0.1025507019912531,0.017325,-0.532875,0.6849500000000001,1.396484375,-0.4189453125,29.669921875,440.7534429142603,1.2347674751679698,14.933333333333334,3.308858694670642,16.093333333333334,3.718891851015912,0.0,-5.0,17.430204909261906,14.48917828449364,Good,11,0,2025-10-13 11:00:00+00:00,Normal
2025-10-13 11:42:54+00:00,443.4029320302088,12,22,25,24.9,64,1010.2,25.42,-0.0784532,0.0,8.7867584,0.11375,0.21,0.4375,-68.212890625,-39.74609375,261.572265625,mech_workshop,run_2,0,2218,0,False,False,False,0,0,0,0,0,0,443.4029320302088,22.0,25.0,12.0,0.0843001533317918,-0.0147742536767057,-0.0712640471464625,0.183575,0.018375,0.3349499999999999,0.322265625,0.1181640625,-0.9453125,440.7800977343403,1.2485349655779236,14.96,3.3496068085391824,16.14,3.786287516071963,0.0,-5.0,17.61949070234392,14.653586152279551,Good,11,0,2025-10-13 11:00:00+00:00,Normal
2025-10-13 11:43:00+00:00,443.4029320302088,10,20,23,24.5,64,1010.17,25.67,-0.196133,0.0,8.7867584,-0.02625,0.1575,0.18375,-69.82421875,-40.8203125,266.943359375,mech_workshop,run_2,0,2218,0,False,False,False,0,0,0,0,0,0,443.4029320302088,20.0,23.0,10.0,-0.0460609085214945,-0.0147742536767057,-0.0712640471464625,0.043575,-0.0341249999999999,0.0811999999999999,-1.2890625,-0.9560546875,4.42578125,440.80675255442026,1.2615854736421817,14.98,3.370758582696002,16.18,3.826909314228499,0.0,-10.0,17.240911442159085,14.326365855626149,Good,11,0,2025-10-13 11:00:00+00:00,Normal
2025-10-13 11:43:05+00:00,443.4029320302088,11,22,25,24.9,64,1010.23,25.17,-0.1569064,0.0392266,8.7867584,0.14,0.00875,-0.23625,-68.212890625,-40.283203125,270.166015625,mech_workshop,run_2,0,2218,0,False,False,False,0,0,0,0,0,0,443.4029320302088,22.0,25.0,11.0,-0.0026072212370657,0.028679433607723,-0.0712640471464625,0.209825,-0.1828749999999999,-0.3388,0.322265625,-0.4189453125,7.6484375,440.8334073745002,1.273941034285177,15.006666666666666,3.4103999384957975,16.226666666666667,3.8913889907595856,0.0,10.0,17.61949070234392,14.653586152279551,Good,11,0,2025-10-13 11:00:00+00:00,Normal
2025-10-13 11:43:10+00:00,443.4029320302088,11,22,24,24.6,64,1010.19,25.51,-0.196133,0.0784532,8.9044382,0.21875,0.23625,0.23625,-68.212890625,-40.283203125,270.166015625,mech_workshop,run_2,0,2218,0,False,False,False,0,0,0,0,0,0,443.4029320302088,22.0,24.0,11.0,-0.0460609085214945,0.0721331208921518,0.0590970147068232,0.288575,0.044625,0.1336999999999999,0.322265625,-0.4189453125,7.6484375,440.86006219458017,1.2856216841911632,15.033333333333331,3.449378246992885,16.266666666666666,3.9402699234127625,0.0,0.0,17.335559134992266,14.407573445449534,Good,11,0,2025-10-13 11:00:00+00:00,Normal
2025-10-13 11:43:16+00:00,443.4029320302088,9,20,21,24.2,64,1010.26,24.92,-0.196133,0.0,8.825985,0.0175,0.0175,0.245,-68.75,-40.283203125,265.33203125,mech_workshop,run_2,0,2218,0,False,False,False,0,0,0,0,0,0,443.4029320302088,20.0,21.0,9.0,-0.0460609085214945,-0.0147742536767057,-0.0278103598620345,0.087325,-0.1741249999999999,0.1424499999999999,-0.21484375,-0.4189453125,2.814453125,440.8867170146601,1.2966456630034973,15.046666666666669,3.4647538174681216,16.286666666666665,3.95670642417015,0.0,-10.0,16.956956851694954,14.08511056362458,Good,11,0,2025-10-13 11:00:00+00:00,Normal
2025-10-13 11:43:21+00:00,443.4029320302088,9,20,21,24.3,64,1010.18,25.59,-0.1176798,-0.0392266,8.7867584,0.09625,-0.105,0.49,-66.6015625,-39.74609375,266.40625,mech_workshop,run_2,0,2218,0,False,False,False,0,0,0,0,0,0,443.4029320302088,20.0,21.0,9.0,0.040846466047363,-0.0582279409611345,-0.0712640471464625,0.166075,-0.2966249999999999,0.3874499999999999,1.93359375,0.1181640625,3.888671875,440.9133718347401,1.307029586660284,15.08,3.4882737408745803,16.326666666666668,3.973902561210518,0.0,0.0,17.05161030056877,14.165136011526144,Good,11,0,2025-10-13 11:00:00+00:00,Normal
2025-10-13 11:43:26+00:00,443.4029320302088,7,19,20,24.6,64,1010.17,25.67,-0.196133,0.0,8.825985,-0.0175,0.525,0.14875,-67.138671875,-39.74609375,262.109375,mech_workshop,run_2,0,2218,0,False,False,False,0,0,0,0,0,0,443.4029320302088,19.0,20.0,7.0,-0.0460609085214945,-0.0147742536767057,-0.0278103598620345,0.052325,0.333375,0.0461999999999999,1.396484375,0.1181640625,-0.408203125,440.94002665482,1.3167885972779556,15.12,3.498647869213426,16.373333333333335,3.9756754804343695,0.0,-5.0,17.335559134992266,14.407573445449534,Good,11,0,2025-10-13 11:00:00+00:00,Normal
2025-10-13 11:43:32+00:00,443.4029320302088,6,19,20,24.6,64,1010.25,25.01,-0.1176798,0.0784532,8.8652116,0.2275,0.0175,-0.25375,-66.6015625,-38.671875,276.07421875,mech_workshop,run_2,0,2218,0,False,False,False,0,0,0,0,0,0,443.4029320302088,19.0,20.0,6.0,0.040846466047363,0.0721331208921518,0.0156433274223953,0.297325,-0.1741249999999999,-0.3563,1.93359375,1.1923828125,13.556640625,440.97601066192794,1.3097854121432506,15.16,3.50853226545205,16.413333333333334,3.98181548870986,0.0,0.0,17.335559134992266,14.407573445449534,Good,11,0,2025-10-13 11:00:00+00:00,Normal
2025-10-13 11:43:37+00:00,443.4029320302088,7,19,20,24.2,64,1010.23,25.17,-0.2745862,0.0,8.9436648,-0.09625,0.385,-2.00375,-66.6015625,-38.671875,276.07421875,mech_workshop,run_2,0,2218,0,False,False,False,0,0,0,0,0,0,443.4029320302088,19.0,20.0,7.0,-0.1329682830903521,-0.0147742536767057,0.1025507019912531,-0.0264249999999999,0.193375,-2.1063,1.93359375,1.1923828125,13.556640625,441.0026654820079,1.3182496087408888,15.2,3.5179310576210088,16.453333333333333,3.987542121410426,0.0,0.0,16.956956851694954,14.08511056362458,Good,11,0,2025-10-13 11:00:00+00:00,Normal
2025-10-13 11:43:42+00:00,443.4029320302088,5,17,18,24.2,64,1010.11,26.18,-0.0784532,0.0,8.825985,0.07875,-0.5337500000000001,0.02625,-67.138671875,-40.8203125,267.48046875,mech_workshop,run_2,0,2218,0,False,False,False,0,0,0,0,0,0,443.4029320302088,17.0,18.0,5.0,0.0843001533317918,-0.0147742536767057,-0.0278103598620345,0.148575,-0.7253750000000001,-0.0763,1.396484375,-0.9560546875,4.962890625,441.029320302088,1.32612056032778,15.226666666666668,3.516302715562471,16.48,3.984399106717439,0.0,-10.0,16.956956851694954,14.08511056362458,Good,11,0,2025-10-13 11:00:00+00:00,Normal
2025-10-13 11:43:48+00:00,442.00355397601066,5,16,16,24.2,64,1010.18,25.59,-0.196133,-0.0392266,8.825985,0.34125,0.21,0.7525000000000001,-68.212890625,-40.283203125,268.5546875,mech_workshop,run_2,0,2211,0,False,False,False,0,0,0,0,0,0,442.00355397601066,16.0,16.0,5.0,-0.0460609085214945,-0.0582279409611345,-0.0278103598620345,0.411075,0.018375,0.64995,0.322265625,-0.4189453125,6.037109375,441.04664593513985,1.3217222548647312,15.246666666666666,3.51208205455707,16.493333333333332,3.979387607040729,-6.996890270990548,-5.0,16.956956851694954,14.08511056362458,Good,11,0,2025-10-13 11:00:00+00:00,Normal
2025-10-13 11:43:53+00:00,442.00355397601066,4,14,14,24.4,64,1010.19,25.51,-0.196133,0.0392266,8.7867584,-0.035,-0.06125,-0.105,-69.287109375,-39.74609375,270.166015625,mech_workshop,run_2,0,2211,0,False,False,False,0,0,0,0,0,0,442.00355397601066,14.0,14.0,4.0,-0.0460609085214945,0.028679433607723,-0.0712640471464625,0.034825,-0.2528749999999999,-0.20755,-0.751953125,0.1181640625,7.6484375,441.06397156819185,1.317079843113184,15.246666666666666,3.51208205455707,16.48,3.984399106717439,0.0,-10.0,17.146261830704038,14.245553910750392,Good,11,0,2025-10-13 11:00:00+00:00,Normal
2025-10-13 11:43:58+00:00,442.00355397601066,5,15,15,24.6,64,1010.18,25.59,-0.1569064,0.0,8.9044382,-0.3325,0.35,-0.14875,-68.75,-38.134765625,245.99609375,mech_workshop,run_2,0,2211,0,False,False,False,0,0,0,0,0,0,442.00355397601066,15.0,15.0,5.0,-0.0026072212370657,-0.0147742536767057,0.0590970147068232,-0.262675,0.158375,-0.2513,-0.21484375,1.7294921875,-16.521484375,441.08129720124384,1.312190734197999,15.246666666666666,3.51208205455707,16.473333333333333,3.986043886022522,0.0,5.0,17.335559134992266,14.407573445449534,Good,11,0,2025-10-13 11:00:00+00:00,Normal
2025-10-13 11:44:04+00:00,442.00355397601066,5,16,16,24.9,64,1010.13,26.01,-0.196133,0.0392266,8.825985,-0.32375,0.2975,0.00875,-68.75,-38.134765625,245.99609375,mech_workshop,run_2,0,2211,0,False,False,False,0,0,0,0,0,0,442.00355397601066,16.0,16.0,5.0,-0.0460609085214945,0.028679433607723,-0.0278103598620345,-0.2539249999999999,0.105875,-0.0938,-0.21484375,1.7294921875,-16.521484375,441.0986228342959,1.3070521597644114,15.253333333333334,3.5125597592980244,16.466666666666665,3.985993373894865,0.0,5.0,17.61949070234392,14.653586152279551,Good,11,0,2025-10-13 11:00:00+00:00,Normal
2025-10-13 11:44:09+00:00,442.00355397601066,5,16,16,24.9,64,1010.17,25.67,-0.3138128,-0.0392266,8.8652116,-0.09625,-0.0525,0.07,-68.75,-40.283203125,263.720703125,mech_workshop,run_2,0,2211,0,False,False,False,0,0,0,0,0,0,442.00355397601066,16.0,16.0,5.0,-0.1764219703747809,-0.0582279409611345,0.0156433274223953,-0.0264249999999999,-0.2441249999999999,-0.03255,-0.21484375,-0.4189453125,1.203125,441.1159484673479,1.3016611653668693,15.24,3.505853207339031,16.446666666666665,3.9807197532500296,0.0,0.0,17.61949070234392,14.653586152279551,Good,11,0,2025-10-13 11:00:00+00:00,Normal
2025-10-13 11:44:14+00:00,442.00355397601066,4,14,14,24.8,64,1010.24,25.09,-0.1569064,0.0,8.825985,0.14,0.39375,0.0525,-68.75,-40.8203125,268.5546875,mech_workshop,run_2,0,2211,0,False,False,False,0,0,0,0,0,0,442.00355397601066,14.0,14.0,4.0,-0.0026072212370657,-0.0147742536767057,-0.0278103598620345,0.209825,0.202125,-0.05005,-0.21484375,-0.9560546875,6.037109375,441.1332741003998,1.2960146010571618,15.226666666666668,3.506746454124147,16.433333333333334,3.98557241460192,0.0,-10.0,17.52484876502635,14.571181982018237,Good,11,0,2025-10-13 11:00:00+00:00,Normal
2025-10-13 11:44:20+00:00,442.00355397601066,5,15,15,24.3,65,1010.2,25.42,-0.1176798,0.0,8.825985,-0.16625,0.41125,-0.0875,-69.82421875,-39.208984375,263.18359375,mech_workshop,run_2,0,2211,0,False,False,False,0,0,0,0,0,0,442.00355397601066,15.0,15.0,5.0,0.040846466047363,-0.0147742536767057,-0.0278103598620345,-0.096425,0.219625,-0.19005,-1.2890625,0.6552734375,0.666015625,441.15059973345177,1.2901091110957117,15.226666666666668,3.506746454124147,16.433333333333334,3.98557241460192,0.0,5.0,17.296827734211,14.38646626170624,Good,11,0,2025-10-13 11:00:00+00:00,Normal
2025-10-13 11:44:25+00:00,442.00355397601066,5,15,16,24.7,65,1010.19,25.51,-0.1176798,0.0392266,8.8652116,-0.3325,0.18375,0.28,-69.82421875,-39.208984375,263.18359375,mech_workshop,run_2,0,2211,0,False,False,False,0,0,0,0,0,0,442.00355397601066,15.0,16.0,5.0,0.040846466047363,0.028679433607723,0.0156433274223953,-0.262675,-0.0078749999999999,0.17745,-1.2890625,0.6552734375,0.666015625,441.16792536650377,1.2839411227002095,15.226666666666668,3.506746454124147,16.44,3.983994824933971,0.0,0.0,17.6761368668623,14.715571695188853,Good,11,0,2025-10-13 11:00:00+00:00,Normal
2025-10-13 11:44:30+00:00,442.00355397601066,5,14,17,24.0,65,1010.15,25.84,-0.2353596,0.0,8.9436648,-0.525,0.21875,-0.18375,-67.138671875,-39.208984375,273.388671875,mech_workshop,run_2,0,2211,0,False,False,False,0,0,0,0,0,0,442.00355397601066,14.0,17.0,5.0,-0.0895145958059233,-0.0147742536767057,0.1025507019912531,-0.455175,0.027125,-0.2863,1.396484375,0.6552734375,10.87109375,441.18525099955576,1.2775068337347069,15.22,3.5081305371624625,16.453333333333333,3.982489637606923,0.0,-5.0,17.012326383025616,14.143828023459038,Good,11,0,2025-10-13 11:00:00+00:00,Normal
2025-10-13 11:44:36+00:00,440.6041759218125,5,14,17,24.8,65,1010.14,25.93,-0.2353596,-0.0784532,8.9044382,-0.35875,0.3325,-0.7525000000000001,-67.67578125,-38.134765625,269.091796875,mech_workshop,run_2,0,2204,0,False,False,False,0,0,0,0,0,0,440.6041759218125,14.0,17.0,5.0,-0.0895145958059233,-0.1016816282455633,0.0590970147068232,-0.288925,0.140875,-0.8550500000000001,0.859375,1.7294921875,6.57421875,441.19324744557974,1.2700189182438495,15.22,3.5081305371624625,16.473333333333333,3.977616342401288,-6.996890270990832,0.0,17.770959507127706,14.79885670048727,Good,11,0,2025-10-13 11:00:00+00:00,Normal
2025-10-13 11:44:41+00:00,440.6041759218125,5,15,15,24.6,65,1010.26,24.92,-0.0784532,0.0,8.7867584,0.07875,-0.105,0.2975,-69.287109375,-38.671875,265.869140625,mech_workshop,run_2,0,2204,0,False,False,False,0,0,0,0,0,0,440.6041759218125,15.0,15.0,5.0,0.0843001533317918,-0.0147742536767057,-0.0712640471464625,0.148575,-0.2966249999999999,0.1949499999999999,-0.751953125,1.1923828125,3.3515625,441.2012438916038,1.262435602539927,15.226666666666668,3.506746454124147,16.473333333333333,3.977616342401288,0.0,5.0,17.581312369492483,14.632691780534683,Good,11,0,2025-10-13 11:00:00+00:00,Normal
2025-10-13 11:44:46+00:00,440.6041759218125,6,16,16,24.6,65,1010.15,25.84,-0.1569064,0.0784532,8.9044382,0.14,0.5950000000000001,0.5162500000000001,-70.8984375,-34.912109375,292.724609375,mech_workshop,run_2,0,2204,0,False,False,False,0,0,0,0,0,0,440.6041759218125,16.0,16.0,6.0,-0.0026072212370657,0.0721331208921518,0.0590970147068232,0.209825,0.4033750000000001,0.4137,-2.36328125,4.9521484375,30.20703125,441.2012438916038,1.262435602539927,15.253333333333334,3.4972408427650827,16.486666666666668,3.972618811780667,0.0,5.0,17.581312369492483,14.632691780534683,Good,11,0,2025-10-13 11:00:00+00:00,Normal
2025-10-13 11:44:52+00:00,440.6041759218125,5,15,15,0.0,0,1010.22,25.26,-0.1569064,0.0392266,8.7867584,-0.14,0.00875,-0.25375,-70.8984375,-34.912109375,292.724609375,mech_workshop,run_2,0,2204,0,False,False,False,0,0,0,0,0,0,440.6041759218125,15.0,15.0,5.0,-0.0026072212370657,0.028679433607723,-0.0712640471464625,-0.070175,-0.1828749999999999,-0.3563,-2.36328125,4.9521484375,30.20703125,441.2092403376277,1.2547551569242852,15.273333333333332,3.487074246541767,16.5,3.964185301000841,0.0,-5.0,-96.07763018544566,0.0,Good,11,0,2025-10-13 11:00:00+00:00,Normal
2025-10-13 11:44:57+00:00,440.6041759218125,5,15,15,24.0,65,1010.22,25.26,-0.196133,0.0,8.9436648,-0.455,0.2975,-0.6125,-70.8984375,-37.060546875,262.109375,mech_workshop,run_2,0,2204,0,False,False,False,0,0,0,0,0,0,440.6041759218125,15.0,15.0,5.0,-0.0460609085214945,-0.0147742536767057,0.1025507019912531,-0.385175,0.105875,-0.7150500000000001,-2.36328125,2.8037109375,-0.408203125,441.21723678365174,1.2469757866536524,15.293333333333331,3.4767621029282285,16.513333333333332,3.955688566582837,0.0,0.0,17.012326383025616,14.143828023459038,Good,11,0,2025-10-13 11:00:00+00:00,Normal
2025-10-13 11:45:02+00:00,440.6041759218125,4,14,14,24.7,65,1010.16,25.76,-0.1569064,0.0,8.825985,-0.0875,0.2975,0.1225,-71.435546875,-39.74609375,264.794921875,mech_workshop,run_2,0,2204,0,False,False,False,0,0,0,0,0,0,440.6041759218125,14.0,14.0,4.0,-0.0026072212370657,-0.0147742536767057,-0.0278103598620345,-0.0176749999999999,0.105875,0.0199499999999999,-2.900390625,0.1181640625,2.27734375,441.2252332296757,1.239095628503939,15.306666666666668,3.467871069390407,16.52,3.950567030917436,0.0,-5.0,17.6761368668623,14.715571695188853,Good,11,0,2025-10-13 11:00:00+00:00,Normal
2025-10-13 11:45:08+00:00,440.6041759218125,4,15,15,24.8,65,1010.19,25.51,-0.1176798,0.1176798,8.9828914,0.1925,0.49875,1.12875,-74.12109375,-38.134765625,264.794921875,mech_workshop,run_2,0,2204,0,False,False,False,0,0,0,0,0,0,440.6041759218125,15.0,15.0,4.0,0.040846466047363,0.1155868081765806,0.146004389275681,0.262325,0.307125,1.0261999999999998,-5.5859375,1.7294921875,2.27734375,441.2252332296757,1.239095628503939,15.326666666666666,3.457307534990033,16.533333333333335,3.941972842136684,0.0,5.0,17.770959507127706,14.79885670048727,Good,11,0,2025-10-13 11:00:00+00:00,Normal
2025-10-13 11:45:13+00:00,440.6041759218125,4,15,15,24.5,66,1010.2,25.42,-0.1176798,0.0392266,8.7475318,-0.1925,0.315,0.3675,-75.1953125,-37.59765625,305.615234375,mech_workshop,run_2,0,2204,0,False,False,False,0,0,0,0,0,0,440.6041759218125,15.0,15.0,4.0,0.040846466047363,0.028679433607723,-0.1147177344308904,-0.1226749999999999,0.123375,0.2649499999999999,-6.66015625,2.2666015625,43.09765625,441.2332296756997,1.231112747094805,15.346666666666666,3.4465947919584674,16.546666666666667,3.933314374504037,0.0,0.0,17.728764332340337,14.774064788614462,Good,11,0,2025-10-13 11:00:00+00:00,Normal
2025-10-13 11:45:19+00:00,440.6041759218125,5,16,16,24.7,66,1010.19,25.51,-0.1569064,0.0,8.825985,-0.32375,0.21875,-0.27125,-75.1953125,-37.59765625,305.615234375,mech_workshop,run_2,0,2204,0,False,False,False,0,0,0,0,0,0,440.6041759218125,16.0,16.0,5.0,-0.0026072212370657,-0.0147742536767057,-0.0278103598620345,-0.2539249999999999,0.027125,-0.3738,-6.66015625,2.2666015625,43.09765625,441.23322967569976,1.231112747094805,15.373333333333331,3.435985379149196,16.56,3.9280098962408982,0.0,5.0,17.918768102529246,14.941965105884066,Good,11,0,2025-10-13 11:00:00+00:00,Normal
2025-10-13 11:45:24+00:00,440.6041759218125,5,16,16,24.7,66,1010.2,25.42,-0.1569064,0.0392266,8.9828914,-0.14,-0.00875,0.49,-77.880859375,-34.912109375,266.40625,mech_workshop,run_2,0,2204,0,False,False,False,0,0,0,0,0,0,440.6041759218125,16.0,16.0,5.0,-0.0026072212370657,0.028679433607723,0.146004389275681,-0.070175,-0.200375,0.3874499999999999,-9.345703125,4.9521484375,3.888671875,441.2412261217237,1.2230251309542788,15.406666666666666,3.4174771232801477,16.58,3.917385102369749,0.0,0.0,17.918768102529246,14.941965105884066,Good,11,0,2025-10-13 11:00:00+00:00,Normal
2025-10-13 11:45:29+00:00,440.6041759218125,4,15,15,24.4,65,1010.17,25.67,-0.2353596,0.0392266,8.7867584,0.23625,0.16625,0.3325,-80.56640625,-33.837890625,271.240234375,mech_workshop,run_2,0,2204,0,False,False,False,0,0,0,0,0,0,440.6041759218125,15.0,15.0,4.0,-0.0895145958059233,0.028679433607723,-0.0712640471464625,0.306075,-0.0253749999999999,0.22995,-12.03125,6.0263671875,8.72265625,441.2492225677477,1.2148306883005602,15.426666666666666,3.4061662731125537,16.586666666666666,3.913814230958324,0.0,-5.0,17.391657803221396,14.468140690605864,Good,11,0,2025-10-13 11:00:00+00:00,Normal
2025-10-13 11:45:35+00:00,440.6041759218125,3,15,15,24.3,65,1010.23,25.17,-0.196133,-0.0784532,8.825985,0.245,-0.30625,2.19625,-81.103515625,-28.466796875,270.166015625,mech_workshop,run_2,0,2204,0,False,False,False,0,0,0,0,0,0,440.6041759218125,15.0,15.0,3.0,-0.0460609085214945,-0.1016816282455633,-0.0278103598620345,0.314825,-0.497875,2.0937,-12.568359375,11.3974609375,7.6484375,441.2572190137717,1.2065272425157103,15.446666666666667,3.394699118170601,16.6,3.904910005064266,0.0,0.0,17.296827734211,14.38646626170624,Good,11,0,2025-10-13 11:00:00+00:00,Normal
2025-10-13 11:45:40+00:00,440.6041759218125,4,15,16,24.3,65,1010.15,25.84,-0.1569064,0.0,8.9436648,-0.07,0.00875,0.105,-81.103515625,-28.466796875,270.166015625,mech_workshop,run_2,0,2204,0,False,False,False,0,0,0,0,0,0,440.6041759218125,15.0,16.0,4.0,-0.0026072212370657,-0.0147742536767057,0.1025507019912531,-0.0001749999999999,-0.1828749999999999,0.0024499999999999,-12.568359375,11.3974609375,7.6484375,441.2572190137716,1.2065272425157103,15.453333333333331,3.392820423343373,16.613333333333333,3.899383304652102,0.0,0.0,17.296827734211,14.38646626170624,Good,11,0,2025-10-13 11:00:00+00:00,Normal
2025-10-13 11:45:45+00:00,440.6041759218125,3,14,15,24.1,65,1010.19,25.51,-0.0784532,0.0392266,8.9044382,0.035,0.18375,0.42,-81.103515625,-28.466796875,270.166015625,mech_workshop,run_2,0,2204,0,False,False,False,0,0,0,0,0,0,440.6041759218125,14.0,15.0,3.0,0.0843001533317918,0.028679433607723,0.0590970147068232,0.104825,-0.0078749999999999,0.3174499999999999,-12.568359375,11.3974609375,7.6484375,441.2572190137717,1.2065272425157103,15.46,3.388947689615908,16.62,3.8957385080995786,0.0,-5.0,17.107162024167675,14.224311539825525,Good,11,0,2025-10-13 11:00:00+00:00,Normal
2025-10-13 11:45:51+00:00,440.6041759218125,4,14,15,24.7,65,1010.26,24.92,-0.2745862,-0.0392266,8.9044382,-0.035,0.3325,0.07,-84.326171875,-20.41015625,269.091796875,mech_workshop,run_2,0,2204,0,False,False,False,0,0,0,0,0,0,440.6041759218125,14.0,15.0,4.0,-0.1329682830903521,-0.0582279409611345,0.0590970147068232,0.034825,0.140875,-0.03255,-15.791015625,19.4541015625,6.57421875,441.2572190137716,1.2065272425157103,15.46,3.388947689615908,16.62,3.8957385080995786,0.0,0.0,17.6761368668623,14.715571695188853,Good,11,0,2025-10-13 11:00:00+00:00,Normal
2025-10-13 11:45:56+00:00,440.6041759218125,5,15,17,24.0,65,1010.19,25.51,-0.1569064,0.0784532,8.825985,0.0175,-0.04375,0.04375,-86.474609375,-11.279296875,264.794921875,mech_workshop,run_2,0,2204,0,False,False,False,0,0,0,0,0,0,440.6041759218125,15.0,17.0,5.0,-0.0026072212370657,0.0721331208921518,-0.0278103598620345,0.087325,-0.235375,-0.0588,-17.939453125,28.5849609375,2.27734375,441.2572190137717,1.2065272425157103,15.473333333333333,3.383133583109495,16.64,3.889893978990332,0.0,5.0,17.012326383025616,14.143828023459038,Good,11,0,2025-10-13 11:00:00+00:00,Normal
2025-10-13 11:46:01+00:00,440.6041759218125,5,16,16,24.0,65,1010.2,25.42,-0.0784532,0.1176798,8.825985,0.1225,0.02625,0.28,-83.7890625,-8.59375,266.943359375,mech_workshop,run_2,0,2204,0,False,False,False,0,0,0,0,0,0,440.6041759218125,16.0,16.0,5.0,0.0843001533317918,0.1155868081765806,-0.0278103598620345,0.192325,-0.165375,0.17745,-15.25390625,31.2705078125,4.42578125,441.2572190137716,1.2065272425157103,15.493333333333334,3.377276347254848,16.653333333333332,3.884207686418226,0.0,5.0,17.012326383025616,14.143828023459038,Good,11,0,2025-10-13 11:00:00+00:00,Normal
2025-10-13 11:46:07+00:00,440.6041759218125,4,16,16,24.0,65,1010.15,25.84,-0.1569064,0.0,8.9044382,0.28875,-0.02625,-0.04375,-83.7890625,-8.59375,266.943359375,mech_workshop,run_2,0,2204,0,False,False,False,0,0,0,0,0,0,440.6041759218125,16.0,16.0,4.0,-0.0026072212370657,-0.0147742536767057,0.0590970147068232,0.358575,-0.2178749999999999,-0.1463,-15.25390625,31.2705078125,4.42578125,441.2572190137717,1.2065272425157103,15.513333333333334,3.3712894923401775,16.666666666666668,3.8784669126912976,0.0,0.0,17.012326383025616,14.143828023459038,Good,11,0,2025-10-13 11:00:00+00:00,Normal
2025-10-13 11:46:12+00:00,440.6041759218125,3,15,15,0.0,0,1010.18,25.59,-0.1569064,0.0,8.825985,-0.13125,0.1925,0.1225,-83.7890625,-5.908203125,263.720703125,mech_workshop,run_2,0,2204,0,False,False,False,0,0,0,0,0,0,440.6041759218125,15.0,15.0,3.0,-0.0026072212370657,-0.0147742536767057,-0.0278103598620345,-0.0614249999999999,0.000875,0.0199499999999999,-15.25390625,33.9560546875,1.203125,441.2572190137716,1.2065272425157103,15.52,3.3692649508052663,16.666666666666668,3.8784669126912976,0.0,-5.0,-96.07763018544566,0.0,Good,11,0,2025-10-13 11:00:00+00:00,Normal
2025-10-13 11:46:17+00:00,440.6041759218125,3,15,15,24.3,65,1010.2,25.42,-0.1569064,0.0784532,8.8652116,0.16625,-0.13125,0.11375,-81.640625,-1.611328125,262.109375,mech_workshop,run_2,0,2204,0,False,False,False,0,0,0,0,0,0,440.6041759218125,15.0,15.0,3.0,-0.0026072212370657,0.0721331208921518,0.0156433274223953,0.236075,-0.322875,0.0111999999999999,-13.10546875,38.2529296875,-0.408203125,441.2652154597956,1.1981125272832196,15.533333333333331,3.363177362061072,16.673333333333332,3.874710063483801,0.0,0.0,17.296827734211,14.38646626170624,Good,11,0,2025-10-13 11:00:00+00:00,Normal
2025-10-13 11:46:23+00:00,440.6041759218125,4,16,16,24.0,65,1010.22,25.26,-0.1569064,0.0784532,8.9044382,-0.07,0.14,0.20125,-80.029296875,0.537109375,266.943359375,mech_workshop,run_2,0,2204,0,False,False,False,0,0,0,0,0,0,440.6041759218125,16.0,16.0,4.0,-0.0026072212370657,0.0721331208921518,0.0590970147068232,-0.0001749999999999,-0.0516249999999999,0.0986999999999999,-11.494140625,40.4013671875,4.42578125,441.2732119058195,1.1895841813583736,15.546666666666669,3.361021470384378,16.68,3.872671415524102,0.0,5.0,17.012326383025616,14.143828023459038,Good,11,0,2025-10-13 11:00:00+00:00,Normal
2025-10-13 11:46:28+00:00,440.6041759218125,4,14,14,24.1,65,1010.2,25.42,-0.2353596,0.0,8.6690786,-0.20125,0.1925,0.105,-81.103515625,4.296875,285.205078125,mech_workshop,run_2,0,2204,0,False,False,False,0,0,0,0,0,0,440.6041759218125,14.0,14.0,4.0,-0.0895145958059233,-0.0147742536767057,-0.2016251089997482,-0.131425,0.000875,0.0024499999999999,-12.568359375,44.1611328125,22.6875,441.2732119058195,1.1895841813583736,15.54,3.363104190871537,16.673333333333332,3.876441782724795,0.0,-10.0,17.107162024167675,14.224311539825525,Good,11,0,2025-10-13 11:00:00+00:00,Normal
2025-10-13 11:46:33+00:00,440.6041759218125,5,15,15,24.7,65,1010.1,26.26,-0.196133,0.0392266,8.7867584,0.35875,0.0175,-0.315,-81.103515625,4.296875,285.205078125,mech_workshop,run_2,0,2204,0,False,False,False,0,0,0,0,0,0,440.6041759218125,15.0,15.0,5.0,-0.0460609085214945,0.028679433607723,-0.0712640471464625,0.428575,-0.1741249999999999,-0.41755,-12.568359375,44.1611328125,22.6875,441.27321190581966,1.1895841813583736,15.54,3.363104190871537,16.673333333333332,3.876441782724795,0.0,5.0,17.6761368668623,14.715571695188853,Good,11,0,2025-10-13 11:00:00+00:00,Normal
2025-10-13 11:46:39+00:00,440.6041759218125,4,13,13,24.4,65,1010.16,25.76,-0.1176798,0.0,8.8652116,-0.0525,0.35875,0.525,-76.806640625,5.37109375,265.869140625,mech_workshop,run_2,0,2204,0,False,False,False,0,0,0,0,0,0,440.6041759218125,13.0,13.0,4.0,0.040846466047363,-0.0147742536767057,0.0156433274223953,0.017325,0.167125,0.42245,-8.271484375,45.2353515625,3.3515625,441.2732119058195,1.1895841813583736,15.526666666666667,3.369218471636956,16.66,3.885664584307937,0.0,-10.0,17.391657803221396,14.468140690605864,Good,11,0,2025-10-13 11:00:00+00:00,Normal
2025-10-13 11:46:44+00:00,440.6041759218125,4,14,14,24.5,64,1010.15,25.84,-0.1176798,0.0,8.825985,-0.105,0.23625,0.28,-74.658203125,6.982421875,263.18359375,mech_workshop,run_2,0,2204,0,False,False,False,0,0,0,0,0,0,440.6041759218125,14.0,14.0,4.0,0.040846466047363,-0.0147742536767057,-0.0278103598620345,-0.0351749999999999,0.044625,0.17745,-6.123046875,46.8466796875,0.666015625,441.27321190581966,1.1895841813583736,15.526666666666667,3.369218471636956,16.66,3.885664584307937,0.0,5.0,17.240911442159085,14.326365855626149,Good,11,0,2025-10-13 11:00:00+00:00,Normal
2025-10-13 11:46:49+00:00,442.00355397601066,4,13,13,24.9,65,1010.21,25.34,-0.1569064,0.0392266,8.825985,-0.0175,-0.14875,-0.105,-72.509765625,6.982421875,265.869140625,mech_workshop,run_2,0,2211,0,False,False,False,0,0,0,0,0,0,442.00355397601066,13.0,13.0,4.0,-0.0026072212370657,0.028679433607723,-0.0278103598620345,0.052325,-0.340375,-0.20755,-3.974609375,46.8466796875,3.3515625,441.2825410928476,1.1897893431732778,15.526666666666667,3.369218471636956,16.66,3.885664584307937,6.996890270990832,-5.0,17.865780290343256,14.88254843590892,Good,11,0,2025-10-13 11:00:00+00:00,Normal
2025-10-13 11:46:55+00:00,442.00355397601066,5,13,13,24.2,64,1010.11,26.18,-0.1176798,0.0392266,8.8652116,0.0525,0.27125,-0.04375,-70.8984375,9.130859375,278.759765625,mech_workshop,run_2,0,2211,0,False,False,False,0,0,0,0,0,0,442.00355397601066,13.0,13.0,5.0,0.040846466047363,0.028679433607723,0.0156433274223953,0.122325,0.079625,-0.1463,-2.36328125,48.9951171875,16.2421875,441.2918702798756,1.1899208385519295,15.526666666666667,3.369218471636956,16.66,3.885664584307937,0.0,0.0,16.956956851694954,14.08511056362458,Good,11,0,2025-10-13 11:00:00+00:00,Normal
2025-10-13 11:47:00+00:00,442.00355397601066,6,12,13,24.8,64,1010.18,25.59,-0.0784532,-0.0392266,8.8652116,0.1575,0.175,-0.105,-70.8984375,9.130859375,278.759765625,mech_workshop,run_2,0,2211,0,False,False,False,0,0,0,0,0,0,442.00355397601066,12.0,13.0,6.0,0.0843001533317918,-0.0582279409611345,0.0156433274223953,0.227325,-0.016625,-0.20755,-2.36328125,48.9951171875,16.2421875,441.30119946690354,1.1899786919152604,15.52,3.3752355125384437,16.66,3.885664584307937,0.0,-5.0,17.52484876502635,14.571181982018237,Good,11,0,2025-10-13 11:00:00+00:00,Normal
2025-10-13 11:47:05+00:00,442.00355397601066,5,12,13,24.2,64,1010.17,25.67,-0.1176798,0.0392266,8.9044382,0.0,0.28,-0.20125,-66.064453125,4.833984375,262.109375,mech_workshop,run_2,0,2211,0,False,False,False,0,0,0,0,0,0,442.00355397601066,12.0,13.0,5.0,0.040846466047363,0.028679433607723,0.0590970147068232,0.069825,0.088375,-0.3038,2.470703125,44.6982421875,-0.408203125,441.3105286539316,1.1899629140042056,15.506666666666666,3.3852159164364735,16.653333333333332,3.891113031819843,0.0,0.0,16.956956851694954,14.08511056362458,Good,11,0,2025-10-13 11:00:00+00:00,Normal
2025-10-13 11:47:11+00:00,442.00355397601066,5,13,14,24.1,64,1010.17,25.67,-0.0784532,0.0,8.9044382,-0.21875,0.0175,0.18375,-62.841796875,3.759765625,257.275390625,mech_workshop,run_2,0,2211,0,False,False,False,0,0,0,0,0,0,442.00355397601066,13.0,14.0,5.0,0.0843001533317918,-0.0147742536767057,0.0590970147068232,-0.1489249999999999,-0.1741249999999999,0.0811999999999999,5.693359375,43.6240234375,-5.2421875,441.3198578409596,1.189873501889678,15.5,3.3891853270672634,16.653333333333332,3.891113031819843,0.0,5.0,16.862301484024233,14.005475977674362,Good,11,0,2025-10-13 11:00:00+00:00,Normal
2025-10-13 11:47:16+00:00,442.00355397601066,4,10,11,24.1,64,1010.26,24.92,-0.1569064,0.0392266,8.7867584,0.5337500000000001,0.04375,-0.32375,-61.23046875,-0.537109375,263.720703125,mech_workshop,run_2,0,2211,0,False,False,False,0,0,0,0,0,0,442.00355397601066,10.0,11.0,4.0,-0.0026072212370657,0.028679433607723,-0.0712640471464625,0.6035750000000001,-0.1478749999999999,-0.4263,7.3046875,39.3271484375,1.203125,441.3291870279876,1.1897104389698483,15.473333333333333,3.4166914933347985,16.626666666666665,3.916145664809846,0.0,-15.0,16.862301484024233,14.005475977674362,Good,11,0,2025-10-13 11:00:00+00:00,Normal
2025-10-13 11:47:21+00:00,442.00355397601066,5,11,12,24.8,64,1010.2,25.42,-0.1176798,-0.0392266,8.9436648,0.00875,-0.02625,0.13125,-61.767578125,-5.37109375,260.498046875,mech_workshop,run_2,0,2211,0,False,False,False,0,0,0,0,0,0,442.00355397601066,11.0,12.0,5.0,0.040846466047363,-0.0582279409611345,0.1025507019912531,0.078575,-0.2178749999999999,0.0286999999999999,6.767578125,34.4931640625,-2.01953125,441.3291870279875,1.1897104389698483,15.46,3.4302836089139728,16.613333333333333,3.9285338328774313,0.0,5.0,17.52484876502635,14.571181982018237,Good,11,0,2025-10-13 11:00:00+00:00,Normal
2025-10-13 11:47:27+00:00,442.00355397601066,4,10,11,24.2,64,1010.13,26.01,-0.1176798,0.0,8.9044382,0.02625,0.035,-0.25375,-61.767578125,-5.37109375,260.498046875,mech_workshop,run_2,0,2211,0,False,False,False,0,0,0,0,0,0,442.00355397601066,10.0,11.0,4.0,0.040846466047363,-0.0147742536767057,0.0590970147068232,0.096075,-0.156625,-0.3563,6.767578125,34.4931640625,-2.01953125,441.3291870279875,1.1897104389698483,15.433333333333334,3.4571522335580624,16.586666666666666,3.953057888099625,0.0,-5.0,16.956956851694954,14.08511056362458,Good,11,0,2025-10-13 11:00:00+00:00,Normal
2025-10-13 11:47:32+00:00,442.00355397601066,4,10,12,24.4,64,1010.27,24.84,-0.196133,0.0,8.8652116,-0.16625,0.2275,-0.04375,-60.693359375,-14.501953125,262.646484375,mech_workshop,run_2,0,2211,0,False,False,False,0,0,0,0,0,0,442.00355397601066,10.0,12.0,4.0,-0.0460609085214945,-0.0147742536767057,0.0156433274223953,-0.096425,0.035875,-0.1463,7.841796875,25.3623046875,0.12890625,441.3291870279876,1.1897104389698483,15.4,3.4853480467108855,16.56,3.970495210268501,0.0,0.0,17.146261830704038,14.245553910750392,Good,11,0,2025-10-13 11:00:00+00:00,Normal
2025-10-13 11:47:37+00:00,442.00355397601066,5,11,14,24.8,64,1010.25,25.01,-0.1569064,0.0392266,8.9828914,-0.3325,-0.09625,0.20125,-61.23046875,-18.798828125,266.40625,mech_workshop,run_2,0,2211,0,False,False,False,0,0,0,0,0,0,442.00355397601066,11.0,14.0,5.0,-0.0026072212370657,0.028679433607723,0.146004389275681,-0.262675,-0.287875,0.0986999999999999,7.3046875,21.0654296875,3.888671875,441.3291870279876,1.1897104389698483,15.366666666666667,3.503433917887165,16.533333333333335,3.974189658935537,0.0,5.0,17.52484876502635,14.571181982018237,Good,11,0,2025-10-13 11:00:00+00:00,Normal
2025-10-13 11:47:43+00:00,442.00355397601066,5,11,13,24.7,64,1010.21,25.34,-0.1176798,0.0,8.8652116,-0.14875,0.39375,0.13125,-62.3046875,-25.244140625,267.48046875,mech_workshop,run_2,0,2211,0,False,False,False,0,0,0,0,0,0,442.00355397601066,11.0,13.0,5.0,0.040846466047363,-0.0147742536767057,0.0156433274223953,-0.0789249999999999,0.202125,0.0286999999999999,6.23046875,14.6201171875,4.962890625,441.3291870279875,1.1897104389698483,15.326666666666666,3.5188784566735376,16.493333333333332,3.979387607040731,0.0,0.0,17.430204909261906,14.48917828449364,Good,11,0,2025-10-13 11:00:00+00:00,Normal
2025-10-13 11:47:48+00:00,442.00355397601066,6,13,15,24.9,64,1010.28,24.76,-0.1176798,0.0,8.8652116,-0.1225,0.30625,0.0875,-62.3046875,-25.244140625,267.48046875,mech_workshop,run_2,0,2211,0,False,False,False,0,0,0,0,0,0,442.00355397601066,13.0,15.0,6.0,0.040846466047363,-0.0147742536767057,0.0156433274223953,-0.0526749999999999,0.114625,-0.01505,6.23046875,14.6201171875,4.962890625,441.3291870279875,1.1897104389698483,15.28,3.5028655575248577,16.46,3.97074875024647,0.0,10.0,17.61949070234392,14.653586152279551,Good,11,0,2025-10-13 11:00:00+00:00,Normal
2025-10-13 11:47:53+00:00,442.00355397601066,4,11,13,24.2,64,1010.2,25.42,-0.196133,-0.0392266,8.9044382,0.11375,0.27125,-0.13125,-62.3046875,-25.244140625,267.48046875,mech_workshop,run_2,0,2211,0,False,False,False,0,0,0,0,0,0,442.00355397601066,11.0,13.0,4.0,-0.0460609085214945,-0.0582279409611345,0.0590970147068232,0.183575,0.079625,-0.2338,6.23046875,14.6201171875,4.962890625,441.3291870279875,1.1897104389698483,15.213333333333331,3.4884020046235027,16.4,3.954438505352872,0.0,-10.0,16.956956851694954,14.08511056362458,Good,11,0,2025-10-13 11:00:00+00:00,Normal
2025-10-13 11:47:59+00:00,442.00355397601066,4,11,13,24.1,64,1010.21,25.34,-0.1176798,0.0,8.7867584,-0.16625,0.035,-0.1575,-64.990234375,-28.466796875,260.498046875,mech_workshop,run_2,0,2211,0,False,False,False,0,0,0,0,0,0,442.00355397601066,11.0,13.0,4.0,0.040846466047363,-0.0147742536767057,-0.0712640471464625,-0.096425,-0.156625,-0.26005,3.544921875,11.3974609375,-2.01953125,441.3291870279876,1.1897104389698483,15.133333333333333,3.4459716130493305,16.313333333333333,3.88446685840531,0.0,0.0,16.862301484024233,14.005475977674362,Good,11,0,2025-10-13 11:00:00+00:00,Normal
2025-10-13 11:48:04+00:00,442.00355397601066,3,10,11,0.0,0,1010.17,25.67,-0.0784532,0.0,8.825985,0.11375,0.13125,0.2625,-66.6015625,-31.689453125,263.720703125,mech_workshop,run_2,0,2211,0,False,False,False,0,0,0,0,0,0,442.00355397601066,10.0,11.0,3.0,0.0843001533317918,-0.0147742536767057,-0.0278103598620345,0.183575,-0.0603749999999999,0.1599499999999999,1.93359375,8.1748046875,1.203125,441.3291870279876,1.1897104389698483,15.013333333333334,3.3054493681989805,16.186666666666667,3.7423508863546657,0.0,-5.0,-96.07763018544566,0.0,Good,11,0,2025-10-13 11:00:00+00:00,Normal
2025-10-13 11:48:09+00:00,442.00355397601066,5,12,12,24.3,64,1010.1,26.26,-0.196133,0.0392266,8.9044382,-0.07875,0.0525,-0.0875,-67.138671875,-31.689453125,263.18359375,mech_workshop,run_2,0,2211,0,False,False,False,0,0,0,0,0,0,442.00355397601066,12.0,12.0,5.0,-0.0460609085214945,0.028679433607723,0.0590970147068232,-0.0089249999999999,-0.139125,-0.19005,1.396484375,8.1748046875,0.666015625,441.3291870279875,1.1897104389698483,14.913333333333334,3.164264955236064,16.073333333333334,3.6066617457901233,0.0,10.0,17.05161030056877,14.165136011526144,Good,11,0,2025-10-13 11:00:00+00:00,Normal
2025-10-13 11:48:15+00:00,442.00355397601066,4,11,11,24.5,64,1010.17,25.67,-0.1569064,0.0784532,8.8652116,-0.00875,0.2625,0.2275,-67.138671875,-31.689453125,263.18359375,mech_workshop,run_2,0,2211,0,False,False,False,0,0,0,0,0,0,442.00355397601066,11.0,11.0,4.0,-0.0026072212370657,0.0721331208921518,0.0156433274223953,0.061075,0.070875,0.1249499999999999,1.396484375,8.1748046875,0.666015625,441.3291870279875,1.1897104389698483,14.82,3.069814064281697,15.966666666666669,3.516818014703897,0.0,-5.0,17.240911442159085,14.326365855626149,Good,11,0,2025-10-13 11:00:00+00:00,Normal
2025-10-13 11:48:20+00:00,442.00355397601066,5,12,12,24.5,64,1010.27,24.84,-0.1569064,-0.0392266,8.9044382,-0.28875,-0.07,-0.13125,-67.138671875,-31.689453125,263.18359375,mech_workshop,run_2,0,2211,0,False,False,False,0,0,0,0,0,0,442.00355397601066,12.0,12.0,5.0,-0.0026072212370657,-0.0582279409611345,0.0590970147068232,-0.2189249999999999,-0.261625,-0.2338,1.396484375,8.1748046875,0.666015625,441.3291870279876,1.1897104389698483,14.74,2.9841415300117555,15.88,3.4523020235409536,0.0,5.0,17.240911442159085,14.326365855626149,Good,11,0,2025-10-13 11:00:00+00:00,Normal
2025-10-13 11:48:25+00:00,442.00355397601066,5,12,12,24.5,63,1010.24,25.09,-0.196133,0.0392266,8.9436648,0.0,0.1225,0.16625,-70.361328125,-30.615234375,264.794921875,mech_workshop,run_2,0,2211,0,False,False,False,0,0,0,0,0,0,442.00355397601066,12.0,12.0,5.0,-0.0460609085214945,0.028679433607723,0.1025507019912531,0.069825,-0.0691249999999999,0.0636999999999999,-1.826171875,9.2490234375,2.27734375,441.3291870279876,1.1897104389698483,14.666666666666666,2.914132807950133,15.786666666666669,3.3650127729280133,0.0,0.0,16.991942751551182,14.102516389131988,Good,11,0,2025-10-13 11:00:00+00:00,Normal
2025-10-13 11:48:31+00:00,442.00355397601066,4,11,11,24.7,63,1010.17,25.67,-0.0392266,-0.0784532,8.8652116,-0.28875,0.00875,-0.0175,-70.361328125,-32.763671875,265.33203125,mech_workshop,run_2,0,2211,0,False,False,False,0,0,0,0,0,0,442.00355397601066,11.0,11.0,4.0,0.1277538406162206,-0.1016816282455633,0.0156433274223953,-0.2189249999999999,-0.1828749999999999,-0.12005,-1.826171875,7.1005859375,2.814453125,441.3291870279876,1.1897104389698483,14.593333333333334,2.8663674990867776,15.7,3.319153284120805,0.0,-5.0,17.180874238718594,14.262784873798427,Good,11,0,2025-10-13 11:00:00+00:00,Normal
2025-10-13 11:48:36+00:00,442.00355397601066,5,11,12,24.1,63,1010.13,26.01,-0.0784532,0.0392266,8.825985,-0.1225,0.1925,-0.06125,-70.361328125,-33.30078125,259.423828125,mech_workshop,run_2,0,2211,0,False,False,False,0,0,0,0,0,0,442.00355397601066,11.0,12.0,5.0,0.0843001533317918,0.028679433607723,-0.0278103598620345,-0.0526749999999999,0.000875,-0.1638,-1.826171875,6.5634765625,-3.09375,441.3291870279875,1.1897104389698483,14.533333333333331,2.84656078055693,15.64,3.304014235307422,0.0,0.0,16.61405600912854,13.786640415523198,Good,11,0,2025-10-13 11:00:00+00:00,Normal
2025-10-13 11:48:42+00:00,443.4029320302088,6,12,14,24.1,63,1010.13,26.01,-0.1176798,0.0,8.9044382,-0.07875,0.49875,0.27125,-70.361328125,-33.30078125,259.423828125,mech_workshop,run_2,0,2218,0,False,False,False,0,0,0,0,0,0,443.4029320302088,12.0,14.0,6.0,0.040846466047363,-0.0147742536767057,0.0590970147068232,-0.0089249999999999,0.307125,0.1686999999999999,-1.826171875,6.5634765625,-3.09375,441.33851621501543,1.2004720012850798,14.493333333333334,2.8396678760961453,15.606666666666667,3.2950983867065418,6.996890270990548,5.0,16.61405600912854,13.786640415523198,Good,11,0,2025-10-13 11:00:00+00:00,Normal
2025-10-13 11:48:47+00:00,443.4029320302088,4,11,13,24.1,63,1010.27,24.84,-0.1569064,0.0,8.9044382,0.02625,0.34125,0.2275,-69.82421875,-30.615234375,257.275390625,mech_workshop,run_2,0,2218,0,False,False,False,0,0,0,0,0,0,443.4029320302088,11.0,13.0,4.0,-0.0026072212370657,-0.0147742536767057,0.0590970147068232,0.096075,0.149625,0.1249499999999999,-1.2890625,9.2490234375,-5.2421875,441.3478454020436,1.2110655999762272,14.453333333333331,2.8463721562546107,15.566666666666666,3.290043280486144,0.0,-5.0,16.61405600912854,13.786640415523198,Good,11,0,2025-10-13 11:00:00+00:00,Normal
2025-10-13 11:48:52+00:00,443.4029320302088,4,11,13,24.0,63,1010.17,25.67,-0.1569064,0.0,8.825985,-0.07875,0.2625,0.18375,-69.287109375,-34.375,262.646484375,mech_workshop,run_2,0,2218,0,False,False,False,0,0,0,0,0,0,443.4029320302088,11.0,13.0,4.0,-0.0026072212370657,-0.0147742536767057,-0.0278103598620345,-0.0089249999999999,0.070875,0.0811999999999999,-0.751953125,5.4892578125,0.12890625,441.36650377609953,1.2210497731954966,14.42,2.857393565222883,15.526666666666667,3.284490024396167,0.0,0.0,16.51957937147454,13.708633315044915,Good,11,0,2025-10-13 11:00:00+00:00,Normal
2025-10-13 11:48:58+00:00,443.4029320302088,5,12,14,24.6,63,1010.24,25.09,-0.196133,0.0,8.9436648,-0.315,0.3325,-0.1225,-71.97265625,-33.837890625,266.943359375,mech_workshop,run_2,0,2218,0,False,False,False,0,0,0,0,0,0,443.4029320302088,12.0,14.0,5.0,-0.0460609085214945,-0.0147742536767057,0.1025507019912531,-0.2451749999999999,0.140875,-0.22505,-3.4375,6.0263671875,4.42578125,441.3758329631275,1.231252899732441,14.393333333333333,2.8612117080843045,15.5,3.2805098637929664,0.0,5.0,17.086409485419978,14.182455110364389,Good,11,0,2025-10-13 11:00:00+00:00,Normal
2025-10-13 11:49:03+00:00,443.4029320302088,3,11,13,25.7,62,1010.2,25.42,-0.1176798,0.0392266,8.9436648,-0.4725,0.32375,0.16625,-69.287109375,-29.541015625,271.77734375,mech_workshop,run_2,0,2218,0,False,False,False,0,0,0,0,0,0,443.4029320302088,11.0,13.0,3.0,0.040846466047363,0.028679433607723,0.1025507019912531,-0.4026749999999999,0.132125,0.0636999999999999,-0.751953125,10.3232421875,9.259765625,441.39449133718347,1.2406510186508255,14.366666666666667,2.8741305464801425,15.473333333333333,3.284490024396167,0.0,-5.0,17.870743647586554,14.848449653284804,Good,11,0,2025-10-13 11:00:00+00:00,Normal
2025-10-13 11:49:08+00:00,443.4029320302088,3,10,13,25.3,62,1010.17,25.67,-0.196133,0.0784532,8.9044382,0.07875,0.1925,0.23625,-69.287109375,-29.541015625,271.77734375,mech_workshop,run_2,0,2218,0,False,False,False,0,0,0,0,0,0,443.4029320302088,10.0,13.0,3.0,-0.0460609085214945,0.0721331208921518,0.0590970147068232,0.148575,0.000875,0.1336999999999999,-0.751953125,10.3232421875,9.259765625,441.4131497112395,1.2496980652390857,14.326666666666666,2.8929367041207747,15.453333333333331,3.290390047800816,0.0,-5.0,17.49368763643883,14.518888770572437,Good,11,0,2025-10-13 11:00:00+00:00,Normal
2025-10-13 11:49:14+00:00,443.4029320302088,4,11,14,25.9,62,1010.22,25.26,-0.1176798,0.0,8.9436648,-0.14875,0.14875,-0.14,-69.82421875,-32.763671875,263.720703125,mech_workshop,run_2,0,2218,0,False,False,False,0,0,0,0,0,0,443.4029320302088,11.0,14.0,4.0,0.040846466047363,-0.0147742536767057,0.1025507019912531,-0.0789249999999999,-0.0428749999999999,-0.24255,-1.2890625,7.1005859375,1.203125,441.4318080852954,1.258401611429552,14.306666666666668,2.9055528108202195,15.453333333333331,3.290390047800816,0.0,5.0,18.059259398110836,15.015637190464597,Good,11,0,2025-10-13 11:00:00+00:00,Normal
2025-10-13 11:49:19+00:00,443.4029320302088,4,12,14,25.2,62,1010.1,26.26,-0.1176798,0.0392266,8.8652116,-0.315,-0.1225,0.175,-71.435546875,-33.837890625,263.18359375,mech_workshop,run_2,0,2218,0,False,False,False,0,0,0,0,0,0,443.4029320302088,12.0,14.0,4.0,0.040846466047363,0.028679433607723,0.0156433274223953,-0.2451749999999999,-0.314125,0.0724499999999999,-2.900390625,6.0263671875,0.666015625,441.4504664593514,1.2667687374725776,14.293333333333331,2.911552243275799,15.446666666666667,3.29232719281043,0.0,5.0,17.39941852699395,14.437492163534262,Good,11,0,2025-10-13 11:00:00+00:00,Normal
2025-10-13 11:49:24+00:00,443.4029320302088,4,12,14,25.3,62,1010.22,25.26,-0.2745862,-0.0392266,8.8652116,0.09625,0.20125,0.04375,-70.8984375,-33.30078125,264.2578125,mech_workshop,run_2,0,2218,0,False,False,False,0,0,0,0,0,0,443.4029320302088,12.0,14.0,4.0,-0.1329682830903521,-0.0582279409611345,0.0156433274223953,0.166075,0.009625,-0.0588,-2.36328125,6.5634765625,1.740234375,441.4691248334073,1.2748060676159487,14.28,2.9174779951781895,15.44,3.2942496166673134,0.0,0.0,17.49368763643883,14.518888770572437,Good,11,0,2025-10-13 11:00:00+00:00,Normal
2025-10-13 11:49:30+00:00,443.4029320302088,4,14,15,25.2,62,1010.25,25.01,-0.1569064,0.0392266,8.9044382,-0.18375,0.06125,-0.49875,-70.8984375,-33.30078125,264.2578125,mech_workshop,run_2,0,2218,0,False,False,False,0,0,0,0,0,0,443.4029320302088,14.0,15.0,4.0,-0.0026072212370657,0.028679433607723,0.0590970147068232,-0.1139249999999999,-0.130375,-0.6013000000000001,-2.36328125,6.5634765625,1.740234375,441.4877832074634,1.282519802196522,14.286666666666669,2.915675446781058,15.44,3.2942496166673134,0.0,10.0,17.39941852699395,14.437492163534262,Good,11,0,2025-10-13 11:00:00+00:00,Normal
2025-10-13 11:49:35+00:00,443.4029320302088,4,15,16,25.5,62,1010.17,25.67,-0.1569064,-0.0392266,8.7867584,-0.14875,0.0175,0.42,-70.8984375,-33.30078125,264.2578125,mech_workshop,run_2,0,2218,0,False,False,False,0,0,0,0,0,0,443.4029320302088,15.0,16.0,4.0,-0.0026072212370657,-0.0582279409611345,-0.0712640471464625,-0.0789249999999999,-0.1741249999999999,0.3174499999999999,-2.36328125,6.5634765625,1.740234375,441.5064415815193,1.2899157465606694,14.3,2.914324722916783,15.44,3.2942496166673134,0.0,5.0,17.682219727206256,14.682871127553634,Good,11,0,2025-10-13 11:00:00+00:00,Normal
2025-10-13 11:49:40+00:00,443.4029320302088,4,15,16,25.8,62,1010.05,26.68,-0.1176798,0.0392266,8.9044382,0.0525,0.5950000000000001,0.00875,-69.82421875,-33.837890625,263.18359375,mech_workshop,run_2,0,2218,0,False,False,False,0,0,0,0,0,0,443.4029320302088,15.0,16.0,4.0,0.040846466047363,0.028679433607723,0.0590970147068232,0.122325,0.4033750000000001,-0.0938,-1.2890625,6.0263671875,0.666015625,441.52509995557534,1.2969993371730486,14.313333333333333,2.9129119328279716,15.44,3.2942496166673134,0.0,0.0,17.965002544047508,14.931841489694378,Good,11,0,2025-10-13 11:00:00+00:00,Normal
2025-10-13 11:49:46+00:00,444.6023989338072,3,14,15,25.2,62,1010.2,25.42,-0.1569064,0.0,8.7867584,-0.49875,0.0875,0.035,-72.509765625,-32.763671875,269.091796875,mech_workshop,run_2,0,2224,0,False,False,False,0,0,0,0,0,0,444.6023989338072,14.0,15.0,3.0,-0.0026072212370657,-0.0147742536767057,-0.0712640471464625,-0.428925,-0.104125,-0.06755,-3.974609375,7.1005859375,6.57421875,441.5517547756552,1.3188463049193435,14.313333333333333,2.9129119328279716,15.44,3.2942496166673134,5.997334517992101,-5.0,17.39941852699395,14.437492163534262,Good,11,0,2025-10-13 11:00:00+00:00,Normal
2025-10-13 11:49:51+00:00,443.4029320302088,4,13,14,25.5,62,1010.15,25.84,-0.1569064,0.0392266,8.9044382,-0.2275,0.06125,0.0,-71.97265625,-35.986328125,264.794921875,mech_workshop,run_2,0,2218,0,False,False,False,0,0,0,0,0,0,443.4029320302088,13.0,14.0,4.0,-0.0026072212370657,0.028679433607723,0.0590970147068232,-0.157675,-0.130375,-0.10255,-3.4375,3.8779296875,2.27734375,441.5704131497112,1.3251331758552356,14.3,2.914324722916783,15.426666666666666,3.2960148128508813,-5.997334517992101,-5.0,17.682219727206256,14.682871127553634,Good,11,0,2025-10-13 11:00:00+00:00,Normal
2025-10-13 11:49:56+00:00,444.6023989338072,6,14,15,25.2,62,1010.14,25.93,-0.0784532,0.0392266,8.9436648,-0.02625,0.3325,0.42875,-71.97265625,-35.986328125,264.794921875,mech_workshop,run_2,0,2224,0,False,False,False,0,0,0,0,0,0,444.6023989338072,14.0,15.0,6.0,0.0843001533317918,0.028679433607723,0.1025507019912531,0.043575,0.140875,0.3262,-3.4375,3.8779296875,2.27734375,441.6050644158152,1.3360345738665746,14.293333333333331,2.913856428192077,15.42,3.2958586989976344,5.997334517992101,5.0,17.39941852699395,14.437492163534262,Good,11,0,2025-10-13 11:00:00+00:00,Normal
2025-10-13 11:50:02+00:00,444.6023989338072,5,14,15,25.9,62,1010.22,25.26,-0.1176798,0.0392266,8.825985,-0.1925,0.18375,0.0175,-73.046875,-34.375,280.37109375,mech_workshop,run_2,0,2224,0,False,False,False,0,0,0,0,0,0,444.6023989338072,14.0,15.0,5.0,0.040846466047363,0.028679433607723,-0.0278103598620345,-0.1226749999999999,-0.0078749999999999,-0.08505,-4.51171875,5.4892578125,17.853515625,441.6317192358952,1.3556714909696503,14.286666666666669,2.9133727005259686,15.413333333333334,3.2956890016392197,0.0,0.0,18.059259398110836,15.015637190464597,Good,11,0,2025-10-13 11:00:00+00:00,Normal
2025-10-13 11:50:07+00:00,444.6023989338072,5,14,15,25.0,62,1010.27,24.84,-0.2745862,0.0392266,8.7867584,-0.245,0.1225,-0.09625,-73.583984375,-32.763671875,264.794921875,mech_workshop,run_2,0,2224,0,False,False,False,0,0,0,0,0,0,444.6023989338072,14.0,15.0,5.0,-0.1329682830903521,0.028679433607723,-0.0712640471464625,-0.1751749999999999,-0.0691249999999999,-0.1988,-5.048828125,7.1005859375,2.27734375,441.66637050199904,1.3647631511315528,14.286666666666669,2.9133727005259686,15.413333333333334,3.2956890016392197,0.0,0.0,17.210874179649892,14.27588015158558,Good,11,0,2025-10-13 11:00:00+00:00,Normal
2025-10-13 11:50:12+00:00,444.6023989338072,4,13,14,25.9,62,1010.16,25.76,-0.2353596,0.0,8.9828914,-0.27125,0.37625,-0.0175,-72.509765625,-34.375,265.869140625,mech_workshop,run_2,0,2224,0,False,False,False,0,0,0,0,0,0,444.6023989338072,13.0,14.0,4.0,-0.0895145958059233,-0.0147742536767057,0.146004389275681,-0.2014249999999999,0.1846249999999999,-0.12005,-3.974609375,5.4892578125,3.3515625,441.70102176810303,1.3729144869743182,14.28,2.9151766727862314,15.406666666666666,3.297541623789818,0.0,-5.0,18.059259398110836,15.015637190464597,Good,11,0,2025-10-13 11:00:00+00:00,Normal
2025-10-13 11:50:18+00:00,444.6023989338072,4,13,14,25.4,62,1010.22,25.26,-0.1569064,0.0,8.9436648,-0.07875,0.23625,0.28875,-71.435546875,-34.375,267.48046875,mech_workshop,run_2,0,2224,0,False,False,False,0,0,0,0,0,0,444.6023989338072,13.0,14.0,4.0,-0.0026072212370657,-0.0147742536767057,0.1025507019912531,-0.0089249999999999,0.044625,0.1861999999999999,-2.900390625,5.4892578125,4.962890625,441.73567303420697,1.3801421597068049,14.28,2.9151766727862314,15.406666666666666,3.297541623789818,0.0,0.0,17.587954703154132,14.600681227562102,Good,11,0,2025-10-13 11:00:00+00:00,Normal
2025-10-13 11:50:23+00:00,444.6023989338072,5,14,15,25.4,62,1010.15,25.84,-0.1176798,0.0,8.8652116,0.07875,0.2275,0.5775,-71.435546875,-34.375,267.48046875,mech_workshop,run_2,0,2224,0,False,False,False,0,0,0,0,0,0,444.6023989338072,14.0,15.0,5.0,0.040846466047363,-0.0147742536767057,0.0156433274223953,0.148575,0.035875,0.47495,-2.900390625,5.4892578125,4.962890625,441.77032430031096,1.3864606146786684,14.28,2.9151766727862314,15.406666666666666,3.297541623789818,0.0,5.0,17.587954703154132,14.600681227562102,Good,11,0,2025-10-13 11:00:00+00:00,Normal
2025-10-13 11:50:28+00:00,444.6023989338072,4,12,13,25.8,62,1010.18,25.59,-0.0392266,0.0392266,8.7867584,0.04375,0.28875,0.60375,-71.435546875,-33.837890625,259.9609375,mech_workshop,run_2,0,2224,0,False,False,False,0,0,0,0,0,0,444.6023989338072,12.0,13.0,4.0,0.1277538406162206,0.028679433607723,-0.0712640471464625,0.113575,0.097125,0.5012,-2.900390625,6.0263671875,-2.556640625,441.8049755664149,1.3918822341379735,14.26,2.9204899837127325,15.393333333333333,3.3032354825600665,0.0,-10.0,17.965002544047508,14.931841489694378,Good,11,0,2025-10-13 11:00:00+00:00,Normal
2025-10-13 11:50:34+00:00,444.6023989338072,5,13,14,25.6,62,1010.15,25.84,-0.1176798,0.0,8.8652116,-0.2975,0.28,-2.135,-70.361328125,-34.912109375,265.869140625,mech_workshop,run_2,0,2224,0,False,False,False,0,0,0,0,0,0,444.6023989338072,13.0,14.0,5.0,0.040846466047363,-0.0147742536767057,0.0156433274223953,-0.2276749999999999,0.088375,-2.2375499999999997,-1.826171875,4.9521484375,3.3515625,441.8396268325188,1.3964174640706344,14.246666666666666,2.9216540931159156,15.386666666666668,3.305043261739348,0.0,5.0,17.776482708661607,14.765460068503735,Good,11,0,2025-10-13 11:00:00+00:00,Normal
2025-10-13 11:50:39+00:00,444.6023989338072,5,13,14,25.0,62,1010.19,25.51,-0.2353596,-0.0392266,8.825985,-0.245,-0.1225,-0.4725,-70.361328125,-33.30078125,261.03515625,mech_workshop,run_2,0,2224,0,False,False,False,0,0,0,0,0,0,444.6023989338072,13.0,14.0,5.0,-0.0895145958059233,-0.0582279409611345,-0.0278103598620345,-0.1751749999999999,-0.314125,-0.5750500000000001,-1.826171875,6.5634765625,-1.482421875,441.8742780986228,1.400074918285725,14.24,2.9233611252215024,15.386666666666668,3.305043261739348,0.0,0.0,17.210874179649892,14.27588015158558,Good,11,0,2025-10-13 11:00:00+00:00,Normal
2025-10-13 11:50:44+00:00,444.6023989338072,5,13,15,25.4,62,1010.12,26.09,-0.1176798,0.0392266,8.825985,0.28,0.0875,0.35,-71.97265625,-34.375,269.62890625,mech_workshop,run_2,0,2224,0,False,False,False,0,0,0,0,0,0,444.6023989338072,13.0,15.0,5.0,0.040846466047363,0.028679433607723,-0.0278103598620345,0.349825,-0.104125,0.2474499999999999,-3.4375,5.4892578125,7.111328125,441.9089293647267,1.4028614622488127,14.226666666666668,2.9244322954308988,15.386666666666668,3.305043261739348,0.0,0.0,17.587954703154132,14.600681227562102,Good,11,0,2025-10-13 11:00:00+00:00,Normal
2025-10-13 11:50:50+00:00,444.6023989338072,5,12,14,25.2,62,1010.03,26.84,-0.1176798,0.0784532,8.825985,-0.21875,0.245,0.6125,-71.97265625,-34.375,269.62890625,mech_workshop,run_2,0,2224,0,False,False,False,0,0,0,0,0,0,444.6023989338072,12.0,14.0,5.0,0.040846466047363,0.0721331208921518,-0.0278103598620345,-0.1489249999999999,0.053375,0.50995,-3.4375,5.4892578125,7.111328125,441.9435806308307,1.4047822786153563,14.206666666666669,2.929362270352017,15.38,3.3068365223026808,0.0,-5.0,17.39941852699395,14.437492163534262,Good,11,0,2025-10-13 11:00:00+00:00,Normal
2025-10-13 11:50:55+00:00,444.6023989338072,6,13,15,25.2,62,1010.15,25.84,-0.1569064,0.0,8.825985,-0.4375,0.41125,-0.16625,-72.509765625,-33.837890625,257.8125,mech_workshop,run_2,0,2224,0,False,False,False,0,0,0,0,0,0,444.6023989338072,13.0,15.0,6.0,-0.0026072212370657,-0.0147742536767057,-0.0278103598620345,-0.367675,0.219625,-0.2688,-3.974609375,6.0263671875,-4.705078125,441.97823189693463,1.4058409159500966,14.193333333333332,2.930278559877661,15.373333333333331,3.3065862009405635,0.0,5.0,17.39941852699395,14.437492163534262,Good,11,0,2025-10-13 11:00:00+00:00,Normal
2025-10-13 11:51:00+00:00,444.6023989338072,4,13,15,25.3,62,1010.15,25.84,-0.2353596,-0.0392266,8.8652116,-0.16625,0.28875,-0.4725,-73.046875,-33.30078125,263.18359375,mech_workshop,run_2,0,2224,0,False,False,False,0,0,0,0,0,0,444.6023989338072,13.0,15.0,4.0,-0.0895145958059233,-0.0582279409611345,0.0156433274223953,-0.096425,0.097125,-0.5750500000000001,-4.51171875,6.5634765625,0.666015625,442.0128831630386,1.4060393217139553,14.186666666666667,2.9318584862583568,15.373333333333331,3.3065862009405635,0.0,0.0,17.49368763643883,14.518888770572437,Good,11,0,2025-10-13 11:00:00+00:00,Normal
2025-10-13 11:51:06+00:00,444.6023989338072,3,12,14,25.3,62,1010.17,25.67,-0.196133,0.0784532,8.9436648,-0.06125,0.4375,-0.13125,-71.97265625,-32.763671875,263.720703125,mech_workshop,run_2,0,2224,0,False,False,False,0,0,0,0,0,0,444.6023989338072,12.0,14.0,3.0,-0.0460609085214945,0.0721331208921518,0.1025507019912531,0.008575,0.245875,-0.2338,-3.4375,7.1005859375,1.203125,442.04753442914256,1.4053778602393918,14.173333333333334,2.9372558682883136,15.366666666666667,3.308351576933676,0.0,-5.0,17.49368763643883,14.518888770572437,Good,11,0,2025-10-13 11:00:00+00:00,Normal
2025-10-13 11:51:11+00:00,444.6023989338072,4,13,15,25.3,62,1010.12,26.09,-0.1176798,0.0784532,8.825985,0.0,0.11375,0.91,-71.97265625,-32.763671875,263.720703125,mech_workshop,run_2,0,2224,0,False,False,False,0,0,0,0,0,0,444.6023989338072,13.0,15.0,4.0,0.040846466047363,0.0721331208921518,-0.0278103598620345,0.069825,-0.0778749999999999,0.80745,-3.4375,7.1005859375,1.203125,442.08218569524655,1.403855316083193,14.173333333333334,2.9372558682883136,15.373333333333331,3.3065862009405635,0.0,5.0,17.49368763643883,14.518888770572437,Good,11,0,2025-10-13 11:00:00+00:00,Normal
2025-10-13 11:51:16+00:00,444.6023989338072,4,12,14,25.1,62,1010.17,25.67,-0.1176798,0.0,8.8652116,0.1925,0.21,0.0,-71.97265625,-32.763671875,263.720703125,mech_workshop,run_2,0,2224,0,False,False,False,0,0,0,0,0,0,444.6023989338072,12.0,14.0,4.0,0.040846466047363,-0.0147742536767057,0.0156433274223953,0.262325,0.018375,-0.10255,-3.4375,7.1005859375,1.203125,442.1168369613504,1.4014688828289432,14.153333333333334,2.9417993550189836,15.366666666666667,3.308351576933676,0.0,-5.0,17.3051473747531,14.35648981829401,Good,11,0,2025-10-13 11:00:00+00:00,Normal
2025-10-13 11:51:22+00:00,444.6023989338072,4,11,13,25.9,62,1010.2,25.42,-0.1569064,0.0,8.8652116,-0.4375,0.30625,0.035,-73.583984375,-32.763671875,263.720703125,mech_workshop,run_2,0,2224,0,False,False,False,0,0,0,0,0,0,444.6023989338072,11.0,13.0,4.0,-0.0026072212370657,-0.0147742536767057,0.0156433274223953,-0.367675,0.114625,-0.06755,-5.048828125,7.1005859375,1.203125,442.1514882274544,1.398214137097514,14.133333333333333,2.95302521862486,15.36,3.3121294271634176,0.0,-5.0,18.059259398110836,15.015637190464597,Good,11,0,2025-10-13 11:00:00+00:00,Normal
2025-10-13 11:51:27+00:00,444.6023989338072,2,10,12,25.5,62,1010.12,26.09,-0.0784532,0.0,8.9044382,0.07,0.28875,0.06125,-73.046875,-32.763671875,261.03515625,mech_workshop,run_2,0,2224,0,False,False,False,0,0,0,0,0,0,444.6023989338072,10.0,12.0,2.0,0.0843001533317918,-0.0147742536767057,0.0590970147068232,0.139825,0.097125,-0.0413,-4.51171875,7.1005859375,-1.482421875,442.1861394935584,1.3940849972005522,14.113333333333332,2.9708577087647634,15.353333333333332,3.317912877291616,0.0,-5.0,17.682219727206256,14.682871127553634,Good,11,0,2025-10-13 11:00:00+00:00,Normal
2025-10-13 11:51:32+00:00,446.0017769880053,3,11,13,25.5,62,1010.17,25.67,-0.2745862,0.0,8.8652116,0.0175,0.315,0.2275,-71.435546875,-33.837890625,252.978515625,mech_workshop,run_2,0,2231,0,False,False,False,0,0,0,0,0,0,446.0017769880053,11.0,13.0,3.0,-0.1329682830903521,-0.0147742536767057,0.0156433274223953,0.087325,0.123375,0.1249499999999999,-2.900390625,6.0263671875,-9.5390625,442.2301199466903,1.4097219153039084,14.093333333333334,2.9817040906361387,15.346666666666666,3.3216529132440415,6.996890270990548,5.0,17.682219727206256,14.682871127553634,Good,11,0,2025-10-13 11:00:00+00:00,Normal
2025-10-13 11:51:38+00:00,444.6023989338072,4,12,14,25.3,62,1010.13,26.01,-0.1569064,0.0,8.825985,-0.385,0.02625,-0.07875,-71.435546875,-33.837890625,252.978515625,mech_workshop,run_2,0,2224,0,False,False,False,0,0,0,0,0,0,444.6023989338072,12.0,14.0,4.0,-0.0026072212370657,-0.0147742536767057,-0.0278103598620345,-0.315175,-0.165375,-0.1813,-2.900390625,6.0263671875,-9.5390625,442.2647712127943,1.4036737991683883,14.08,2.986591961353963,15.346666666666666,3.3216529132440415,-6.996890270990548,5.0,17.49368763643883,14.518888770572437,Good,11,0,2025-10-13 11:00:00+00:00,Normal
2025-10-13 11:51:43+00:00,444.6023989338072,4,12,14,25.1,62,1010.13,26.01,-0.1569064,0.0,8.9044382,0.0175,-0.21,0.0525,-71.435546875,-32.2265625,284.130859375,mech_workshop,run_2,0,2224,0,False,False,False,0,0,0,0,0,0,444.6023989338072,12.0,14.0,4.0,-0.0026072212370657,-0.0147742536767057,0.0590970147068232,0.087325,-0.401625,-0.05005,-2.900390625,7.6376953125,21.61328125,442.29142603287426,1.409876654043441,14.053333333333333,2.9871911492183805,15.333333333333334,3.323026571190961,0.0,0.0,17.3051473747531,14.35648981829401,Good,11,0,2025-10-13 11:00:00+00:00,Normal
2025-10-13 11:51:48+00:00,444.6023989338072,4,13,15,25.7,62,1010.12,26.09,-0.1176798,0.0784532,8.8652116,0.37625,0.14875,0.16625,-71.435546875,-33.30078125,265.33203125,mech_workshop,run_2,0,2224,0,False,False,False,0,0,0,0,0,0,444.6023989338072,13.0,15.0,4.0,0.040846466047363,0.0721331208921518,0.0156433274223953,0.446075,-0.0428749999999999,0.0636999999999999,-2.900390625,6.5634765625,2.814453125,442.3180808529542,1.4155471483698308,14.033333333333331,2.98411154285889,15.326666666666666,3.3226832099444152,0.0,5.0,17.870743647586554,14.848449653284804,Good,11,0,2025-10-13 11:00:00+00:00,Normal
2025-10-13 11:51:54+00:00,444.6023989338072,3,12,14,25.0,62,1010.12,26.09,-0.196133,-0.0392266,8.9044382,-0.07,0.28875,-0.09625,-71.435546875,-32.763671875,263.720703125,mech_workshop,run_2,0,2224,0,False,False,False,0,0,0,0,0,0,444.6023989338072,12.0,14.0,3.0,-0.0460609085214945,-0.0582279409611345,0.0590970147068232,-0.0001749999999999,0.097125,-0.1988,-2.900390625,7.1005859375,1.203125,442.3447356730343,1.4206916566924397,14.02,2.9887260198078476,15.326666666666666,3.3226832099444152,0.0,-5.0,17.210874179649892,14.27588015158558,Good,11,0,2025-10-13 11:00:00+00:00,Normal
2025-10-13 11:51:59+00:00,444.6023989338072,3,12,14,25.5,62,1010.16,25.76,-0.196133,0.0392266,8.7867584,-0.1925,-0.035,0.25375,-71.97265625,-32.763671875,264.794921875,mech_workshop,run_2,0,2224,0,False,False,False,0,0,0,0,0,0,444.6023989338072,12.0,14.0,3.0,-0.0460609085214945,0.028679433607723,-0.0712640471464625,-0.1226749999999999,-0.226625,0.1511999999999999,-3.4375,7.1005859375,2.27734375,442.3713904931141,1.425315874474629,14.013333333333334,2.9921298707293627,15.333333333333334,3.3189847777983648,0.0,0.0,17.682219727206256,14.682871127553634,Good,11,0,2025-10-13 11:00:00+00:00,Normal
2025-10-13 11:52:04+00:00,446.0017769880053,4,15,18,25.9,62,1010.16,25.76,-0.1176798,0.0784532,8.9436648,0.41125,0.42,0.41125,-71.97265625,-32.763671875,264.794921875,mech_workshop,run_2,0,2231,0,False,False,False,0,0,0,0,0,0,446.0017769880053,15.0,18.0,4.0,0.040846466047363,0.0721331208921518,0.1025507019912531,0.481075,0.228375,0.3087,-3.4375,7.1005859375,2.27734375,442.4073745002221,1.448349459593266,14.02,2.993213801094127,15.36,3.3242650699114753,6.996890270990548,15.0,18.059259398110836,15.015637190464597,Good,11,0,2025-10-13 11:00:00+00:00,Normal
2025-10-13 11:52:10+00:00,444.6023989338072,3,14,17,25.5,62,1010.17,25.67,-0.0784532,0.0784532,8.7867584,-0.315,0.23625,0.315,-71.435546875,-33.837890625,256.73828125,mech_workshop,run_2,0,2224,0,False,False,False,0,0,0,0,0,0,444.6023989338072,14.0,17.0,3.0,0.0843001533317918,0.0721331208921518,-0.0712640471464625,-0.2451749999999999,0.044625,0.2124499999999999,-2.900390625,6.0263671875,-5.779296875,442.43402932030216,1.4517282980311172,14.026666666666667,2.992040148554032,15.386666666666668,3.3212487880771957,-6.996890270990548,-5.0,17.682219727206256,14.682871127553634,Good,11,0,2025-10-13 11:00:00+00:00,Normal
2025-10-13 11:52:15+00:00,444.6023989338072,4,14,17,25.3,62,1010.2,25.42,-0.1569064,0.0392266,8.9436648,-0.455,0.44625,-0.5425000000000001,-70.8984375,-34.375,270.703125,mech_workshop,run_2,0,2224,0,False,False,False,0,0,0,0,0,0,444.6023989338072,14.0,17.0,4.0,-0.0026072212370657,0.028679433607723,0.1025507019912531,-0.385175,0.254625,-0.6450500000000001,-2.36328125,5.4892578125,8.185546875,442.460684140382,1.454607661880296,14.033333333333331,2.990851075630397,15.413333333333334,3.3180140147740675,0.0,0.0,17.49368763643883,14.518888770572437,Good,11,0,2025-10-13 11:00:00+00:00,Normal
2025-10-13 11:52:20+00:00,446.0017769880053,5,15,16,25.1,62,1010.12,26.09,-0.196133,0.0,8.8652116,-0.49,0.2975,-0.4725,-71.435546875,-34.375,265.869140625,mech_workshop,run_2,0,2231,0,False,False,False,0,0,0,0,0,0,446.0017769880053,15.0,16.0,5.0,-0.0460609085214945,-0.0147742536767057,0.0156433274223953,-0.4201749999999999,0.105875,-0.5750500000000001,-2.900390625,5.4892578125,3.3515625,442.49666814749,1.474993169191028,14.053333333333333,2.9871911492183805,15.433333333333334,3.312406344967875,6.996890270990548,5.0,17.3051473747531,14.35648981829401,Good,11,0,2025-10-13 11:00:00+00:00,Normal
2025-10-13 11:52:26+00:00,446.0017769880053,5,15,16,25.3,62,1010.19,25.51,-0.1569064,-0.0392266,8.7867584,-0.02625,0.41125,0.7612500000000001,-71.97265625,-29.541015625,248.14453125,mech_workshop,run_2,0,2231,0,False,False,False,0,0,0,0,0,0,446.0017769880053,15.0,16.0,5.0,-0.0026072212370657,-0.0582279409611345,-0.0712640471464625,0.043575,0.219625,0.6587000000000001,-3.4375,10.3232421875,-14.373046875,442.53265215459794,1.494228620480836,14.073333333333334,2.983391760766635,15.453333333333331,3.3066673883235107,0.0,0.0,17.49368763643883,14.518888770572437,Good,11,0,2025-10-13 11:00:00+00:00,Normal
2025-10-13 11:52:31+00:00,446.0017769880053,5,15,16,25.5,62,1010.24,25.09,-0.1176798,0.0,8.9044382,-0.04375,0.04375,0.4025,-71.97265625,-29.541015625,248.14453125,mech_workshop,run_2,0,2231,0,False,False,False,0,0,0,0,0,0,446.0017769880053,15.0,16.0,5.0,0.040846466047363,-0.0147742536767057,0.0590970147068232,0.026075,-0.1478749999999999,0.29995,-3.4375,10.3232421875,-14.373046875,442.568636161706,1.512357898551951,14.086666666666666,2.983031804591351,15.46,3.306755339072308,0.0,0.0,17.682219727206256,14.682871127553634,Good,11,0,2025-10-13 11:00:00+00:00,Normal
2025-10-13 11:52:36+00:00,447.4011550422034,4,14,15,25.3,62,1010.1,26.26,-0.1569064,-0.0392266,8.9828914,-0.21,0.28875,0.105,-70.8984375,-34.375,255.126953125,mech_workshop,run_2,0,2238,0,False,False,False,0,0,0,0,0,0,447.4011550422034,14.0,15.0,4.0,-0.0026072212370657,-0.0582279409611345,0.146004389275681,-0.140175,0.097125,0.0024499999999999,-2.36328125,5.4892578125,-7.390625,442.6139493558418,1.5543463147176653,14.106666666666667,2.972235428964218,15.466666666666669,3.3047995739096856,6.996890270990832,-5.0,17.49368763643883,14.518888770572437,Good,11,0,2025-10-13 11:00:00+00:00,Normal
2025-10-13 11:52:42+00:00,446.0017769880053,5,15,16,25.3,62,1010.23,25.17,-0.1569064,0.0,8.825985,-0.11375,0.30625,0.27125,-71.435546875,-34.375,269.091796875,mech_workshop,run_2,0,2231,0,False,False,False,0,0,0,0,0,0,446.0017769880053,15.0,16.0,5.0,-0.0026072212370657,-0.0147742536767057,-0.0278103598620345,-0.0439249999999999,0.114625,0.1686999999999999,-2.900390625,5.4892578125,6.57421875,442.6499333629498,1.5699075271774423,14.133333333333333,2.962102161810458,15.48,3.3028765173089045,-6.996890270990832,5.0,17.49368763643883,14.518888770572437,Good,11,0,2025-10-13 11:00:00+00:00,Normal
2025-10-13 11:52:47+00:00,446.0017769880053,5,15,16,25.4,62,1010.23,25.17,-0.196133,0.0392266,8.9436648,0.0875,0.28,0.3325,-70.8984375,-33.837890625,266.943359375,mech_workshop,run_2,0,2231,0,False,False,False,0,0,0,0,0,0,446.0017769880053,15.0,16.0,5.0,-0.0460609085214945,0.028679433607723,0.1025507019912531,0.157325,0.088375,0.22995,-2.36328125,6.0263671875,4.42578125,442.6859173700577,1.5844935290637636,14.146666666666668,2.961467681360113,15.486666666666666,3.3029103836218643,0.0,0.0,17.587954703154132,14.600681227562102,Good,11,0,2025-10-13 11:00:00+00:00,Normal
2025-10-13 11:52:52+00:00,447.4011550422034,4,14,15,25.5,62,1010.17,25.67,-0.1176798,0.0392266,8.9044382,-0.0525,0.0875,0.175,-70.361328125,-30.615234375,287.353515625,mech_workshop,run_2,0,2238,0,False,False,False,0,0,0,0,0,0,447.4011550422034,14.0,15.0,4.0,0.040846466047363,0.028679433607723,0.0590970147068232,0.017325,-0.104125,0.0724499999999999,-1.826171875,9.2490234375,24.8359375,442.7312305641937,1.6213222042645683,14.153333333333334,2.9599942559953862,15.48,3.3028765173089045,6.996890270990832,-5.0,17.682219727206256,14.682871127553634,Good,11,0,2025-10-13 11:00:00+00:00,Normal
2025-10-13 11:52:58+00:00,446.0017769880053,5,14,15,25.6,62,1010.24,25.09,-0.1176798,0.0784532,8.825985,-0.28875,0.14,0.21875,-70.361328125,-30.615234375,287.353515625,mech_workshop,run_2,0,2231,0,False,False,False,0,0,0,0,0,0,446.0017769880053,14.0,15.0,5.0,0.040846466047363,0.0721331208921518,-0.0278103598620345,-0.2189249999999999,-0.0516249999999999,0.1161999999999999,-1.826171875,9.2490234375,24.8359375,442.7672145713017,1.6336479806131594,14.153333333333334,2.9599942559953862,15.473333333333333,3.3028291038873707,-6.996890270990832,0.0,17.776482708661607,14.765460068503735,Good,11,0,2025-10-13 11:00:00+00:00,Normal
2025-10-13 11:53:03+00:00,446.0017769880053,5,13,14,25.2,62,1010.16,25.76,-0.1176798,0.0,8.8652116,-0.21,0.18375,-0.14875,-70.8984375,-34.375,258.349609375,mech_workshop,run_2,0,2231,0,False,False,False,0,0,0,0,0,0,446.0017769880053,13.0,14.0,5.0,0.040846466047363,-0.0147742536767057,0.0156433274223953,-0.140175,-0.0078749999999999,-0.2513,-2.36328125,5.4892578125,-4.16796875,442.8031985784096,1.6450892623277702,14.146666666666668,2.961467681360113,15.466666666666669,3.3047995739096856,0.0,-5.0,17.39941852699395,14.437492163534262,Good,11,0,2025-10-13 11:00:00+00:00,Normal
2025-10-13 11:53:08+00:00,446.0017769880053,4,12,13,25.9,62,1010.2,25.42,-0.0392266,0.0,8.8652116,-0.58625,0.16625,0.3325,-70.8984375,-33.30078125,258.349609375,mech_workshop,run_2,0,2231,0,False,False,False,0,0,0,0,0,0,446.0017769880053,12.0,13.0,4.0,0.1277538406162206,-0.0147742536767057,0.0156433274223953,-0.516425,-0.0253749999999999,0.22995,-2.36328125,6.5634765625,-4.16796875,442.8391825855176,1.6556643861107054,14.14,2.9651895374981585,15.46,3.308784322266285,0.0,-5.0,18.059259398110836,15.015637190464597,Good,11,0,2025-10-13 11:00:00+00:00,Normal
2025-10-13 11:53:14+00:00,446.0017769880053,6,14,14,25.4,62,1010.19,25.51,-0.196133,0.0392266,8.9044382,-0.09625,0.09625,-0.5425000000000001,-71.435546875,-34.912109375,262.646484375,mech_workshop,run_2,0,2231,0,False,False,False,0,0,0,0,0,0,446.0017769880053,14.0,14.0,6.0,-0.0460609085214945,0.028679433607723,0.0590970147068232,-0.0264249999999999,-0.0953749999999999,-0.6450500000000001,-2.900390625,4.9521484375,0.12890625,442.87516659262553,1.6653898521935009,14.14,2.9651895374981585,15.453333333333331,3.3107242190472648,0.0,10.0,17.587954703154132,14.600681227562102,Good,11,0,2025-10-13 11:00:00+00:00,Normal
2025-10-13 11:53:19+00:00,446.0017769880053,6,14,14,25.6,62,1010.15,25.84,-0.2353596,-0.0784532,8.9044382,-0.175,0.1925,0.2625,-71.435546875,-34.912109375,262.646484375,mech_workshop,run_2,0,2231,0,False,False,False,0,0,0,0,0,0,446.0017769880053,14.0,14.0,6.0,-0.0895145958059233,-0.1016816282455633,0.0590970147068232,-0.1051749999999999,0.000875,0.1599499999999999,-2.900390625,4.9521484375,0.12890625,442.91115059973345,1.674280466973016,14.14,2.9651895374981585,15.446666666666667,3.312649473222072,0.0,0.0,17.776482708661607,14.765460068503735,Good,11,0,2025-10-13 11:00:00+00:00,Normal
2025-10-13 11:53:25+00:00,446.0017769880053,5,14,14,25.8,62,1010.17,25.67,-0.1176798,0.0392266,8.9044382,-0.1575,0.1225,-0.21,-71.435546875,-34.912109375,262.646484375,mech_workshop,run_2,0,2231,0,False,False,False,0,0,0,0,0,0,446.0017769880053,14.0,14.0,5.0,0.040846466047363,0.028679433607723,0.0590970147068232,-0.0876749999999999,-0.0691249999999999,-0.31255,-2.900390625,4.9521484375,0.12890625,442.9378054198134,1.6914723246956491,14.126666666666669,2.9612637123446417,15.42,3.3080540316793585,0.0,0.0,17.965002544047508,14.931841489694378,Good,11,0,2025-10-13 11:00:00+00:00,Normal
2025-10-13 11:53:30+00:00,446.0017769880053,5,14,15,25.7,62,1010.23,25.17,-0.0784532,0.0,8.9044382,-0.07875,0.27125,0.56,-71.97265625,-33.837890625,259.423828125,mech_workshop,run_2,0,2231,0,False,False,False,0,0,0,0,0,0,446.0017769880053,14.0,15.0,5.0,0.0843001533317918,-0.0147742536767057,0.0590970147068232,-0.0089249999999999,0.079625,0.45745,-3.4375,6.0263671875,-3.09375,442.97378942692137,1.6988914328244056,14.126666666666669,2.9612637123446417,15.42,3.3080540316793585,0.0,0.0,17.870743647586554,14.848449653284804,Good,11,0,2025-10-13 11:00:00+00:00,Normal
2025-10-13 11:53:35+00:00,446.0017769880053,5,14,15,25.3,62,1010.2,25.42,-0.0784532,0.0392266,8.9044382,0.035,0.20125,-0.13125,-71.435546875,-34.375,264.794921875,mech_workshop,run_2,0,2231,0,False,False,False,0,0,0,0,0,0,446.0017769880053,14.0,15.0,5.0,0.0843001533317918,0.028679433607723,0.0590970147068232,0.104825,0.009625,-0.2338,-2.900390625,5.4892578125,2.27734375,443.0004442470013,1.7148568392768049,14.12,2.960409911758427,15.413333333333334,3.307884959952114,0.0,0.0,17.49368763643883,14.518888770572437,Good,11,0,2025-10-13 11:00:00+00:00,Normal
2025-10-13 11:53:41+00:00,446.0017769880053,5,13,14,25.1,62,1010.21,25.34,-0.2353596,0.0,8.9044382,0.0525,0.20125,-0.28875,-71.435546875,-33.837890625,248.681640625,mech_workshop,run_2,0,2231,0,False,False,False,0,0,0,0,0,0,446.0017769880053,13.0,14.0,5.0,-0.0895145958059233,-0.0147742536767057,0.0590970147068232,0.122325,0.009625,-0.3913,-2.900390625,6.0263671875,-13.8359375,443.0270990670813,1.7302616456481434,14.113333333333332,2.961807598504541,15.406666666666666,3.309730755420759,0.0,-5.0,17.3051473747531,14.35648981829401,Good,11,0,2025-10-13 11:00:00+00:00,Normal
2025-10-13 11:53:46+00:00,446.0017769880053,4,11,12,25.5,62,1010.27,24.84,-0.1569064,0.0,8.9044382,0.0525,0.20125,-0.23625,-71.435546875,-33.837890625,248.681640625,mech_workshop,run_2,0,2231,0,False,False,False,0,0,0,0,0,0,446.0017769880053,11.0,12.0,4.0,-0.0026072212370657,-0.0147742536767057,0.0590970147068232,0.122325,0.009625,-0.3388,-2.900390625,6.0263671875,-13.8359375,443.0537538871613,1.7451206978555744,14.093333333333334,2.9726870015103333,15.386666666666668,3.3212487880771957,0.0,-10.0,17.682219727206256,14.682871127553634,Good,11,0,2025-10-13 11:00:00+00:00,Normal
2025-10-13 11:53:51+00:00,446.0017769880053,5,12,13,25.3,62,1010.22,25.26,-0.196133,0.0,8.7867584,-0.02625,0.07875,0.5337500000000001,-71.435546875,-32.2265625,294.873046875,mech_workshop,run_2,0,2231,0,False,False,False,0,0,0,0,0,0,446.0017769880053,12.0,13.0,5.0,-0.0460609085214945,-0.0147742536767057,-0.0712640471464625,0.043575,-0.1128749999999999,0.4312,-2.900390625,7.6376953125,32.35546875,443.0804087072412,1.759447823114727,14.086666666666666,2.9762745657663525,15.38,3.325052353627294,0.0,5.0,17.49368763643883,14.518888770572437,Good,11,0,2025-10-13 11:00:00+00:00,Normal
2025-10-13 11:53:57+00:00,446.0017769880053,4,10,11,25.7,62,1010.15,25.84,-0.1176798,0.0,8.825985,-0.06125,0.14875,0.3325,-70.361328125,-33.30078125,265.33203125,mech_workshop,run_2,0,2231,0,False,False,False,0,0,0,0,0,0,446.0017769880053,10.0,11.0,4.0,0.040846466047363,-0.0147742536767057,-0.0278103598620345,0.008575,-0.0428749999999999,0.22995,-1.826171875,6.5634765625,2.814453125,443.10706352732126,1.7732559146774882,14.06,2.9949173947443413,15.346666666666666,3.3438045820253968,0.0,-10.0,17.870743647586554,14.848449653284804,Good,11,0,2025-10-13 11:00:00+00:00,Normal
2025-10-13 11:54:02+00:00,446.0017769880053,4,9,10,25.9,62,1010.2,25.42,-0.0784532,-0.0392266,8.9436648,-0.28,0.20125,-0.21875,-71.435546875,-33.837890625,263.720703125,mech_workshop,run_2,0,2231,0,False,False,False,0,0,0,0,0,0,446.0017769880053,9.0,10.0,4.0,0.0843001533317918,-0.0582279409611345,0.1025507019912531,-0.210175,0.009625,-0.3213,-2.900390625,6.0263671875,1.203125,443.1337183474012,1.7865570072378203,14.033333333333331,3.022103509095403,15.313333333333333,3.372085700079415,0.0,-5.0,18.059259398110836,15.015637190464597,Good,11,0,2025-10-13 11:00:00+00:00,Normal
2025-10-13 11:54:07+00:00,446.0017769880053,5,12,13,25.8,62,1010.11,26.18,-0.1176798,0.0,8.7867584,-0.1225,0.04375,0.0875,-69.82421875,-33.30078125,245.458984375,mech_workshop,run_2,0,2231,0,False,False,False,0,0,0,0,0,0,446.0017769880053,12.0,13.0,5.0,0.040846466047363,-0.0147742536767057,-0.0712640471464625,-0.0526749999999999,-0.1478749999999999,-0.01505,-1.2890625,6.5634765625,-17.05859375,443.16037316748105,1.799362344214955,14.02,3.0266600636575536,15.286666666666669,3.3744731961048995,0.0,15.0,17.965002544047508,14.931841489694378,Good,11,0,2025-10-13 11:00:00+00:00,Normal
2025-10-13 11:54:13+00:00,446.0017769880053,5,11,12,25.6,62,1010.2,25.42,-0.0784532,0.0392266,8.825985,-0.0525,0.3675,0.07875,-69.82421875,-33.30078125,245.458984375,mech_workshop,run_2,0,2231,0,False,False,False,0,0,0,0,0,0,446.0017769880053,11.0,12.0,5.0,0.0843001533317918,0.028679433607723,-0.0278103598620345,0.017325,0.175875,-0.0238,-1.2890625,6.5634765625,-17.05859375,443.187027987561,1.8116824379408325,13.993333333333334,3.0355757868881783,15.246666666666666,3.3776538989804044,0.0,-5.0,17.776482708661607,14.765460068503735,Good,11,0,2025-10-13 11:00:00+00:00,Normal
2025-10-13 11:54:18+00:00,446.0017769880053,5,13,14,25.1,62,1010.17,25.67,-0.1176798,0.0,8.9828914,-0.16625,-0.09625,-0.14,-71.97265625,-33.837890625,259.423828125,mech_workshop,run_2,0,2231,0,False,False,False,0,0,0,0,0,0,446.0017769880053,13.0,14.0,5.0,0.040846466047363,-0.0147742536767057,0.146004389275681,-0.096425,-0.287875,-0.24255,-3.4375,6.0263671875,-3.09375,443.21368280764096,1.8235271236271904,13.98,3.0355168285001044,15.22,3.371554915811925,0.0,10.0,17.3051473747531,14.35648981829401,Good,11,0,2025-10-13 11:00:00+00:00,Normal
2025-10-13 11:54:23+00:00,446.0017769880053,5,13,14,25.2,62,1010.22,25.26,-0.196133,0.0,8.9436648,-0.32375,0.20125,0.1225,-70.361328125,-32.763671875,268.5546875,mech_workshop,run_2,0,2231,0,False,False,False,0,0,0,0,0,0,446.0017769880053,13.0,14.0,5.0,-0.0460609085214945,-0.0147742536767057,0.1025507019912531,-0.2539249999999999,0.009625,0.0199499999999999,-1.826171875,7.1005859375,6.037109375,443.24033762772103,1.8349056078613928,13.98,3.0355168285001044,15.213333333333331,3.37298120912887,0.0,0.0,17.39941852699395,14.437492163534262,Good,11,0,2025-10-13 11:00:00+00:00,Normal
2025-10-13 11:54:29+00:00,446.0017769880053,4,13,14,25.6,62,1010.17,25.67,-0.0784532,0.0392266,8.8652116,-0.30625,0.245,0.0175,-69.82421875,-34.375,265.869140625,mech_workshop,run_2,0,2231,0,False,False,False,0,0,0,0,0,0,446.0017769880053,13.0,14.0,4.0,0.0843001533317918,0.028679433607723,0.0156433274223953,-0.236425,0.053375,-0.08505,-1.2890625,5.4892578125,3.3515625,443.266992447801,1.8458265122742823,13.973333333333333,3.036570537036503,15.2,3.373803541341798,0.0,0.0,17.776482708661607,14.765460068503735,Good,11,0,2025-10-13 11:00:00+00:00,Normal
2025-10-13 11:54:34+00:00,446.0017769880053,5,14,15,25.5,62,1010.15,25.84,-0.1176798,0.0392266,8.8652116,-0.07,0.21875,-0.32375,-71.435546875,-30.078125,261.572265625,mech_workshop,run_2,0,2231,0,False,False,False,0,0,0,0,0,0,446.0017769880053,14.0,15.0,5.0,0.040846466047363,0.028679433607723,0.0156433274223953,-0.0001749999999999,0.027125,-0.4263,-2.900390625,9.7861328125,-0.9453125,443.29364726788094,1.856297912934347,13.98,3.0355168285001044,15.206666666666669,3.372404130540524,0.0,5.0,17.682219727206256,14.682871127553634,Good,11,0,2025-10-13 11:00:00+00:00,Normal
2025-10-13 11:54:39+00:00,446.0017769880053,4,14,15,25.1,62,1010.23,25.17,-0.1569064,0.0,8.8652116,-0.245,0.00875,0.3325,-71.435546875,-30.078125,261.572265625,mech_workshop,run_2,0,2231,0,False,False,False,0,0,0,0,0,0,446.0017769880053,14.0,15.0,4.0,-0.0026072212370657,-0.0147742536767057,0.0156433274223953,-0.1751749999999999,-0.1828749999999999,0.22995,-2.900390625,9.7861328125,-0.9453125,443.3203020879609,1.866327375947345,13.986666666666666,3.0344480091703483,15.206666666666669,3.372404130540524,0.0,0.0,17.3051473747531,14.35648981829401,Good,11,0,2025-10-13 11:00:00+00:00,Normal
2025-10-13 11:54:45+00:00,446.0017769880053,5,15,16,25.2,62,1010.27,24.84,-0.196133,0.0392266,8.7475318,0.0875,0.0525,0.28875,-70.361328125,-32.2265625,259.423828125,mech_workshop,run_2,0,2231,0,False,False,False,0,0,0,0,0,0,446.0017769880053,15.0,16.0,5.0,-0.0460609085214945,0.028679433607723,-0.1147177344308904,0.157325,-0.139125,0.1861999999999999,-1.826171875,7.6376953125,-3.09375,443.3469569080409,1.875921989676786,14.0,3.0344774988908907,15.213333333333331,3.37298120912887,0.0,5.0,17.39941852699395,14.437492163534262,Good,11,0,2025-10-13 11:00:00+00:00,Normal
2025-10-13 11:54:50+00:00,446.0017769880053,3,17,17,25.5,62,1010.15,25.84,-0.1176798,-0.0392266,8.9436648,-0.21,0.0175,-0.04375,-71.97265625,-33.30078125,262.646484375,mech_workshop,run_2,0,2231,0,False,False,False,0,0,0,0,0,0,446.0017769880053,17.0,17.0,3.0,0.040846466047363,-0.0582279409611345,0.1025507019912531,-0.140175,-0.1741249999999999,-0.1463,-3.4375,6.5634765625,0.12890625,443.37361172812086,1.885088393946459,14.026666666666667,3.0431938950342943,15.226666666666668,3.3760838014557475,0.0,10.0,17.682219727206256,14.682871127553634,Good,11,0,2025-10-13 11:00:00+00:00,Normal
2025-10-13 11:54:55+00:00,446.0017769880053,3,17,17,25.3,62,1010.28,24.76,-0.1176798,0.0784532,8.8652116,-0.175,0.18375,0.105,-70.361328125,-33.30078125,271.77734375,mech_workshop,run_2,0,2231,0,False,False,False,0,0,0,0,0,0,446.0017769880053,17.0,17.0,3.0,0.040846466047363,0.0721331208921518,0.0156433274223953,-0.1051749999999999,-0.0078749999999999,0.0024499999999999,-1.826171875,6.5634765625,9.259765625,443.4002665482008,1.893832806539871,14.053333333333333,3.0516508166785847,15.24,3.379130581959341,0.0,0.0,17.49368763643883,14.518888770572437,Good,11,0,2025-10-13 11:00:00+00:00,Normal
2025-10-13 11:55:01+00:00,446.0017769880053,5,16,16,25.4,62,1010.18,25.59,-0.1176798,-0.0392266,8.9044382,-0.035,0.35875,0.14875,-70.8984375,-31.15234375,264.2578125,mech_workshop,run_2,0,2231,0,False,False,False,0,0,0,0,0,0,446.0017769880053,16.0,16.0,5.0,0.040846466047363,-0.0582279409611345,0.0590970147068232,0.034825,0.167125,0.0461999999999999,-2.36328125,8.7119140625,1.740234375,443.4269213682807,1.9021610472717725,14.08,3.0510642878494965,15.253333333333334,3.3781506132787382,0.0,-5.0,17.587954703154132,14.600681227562102,Good,11,0,2025-10-13 11:00:00+00:00,Normal
2025-10-13 11:55:06+00:00,446.0017769880053,5,16,16,25.2,62,1010.13,26.01,-0.1176798,0.0392266,8.8652116,0.0175,0.20125,0.04375,-70.8984375,-31.15234375,264.2578125,mech_workshop,run_2,0,2231,0,False,False,False,0,0,0,0,0,0,446.0017769880053,16.0,16.0,5.0,0.040846466047363,0.028679433607723,0.0156433274223953,0.087325,0.009625,-0.0588,-2.36328125,8.7119140625,1.740234375,443.4535761883606,1.910078559872794,14.1,3.0537687135250846,15.26,3.378634011732388,0.0,0.0,17.39941852699395,14.437492163534262,Good,11,0,2025-10-13 11:00:00+00:00,Normal
2025-10-13 11:55:11+00:00,446.0017769880053,4,14,14,25.0,62,1010.21,25.34,-0.1569064,0.1176798,8.825985,-0.09625,-0.04375,0.0525,-70.361328125,-34.375,258.88671875,mech_workshop,run_2,0,2231,0,False,False,False,0,0,0,0,0,0,446.0017769880053,14.0,14.0,4.0,-0.0026072212370657,0.1155868081765806,-0.0278103598620345,-0.0264249999999999,-0.235375,-0.05005,-1.826171875,5.4892578125,-3.630859375,443.4802310084407,1.9175904318987744,14.1,3.0537687135250846,15.26,3.378634011732388,0.0,-10.0,17.210874179649892,14.27588015158558,Good,11,0,2025-10-13 11:00:00+00:00,Normal
2025-10-13 11:55:17+00:00,446.0017769880053,4,15,15,25.3,62,1010.14,25.93,-0.1176798,0.0,8.9044382,0.21,0.0875,0.28875,-70.8984375,-33.30078125,271.240234375,mech_workshop,run_2,0,2231,0,False,False,False,0,0,0,0,0,0,446.0017769880053,15.0,15.0,4.0,0.040846466047363,-0.0147742536767057,0.0590970147068232,0.279825,-0.104125,0.1861999999999999,-2.36328125,6.5634765625,8.72265625,443.50688582852064,1.9247014128508464,14.106666666666667,3.054640361890761,15.266666666666667,3.3771173654795748,0.0,5.0,17.49368763643883,14.518888770572437,Good,11,0,2025-10-13 11:00:00+00:00,Normal
2025-10-13 11:55:22+00:00,446.0017769880053,6,16,16,25.7,62,1010.14,25.93,-0.1569064,-0.0392266,8.7867584,0.16625,0.3325,0.07,-69.287109375,-32.763671875,264.2578125,mech_workshop,run_2,0,2231,0,False,False,False,0,0,0,0,0,0,446.0017769880053,16.0,16.0,6.0,-0.0026072212370657,-0.0582279409611345,-0.0712640471464625,0.236075,0.140875,-0.03255,-0.751953125,7.1005859375,1.740234375,443.52421146157263,1.9354265309295449,14.133333333333333,3.053585562494031,15.286666666666669,3.3724837334579494,0.0,5.0,17.870743647586554,14.848449653284804,Good,11,0,2025-10-13 11:00:00+00:00,Normal
2025-10-13 11:55:27+00:00,446.0017769880053,4,15,15,25.1,62,1010.12,26.09,-0.1569064,0.0392266,8.9436648,-0.1925,0.18375,0.35875,-70.361328125,-33.837890625,265.869140625,mech_workshop,run_2,0,2231,0,False,False,False,0,0,0,0,0,0,446.0017769880053,15.0,15.0,4.0,-0.0026072212370657,0.028679433607723,0.1025507019912531,-0.1226749999999999,-0.0078749999999999,0.2562,-1.826171875,6.0263671875,3.3515625,443.54153709462463,1.9459372549677945,14.153333333333334,3.0493407069731537,15.293333333333331,3.3709112277829023,0.0,-5.0,17.3051473747531,14.35648981829401,Good,11,0,2025-10-13 11:00:00+00:00,Normal
2025-10-13 11:55:33+00:00,446.0017769880053,4,16,16,25.4,62,1010.16,25.76,-0.1176798,0.0,8.825985,-0.175,-0.00875,-0.07,-70.361328125,-33.837890625,265.869140625,mech_workshop,run_2,0,2231,0,False,False,False,0,0,0,0,0,0,446.0017769880053,16.0,16.0,4.0,0.040846466047363,-0.0147742536767057,-0.0278103598620345,-0.1051749999999999,-0.200375,-0.17255,-1.826171875,6.0263671875,3.3515625,443.55886272767657,1.9562370407409504,14.186666666666667,3.0419586296086463,15.313333333333333,3.3661095514412844,0.0,5.0,17.587954703154132,14.600681227562102,Good,11,0,2025-10-13 11:00:00+00:00,Normal
2025-10-13 11:55:38+00:00,446.0017769880053,4,15,16,25.9,62,1010.15,25.84,-0.196133,0.0392266,8.825985,-0.06125,0.28,0.44625,-68.75,-34.912109375,259.9609375,mech_workshop,run_2,0,2231,0,False,False,False,0,0,0,0,0,0,446.0017769880053,15.0,16.0,4.0,-0.0460609085214945,0.028679433607723,-0.0278103598620345,0.008575,0.088375,0.3436999999999999,-0.21484375,4.9521484375,-2.556640625,443.57618836072857,1.9663292029850752,14.2,3.041105415412455,15.32,3.366475064873658,0.0,-5.0,18.059259398110836,15.015637190464597,Good,11,0,2025-10-13 11:00:00+00:00,Normal
2025-10-13 11:55:43+00:00,447.4011550422034,5,15,18,25.7,62,1010.07,26.51,-0.1569064,0.0,8.7867584,0.035,0.28,0.6125,-71.97265625,-34.375,266.943359375,mech_workshop,run_2,0,2238,0,False,False,False,0,0,0,0,0,0,447.4011550422034,15.0,18.0,5.0,-0.0026072212370657,-0.0147742536767057,-0.0712640471464625,0.104825,0.088375,0.50995,-3.4375,5.4892578125,4.42578125,443.6028431808085,1.9909104019925856,14.186666666666667,3.033120674995099,15.32,3.366475064873658,6.996890270990832,0.0,17.870743647586554,14.848449653284804,Good,11,0,2025-10-13 11:00:00+00:00,Normal
2025-10-13 11:55:49+00:00,446.0017769880053,5,14,17,25.1,62,1010.18,25.59,-0.1176798,0.0,8.8652116,-0.105,0.315,-0.21875,-71.435546875,-33.30078125,264.2578125,mech_workshop,run_2,0,2231,0,False,False,False,0,0,0,0,0,0,446.0017769880053,14.0,17.0,5.0,0.040846466047363,-0.0147742536767057,0.0156433274223953,-0.0351749999999999,0.123375,-0.3213,-2.900390625,6.5634765625,1.740234375,443.6201688138605,2.000444249980386,14.146666666666668,2.9952684536815126,15.293333333333331,3.3368929539512866,-6.996890270990832,-5.0,17.3051473747531,14.35648981829401,Good,11,0,2025-10-13 11:00:00+00:00,Normal
2025-10-13 11:55:54+00:00,446.0017769880053,5,13,15,25.5,62,1010.15,25.84,-0.1569064,0.0,8.9044382,0.0,0.5687500000000001,0.14875,-71.435546875,-33.30078125,264.2578125,mech_workshop,run_2,0,2231,0,False,False,False,0,0,0,0,0,0,446.0017769880053,13.0,15.0,5.0,-0.0026072212370657,-0.0147742536767057,0.0590970147068232,0.069825,0.3771250000000001,0.0461999999999999,-2.900390625,6.5634765625,1.740234375,443.6374944469125,2.009782520932699,14.073333333333334,2.8850381609532563,15.206666666666669,3.169266564882813,0.0,-5.0,17.682219727206256,14.682871127553634,Good,11,0,2025-10-13 11:00:00+00:00,Normal
2025-10-13 11:55:59+00:00,446.0017769880053,6,14,16,25.3,62,1010.15,25.84,-0.196133,0.0784532,8.9044382,-0.14,0.07875,0.13125,-70.361328125,-34.375,255.6640625,mech_workshop,run_2,0,2231,0,False,False,False,0,0,0,0,0,0,446.0017769880053,14.0,16.0,6.0,-0.0460609085214945,0.0721331208921518,0.0590970147068232,-0.070175,-0.1128749999999999,0.0286999999999999,-1.826171875,5.4892578125,-6.853515625,443.6548200799645,2.018927928694656,13.98,2.64821074203473,15.106666666666667,2.8921246147896227,0.0,5.0,17.49368763643883,14.518888770572437,Good,11,0,2025-10-13 11:00:00+00:00,Normal
2025-10-13 11:56:05+00:00,446.0017769880053,6,15,16,25.5,62,1010.09,26.34,-0.1176798,0.0,8.8652116,-0.455,0.18375,0.13125,-71.435546875,-33.30078125,256.73828125,mech_workshop,run_2,0,2231,0,False,False,False,0,0,0,0,0,0,446.0017769880053,15.0,16.0,6.0,0.040846466047363,-0.0147742536767057,0.0156433274223953,-0.385175,-0.0078749999999999,0.0286999999999999,-2.900390625,6.5634765625,-5.779296875,443.6721457130164,2.0278830826084837,13.92,2.5184420453070615,15.02,2.658328687238649,0.0,5.0,17.682219727206256,14.682871127553634,Good,11,0,2025-10-13 11:00:00+00:00,Normal
2025-10-13 11:56:10+00:00,446.0017769880053,6,15,16,25.7,62,1010.18,25.59,-0.2353596,0.0784532,8.8652116,0.00875,0.41125,0.035,-72.509765625,-33.837890625,263.18359375,mech_workshop,run_2,0,2231,0,False,False,False,0,0,0,0,0,0,446.0017769880053,15.0,16.0,6.0,-0.0895145958059233,0.0721331208921518,0.0156433274223953,0.078575,0.219625,-0.06755,-3.974609375,6.0263671875,0.666015625,443.6894713460684,2.036650492314716,13.866666666666667,2.407111016382522,14.94,2.4363852639437797,0.0,0.0,17.870743647586554,14.848449653284804,Good,11,0,2025-10-13 11:00:00+00:00,Normal
2025-10-13 11:56:15+00:00,447.4011550422034,5,16,16,25.7,62,1010.14,25.93,-0.1176798,-0.0392266,8.825985,-0.07,0.34125,-0.1225,-69.287109375,-32.763671875,240.087890625,mech_workshop,run_2,0,2238,0,False,False,False,0,0,0,0,0,0,447.4011550422034,16.0,16.0,5.0,0.040846466047363,-0.0582279409611345,-0.0278103598620345,-0.0001749999999999,0.149625,-0.22505,-0.751953125,7.1005859375,-22.4296875,443.71612616614834,2.058917025090006,13.826666666666666,2.319299439085673,14.88,2.2936152992469294,6.996890270990832,5.0,17.870743647586554,14.848449653284804,Good,11,0,2025-10-13 11:00:00+00:00,Normal
2025-10-13 11:56:21+00:00,446.0017769880053,3,15,15,25.4,62,1010.15,25.84,-0.1176798,-0.0392266,8.825985,0.14,-0.0175,0.455,-69.287109375,-32.763671875,240.087890625,mech_workshop,run_2,0,2231,0,False,False,False,0,0,0,0,0,0,446.0017769880053,15.0,15.0,3.0,0.040846466047363,-0.0582279409611345,-0.0278103598620345,0.209825,-0.209125,0.35245,-0.751953125,7.1005859375,-22.4296875,443.7334517992003,2.067181787094176,13.793333333333331,2.265281192574491,14.826666666666666,2.194400031644508,-6.996890270990832,-5.0,17.587954703154132,14.600681227562102,Good,11,0,2025-10-13 11:00:00+00:00,Normal
2025-10-13 11:56:26+00:00,446.0017769880053,3,15,15,25.4,62,1010.19,25.51,-0.1569064,0.0,8.8652116,0.07,0.21875,0.30625,-69.82421875,-33.30078125,260.498046875,mech_workshop,run_2,0,2231,0,False,False,False,0,0,0,0,0,0,446.0017769880053,15.0,15.0,3.0,-0.0026072212370657,-0.0147742536767057,0.0156433274223953,0.139825,0.027125,0.2037,-1.2890625,6.5634765625,-2.01953125,443.7507774322523,2.0752680263599577,13.746666666666666,2.1649640531035064,14.76,2.028918447625256,0.0,0.0,17.587954703154132,14.600681227562102,Good,11,0,2025-10-13 11:00:00+00:00,Normal
2025-10-13 11:56:31+00:00,446.0017769880053,5,16,16,25.5,62,1010.16,25.76,-0.1176798,0.0,8.825985,-0.07875,0.21875,-0.02625,-73.046875,-33.30078125,262.646484375,mech_workshop,run_2,0,2231,0,False,False,False,0,0,0,0,0,0,446.0017769880053,16.0,16.0,5.0,0.040846466047363,-0.0147742536767057,-0.0278103598620345,-0.0089249999999999,0.027125,-0.1288,-4.51171875,6.5634765625,0.12890625,443.7681030653043,2.0831778217952808,13.706666666666669,2.0645511290963903,14.706666666666669,1.8843996308320785,0.0,5.0,17.682219727206256,14.682871127553634,Good,11,0,2025-10-13 11:00:00+00:00,Normal
2025-10-13 11:56:37+00:00,446.0017769880053,5,16,16,25.3,62,1010.14,25.93,-0.1176798,0.0,8.8652116,-0.105,0.20125,0.13125,-71.435546875,-31.689453125,268.5546875,mech_workshop,run_2,0,2231,0,False,False,False,0,0,0,0,0,0,446.0017769880053,16.0,16.0,5.0,0.040846466047363,-0.0147742536767057,0.0156433274223953,-0.0351749999999999,0.009625,0.0286999999999999,-2.900390625,8.1748046875,6.037109375,443.7854286983562,2.090913175829452,13.68,2.007770141126033,14.673333333333334,1.8152843498178173,0.0,0.0,17.49368763643883,14.518888770572437,Good,11,0,2025-10-13 11:00:00+00:00,Normal
2025-10-13 11:56:42+00:00,446.0017769880053,3,14,14,25.2,62,1010.11,26.18,-0.1569064,0.0,8.7867584,0.02625,0.0175,0.0875,-71.435546875,-30.615234375,278.759765625,mech_workshop,run_2,0,2231,0,False,False,False,0,0,0,0,0,0,446.0017769880053,14.0,14.0,3.0,-0.0026072212370657,-0.0147742536767057,-0.0712640471464625,0.096075,-0.1741249999999999,-0.01505,-2.900390625,9.2490234375,16.2421875,443.80275433140827,2.0984760175289994,13.64,1.9396256471305604,14.626666666666669,1.7399632282879334,0.0,-10.0,17.39941852699395,14.437492163534262,Good,11,0,2025-10-13 11:00:00+00:00,Normal
2025-10-13 11:56:47+00:00,447.4011550422034,4,15,16,25.3,62,1010.09,26.34,-0.196133,0.0,8.7867584,0.175,0.23625,0.60375,-71.435546875,-30.615234375,278.759765625,mech_workshop,run_2,0,2238,0,False,False,False,0,0,0,0,0,0,447.4011550422034,15.0,16.0,4.0,-0.0460609085214945,-0.0147742536767057,-0.0712640471464625,0.244825,0.044625,0.5012,-2.900390625,9.2490234375,16.2421875,443.8294091514882,2.118659028398253,13.613333333333332,1.8923607168756125,14.6,1.6869017706708949,6.996890270990832,5.0,17.49368763643883,14.518888770572437,Good,11,0,2025-10-13 11:00:00+00:00,Normal
2025-10-13 11:56:53+00:00,447.4011550422034,3,14,15,25.1,62,1010.16,25.76,-0.1176798,0.0,8.825985,0.00875,0.07875,0.1225,-70.8984375,-33.837890625,258.349609375,mech_workshop,run_2,0,2238,0,False,False,False,0,0,0,0,0,0,447.4011550422034,14.0,15.0,3.0,0.040846466047363,-0.0147742536767057,-0.0278103598620345,0.078575,-0.1128749999999999,0.0199499999999999,-2.36328125,6.0263671875,-4.16796875,443.8560639715682,2.138317110621997,13.58,1.840156106596456,14.566666666666666,1.6278477026972509,0.0,-5.0,17.3051473747531,14.35648981829401,Good,11,0,2025-10-13 11:00:00+00:00,Normal
2025-10-13 11:56:58+00:00,447.4011550422034,4,15,16,25.3,62,1010.14,25.93,-0.1569064,0.0,8.9436648,0.02625,-0.07875,-0.30625,-72.509765625,-32.763671875,269.091796875,mech_workshop,run_2,0,2238,0,False,False,False,0,0,0,0,0,0,447.4011550422034,15.0,16.0,4.0,-0.0026072212370657,-0.0147742536767057,0.1025507019912531,0.096075,-0.270375,-0.4088,-3.974609375,7.1005859375,6.57421875,443.88271879164824,2.1574646131606654,13.553333333333333,1.789367053430206,14.54,1.5699784121971496,0.0,5.0,17.49368763643883,14.518888770572437,Good,11,0,2025-10-13 11:00:00+00:00,Normal
2025-10-13 11:57:03+00:00,447.4011550422034,3,13,14,25.6,62,1010.17,25.67,-0.1569064,0.0,8.8652116,-0.13125,-0.04375,0.04375,-71.435546875,-32.2265625,261.03515625,mech_workshop,run_2,0,2238,0,False,False,False,0,0,0,0,0,0,447.4011550422034,13.0,14.0,3.0,-0.0026072212370657,-0.0147742536767057,0.0156433274223953,-0.0614249999999999,-0.235375,-0.0588,-2.900390625,7.6376953125,-1.482421875,443.9093736117281,2.1761150137339964,13.526666666666667,1.7673271316189685,14.513333333333334,1.544579900604437,0.0,-10.0,17.776482708661607,14.765460068503735,Good,11,0,2025-10-13 11:00:00+00:00,Normal
2025-10-13 11:57:09+00:00,447.4011550422034,3,12,13,25.6,61,1010.14,25.93,-0.1176798,0.1176798,8.8652116,-0.07,0.27125,-0.14,-71.435546875,-32.763671875,263.18359375,mech_workshop,run_2,0,2238,0,False,False,False,0,0,0,0,0,0,447.4011550422034,12.0,13.0,3.0,0.040846466047363,0.1155868081765806,0.0156433274223953,-0.0001749999999999,0.079625,-0.24255,-2.900390625,7.1005859375,0.666015625,443.9453576188361,2.1889781382273763,13.5,1.7599191561664247,14.493333333333334,1.5446233513511092,0.0,-5.0,17.51836700231584,14.52730748675368,Good,11,0,2025-10-13 11:00:00+00:00,Normal
2025-10-13 11:57:14+00:00,447.4011550422034,4,12,13,25.5,61,1010.16,25.76,-0.1569064,0.0392266,8.9828914,0.04375,0.2275,0.175,-70.361328125,-32.763671875,263.18359375,mech_workshop,run_2,0,2238,0,False,False,False,0,0,0,0,0,0,447.4011550422034,12.0,13.0,4.0,-0.0026072212370657,0.028679433607723,0.146004389275681,0.113575,0.035875,0.0724499999999999,-1.826171875,7.1005859375,0.666015625,443.981341625944,2.201173993172918,13.486666666666666,1.763677772189767,14.486666666666666,1.5489189417600775,0.0,0.0,17.424290411519078,14.44605062549632,Good,11,0,2025-10-13 11:00:00+00:00,Normal
2025-10-13 11:57:19+00:00,447.4011550422034,5,13,13,25.2,61,1010.12,26.09,-0.196133,0.0392266,8.9044382,0.035,0.0525,-0.1925,-69.287109375,-33.30078125,266.40625,mech_workshop,run_2,0,2238,0,False,False,False,0,0,0,0,0,0,447.4011550422034,13.0,13.0,5.0,-0.0460609085214945,0.028679433607723,0.0590970147068232,0.104825,-0.139125,-0.29505,-0.751953125,6.5634765625,3.888671875,444.017325633052,2.212713612004221,13.473333333333333,1.7597157590283254,14.473333333333333,1.5530730163721946,0.0,5.0,17.142048003949707,14.204629386703068,Good,11,0,2025-10-13 11:00:00+00:00,Normal
2025-10-13 11:57:25+00:00,447.4011550422034,6,14,15,25.3,61,1010.17,25.67,-0.1569064,0.0392266,8.9044382,0.02625,0.3325,0.035,-71.435546875,-33.30078125,263.18359375,mech_workshop,run_2,0,2238,0,False,False,False,0,0,0,0,0,0,447.4011550422034,14.0,15.0,6.0,-0.0026072212370657,0.028679433607723,0.0590970147068232,0.096075,0.140875,-0.06755,-2.900390625,6.5634765625,0.666015625,444.0533096401599,2.2236072115419256,13.46,1.7479806182022346,14.466666666666669,1.5486156046055208,0.0,5.0,17.236130912406722,14.284713145240625,Good,11,0,2025-10-13 11:00:00+00:00,Normal
2025-10-13 11:57:30+00:00,447.4011550422034,4,13,13,25.2,61,1010.16,25.76,-0.1569064,0.0,8.8652116,0.20125,0.35875,0.1225,-70.8984375,-33.837890625,267.48046875,mech_workshop,run_2,0,2238,0,False,False,False,0,0,0,0,0,0,447.4011550422034,13.0,13.0,4.0,-0.0026072212370657,-0.0147742536767057,0.0156433274223953,0.271075,0.167125,0.0199499999999999,-2.36328125,6.0263671875,4.962890625,444.0892936472678,2.233864242884579,13.44,1.7358439913817238,14.446666666666667,1.548052106482456,0.0,-5.0,17.142048003949707,14.204629386703068,Good,11,0,2025-10-13 11:00:00+00:00,Normal
2025-10-13 11:57:35+00:00,447.4011550422034,4,13,13,25.3,61,1010.07,26.51,-0.196133,0.0392266,8.9044382,-0.0875,0.11375,0.1925,-70.8984375,-33.837890625,267.48046875,mech_workshop,run_2,0,2238,0,False,False,False,0,0,0,0,0,0,447.4011550422034,13.0,13.0,4.0,-0.0460609085214945,0.028679433607723,0.0590970147068232,-0.0176749999999999,-0.0778749999999999,0.0899499999999999,-2.36328125,6.0263671875,4.962890625,444.12527765437585,2.243493437030711,13.433333333333334,1.7355991042171033,14.44,1.552136436264063,0.0,0.0,17.236130912406722,14.284713145240625,Good,11,0,2025-10-13 11:00:00+00:00,Normal
2025-10-13 11:57:41+00:00,447.4011550422034,6,14,14,25.3,61,1010.22,25.26,-0.1176798,0.0784532,8.825985,-0.23625,-0.0875,0.04375,-71.97265625,-32.2265625,254.052734375,mech_workshop,run_2,0,2238,0,False,False,False,0,0,0,0,0,0,447.4011550422034,14.0,14.0,6.0,0.040846466047363,0.0721331208921518,-0.0278103598620345,-0.166425,-0.2791249999999999,-0.0588,-3.4375,7.6376953125,-8.46484375,444.1612616614838,2.252502845793095,13.426666666666666,1.7314565644138546,14.433333333333334,1.5518625599329607,0.0,5.0,17.236130912406722,14.284713145240625,Good,11,0,2025-10-13 11:00:00+00:00,Normal
2025-10-13 11:57:46+00:00,447.4011550422034,6,14,14,25.3,61,1010.09,26.34,-0.1176798,0.0,8.7867584,-0.04375,0.16625,0.16625,-71.97265625,-34.912109375,254.58984375,mech_workshop,run_2,0,2238,0,False,False,False,0,0,0,0,0,0,447.4011550422034,14.0,14.0,6.0,0.040846466047363,-0.0147742536767057,-0.0712640471464625,0.026075,-0.0253749999999999,0.0636999999999999,-3.4375,4.9521484375,-7.927734375,444.19724566859173,2.2608998784901218,13.42,1.7272781863052151,14.42,1.5468955705024985,0.0,0.0,17.236130912406722,14.284713145240625,Good,11,0,2025-10-13 11:00:00+00:00,Normal
2025-10-13 11:57:51+00:00,447.4011550422034,5,14,14,25.1,61,1010.18,25.59,-0.1176798,-0.0392266,8.8652116,0.0525,0.1225,-0.2275,-71.97265625,-33.30078125,265.33203125,mech_workshop,run_2,0,2238,0,False,False,False,0,0,0,0,0,0,447.4011550422034,14.0,14.0,5.0,0.040846466047363,-0.0582279409611345,0.0156433274223953,0.122325,-0.0691249999999999,-0.33005,-3.4375,6.5634765625,2.814453125,444.2332296756997,2.2686913348342133,13.42,1.7272781863052151,14.4,1.532642583445529,0.0,0.0,17.047962989464512,14.124933530902174,Good,11,0,2025-10-13 11:00:00+00:00,Normal
2025-10-13 11:57:57+00:00,447.4011550422034,6,15,15,25.1,61,1010.19,25.51,-0.196133,0.0392266,8.8652116,0.18375,0.23625,0.18375,-70.8984375,-33.30078125,259.9609375,mech_workshop,run_2,0,2238,0,False,False,False,0,0,0,0,0,0,447.4011550422034,15.0,15.0,6.0,-0.0460609085214945,0.028679433607723,0.0156433274223953,0.253575,0.044625,0.0811999999999999,-2.36328125,6.5634765625,-2.556640625,444.2785428698356,2.263594016242172,13.426666666666666,1.7314565644138546,14.386666666666668,1.518506271814223,0.0,5.0,17.047962989464512,14.124933530902174,Good,11,0,2025-10-13 11:00:00+00:00,Normal
2025-10-13 11:58:02+00:00,447.4011550422034,6,16,16,0.0,0,1010.13,26.01,-0.196133,0.0392266,8.8652116,-0.0175,0.20125,-0.035,-70.8984375,-33.30078125,259.9609375,mech_workshop,run_2,0,2238,0,False,False,False,0,0,0,0,0,0,447.4011550422034,16.0,16.0,6.0,-0.0460609085214945,0.028679433607723,0.0156433274223953,0.052325,0.009625,-0.13755,-2.36328125,6.5634765625,-2.556640625,444.32385606397145,2.2575697632581035,13.433333333333334,1.7394617182769956,14.393333333333333,1.523404288558422,0.0,5.0,-96.07763018544566,0.0,Good,11,0,2025-10-13 11:00:00+00:00,Normal
2025-10-13 11:58:08+00:00,447.4011550422034,7,16,16,25.4,61,1010.1,26.26,-0.1176798,0.0,8.825985,0.11375,0.315,-0.1575,-71.97265625,-34.375,264.794921875,mech_workshop,run_2,0,2238,0,False,False,False,0,0,0,0,0,0,447.4011550422034,16.0,16.0,7.0,0.040846466047363,-0.0147742536767057,-0.0278103598620345,0.183575,0.123375,-0.26005,-3.4375,5.4892578125,2.27734375,444.36916925810755,2.250611132466356,13.433333333333334,1.7394617182769956,14.393333333333333,1.523404288558422,0.0,0.0,17.33021171490628,14.365186369053037,Good,11,0,2025-10-13 11:00:00+00:00,Normal
2025-10-13 11:58:13+00:00,447.4011550422034,5,14,14,25.6,61,1010.19,25.51,-0.1176798,0.0,8.7475318,-0.13125,-0.07,-0.42875,-71.97265625,-33.837890625,263.720703125,mech_workshop,run_2,0,2238,0,False,False,False,0,0,0,0,0,0,447.4011550422034,14.0,14.0,5.0,0.040846466047363,-0.0147742536767057,-0.1147177344308904,-0.0614249999999999,-0.261625,-0.5313000000000001,-3.4375,6.0263671875,1.203125,444.4144824522435,2.2427094263814245,13.426666666666666,1.73532839925006,14.386666666666668,1.5229196027141674,0.0,-10.0,17.51836700231584,14.52730748675368,Good,11,0,2025-10-13 11:00:00+00:00,Normal
2025-10-13 11:58:18+00:00,447.4011550422034,4,14,14,25.7,61,1010.15,25.84,-0.196133,0.0,8.8652116,-0.14875,-0.07875,0.5775,-71.97265625,-34.375,258.88671875,mech_workshop,run_2,0,2238,0,False,False,False,0,0,0,0,0,0,447.4011550422034,14.0,14.0,4.0,-0.0460609085214945,-0.0147742536767057,0.0156433274223953,-0.0789249999999999,-0.270375,0.47495,-3.4375,5.4892578125,-3.630859375,444.45979564637935,2.2338546373417096,13.42,1.731159366343197,14.38,1.5224053733501304,0.0,0.0,17.612441487367253,14.608958529844726,Good,11,0,2025-10-13 11:00:00+00:00,Normal
2025-10-13 11:58:24+00:00,447.4011550422034,3,13,14,25.2,61,1010.15,25.84,-0.1176798,0.0,8.8652116,0.02625,0.18375,-0.00875,-71.97265625,-30.615234375,274.462890625,mech_workshop,run_2,0,2238,0,False,False,False,0,0,0,0,0,0,447.4011550422034,13.0,14.0,3.0,0.040846466047363,-0.0147742536767057,0.0156433274223953,0.096075,-0.0078749999999999,-0.1113,-3.4375,9.2490234375,11.9453125,444.50510884051533,2.2240353815441845,13.413333333333334,1.7308362670816433,14.38,1.5224053733501304,0.0,-5.0,17.142048003949707,14.204629386703068,Good,11,0,2025-10-13 11:00:00+00:00,Normal
2025-10-13 11:58:29+00:00,447.4011550422034,3,12,13,25.4,61,1010.16,25.76,-0.196133,0.0,8.9436648,0.07,0.21875,0.035,-71.97265625,-30.615234375,274.462890625,mech_workshop,run_2,0,2238,0,False,False,False,0,0,0,0,0,0,447.4011550422034,12.0,13.0,3.0,-0.0460609085214945,-0.0147742536767057,0.1025507019912531,0.139825,0.027125,-0.06755,-3.4375,9.2490234375,11.9453125,444.55042203465126,2.2132388221658483,13.393333333333333,1.7297114111884249,14.366666666666667,1.5256934463285876,0.0,-5.0,17.33021171490628,14.365186369053037,Good,11,0,2025-10-13 11:00:00+00:00,Normal
2025-10-13 11:58:34+00:00,447.4011550422034,4,12,14,0.0,0,1010.15,25.84,-0.0784532,0.0,8.8652116,-0.1575,0.20125,-0.35875,-71.435546875,-33.30078125,259.9609375,mech_workshop,run_2,0,2238,0,False,False,False,0,0,0,0,0,0,447.4011550422034,12.0,14.0,4.0,0.0843001533317918,-0.0147742536767057,0.0156433274223953,-0.0876749999999999,0.009625,-0.4613,-2.900390625,6.5634765625,-2.556640625,444.5957352287873,2.201450580303387,13.373333333333331,1.7283528515376338,14.36,1.525092141566678,0.0,0.0,-96.07763018544566,0.0,Good,11,0,2025-10-13 11:00:00+00:00,Normal
2025-10-13 11:58:40+00:00,447.4011550422034,5,13,15,25.8,61,1010.19,25.51,-0.1569064,-0.0784532,8.8652116,-0.105,0.32375,-0.11375,-69.82421875,-33.30078125,262.109375,mech_workshop,run_2,0,2238,0,False,False,False,0,0,0,0,0,0,447.4011550422034,13.0,15.0,5.0,-0.0026072212370657,-0.1016816282455633,0.0156433274223953,-0.0351749999999999,0.132125,-0.2163,-1.2890625,6.5634765625,-0.408203125,444.6410484229231,2.1886546322086833,13.353333333333332,1.7150602809632471,14.353333333333332,1.520052395187847,0.0,5.0,17.70651386674403,14.691005336634792,Good,11,0,2025-10-13 11:00:00+00:00,Normal
2025-10-13 11:58:45+00:00,447.4011550422034,4,12,14,25.5,61,1010.17,25.67,-0.196133,0.0,8.8652116,-0.06125,0.18375,-0.11375,-70.361328125,-33.837890625,262.646484375,mech_workshop,run_2,0,2238,0,False,False,False,0,0,0,0,0,0,447.4011550422034,12.0,14.0,4.0,-0.0460609085214945,-0.0147742536767057,0.0156433274223953,0.008575,-0.0078749999999999,-0.2163,-1.826171875,6.0263671875,0.12890625,444.68636161705905,2.174833190994954,13.326666666666666,1.7046980746533955,14.34,1.5142721466857163,0.0,-5.0,17.424290411519078,14.44605062549632,Good,11,0,2025-10-13 11:00:00+00:00,Normal
2025-10-13 11:58:50+00:00,447.4011550422034,5,13,15,25.8,61,1010.14,25.93,-0.1569064,-0.0784532,8.8652116,0.00875,-0.07,0.32375,-70.361328125,-33.837890625,262.646484375,mech_workshop,run_2,0,2238,0,False,False,False,0,0,0,0,0,0,447.4011550422034,13.0,15.0,5.0,-0.0026072212370657,-0.1016816282455633,0.0156433274223953,0.078575,-0.261625,0.2211999999999999,-1.826171875,6.0263671875,0.12890625,444.7316748111949,2.1599665706238196,13.313333333333333,1.6993353089281544,14.34,1.5142721466857163,0.0,5.0,17.70651386674403,14.691005336634792,Good,11,0,2025-10-13 11:00:00+00:00,Normal
2025-10-13 11:58:56+00:00,447.4011550422034,5,13,15,25.6,61,1010.12,26.09,-0.196133,0.0392266,8.8652116,-0.14875,0.28875,-0.39375,-69.82421875,-32.2265625,262.109375,mech_workshop,run_2,0,2238,0,False,False,False,0,0,0,0,0,0,447.4011550422034,13.0,15.0,5.0,-0.0460609085214945,0.028679433607723,0.0156433274223953,-0.0789249999999999,0.097125,-0.4963,-1.2890625,7.6376953125,-0.408203125,444.77698800533096,2.144033029541735,13.3,1.6938499097554207,14.34,1.5142721466857163,0.0,0.0,17.51836700231584,14.52730748675368,Good,11,0,2025-10-13 11:00:00+00:00,Normal
2025-10-13 11:59:01+00:00,447.4011550422034,5,13,14,25.0,61,1010.21,25.34,-0.1569064,0.0,8.8652116,-0.18375,0.0175,0.30625,-71.97265625,-32.763671875,264.794921875,mech_workshop,run_2,0,2238,0,False,False,False,0,0,0,0,0,0,447.4011550422034,13.0,14.0,5.0,-0.0026072212370657,-0.0147742536767057,0.0156433274223953,-0.1139249999999999,-0.1741249999999999,0.2037,-3.4375,7.1005859375,2.27734375,444.82230119946695,2.127008590794537,13.286666666666669,1.688240681760896,14.326666666666666,1.5083511005417711,0.0,0.0,16.953875868880445,14.045624020108392,Good,11,0,2025-10-13 11:00:00+00:00,Normal
2025-10-13 11:59:06+00:00,447.4011550422034,4,12,14,25.6,61,1010.14,25.93,-0.196133,0.0784532,8.8652116,-0.07875,0.0875,0.105,-68.75,-33.30078125,260.498046875,mech_workshop,run_2,0,2238,0,False,False,False,0,0,0,0,0,0,447.4011550422034,12.0,14.0,4.0,-0.0460609085214945,0.0721331208921518,0.0156433274223953,-0.0089249999999999,-0.104125,0.0024499999999999,-0.21484375,6.5634765625,-2.01953125,444.8676143936028,2.1088668347849686,13.273333333333332,1.6904654323812671,14.32,1.5075648171313658,0.0,-5.0,17.51836700231584,14.52730748675368,Good,11,0,2025-10-13 11:00:00+00:00,Normal
2025-10-13 11:59:12+00:00,447.4011550422034,5,15,18,25.8,61,1010.11,26.18,-0.0784532,0.0392266,8.825985,0.11375,0.00875,0.0525,-70.8984375,-30.078125,279.833984375,mech_workshop,run_2,0,2238,0,False,False,False,0,0,0,0,0,0,447.4011550422034,15.0,18.0,5.0,0.0843001533317918,0.028679433607723,-0.0278103598620345,0.183575,-0.1828749999999999,-0.05005,-2.36328125,9.7861328125,17.31640625,444.9129275877387,2.0895786600155883,13.28,1.6953152980290913,14.34,1.536272836506556,0.0,15.0,17.70651386674403,14.691005336634792,Good,11,0,2025-10-13 11:00:00+00:00,Normal
2025-10-13 11:59:17+00:00,447.4011550422034,4,14,17,25.1,61,1010.09,26.34,-0.1176798,0.0,8.825985,0.09625,0.34125,0.42875,-70.8984375,-30.078125,279.833984375,mech_workshop,run_2,0,2238,0,False,False,False,0,0,0,0,0,0,447.4011550422034,14.0,17.0,4.0,0.040846466047363,-0.0147742536767057,-0.0278103598620345,0.166075,0.149625,0.3262,-2.36328125,9.7861328125,17.31640625,444.95824078187474,2.0691120061329387,13.273333333333332,1.6904654323812671,14.34,1.536272836506556,0.0,-5.0,17.047962989464512,14.124933530902174,Good,11,0,2025-10-13 11:00:00+00:00,Normal
2025-10-13 11:59:22+00:00,447.4011550422034,5,16,18,25.9,61,1010.14,25.93,-0.2745862,-0.0392266,8.9436648,-0.16625,0.1575,0.175,-71.435546875,-31.689453125,259.423828125,mech_workshop,run_2,0,2238,0,False,False,False,0,0,0,0,0,0,447.4011550422034,16.0,18.0,5.0,-0.1329682830903521,-0.0582279409611345,0.1025507019912531,-0.096425,-0.0341249999999999,0.0724499999999999,-2.900390625,8.1748046875,-3.09375,445.00355397601066,2.047431532298154,13.273333333333332,1.6904654323812671,14.353333333333332,1.559283378107978,0.0,10.0,17.800584140516865,14.773449493844195,Good,11,0,2025-10-13 11:00:00+00:00,Normal
2025-10-13 11:59:28+00:00,447.4011550422034,4,15,17,25.2,61,1010.16,25.76,-0.1569064,0.0392266,8.9436648,-0.0525,0.34125,-0.175,-70.361328125,-33.837890625,271.240234375,mech_workshop,run_2,0,2238,0,False,False,False,0,0,0,0,0,0,447.4011550422034,15.0,17.0,4.0,-0.0026072212370657,0.028679433607723,0.1025507019912531,0.017325,0.149625,-0.27755,-1.826171875,6.0263671875,8.72265625,445.04886717014654,2.024498242273482,13.266666666666667,1.6815886810305145,14.36,1.568481503935542,0.0,-5.0,17.142048003949707,14.204629386703068,Good,11,0,2025-10-13 11:00:00+00:00,Normal
2025-10-13 11:59:33+00:00,447.4011550422034,4,16,19,25.5,61,1010.19,25.51,-0.196133,-0.0392266,8.825985,0.00875,0.175,-0.07875,-69.287109375,-33.30078125,255.126953125,mech_workshop,run_2,0,2238,0,False,False,False,0,0,0,0,0,0,447.4011550422034,16.0,19.0,4.0,-0.0460609085214945,-0.0582279409611345,-0.0278103598620345,0.078575,-0.016625,-0.1813,-0.751953125,6.5634765625,-7.390625,445.0941803642825,2.0002690455242345,13.273333333333332,1.6904654323812671,14.386666666666668,1.612812236734937,0.0,5.0,17.424290411519078,14.44605062549632,Good,11,0,2025-10-13 11:00:00+00:00,Normal
2025-10-13 11:59:38+00:00,447.4011550422034,5,16,19,25.7,61,1010.16,25.76,-0.1569064,0.0,8.8652116,-0.3325,0.07875,0.5425000000000001,-69.82421875,-34.912109375,256.201171875,mech_workshop,run_2,0,2238,0,False,False,False,0,0,0,0,0,0,447.4011550422034,16.0,19.0,5.0,-0.0026072212370657,-0.0147742536767057,0.0156433274223953,-0.262675,-0.1128749999999999,0.43995,-1.2890625,4.9521484375,-6.31640625,445.1394935584185,1.9746962409420863,13.28,1.699269483785139,14.413333333333334,1.655524275387767,0.0,0.0,17.612441487367253,14.608958529844726,Good,11,0,2025-10-13 11:00:00+00:00,Normal
2025-10-13 11:59:44+00:00,447.4011550422034,5,16,19,25.1,61,1010.12,26.09,-0.196133,0.0784532,8.9044382,-0.175,0.21875,0.2975,-69.82421875,-34.912109375,256.201171875,mech_workshop,run_2,0,2238,0,False,False,False,0,0,0,0,0,0,447.4011550422034,16.0,19.0,5.0,-0.0460609085214945,0.0721331208921518,0.0590970147068232,-0.1051749999999999,0.027125,0.1949499999999999,-1.2890625,4.9521484375,-6.31640625,445.1848067525544,1.947726906291932,13.28,1.699269483785139,14.433333333333334,1.6925286537745396,0.0,0.0,17.047962989464512,14.124933530902174,Good,11,0,2025-10-13 11:00:00+00:00,Normal
2025-10-13 11:59:49+00:00,447.4011550422034,4,14,17,25.0,61,1010.2,25.42,-0.1176798,-0.0392266,8.825985,-0.02625,0.14,0.2275,-70.361328125,-34.375,263.18359375,mech_workshop,run_2,0,2238,0,False,False,False,0,0,0,0,0,0,447.4011550422034,14.0,17.0,4.0,0.040846466047363,-0.0582279409611345,-0.0278103598620345,0.043575,-0.0516249999999999,0.1249499999999999,-1.826171875,5.4892578125,0.666015625,445.2301199466904,1.9193021718819148,13.28,1.699269483785139,14.453333333333331,1.705052368526646,0.0,-10.0,16.953875868880445,14.045624020108392,Good,11,0,2025-10-13 11:00:00+00:00,Normal
2025-10-13 11:59:54+00:00,447.4011550422034,5,14,17,25.4,61,1010.17,25.67,-0.1176798,0.0,8.9044382,-0.28875,0.1575,0.14875,-70.8984375,-32.763671875,262.109375,mech_workshop,run_2,0,2238,0,False,False,False,0,0,0,0,0,0,447.4011550422034,14.0,17.0,5.0,0.040846466047363,-0.0147742536767057,0.0590970147068232,-0.2189249999999999,-0.0341249999999999,0.0461999999999999,-2.36328125,7.1005859375,-0.408203125,445.27543314082624,1.889356350845994,13.273333333333332,1.6944309359982577,14.466666666666669,1.7171330354103378,0.0,0.0,17.33021171490628,14.365186369053037,Good,11,0,2025-10-13 11:00:00+00:00,Normal
2025-10-13 12:00:00+00:00,447.4011550422034,6,15,18,25.5,61,1010.12,26.09,-0.1176798,0.0,8.7475318,0.8925000000000001,0.04375,0.4025,-69.287109375,-33.30078125,263.18359375,mech_workshop,run_2,0,2238,0,False,False,False,0,0,0,0,0,0,447.4011550422034,15.0,18.0,6.0,0.040846466047363,-0.0147742536767057,-0.1147177344308904,0.962325,-0.1478749999999999,0.29995,-0.751953125,6.5634765625,0.666015625,445.3207463349622,1.8578158902237616,13.286666666666669,1.7001250118530504,14.5,1.7368875966768589,0.0,5.0,17.424290411519078,14.44605062549632,Good,12,0,2025-10-13 12:00:00+00:00,Normal
2025-10-13 12:00:05+00:00,448.8005330964016,6,14,18,25.6,61,1010.13,26.01,-0.0392266,0.0,8.825985,-0.1925,0.175,0.0,-69.287109375,-33.30078125,263.18359375,mech_workshop,run_2,0,2245,0,False,False,False,0,0,0,0,0,0,448.8005330964016,14.0,18.0,6.0,0.1277538406162206,-0.0147742536767057,-0.0278103598620345,-0.1226749999999999,-0.016625,-0.10255,-0.751953125,6.5634765625,0.666015625,445.3753887161261,1.8385972063330496,13.286666666666669,1.7001250118530504,14.526666666666667,1.7597157590283408,6.996890270990548,-5.0,17.51836700231584,14.52730748675368,Good,12,0,2025-10-13 12:00:00+00:00,Normal
2025-10-13 12:00:10+00:00,448.8005330964016,4,12,15,25.9,61,1010.16,25.76,-0.1569064,-0.0392266,8.825985,-0.0175,0.35875,0.1225,-69.287109375,-33.30078125,263.18359375,mech_workshop,run_2,0,2245,0,False,False,False,0,0,0,0,0,0,448.8005330964016,12.0,15.0,4.0,-0.0026072212370657,-0.0582279409611345,-0.0278103598620345,0.052325,0.167125,0.0199499999999999,-0.751953125,6.5634765625,0.666015625,445.4207019102621,1.8386964032947744,13.28,1.7032144895213166,14.54,1.7556428677822304,0.0,-10.0,17.800584140516865,14.773449493844195,Good,12,0,2025-10-13 12:00:00+00:00,Normal
2025-10-13 12:00:16+00:00,448.8005330964016,3,12,14,0.0,0,1010.15,25.84,-0.1569064,0.0,8.8652116,-0.06125,0.14,0.16625,-71.435546875,-32.2265625,261.03515625,mech_workshop,run_2,0,2245,0,False,False,False,0,0,0,0,0,0,448.8005330964016,12.0,14.0,3.0,-0.0026072212370657,-0.0147742536767057,0.0156433274223953,0.008575,-0.0516249999999999,0.0636999999999999,-2.900390625,7.6376953125,-1.482421875,445.4660151043981,1.837671109811803,13.273333333333332,1.7062721509899206,14.546666666666669,1.7516499093488067,0.0,0.0,-96.07763018544566,0.0,Good,12,0,2025-10-13 12:00:00+00:00,Normal
